scheme,code,decoder,basis,distance,p,theta,phi,eta_g,eta_t,shots_max,batch,max_fail,shots,errors
method_c,css,uniform,X,3,0.001,0.0,0.0,1.0,20.0,20000,2000,2000,20000,0
method_c,css,uniform,X,3,0.001462653372889386,0.0,0.0,1.0,20.0,20000,2000,2000,20000,0
method_c,css,uniform,X,3,0.002139354889224695,0.0,0.0,1.0,20.0,20000,2000,2000,20000,5
method_c,css,uniform,X,3,0.0031291346445318988,0.0,0.0,1.0,20.0,20000,2000,2000,20000,46
method_c,css,uniform,X,3,0.0045768393420496075,0.0,0.0,1.0,20.0,20000,2000,2000,20000,314
method_c,css,uniform,X,3,0.006694329500821696,0.0,0.0,1.0,20.0,20000,2000,2000,20000,1590
method_c,css,uniform,X,3,0.009791483623609773,0.0,0.0,1.0,20.0,20000,2000,2000,8000,2035
method_c,css,uniform,X,3,0.014321546547664014,0.0,0.0,1.0,20.0,20000,2000,2000,6000,2571
method_c,css,uniform,X,3,0.020947458362933102,0.0,0.0,1.0,20.0,20000,2000,2000,6000,2946
method_c,css,uniform,X,5,0.001,0.0,0.0,1.0,20.0,20000,2000,2000,20000,0
method_c,css,uniform,X,5,0.001462653372889386,0.0,0.0,1.0,20.0,20000,2000,2000,20000,0
method_c,css,uniform,X,5,0.002139354889224695,0.0,0.0,1.0,20.0,20000,2000,2000,20000,1
method_c,css,uniform,X,5,0.0031291346445318988,0.0,0.0,1.0,20.0,20000,2000,2000,20000,14
method_c,css,uniform,X,5,0.0045768393420496075,0.0,0.0,1.0,20.0,20000,2000,2000,20000,440
method_c,css,uniform,X,5,0.006694329500821696,0.0,0.0,1.0,20.0,20000,2000,2000,12000,2381
method_c,css,uniform,X,5,0.009791483623609773,0.0,0.0,1.0,20.0,20000,2000,2000,6000,2747
method_c,css,uniform,X,3,0.001,0.0,1.5707963267948966,1.0,20.0,20000,2000,2000,20000,0
method_c,css,uniform,X,3,0.001462653372889386,0.0,1.5707963267948966,1.0,20.0,20000,2000,2000,20000,0
method_c,css,uniform,X,3,0.002139354889224695,0.0,1.5707963267948966,1.0,20.0,20000,2000,2000,20000,0
method_c,css,uniform,X,3,0.0031291346445318988,0.0,1.5707963267948966,1.0,20.0,20000,2000,2000,20000,2
method_c,css,uniform,X,3,0.0045768393420496075,0.0,1.5707963267948966,1.0,20.0,20000,2000,2000,20000,29
method_c,css,uniform,X,3,0.006694329500821696,0.0,1.5707963267948966,1.0,20.0,20000,2000,2000,20000,203
method_c,css,uniform,X,3,0.009791483623609773,0.0,1.5707963267948966,1.0,20.0,20000,2000,2000,20000,1188
method_c,css,uniform,X,3,0.014321546547664014,0.0,1.5707963267948966,1.0,20.0,20000,2000,2000,10000,2167
method_c,css,uniform,X,3,0.020947458362933102,0.0,1.5707963267948966,1.0,20.0,20000,2000,2000,6000,2431
method_c,css,uniform,X,3,0.03063887062800406,0.0,1.5707963267948966,1.0,20.0,20000,2000,2000,6000,2932
method_c,css,uniform,X,5,0.001,0.0,1.5707963267948966,1.0,20.0,20000,2000,2000,20000,0
method_c,css,uniform,X,5,0.001462653372889386,0.0,1.5707963267948966,1.0,20.0,20000,2000,2000,20000,0
method_c,css,uniform,X,5,0.002139354889224695,0.0,1.5707963267948966,1.0,20.0,20000,2000,2000,20000,0
method_c,css,uniform,X,5,0.0031291346445318988,0.0,1.5707963267948966,1.0,20.0,20000,2000,2000,20000,0
method_c,css,uniform,X,5,0.0045768393420496075,0.0,1.5707963267948966,1.0,20.0,20000,2000,2000,20000,11
method_c,css,uniform,X,5,0.006694329500821696,0.0,1.5707963267948966,1.0,20.0,20000,2000,2000,20000,213
method_c,css,uniform,X,5,0.009791483623609773,0.0,1.5707963267948966,1.0,20.0,20000,2000,2000,16000,2125
method_c,css,uniform,X,5,0.014321546547664014,0.0,1.5707963267948966,1.0,20.0,20000,2000,2000,6000,2528
method_c,css,uniform,X,5,0.020947458362933102,0.0,1.5707963267948966,1.0,20.0,20000,2000,2000,6000,2968
method_c,css,uniform,Z,3,0.001,1.5707963267948966,0.0,1.0,20.0,20000,2000,2000,20000,0
method_c,css,uniform,Z,3,0.001462653372889386,1.5707963267948966,0.0,1.0,20.0,20000,2000,2000,20000,0
method_c,css,uniform,Z,3,0.002139354889224695,1.5707963267948966,0.0,1.0,20.0,20000,2000,2000,20000,0
method_c,css,uniform,Z,3,0.0031291346445318988,1.5707963267948966,0.0,1.0,20.0,20000,2000,2000,20000,8
method_c,css,uniform,Z,3,0.0045768393420496075,1.5707963267948966,0.0,1.0,20.0,20000,2000,2000,20000,39
method_c,css,uniform,Z,3,0.006694329500821696,1.5707963267948966,0.0,1.0,20.0,20000,2000,2000,20000,295
method_c,css,uniform,Z,3,0.009791483623609773,1.5707963267948966,0.0,1.0,20.0,20000,2000,2000,20000,1336
method_c,css,uniform,Z,3,0.014321546547664014,1.5707963267948966,0.0,1.0,20.0,20000,2000,2000,10000,2223
method_c,css,uniform,Z,3,0.020947458362933102,1.5707963267948966,0.0,1.0,20.0,20000,2000,2000,6000,2416
method_c,css,uniform,Z,3,0.03063887062800406,1.5707963267948966,0.0,1.0,20.0,20000,2000,2000,6000,2885
method_c,css,uniform,Z,5,0.001,1.5707963267948966,0.0,1.0,20.0,20000,2000,2000,20000,0
method_c,css,uniform,Z,5,0.001462653372889386,1.5707963267948966,0.0,1.0,20.0,20000,2000,2000,20000,0
method_c,css,uniform,Z,5,0.002139354889224695,1.5707963267948966,0.0,1.0,20.0,20000,2000,2000,20000,0
method_c,css,uniform,Z,5,0.0031291346445318988,1.5707963267948966,0.0,1.0,20.0,20000,2000,2000,20000,0
method_c,css,uniform,Z,5,0.0045768393420496075,1.5707963267948966,0.0,1.0,20.0,20000,2000,2000,20000,17
method_c,css,uniform,Z,5,0.006694329500821696,1.5707963267948966,0.0,1.0,20.0,20000,2000,2000,20000,360
method_c,css,uniform,Z,5,0.009791483623609773,1.5707963267948966,0.0,1.0,20.0,20000,2000,2000,12000,2110
method_c,css,uniform,Z,5,0.014321546547664014,1.5707963267948966,0.0,1.0,20.0,20000,2000,2000,6000,2507
method_c,css,uniform,Z,5,0.020947458362933102,1.5707963267948966,0.0,1.0,20.0,20000,2000,2000,4000,2010
method_c,css,uniform,X,3,0.001,1.5707963267948966,0.0,1.0,20.0,20000,2000,2000,20000,0
method_c,css,uniform,X,3,0.001462653372889386,1.5707963267948966,0.0,1.0,20.0,20000,2000,2000,20000,0
method_c,css,uniform,X,3,0.002139354889224695,1.5707963267948966,0.0,1.0,20.0,20000,2000,2000,20000,0
method_c,css,uniform,X,3,0.0031291346445318988,1.5707963267948966,0.0,1.0,20.0,20000,2000,2000,20000,3
method_c,css,uniform,X,3,0.0045768393420496075,1.5707963267948966,0.0,1.0,20.0,20000,2000,2000,20000,18
method_c,css,uniform,X,3,0.006694329500821696,1.5707963267948966,0.0,1.0,20.0,20000,2000,2000,20000,209
method_c,css,uniform,X,3,0.009791483623609773,1.5707963267948966,0.0,1.0,20.0,20000,2000,2000,20000,1148
method_c,css,uniform,X,3,0.014321546547664014,1.5707963267948966,0.0,1.0,20.0,20000,2000,2000,10000,2009
method_c,css,uniform,X,3,0.020947458362933102,1.5707963267948966,0.0,1.0,20.0,20000,2000,2000,6000,2355
method_c,css,uniform,X,3,0.03063887062800406,1.5707963267948966,0.0,1.0,20.0,20000,2000,2000,6000,2922
method_c,css,uniform,X,5,0.001,1.5707963267948966,0.0,1.0,20.0,20000,2000,2000,20000,0
method_c,css,uniform,X,5,0.001462653372889386,1.5707963267948966,0.0,1.0,20.0,20000,2000,2000,20000,0
method_c,css,uniform,X,5,0.002139354889224695,1.5707963267948966,0.0,1.0,20.0,20000,2000,2000,20000,0
method_c,css,uniform,X,5,0.0031291346445318988,1.5707963267948966,0.0,1.0,20.0,20000,2000,2000,20000,0
method_c,css,uniform,X,5,0.0045768393420496075,1.5707963267948966,0.0,1.0,20.0,20000,2000,2000,20000,9
method_c,css,uniform,X,5,0.006694329500821696,1.5707963267948966,0.0,1.0,20.0,20000,2000,2000,20000,258
method_c,css,uniform,X,5,0.009791483623609773,1.5707963267948966,0.0,1.0,20.0,20000,2000,2000,14000,2072
method_c,css,uniform,X,5,0.014321546547664014,1.5707963267948966,0.0,1.0,20.0,20000,2000,2000,6000,2527
method_c,css,uniform,X,5,0.020947458362933102,1.5707963267948966,0.0,1.0,20.0,20000,2000,2000,4000,2008
method_c,css,uniform,Z,3,0.001,0.0,0.0,1.0,20.0,20000,2000,2000,20000,0
method_c,css,uniform,Z,3,0.001462653372889386,0.0,0.0,1.0,20.0,20000,2000,2000,20000,0
method_c,css,uniform,Z,3,0.002139354889224695,0.0,0.0,1.0,20.0,20000,2000,2000,20000,0
method_c,css,uniform,Z,3,0.0031291346445318988,0.0,0.0,1.0,20.0,20000,2000,2000,20000,23
method_c,css,uniform,Z,3,0.0045768393420496075,0.0,0.0,1.0,20.0,20000,2000,2000,20000,142
method_c,css,uniform,Z,3,0.006694329500821696,0.0,0.0,1.0,20.0,20000,2000,2000,20000,895
method_c,css,uniform,Z,3,0.009791483623609773,0.0,0.0,1.0,20.0,20000,2000,2000,14000,2335
method_c,css,uniform,Z,3,0.014321546547664014,0.0,0.0,1.0,20.0,20000,2000,2000,6000,2228
method_c,css,uniform,Z,3,0.020947458362933102,0.0,0.0,1.0,20.0,20000,2000,2000,6000,2927
method_c,css,uniform,Z,5,0.001,0.0,0.0,1.0,20.0,20000,2000,2000,20000,0
method_c,css,uniform,Z,5,0.001462653372889386,0.0,0.0,1.0,20.0,20000,2000,2000,20000,0
method_c,css,uniform,Z,5,0.002139354889224695,0.0,0.0,1.0,20.0,20000,2000,2000,20000,0
method_c,css,uniform,Z,5,0.0031291346445318988,0.0,0.0,1.0,20.0,20000,2000,2000,20000,2
method_c,css,uniform,Z,5,0.0045768393420496075,0.0,0.0,1.0,20.0,20000,2000,2000,20000,110
method_c,css,uniform,Z,5,0.006694329500821696,0.0,0.0,1.0,20.0,20000,2000,2000,20000,1790
method_c,css,uniform,Z,5,0.009791483623609773,0.0,0.0,1.0,20.0,20000,2000,2000,6000,2192
method_c,css,uniform,Z,5,0.014321546547664014,0.0,0.0,1.0,20.0,20000,2000,2000,4000,2000
method_c,css,uniform,Z,3,0.001,0.0,1.5707963267948966,1.0,20.0,20000,2000,2000,20000,0
method_c,css,uniform,Z,3,0.001462653372889386,0.0,1.5707963267948966,1.0,20.0,20000,2000,2000,20000,0
method_c,css,uniform,Z,3,0.002139354889224695,0.0,1.5707963267948966,1.0,20.0,20000,2000,2000,20000,0
method_c,css,uniform,Z,3,0.0031291346445318988,0.0,1.5707963267948966,1.0,20.0,20000,2000,2000,20000,0
method_c,css,uniform,Z,3,0.0045768393420496075,0.0,1.5707963267948966,1.0,20.0,20000,2000,2000,20000,0
method_c,css,uniform,Z,3,0.006694329500821696,0.0,1.5707963267948966,1.0,20.0,20000,2000,2000,20000,0
method_c,css,uniform,Z,3,0.009791483623609773,0.0,1.5707963267948966,1.0,20.0,20000,2000,2000,20000,0
method_c,css,uniform,Z,3,0.014321546547664014,0.0,1.5707963267948966,1.0,20.0,20000,2000,2000,20000,0
method_c,css,uniform,Z,3,0.020947458362933102,0.0,1.5707963267948966,1.0,20.0,20000,2000,2000,20000,0
method_c,css,uniform,Z,3,0.03063887062800406,0.0,1.5707963267948966,1.0,20.0,20000,2000,2000,20000,0
method_c,css,uniform,Z,3,0.04481404746557166,0.0,1.5707963267948966,1.0,20.0,20000,2000,2000,20000,0
method_c,css,uniform,Z,3,0.06554741767834342,0.0,1.5707963267948966,1.0,20.0,20000,2000,2000,20000,5
method_c,css,uniform,Z,3,0.09587315155141833,0.0,1.5707963267948966,1.0,20.0,20000,2000,2000,20000,25
method_c,css,uniform,Z,3,0.1402291884862172,0.0,1.5707963267948966,1.0,20.0,20000,2000,2000,20000,221
method_c,css,uniform,Z,3,0.20510669551690705,0.0,1.5707963267948966,1.0,20.0,20000,2000,2000,20000,1252
method_c,css,uniform,Z,3,0.3,0.0,1.5707963267948966,1.0,20.0,20000,2000,2000,10000,2223
method_c,css,uniform,Z,5,0.001,0.0,1.5707963267948966,1.0,20.0,20000,2000,2000,20000,0
method_c,css,uniform,Z,5,0.001462653372889386,0.0,1.5707963267948966,1.0,20.0,20000,2000,2000,20000,0
method_c,css,uniform,Z,5,0.002139354889224695,0.0,1.5707963267948966,1.0,20.0,20000,2000,2000,20000,0
method_c,css,uniform,Z,5,0.0031291346445318988,0.0,1.5707963267948966,1.0,20.0,20000,2000,2000,20000,0
method_c,css,uniform,Z,5,0.0045768393420496075,0.0,1.5707963267948966,1.0,20.0,20000,2000,2000,20000,0
method_c,css,uniform,Z,5,0.006694329500821696,0.0,1.5707963267948966,1.0,20.0,20000,2000,2000,20000,0
method_c,css,uniform,Z,5,0.009791483623609773,0.0,1.5707963267948966,1.0,20.0,20000,2000,2000,20000,0
method_c,css,uniform,Z,5,0.014321546547664014,0.0,1.5707963267948966,1.0,20.0,20000,2000,2000,20000,0
method_c,css,uniform,Z,5,0.020947458362933102,0.0,1.5707963267948966,1.0,20.0,20000,2000,2000,20000,0
method_c,css,uniform,Z,5,0.03063887062800406,0.0,1.5707963267948966,1.0,20.0,20000,2000,2000,20000,0
method_c,css,uniform,Z,5,0.04481404746557166,0.0,1.5707963267948966,1.0,20.0,20000,2000,2000,20000,0
method_c,css,uniform,Z,5,0.06554741767834342,0.0,1.5707963267948966,1.0,20.0,20000,2000,2000,20000,0
method_c,css,uniform,Z,5,0.09587315155141833,0.0,1.5707963267948966,1.0,20.0,20000,2000,2000,20000,4
method_c,css,uniform,Z,5,0.1402291884862172,0.0,1.5707963267948966,1.0,20.0,20000,2000,2000,20000,141
method_c,css,uniform,Z,5,0.20510669551690705,0.0,1.5707963267948966,1.0,20.0,20000,2000,2000,16000,2059
method_c,css,uniform,Z,5,0.3,0.0,1.5707963267948966,1.0,20.0,20000,2000,2000,6000,2643
method_c,css,uniform,X,3,0.00145417244390729,0.3440832627535896,0.0,1.0,20.0,20000,2000,2000,20000,0
method_c,css,uniform,X,3,0.001777321875886688,0.3440832627535896,0.0,1.0,20.0,20000,2000,2000,20000,4
method_c,css,uniform,X,3,0.0021004713078660855,0.3440832627535896,0.0,1.0,20.0,20000,2000,2000,20000,14
method_c,css,uniform,X,3,0.002423620739845483,0.3440832627535896,0.0,1.0,20.0,20000,2000,2000,20000,15
method_c,css,uniform,X,3,0.002746770171824881,0.3440832627535896,0.0,1.0,20.0,20000,2000,2000,20000,46
method_c,css,uniform,X,3,0.0030699196038042787,0.3440832627535896,0.0,1.0,20.0,20000,2000,2000,20000,85
method_c,css,uniform,X,3,0.0033930690357836762,0.3440832627535896,0.0,1.0,20.0,20000,2000,2000,20000,133
method_c,css,uniform,X,3,0.003716218467763074,0.3440832627535896,0.0,1.0,20.0,20000,2000,2000,20000,219
method_c,css,uniform,X,3,0.004039367899742472,0.3440832627535896,0.0,1.0,20.0,20000,2000,2000,20000,359
method_c,css,uniform,X,3,0.00436251733172187,0.3440832627535896,0.0,1.0,20.0,20000,2000,2000,20000,491
method_c,css,uniform,X,5,0.00145417244390729,0.3440832627535896,0.0,1.0,20.0,20000,2000,2000,20000,0
method_c,css,uniform,X,5,0.001777321875886688,0.3440832627535896,0.0,1.0,20.0,20000,2000,2000,20000,0
method_c,css,uniform,X,5,0.0021004713078660855,0.3440832627535896,0.0,1.0,20.0,20000,2000,2000,20000,1
method_c,css,uniform,X,5,0.002423620739845483,0.3440832627535896,0.0,1.0,20.0,20000,2000,2000,20000,4
method_c,css,uniform,X,5,0.002746770171824881,0.3440832627535896,0.0,1.0,20.0,20000,2000,2000,20000,20
method_c,css,uniform,X,5,0.0030699196038042787,0.3440832627535896,0.0,1.0,20.0,20000,2000,2000,20000,50
method_c,css,uniform,X,5,0.0033930690357836762,0.3440832627535896,0.0,1.0,20.0,20000,2000,2000,20000,113
method_c,css,uniform,X,5,0.003716218467763074,0.3440832627535896,0.0,1.0,20.0,20000,2000,2000,20000,260
method_c,css,uniform,X,5,0.004039367899742472,0.3440832627535896,0.0,1.0,20.0,20000,2000,2000,20000,551
method_c,css,uniform,X,5,0.00436251733172187,0.3440832627535896,0.0,1.0,20.0,20000,2000,2000,20000,916
method_c,css,uniform,Z,3,0.0016230143704639396,1.1354477644060426,0.0,1.0,20.0,20000,2000,2000,20000,1
method_c,css,uniform,Z,3,0.0019836842305670376,1.1354477644060426,0.0,1.0,20.0,20000,2000,2000,20000,2
method_c,css,uniform,Z,3,0.002344354090670135,1.1354477644060426,0.0,1.0,20.0,20000,2000,2000,20000,6
method_c,css,uniform,Z,3,0.0027050239507732323,1.1354477644060426,0.0,1.0,20.0,20000,2000,2000,20000,16
method_c,css,uniform,Z,3,0.00306569381087633,1.1354477644060426,0.0,1.0,20.0,20000,2000,2000,20000,26
method_c,css,uniform,Z,3,0.0034263636709794282,1.1354477644060426,0.0,1.0,20.0,20000,2000,2000,20000,56
method_c,css,uniform,Z,3,0.003787033531082525,1.1354477644060426,0.0,1.0,20.0,20000,2000,2000,20000,99
method_c,css,uniform,Z,3,0.004147703391185623,1.1354477644060426,0.0,1.0,20.0,20000,2000,2000,20000,160
method_c,css,uniform,Z,3,0.004508373251288721,1.1354477644060426,0.0,1.0,20.0,20000,2000,2000,20000,238
method_c,css,uniform,Z,3,0.0048690431113918185,1.1354477644060426,0.0,1.0,20.0,20000,2000,2000,20000,325
method_c,css,uniform,Z,5,0.0016230143704639396,1.1354477644060426,0.0,1.0,20.0,20000,2000,2000,20000,0
method_c,css,uniform,Z,5,0.0019836842305670376,1.1354477644060426,0.0,1.0,20.0,20000,2000,2000,20000,0
method_c,css,uniform,Z,5,0.002344354090670135,1.1354477644060426,0.0,1.0,20.0,20000,2000,2000,20000,0
method_c,css,uniform,Z,5,0.0027050239507732323,1.1354477644060426,0.0,1.0,20.0,20000,2000,2000,20000,3
method_c,css,uniform,Z,5,0.00306569381087633,1.1354477644060426,0.0,1.0,20.0,20000,2000,2000,20000,13
method_c,css,uniform,Z,5,0.0034263636709794282,1.1354477644060426,0.0,1.0,20.0,20000,2000,2000,20000,27
method_c,css,uniform,Z,5,0.003787033531082525,1.1354477644060426,0.0,1.0,20.0,20000,2000,2000,20000,81
method_c,css,uniform,Z,5,0.004147703391185623,1.1354477644060426,0.0,1.0,20.0,20000,2000,2000,20000,146
method_c,css,uniform,Z,5,0.004508373251288721,1.1354477644060426,0.0,1.0,20.0,20000,2000,2000,20000,306
method_c,css,uniform,Z,5,0.0048690431113918185,1.1354477644060426,0.0,1.0,20.0,20000,2000,2000,20000,577
method_c,css,uniform,Z,3,0.0014200850021101343,0.762680958431542,0.0,1.0,20.0,20000,2000,2000,20000,1
method_c,css,uniform,Z,3,0.0017356594470234977,0.762680958431542,0.0,1.0,20.0,20000,2000,2000,20000,0
method_c,css,uniform,Z,3,0.0020512338919368607,0.762680958431542,0.0,1.0,20.0,20000,2000,2000,20000,4
method_c,css,uniform,Z,3,0.0023668083368502237,0.762680958431542,0.0,1.0,20.0,20000,2000,2000,20000,12
method_c,css,uniform,Z,3,0.002682382781763587,0.762680958431542,0.0,1.0,20.0,20000,2000,2000,20000,23
method_c,css,uniform,Z,3,0.00299795722667695,0.762680958431542,0.0,1.0,20.0,20000,2000,2000,20000,50
method_c,css,uniform,Z,3,0.003313531671590313,0.762680958431542,0.0,1.0,20.0,20000,2000,2000,20000,78
method_c,css,uniform,Z,3,0.003629106116503676,0.762680958431542,0.0,1.0,20.0,20000,2000,2000,20000,161
method_c,css,uniform,Z,3,0.0039446805614170395,0.762680958431542,0.0,1.0,20.0,20000,2000,2000,20000,213
method_c,css,uniform,Z,3,0.0042602550063304025,0.762680958431542,0.0,1.0,20.0,20000,2000,2000,20000,310
method_c,css,uniform,Z,5,0.0014200850021101343,0.762680958431542,0.0,1.0,20.0,20000,2000,2000,20000,0
method_c,css,uniform,Z,5,0.0017356594470234977,0.762680958431542,0.0,1.0,20.0,20000,2000,2000,20000,2
method_c,css,uniform,Z,5,0.0020512338919368607,0.762680958431542,0.0,1.0,20.0,20000,2000,2000,20000,1
method_c,css,uniform,Z,5,0.0023668083368502237,0.762680958431542,0.0,1.0,20.0,20000,2000,2000,20000,1
method_c,css,uniform,Z,5,0.002682382781763587,0.762680958431542,0.0,1.0,20.0,20000,2000,2000,20000,8
method_c,css,uniform,Z,5,0.00299795722667695,0.762680958431542,0.0,1.0,20.0,20000,2000,2000,20000,21
method_c,css,uniform,Z,5,0.003313531671590313,0.762680958431542,0.0,1.0,20.0,20000,2000,2000,20000,57
method_c,css,uniform,Z,5,0.003629106116503676,0.762680958431542,0.0,1.0,20.0,20000,2000,2000,20000,116
method_c,css,uniform,Z,5,0.0039446805614170395,0.762680958431542,0.0,1.0,20.0,20000,2000,2000,20000,222
method_c,css,uniform,Z,5,0.0042602550063304025,0.762680958431542,0.0,1.0,20.0,20000,2000,2000,20000,421
method_c,css,uniform,X,3,0.0014200850021101343,0.762680958431542,0.0,1.0,20.0,20000,2000,2000,20000,2
method_c,css,uniform,X,3,0.0017356594470234977,0.762680958431542,0.0,1.0,20.0,20000,2000,2000,20000,3
method_c,css,uniform,X,3,0.0020512338919368607,0.762680958431542,0.0,1.0,20.0,20000,2000,2000,20000,10
method_c,css,uniform,X,3,0.0023668083368502237,0.762680958431542,0.0,1.0,20.0,20000,2000,2000,20000,26
method_c,css,uniform,X,3,0.002682382781763587,0.762680958431542,0.0,1.0,20.0,20000,2000,2000,20000,50
method_c,css,uniform,X,3,0.00299795722667695,0.762680958431542,0.0,1.0,20.0,20000,2000,2000,20000,94
method_c,css,uniform,X,3,0.003313531671590313,0.762680958431542,0.0,1.0,20.0,20000,2000,2000,20000,132
method_c,css,uniform,X,3,0.003629106116503676,0.762680958431542,0.0,1.0,20.0,20000,2000,2000,20000,199
method_c,css,uniform,X,3,0.0039446805614170395,0.762680958431542,0.0,1.0,20.0,20000,2000,2000,20000,315
method_c,css,uniform,X,3,0.0042602550063304025,0.762680958431542,0.0,1.0,20.0,20000,2000,2000,20000,452
method_c,css,uniform,X,5,0.0014200850021101343,0.762680958431542,0.0,1.0,20.0,20000,2000,2000,20000,0
method_c,css,uniform,X,5,0.0017356594470234977,0.762680958431542,0.0,1.0,20.0,20000,2000,2000,20000,0
method_c,css,uniform,X,5,0.0020512338919368607,0.762680958431542,0.0,1.0,20.0,20000,2000,2000,20000,2
method_c,css,uniform,X,5,0.0023668083368502237,0.762680958431542,0.0,1.0,20.0,20000,2000,2000,20000,8
method_c,css,uniform,X,5,0.002682382781763587,0.762680958431542,0.0,1.0,20.0,20000,2000,2000,20000,11
method_c,css,uniform,X,5,0.00299795722667695,0.762680958431542,0.0,1.0,20.0,20000,2000,2000,20000,49
method_c,css,uniform,X,5,0.003313531671590313,0.762680958431542,0.0,1.0,20.0,20000,2000,2000,20000,113
method_c,css,uniform,X,5,0.003629106116503676,0.762680958431542,0.0,1.0,20.0,20000,2000,2000,20000,247
method_c,css,uniform,X,5,0.0039446805614170395,0.762680958431542,0.0,1.0,20.0,20000,2000,2000,20000,504
method_c,css,uniform,X,5,0.0042602550063304025,0.762680958431542,0.0,1.0,20.0,20000,2000,2000,20000,836
method_c,css,uniform,Z,3,0.0017111703296095147,0.0,0.0,1.0,20.0,20000,2000,2000,20000,1
method_c,css,uniform,Z,3,0.0020914304028560736,0.0,0.0,1.0,20.0,20000,2000,2000,20000,2
method_c,css,uniform,Z,3,0.0024716904761026325,0.0,0.0,1.0,20.0,20000,2000,2000,20000,1
method_c,css,uniform,Z,3,0.002851950549349191,0.0,0.0,1.0,20.0,20000,2000,2000,20000,9
method_c,css,uniform,Z,3,0.00323221062259575,0.0,0.0,1.0,20.0,20000,2000,2000,20000,24
method_c,css,uniform,Z,3,0.003612470695842309,0.0,0.0,1.0,20.0,20000,2000,2000,20000,49
method_c,css,uniform,Z,3,0.003992730769088867,0.0,0.0,1.0,20.0,20000,2000,2000,20000,63
method_c,css,uniform,Z,3,0.0043729908423354264,0.0,0.0,1.0,20.0,20000,2000,2000,20000,105
method_c,css,uniform,Z,3,0.004753250915581985,0.0,0.0,1.0,20.0,20000,2000,2000,20000,157
method_c,css,uniform,Z,3,0.005133510988828544,0.0,0.0,1.0,20.0,20000,2000,2000,20000,271
method_c,css,uniform,Z,5,0.0017111703296095147,0.0,0.0,1.0,20.0,20000,2000,2000,20000,0
method_c,css,uniform,Z,5,0.0020914304028560736,0.0,0.0,1.0,20.0,20000,2000,2000,20000,0
method_c,css,uniform,Z,5,0.0024716904761026325,0.0,0.0,1.0,20.0,20000,2000,2000,20000,1
method_c,css,uniform,Z,5,0.002851950549349191,0.0,0.0,1.0,20.0,20000,2000,2000,20000,3
method_c,css,uniform,Z,5,0.00323221062259575,0.0,0.0,1.0,20.0,20000,2000,2000,20000,6
method_c,css,uniform,Z,5,0.003612470695842309,0.0,0.0,1.0,20.0,20000,2000,2000,20000,10
method_c,css,uniform,Z,5,0.003992730769088867,0.0,0.0,1.0,20.0,20000,2000,2000,20000,43
method_c,css,uniform,Z,5,0.0043729908423354264,0.0,0.0,1.0,20.0,20000,2000,2000,20000,65
method_c,css,uniform,Z,5,0.004753250915581985,0.0,0.0,1.0,20.0,20000,2000,2000,20000,145
method_c,css,uniform,Z,5,0.005133510988828544,0.0,0.0,1.0,20.0,20000,2000,2000,20000,308
method_c,css,uniform,X,3,0.0016230143704639396,1.1354477644060426,0.0,1.0,20.0,20000,2000,2000,20000,2
method_c,css,uniform,X,3,0.0019836842305670376,1.1354477644060426,0.0,1.0,20.0,20000,2000,2000,20000,1
method_c,css,uniform,X,3,0.002344354090670135,1.1354477644060426,0.0,1.0,20.0,20000,2000,2000,20000,9
method_c,css,uniform,X,3,0.0027050239507732323,1.1354477644060426,0.0,1.0,20.0,20000,2000,2000,20000,24
method_c,css,uniform,X,3,0.00306569381087633,1.1354477644060426,0.0,1.0,20.0,20000,2000,2000,20000,45
method_c,css,uniform,X,3,0.0034263636709794282,1.1354477644060426,0.0,1.0,20.0,20000,2000,2000,20000,77
method_c,css,uniform,X,3,0.003787033531082525,1.1354477644060426,0.0,1.0,20.0,20000,2000,2000,20000,116
method_c,css,uniform,X,3,0.004147703391185623,1.1354477644060426,0.0,1.0,20.0,20000,2000,2000,20000,215
method_c,css,uniform,X,3,0.004508373251288721,1.1354477644060426,0.0,1.0,20.0,20000,2000,2000,20000,260
method_c,css,uniform,X,3,0.0048690431113918185,1.1354477644060426,0.0,1.0,20.0,20000,2000,2000,20000,423
method_c,css,uniform,X,5,0.0016230143704639396,1.1354477644060426,0.0,1.0,20.0,20000,2000,2000,20000,0
method_c,css,uniform,X,5,0.0019836842305670376,1.1354477644060426,0.0,1.0,20.0,20000,2000,2000,20000,0
method_c,css,uniform,X,5,0.002344354090670135,1.1354477644060426,0.0,1.0,20.0,20000,2000,2000,20000,0
method_c,css,uniform,X,5,0.0027050239507732323,1.1354477644060426,0.0,1.0,20.0,20000,2000,2000,20000,4
method_c,css,uniform,X,5,0.00306569381087633,1.1354477644060426,0.0,1.0,20.0,20000,2000,2000,20000,22
method_c,css,uniform,X,5,0.0034263636709794282,1.1354477644060426,0.0,1.0,20.0,20000,2000,2000,20000,48
method_c,css,uniform,X,5,0.003787033531082525,1.1354477644060426,0.0,1.0,20.0,20000,2000,2000,20000,103
method_c,css,uniform,X,5,0.004147703391185623,1.1354477644060426,0.0,1.0,20.0,20000,2000,2000,20000,221
method_c,css,uniform,X,5,0.004508373251288721,1.1354477644060426,0.0,1.0,20.0,20000,2000,2000,20000,411
method_c,css,uniform,X,5,0.0048690431113918185,1.1354477644060426,0.0,1.0,20.0,20000,2000,2000,20000,711
method_c,css,uniform,X,3,0.0017111703296095147,0.0,0.0,1.0,20.0,20000,2000,2000,20000,1
method_c,css,uniform,X,3,0.0020914304028560736,0.0,0.0,1.0,20.0,20000,2000,2000,20000,5
method_c,css,uniform,X,3,0.0024716904761026325,0.0,0.0,1.0,20.0,20000,2000,2000,20000,13
method_c,css,uniform,X,3,0.002851950549349191,0.0,0.0,1.0,20.0,20000,2000,2000,20000,31
method_c,css,uniform,X,3,0.00323221062259575,0.0,0.0,1.0,20.0,20000,2000,2000,20000,42
method_c,css,uniform,X,3,0.003612470695842309,0.0,0.0,1.0,20.0,20000,2000,2000,20000,73
method_c,css,uniform,X,3,0.003992730769088867,0.0,0.0,1.0,20.0,20000,2000,2000,20000,168
method_c,css,uniform,X,3,0.0043729908423354264,0.0,0.0,1.0,20.0,20000,2000,2000,20000,251
method_c,css,uniform,X,3,0.004753250915581985,0.0,0.0,1.0,20.0,20000,2000,2000,20000,379
method_c,css,uniform,X,3,0.005133510988828544,0.0,0.0,1.0,20.0,20000,2000,2000,20000,532
method_c,css,uniform,X,5,0.0017111703296095147,0.0,0.0,1.0,20.0,20000,2000,2000,20000,0
method_c,css,uniform,X,5,0.0020914304028560736,0.0,0.0,1.0,20.0,20000,2000,2000,20000,0
method_c,css,uniform,X,5,0.0024716904761026325,0.0,0.0,1.0,20.0,20000,2000,2000,20000,2
method_c,css,uniform,X,5,0.002851950549349191,0.0,0.0,1.0,20.0,20000,2000,2000,20000,10
method_c,css,uniform,X,5,0.00323221062259575,0.0,0.0,1.0,20.0,20000,2000,2000,20000,26
method_c,css,uniform,X,5,0.003612470695842309,0.0,0.0,1.0,20.0,20000,2000,2000,20000,71
method_c,css,uniform,X,5,0.003992730769088867,0.0,0.0,1.0,20.0,20000,2000,2000,20000,160
method_c,css,uniform,X,5,0.0043729908423354264,0.0,0.0,1.0,20.0,20000,2000,2000,20000,320
method_c,css,uniform,X,5,0.004753250915581985,0.0,0.0,1.0,20.0,20000,2000,2000,20000,578
method_c,css,uniform,X,5,0.005133510988828544,0.0,0.0,1.0,20.0,20000,2000,2000,20000,968
method_c,css,uniform,Z,3,0.00145417244390729,0.3440832627535896,0.0,1.0,20.0,20000,2000,2000,20000,1
method_c,css,uniform,Z,3,0.001777321875886688,0.3440832627535896,0.0,1.0,20.0,20000,2000,2000,20000,0
method_c,css,uniform,Z,3,0.0021004713078660855,0.3440832627535896,0.0,1.0,20.0,20000,2000,2000,20000,5
method_c,css,uniform,Z,3,0.002423620739845483,0.3440832627535896,0.0,1.0,20.0,20000,2000,2000,20000,9
method_c,css,uniform,Z,3,0.002746770171824881,0.3440832627535896,0.0,1.0,20.0,20000,2000,2000,20000,24
method_c,css,uniform,Z,3,0.0030699196038042787,0.3440832627535896,0.0,1.0,20.0,20000,2000,2000,20000,41
method_c,css,uniform,Z,3,0.0033930690357836762,0.3440832627535896,0.0,1.0,20.0,20000,2000,2000,20000,86
method_c,css,uniform,Z,3,0.003716218467763074,0.3440832627535896,0.0,1.0,20.0,20000,2000,2000,20000,138
method_c,css,uniform,Z,3,0.004039367899742472,0.3440832627535896,0.0,1.0,20.0,20000,2000,2000,20000,160
method_c,css,uniform,Z,3,0.00436251733172187,0.3440832627535896,0.0,1.0,20.0,20000,2000,2000,20000,302
method_c,css,uniform,Z,5,0.00145417244390729,0.3440832627535896,0.0,1.0,20.0,20000,2000,2000,20000,0
method_c,css,uniform,Z,5,0.001777321875886688,0.3440832627535896,0.0,1.0,20.0,20000,2000,2000,20000,0
method_c,css,uniform,Z,5,0.0021004713078660855,0.3440832627535896,0.0,1.0,20.0,20000,2000,2000,20000,0
method_c,css,uniform,Z,5,0.002423620739845483,0.3440832627535896,0.0,1.0,20.0,20000,2000,2000,20000,3
method_c,css,uniform,Z,5,0.002746770171824881,0.3440832627535896,0.0,1.0,20.0,20000,2000,2000,20000,6
method_c,css,uniform,Z,5,0.0030699196038042787,0.3440832627535896,0.0,1.0,20.0,20000,2000,2000,20000,21
method_c,css,uniform,Z,5,0.0033930690357836762,0.3440832627535896,0.0,1.0,20.0,20000,2000,2000,20000,59
method_c,css,uniform,Z,5,0.003716218467763074,0.3440832627535896,0.0,1.0,20.0,20000,2000,2000,20000,102
method_c,css,uniform,Z,5,0.004039367899742472,0.3440832627535896,0.0,1.0,20.0,20000,2000,2000,20000,190
method_c,css,uniform,Z,5,0.00436251733172187,0.3440832627535896,0.0,1.0,20.0,20000,2000,2000,20000,394
method_c,css,uniform,Z,3,0.0024527077005847076,1.5707963267948966,0.0,1.0,20.0,20000,2000,2000,20000,1
method_c,css,uniform,Z,3,0.0029977538562701985,1.5707963267948966,0.0,1.0,20.0,20000,2000,2000,20000,6
method_c,css,uniform,Z,3,0.0035428000119556886,1.5707963267948966,0.0,1.0,20.0,20000,2000,2000,20000,5
method_c,css,uniform,Z,3,0.004087846167641179,1.5707963267948966,0.0,1.0,20.0,20000,2000,2000,20000,25
method_c,css,uniform,Z,3,0.00463289232332667,1.5707963267948966,0.0,1.0,20.0,20000,2000,2000,20000,31
method_c,css,uniform,Z,3,0.005177938479012161,1.5707963267948966,0.0,1.0,20.0,20000,2000,2000,20000,62
method_c,css,uniform,Z,3,0.00572298463469765,1.5707963267948966,0.0,1.0,20.0,20000,2000,2000,20000,106
method_c,css,uniform,Z,3,0.006268030790383141,1.5707963267948966,0.0,1.0,20.0,20000,2000,2000,20000,166
method_c,css,uniform,Z,3,0.006813076946068632,1.5707963267948966,0.0,1.0,20.0,20000,2000,2000,20000,269
method_c,css,uniform,Z,3,0.007358123101754123,1.5707963267948966,0.0,1.0,20.0,20000,2000,2000,20000,425
method_c,css,uniform,Z,5,0.0024527077005847076,1.5707963267948966,0.0,1.0,20.0,20000,2000,2000,20000,0
method_c,css,uniform,Z,5,0.0029977538562701985,1.5707963267948966,0.0,1.0,20.0,20000,2000,2000,20000,1
method_c,css,uniform,Z,5,0.0035428000119556886,1.5707963267948966,0.0,1.0,20.0,20000,2000,2000,20000,2
method_c,css,uniform,Z,5,0.004087846167641179,1.5707963267948966,0.0,1.0,20.0,20000,2000,2000,20000,6
method_c,css,uniform,Z,5,0.00463289232332667,1.5707963267948966,0.0,1.0,20.0,20000,2000,2000,20000,23
method_c,css,uniform,Z,5,0.005177938479012161,1.5707963267948966,0.0,1.0,20.0,20000,2000,2000,20000,54
method_c,css,uniform,Z,5,0.00572298463469765,1.5707963267948966,0.0,1.0,20.0,20000,2000,2000,20000,100
method_c,css,uniform,Z,5,0.006268030790383141,1.5707963267948966,0.0,1.0,20.0,20000,2000,2000,20000,261
method_c,css,uniform,Z,5,0.006813076946068632,1.5707963267948966,0.0,1.0,20.0,20000,2000,2000,20000,476
method_c,css,uniform,Z,5,0.007358123101754123,1.5707963267948966,0.0,1.0,20.0,20000,2000,2000,20000,747
method_c,css,uniform,X,3,0.0024527077005847076,1.5707963267948966,0.0,1.0,20.0,20000,2000,2000,20000,0
method_c,css,uniform,X,3,0.0029977538562701985,1.5707963267948966,0.0,1.0,20.0,20000,2000,2000,20000,1
method_c,css,uniform,X,3,0.0035428000119556886,1.5707963267948966,0.0,1.0,20.0,20000,2000,2000,20000,4
method_c,css,uniform,X,3,0.004087846167641179,1.5707963267948966,0.0,1.0,20.0,20000,2000,2000,20000,11
method_c,css,uniform,X,3,0.00463289232332667,1.5707963267948966,0.0,1.0,20.0,20000,2000,2000,20000,28
method_c,css,uniform,X,3,0.005177938479012161,1.5707963267948966,0.0,1.0,20.0,20000,2000,2000,20000,53
method_c,css,uniform,X,3,0.00572298463469765,1.5707963267948966,0.0,1.0,20.0,20000,2000,2000,20000,92
method_c,css,uniform,X,3,0.006268030790383141,1.5707963267948966,0.0,1.0,20.0,20000,2000,2000,20000,161
method_c,css,uniform,X,3,0.006813076946068632,1.5707963267948966,0.0,1.0,20.0,20000,2000,2000,20000,216
method_c,css,uniform,X,3,0.007358123101754123,1.5707963267948966,0.0,1.0,20.0,20000,2000,2000,20000,354
method_c,css,uniform,X,5,0.0024527077005847076,1.5707963267948966,0.0,1.0,20.0,20000,2000,2000,20000,0
method_c,css,uniform,X,5,0.0029977538562701985,1.5707963267948966,0.0,1.0,20.0,20000,2000,2000,20000,1
method_c,css,uniform,X,5,0.0035428000119556886,1.5707963267948966,0.0,1.0,20.0,20000,2000,2000,20000,0
method_c,css,uniform,X,5,0.004087846167641179,1.5707963267948966,0.0,1.0,20.0,20000,2000,2000,20000,5
method_c,css,uniform,X,5,0.00463289232332667,1.5707963267948966,0.0,1.0,20.0,20000,2000,2000,20000,10
method_c,css,uniform,X,5,0.005177938479012161,1.5707963267948966,0.0,1.0,20.0,20000,2000,2000,20000,36
method_c,css,uniform,X,5,0.00572298463469765,1.5707963267948966,0.0,1.0,20.0,20000,2000,2000,20000,74
method_c,css,uniform,X,5,0.006268030790383141,1.5707963267948966,0.0,1.0,20.0,20000,2000,2000,20000,177
method_c,css,uniform,X,5,0.006813076946068632,1.5707963267948966,0.0,1.0,20.0,20000,2000,2000,20000,341
method_c,css,uniform,X,5,0.007358123101754123,1.5707963267948966,0.0,1.0,20.0,20000,2000,2000,20000,568
method_c,css,uniform,X,3,0.0014921778691007826,0.0,0.40927836612464136,1.0,20.0,20000,2000,2000,20000,1
method_c,css,uniform,X,3,0.001823772951123179,0.0,0.40927836612464136,1.0,20.0,20000,2000,2000,20000,4
method_c,css,uniform,X,3,0.0021553680331455748,0.0,0.40927836612464136,1.0,20.0,20000,2000,2000,20000,12
method_c,css,uniform,X,3,0.0024869631151679707,0.0,0.40927836612464136,1.0,20.0,20000,2000,2000,20000,28
method_c,css,uniform,X,3,0.002818558197190367,0.0,0.40927836612464136,1.0,20.0,20000,2000,2000,20000,47
method_c,css,uniform,X,3,0.0031501532792127633,0.0,0.40927836612464136,1.0,20.0,20000,2000,2000,20000,100
method_c,css,uniform,X,3,0.0034817483612351588,0.0,0.40927836612464136,1.0,20.0,20000,2000,2000,20000,203
method_c,css,uniform,X,3,0.003813343443257555,0.0,0.40927836612464136,1.0,20.0,20000,2000,2000,20000,234
method_c,css,uniform,X,3,0.004144938525279951,0.0,0.40927836612464136,1.0,20.0,20000,2000,2000,20000,414
method_c,css,uniform,X,3,0.004476533607302348,0.0,0.40927836612464136,1.0,20.0,20000,2000,2000,20000,578
method_c,css,uniform,X,5,0.0014921778691007826,0.0,0.40927836612464136,1.0,20.0,20000,2000,2000,20000,0
method_c,css,uniform,X,5,0.001823772951123179,0.0,0.40927836612464136,1.0,20.0,20000,2000,2000,20000,1
method_c,css,uniform,X,5,0.0021553680331455748,0.0,0.40927836612464136,1.0,20.0,20000,2000,2000,20000,6
method_c,css,uniform,X,5,0.0024869631151679707,0.0,0.40927836612464136,1.0,20.0,20000,2000,2000,20000,10
method_c,css,uniform,X,5,0.002818558197190367,0.0,0.40927836612464136,1.0,20.0,20000,2000,2000,20000,28
method_c,css,uniform,X,5,0.0031501532792127633,0.0,0.40927836612464136,1.0,20.0,20000,2000,2000,20000,54
method_c,css,uniform,X,5,0.0034817483612351588,0.0,0.40927836612464136,1.0,20.0,20000,2000,2000,20000,170
method_c,css,uniform,X,5,0.003813343443257555,0.0,0.40927836612464136,1.0,20.0,20000,2000,2000,20000,344
method_c,css,uniform,X,5,0.004144938525279951,0.0,0.40927836612464136,1.0,20.0,20000,2000,2000,20000,648
method_c,css,uniform,X,5,0.004476533607302348,0.0,0.40927836612464136,1.0,20.0,20000,2000,2000,20000,1052
method_c,css,uniform,Z,3,0.0019917881908381356,1.3981169213176114,0.0,1.0,20.0,20000,2000,2000,20000,1
method_c,css,uniform,Z,3,0.002434407788802166,1.3981169213176114,0.0,1.0,20.0,20000,2000,2000,20000,1
method_c,css,uniform,Z,3,0.0028770273867661958,1.3981169213176114,0.0,1.0,20.0,20000,2000,2000,20000,5
method_c,css,uniform,Z,3,0.0033196469847302256,1.3981169213176114,0.0,1.0,20.0,20000,2000,2000,20000,13
method_c,css,uniform,Z,3,0.003762266582694256,1.3981169213176114,0.0,1.0,20.0,20000,2000,2000,20000,34
method_c,css,uniform,Z,3,0.004204886180658287,1.3981169213176114,0.0,1.0,20.0,20000,2000,2000,20000,67
method_c,css,uniform,Z,3,0.004647505778622316,1.3981169213176114,0.0,1.0,20.0,20000,2000,2000,20000,102
method_c,css,uniform,Z,3,0.005090125376586346,1.3981169213176114,0.0,1.0,20.0,20000,2000,2000,20000,168
method_c,css,uniform,Z,3,0.005532744974550376,1.3981169213176114,0.0,1.0,20.0,20000,2000,2000,20000,260
method_c,css,uniform,Z,3,0.005975364572514407,1.3981169213176114,0.0,1.0,20.0,20000,2000,2000,20000,372
method_c,css,uniform,Z,5,0.0019917881908381356,1.3981169213176114,0.0,1.0,20.0,20000,2000,2000,20000,0
method_c,css,uniform,Z,5,0.002434407788802166,1.3981169213176114,0.0,1.0,20.0,20000,2000,2000,20000,0
method_c,css,uniform,Z,5,0.0028770273867661958,1.3981169213176114,0.0,1.0,20.0,20000,2000,2000,20000,3
method_c,css,uniform,Z,5,0.0033196469847302256,1.3981169213176114,0.0,1.0,20.0,20000,2000,2000,20000,3
method_c,css,uniform,Z,5,0.003762266582694256,1.3981169213176114,0.0,1.0,20.0,20000,2000,2000,20000,11
method_c,css,uniform,Z,5,0.004204886180658287,1.3981169213176114,0.0,1.0,20.0,20000,2000,2000,20000,41
method_c,css,uniform,Z,5,0.004647505778622316,1.3981169213176114,0.0,1.0,20.0,20000,2000,2000,20000,102
method_c,css,uniform,Z,5,0.005090125376586346,1.3981169213176114,0.0,1.0,20.0,20000,2000,2000,20000,219
method_c,css,uniform,Z,5,0.005532744974550376,1.3981169213176114,0.0,1.0,20.0,20000,2000,2000,20000,356
method_c,css,uniform,Z,5,0.005975364572514407,1.3981169213176114,0.0,1.0,20.0,20000,2000,2000,20000,630
method_c,css,uniform,X,3,0.0012834939440731269,0.39216757404513347,0.5243592593637825,1.0,20.0,20000,2000,2000,20000,1
method_c,css,uniform,X,3,0.0015687148205338218,0.39216757404513347,0.5243592593637825,1.0,20.0,20000,2000,2000,20000,2
method_c,css,uniform,X,3,0.0018539356969945165,0.39216757404513347,0.5243592593637825,1.0,20.0,20000,2000,2000,20000,11
method_c,css,uniform,X,3,0.0021391565734552114,0.39216757404513347,0.5243592593637825,1.0,20.0,20000,2000,2000,20000,22
method_c,css,uniform,X,3,0.0024243774499159063,0.39216757404513347,0.5243592593637825,1.0,20.0,20000,2000,2000,20000,61
method_c,css,uniform,X,3,0.0027095983263766012,0.39216757404513347,0.5243592593637825,1.0,20.0,20000,2000,2000,20000,110
method_c,css,uniform,X,3,0.0029948192028372957,0.39216757404513347,0.5243592593637825,1.0,20.0,20000,2000,2000,20000,150
method_c,css,uniform,X,3,0.0032800400792979906,0.39216757404513347,0.5243592593637825,1.0,20.0,20000,2000,2000,20000,249
method_c,css,uniform,X,3,0.0035652609557586855,0.39216757404513347,0.5243592593637825,1.0,20.0,20000,2000,2000,20000,401
method_c,css,uniform,X,3,0.0038504818322193804,0.39216757404513347,0.5243592593637825,1.0,20.0,20000,2000,2000,20000,517
method_c,css,uniform,X,5,0.0012834939440731269,0.39216757404513347,0.5243592593637825,1.0,20.0,20000,2000,2000,20000,0
method_c,css,uniform,X,5,0.0015687148205338218,0.39216757404513347,0.5243592593637825,1.0,20.0,20000,2000,2000,20000,1
method_c,css,uniform,X,5,0.0018539356969945165,0.39216757404513347,0.5243592593637825,1.0,20.0,20000,2000,2000,20000,3
method_c,css,uniform,X,5,0.0021391565734552114,0.39216757404513347,0.5243592593637825,1.0,20.0,20000,2000,2000,20000,11
method_c,css,uniform,X,5,0.0024243774499159063,0.39216757404513347,0.5243592593637825,1.0,20.0,20000,2000,2000,20000,18
method_c,css,uniform,X,5,0.0027095983263766012,0.39216757404513347,0.5243592593637825,1.0,20.0,20000,2000,2000,20000,76
method_c,css,uniform,X,5,0.0029948192028372957,0.39216757404513347,0.5243592593637825,1.0,20.0,20000,2000,2000,20000,139
method_c,css,uniform,X,5,0.0032800400792979906,0.39216757404513347,0.5243592593637825,1.0,20.0,20000,2000,2000,20000,343
method_c,css,uniform,X,5,0.0035652609557586855,0.39216757404513347,0.5243592593637825,1.0,20.0,20000,2000,2000,20000,547
method_c,css,uniform,X,5,0.0038504818322193804,0.39216757404513347,0.5243592593637825,1.0,20.0,20000,2000,2000,20000,1051
method_c,css,uniform,Z,3,0.0012834939440731269,0.39216757404513347,0.5243592593637825,1.0,20.0,20000,2000,2000,20000,0
method_c,css,uniform,Z,3,0.0015687148205338218,0.39216757404513347,0.5243592593637825,1.0,20.0,20000,2000,2000,20000,0
method_c,css,uniform,Z,3,0.0018539356969945165,0.39216757404513347,0.5243592593637825,1.0,20.0,20000,2000,2000,20000,1
method_c,css,uniform,Z,3,0.0021391565734552114,0.39216757404513347,0.5243592593637825,1.0,20.0,20000,2000,2000,20000,3
method_c,css,uniform,Z,3,0.0024243774499159063,0.39216757404513347,0.5243592593637825,1.0,20.0,20000,2000,2000,20000,7
method_c,css,uniform,Z,3,0.0027095983263766012,0.39216757404513347,0.5243592593637825,1.0,20.0,20000,2000,2000,20000,11
method_c,css,uniform,Z,3,0.0029948192028372957,0.39216757404513347,0.5243592593637825,1.0,20.0,20000,2000,2000,20000,25
method_c,css,uniform,Z,3,0.0032800400792979906,0.39216757404513347,0.5243592593637825,1.0,20.0,20000,2000,2000,20000,43
method_c,css,uniform,Z,3,0.0035652609557586855,0.39216757404513347,0.5243592593637825,1.0,20.0,20000,2000,2000,20000,67
method_c,css,uniform,Z,3,0.0038504818322193804,0.39216757404513347,0.5243592593637825,1.0,20.0,20000,2000,2000,20000,100
method_c,css,uniform,Z,5,0.0012834939440731269,0.39216757404513347,0.5243592593637825,1.0,20.0,20000,2000,2000,20000,0
method_c,css,uniform,Z,5,0.0015687148205338218,0.39216757404513347,0.5243592593637825,1.0,20.0,20000,2000,2000,20000,0
method_c,css,uniform,Z,5,0.0018539356969945165,0.39216757404513347,0.5243592593637825,1.0,20.0,20000,2000,2000,20000,1
method_c,css,uniform,Z,5,0.0021391565734552114,0.39216757404513347,0.5243592593637825,1.0,20.0,20000,2000,2000,20000,0
method_c,css,uniform,Z,5,0.0024243774499159063,0.39216757404513347,0.5243592593637825,1.0,20.0,20000,2000,2000,20000,1
method_c,css,uniform,Z,5,0.0027095983263766012,0.39216757404513347,0.5243592593637825,1.0,20.0,20000,2000,2000,20000,1
method_c,css,uniform,Z,5,0.0029948192028372957,0.39216757404513347,0.5243592593637825,1.0,20.0,20000,2000,2000,20000,6
method_c,css,uniform,Z,5,0.0032800400792979906,0.39216757404513347,0.5243592593637825,1.0,20.0,20000,2000,2000,20000,17
method_c,css,uniform,Z,5,0.0035652609557586855,0.39216757404513347,0.5243592593637825,1.0,20.0,20000,2000,2000,20000,28
method_c,css,uniform,Z,5,0.0038504818322193804,0.39216757404513347,0.5243592593637825,1.0,20.0,20000,2000,2000,20000,66
method_c,css,uniform,X,3,0.0019917881908381356,1.3981169213176114,0.0,1.0,20.0,20000,2000,2000,20000,0
method_c,css,uniform,X,3,0.002434407788802166,1.3981169213176114,0.0,1.0,20.0,20000,2000,2000,20000,0
method_c,css,uniform,X,3,0.0028770273867661958,1.3981169213176114,0.0,1.0,20.0,20000,2000,2000,20000,3
method_c,css,uniform,X,3,0.0033196469847302256,1.3981169213176114,0.0,1.0,20.0,20000,2000,2000,20000,18
method_c,css,uniform,X,3,0.003762266582694256,1.3981169213176114,0.0,1.0,20.0,20000,2000,2000,20000,26
method_c,css,uniform,X,3,0.004204886180658287,1.3981169213176114,0.0,1.0,20.0,20000,2000,2000,20000,55
method_c,css,uniform,X,3,0.004647505778622316,1.3981169213176114,0.0,1.0,20.0,20000,2000,2000,20000,89
method_c,css,uniform,X,3,0.005090125376586346,1.3981169213176114,0.0,1.0,20.0,20000,2000,2000,20000,196
method_c,css,uniform,X,3,0.005532744974550376,1.3981169213176114,0.0,1.0,20.0,20000,2000,2000,20000,267
method_c,css,uniform,X,3,0.005975364572514407,1.3981169213176114,0.0,1.0,20.0,20000,2000,2000,20000,314
method_c,css,uniform,X,5,0.0019917881908381356,1.3981169213176114,0.0,1.0,20.0,20000,2000,2000,20000,0
method_c,css,uniform,X,5,0.002434407788802166,1.3981169213176114,0.0,1.0,20.0,20000,2000,2000,20000,0
method_c,css,uniform,X,5,0.0028770273867661958,1.3981169213176114,0.0,1.0,20.0,20000,2000,2000,20000,2
method_c,css,uniform,X,5,0.0033196469847302256,1.3981169213176114,0.0,1.0,20.0,20000,2000,2000,20000,1
method_c,css,uniform,X,5,0.003762266582694256,1.3981169213176114,0.0,1.0,20.0,20000,2000,2000,20000,12
method_c,css,uniform,X,5,0.004204886180658287,1.3981169213176114,0.0,1.0,20.0,20000,2000,2000,20000,35
method_c,css,uniform,X,5,0.004647505778622316,1.3981169213176114,0.0,1.0,20.0,20000,2000,2000,20000,72
method_c,css,uniform,X,5,0.005090125376586346,1.3981169213176114,0.0,1.0,20.0,20000,2000,2000,20000,174
method_c,css,uniform,X,5,0.005532744974550376,1.3981169213176114,0.0,1.0,20.0,20000,2000,2000,20000,368
method_c,css,uniform,X,5,0.005975364572514407,1.3981169213176114,0.0,1.0,20.0,20000,2000,2000,20000,660
method_c,css,uniform,X,3,0.0013355257140265427,0.8250834581242561,0.7145932307092268,1.0,20.0,20000,2000,2000,20000,2
method_c,css,uniform,X,3,0.0016323092060324413,0.8250834581242561,0.7145932307092268,1.0,20.0,20000,2000,2000,20000,2
method_c,css,uniform,X,3,0.0019290926980383395,0.8250834581242561,0.7145932307092268,1.0,20.0,20000,2000,2000,20000,15
method_c,css,uniform,X,3,0.0022258761900442376,0.8250834581242561,0.7145932307092268,1.0,20.0,20000,2000,2000,20000,24
method_c,css,uniform,X,3,0.002522659682050136,0.8250834581242561,0.7145932307092268,1.0,20.0,20000,2000,2000,20000,43
method_c,css,uniform,X,3,0.002819443174056035,0.8250834581242561,0.7145932307092268,1.0,20.0,20000,2000,2000,20000,86
method_c,css,uniform,X,3,0.0031162266660619328,0.8250834581242561,0.7145932307092268,1.0,20.0,20000,2000,2000,20000,135
method_c,css,uniform,X,3,0.003413010158067831,0.8250834581242561,0.7145932307092268,1.0,20.0,20000,2000,2000,20000,268
method_c,css,uniform,X,3,0.0037097936500737295,0.8250834581242561,0.7145932307092268,1.0,20.0,20000,2000,2000,20000,366
method_c,css,uniform,X,3,0.004006577142079628,0.8250834581242561,0.7145932307092268,1.0,20.0,20000,2000,2000,20000,500
method_c,css,uniform,X,5,0.0013355257140265427,0.8250834581242561,0.7145932307092268,1.0,20.0,20000,2000,2000,20000,0
method_c,css,uniform,X,5,0.0016323092060324413,0.8250834581242561,0.7145932307092268,1.0,20.0,20000,2000,2000,20000,2
method_c,css,uniform,X,5,0.0019290926980383395,0.8250834581242561,0.7145932307092268,1.0,20.0,20000,2000,2000,20000,0
method_c,css,uniform,X,5,0.0022258761900442376,0.8250834581242561,0.7145932307092268,1.0,20.0,20000,2000,2000,20000,6
method_c,css,uniform,X,5,0.002522659682050136,0.8250834581242561,0.7145932307092268,1.0,20.0,20000,2000,2000,20000,27
method_c,css,uniform,X,5,0.002819443174056035,0.8250834581242561,0.7145932307092268,1.0,20.0,20000,2000,2000,20000,55
method_c,css,uniform,X,5,0.0031162266660619328,0.8250834581242561,0.7145932307092268,1.0,20.0,20000,2000,2000,20000,144
method_c,css,uniform,X,5,0.003413010158067831,0.8250834581242561,0.7145932307092268,1.0,20.0,20000,2000,2000,20000,300
method_c,css,uniform,X,5,0.0037097936500737295,0.8250834581242561,0.7145932307092268,1.0,20.0,20000,2000,2000,20000,517
method_c,css,uniform,X,5,0.004006577142079628,0.8250834581242561,0.7145932307092268,1.0,20.0,20000,2000,2000,20000,905
method_c,css,uniform,X,3,0.002050049838486852,1.2769293923477723,1.5707963267948966,1.0,20.0,20000,2000,2000,20000,1
method_c,css,uniform,X,3,0.002505616469261708,1.2769293923477723,1.5707963267948966,1.0,20.0,20000,2000,2000,20000,2
method_c,css,uniform,X,3,0.0029611831000365637,1.2769293923477723,1.5707963267948966,1.0,20.0,20000,2000,2000,20000,11
method_c,css,uniform,X,3,0.00341674973081142,1.2769293923477723,1.5707963267948966,1.0,20.0,20000,2000,2000,20000,11
method_c,css,uniform,X,3,0.003872316361586276,1.2769293923477723,1.5707963267948966,1.0,20.0,20000,2000,2000,20000,33
method_c,css,uniform,X,3,0.004327882992361132,1.2769293923477723,1.5707963267948966,1.0,20.0,20000,2000,2000,20000,64
method_c,css,uniform,X,3,0.004783449623135988,1.2769293923477723,1.5707963267948966,1.0,20.0,20000,2000,2000,20000,110
method_c,css,uniform,X,3,0.005239016253910844,1.2769293923477723,1.5707963267948966,1.0,20.0,20000,2000,2000,20000,163
method_c,css,uniform,X,3,0.0056945828846857,1.2769293923477723,1.5707963267948966,1.0,20.0,20000,2000,2000,20000,274
method_c,css,uniform,X,3,0.006150149515460556,1.2769293923477723,1.5707963267948966,1.0,20.0,20000,2000,2000,20000,449
method_c,css,uniform,X,5,0.002050049838486852,1.2769293923477723,1.5707963267948966,1.0,20.0,20000,2000,2000,20000,0
method_c,css,uniform,X,5,0.002505616469261708,1.2769293923477723,1.5707963267948966,1.0,20.0,20000,2000,2000,20000,0
method_c,css,uniform,X,5,0.0029611831000365637,1.2769293923477723,1.5707963267948966,1.0,20.0,20000,2000,2000,20000,0
method_c,css,uniform,X,5,0.00341674973081142,1.2769293923477723,1.5707963267948966,1.0,20.0,20000,2000,2000,20000,2
method_c,css,uniform,X,5,0.003872316361586276,1.2769293923477723,1.5707963267948966,1.0,20.0,20000,2000,2000,20000,16
method_c,css,uniform,X,5,0.004327882992361132,1.2769293923477723,1.5707963267948966,1.0,20.0,20000,2000,2000,20000,42
method_c,css,uniform,X,5,0.004783449623135988,1.2769293923477723,1.5707963267948966,1.0,20.0,20000,2000,2000,20000,107
method_c,css,uniform,X,5,0.005239016253910844,1.2769293923477723,1.5707963267948966,1.0,20.0,20000,2000,2000,20000,232
method_c,css,uniform,X,5,0.0056945828846857,1.2769293923477723,1.5707963267948966,1.0,20.0,20000,2000,2000,20000,426
method_c,css,uniform,X,5,0.006150149515460556,1.2769293923477723,1.5707963267948966,1.0,20.0,20000,2000,2000,20000,725
method_c,css,uniform,X,3,0.0016233950468371211,1.1349438690613325,1.0479573677437355,1.0,20.0,20000,2000,2000,20000,1
method_c,css,uniform,X,3,0.001984149501689815,1.1349438690613325,1.0479573677437355,1.0,20.0,20000,2000,2000,20000,4
method_c,css,uniform,X,3,0.002344903956542508,1.1349438690613325,1.0479573677437355,1.0,20.0,20000,2000,2000,20000,11
method_c,css,uniform,X,3,0.0027056584113952014,1.1349438690613325,1.0479573677437355,1.0,20.0,20000,2000,2000,20000,14
method_c,css,uniform,X,3,0.003066412866247895,1.1349438690613325,1.0479573677437355,1.0,20.0,20000,2000,2000,20000,47
method_c,css,uniform,X,3,0.0034271673211005893,1.1349438690613325,1.0479573677437355,1.0,20.0,20000,2000,2000,20000,65
method_c,css,uniform,X,3,0.003787921775953282,1.1349438690613325,1.0479573677437355,1.0,20.0,20000,2000,2000,20000,152
method_c,css,uniform,X,3,0.0041486762308059755,1.1349438690613325,1.0479573677437355,1.0,20.0,20000,2000,2000,20000,203
method_c,css,uniform,X,3,0.00450943068565867,1.1349438690613325,1.0479573677437355,1.0,20.0,20000,2000,2000,20000,305
method_c,css,uniform,X,3,0.004870185140511364,1.1349438690613325,1.0479573677437355,1.0,20.0,20000,2000,2000,20000,475
method_c,css,uniform,X,5,0.0016233950468371211,1.1349438690613325,1.0479573677437355,1.0,20.0,20000,2000,2000,20000,0
method_c,css,uniform,X,5,0.001984149501689815,1.1349438690613325,1.0479573677437355,1.0,20.0,20000,2000,2000,20000,1
method_c,css,uniform,X,5,0.002344903956542508,1.1349438690613325,1.0479573677437355,1.0,20.0,20000,2000,2000,20000,0
method_c,css,uniform,X,5,0.0027056584113952014,1.1349438690613325,1.0479573677437355,1.0,20.0,20000,2000,2000,20000,8
method_c,css,uniform,X,5,0.003066412866247895,1.1349438690613325,1.0479573677437355,1.0,20.0,20000,2000,2000,20000,20
method_c,css,uniform,X,5,0.0034271673211005893,1.1349438690613325,1.0479573677437355,1.0,20.0,20000,2000,2000,20000,47
method_c,css,uniform,X,5,0.003787921775953282,1.1349438690613325,1.0479573677437355,1.0,20.0,20000,2000,2000,20000,117
method_c,css,uniform,X,5,0.0041486762308059755,1.1349438690613325,1.0479573677437355,1.0,20.0,20000,2000,2000,20000,272
method_c,css,uniform,X,5,0.00450943068565867,1.1349438690613325,1.0479573677437355,1.0,20.0,20000,2000,2000,20000,511
method_c,css,uniform,X,5,0.004870185140511364,1.1349438690613325,1.0479573677437355,1.0,20.0,20000,2000,2000,20000,834
method_c,css,uniform,Z,3,0.0037304446727519564,0.0,0.40927836612464136,1.0,20.0,20000,2000,2000,20000,45
method_c,css,uniform,Z,3,0.004559432377807947,0.0,0.40927836612464136,1.0,20.0,20000,2000,2000,20000,101
method_c,css,uniform,Z,3,0.005388420082863937,0.0,0.40927836612464136,1.0,20.0,20000,2000,2000,20000,226
method_c,css,uniform,Z,3,0.006217407787919927,0.0,0.40927836612464136,1.0,20.0,20000,2000,2000,20000,419
method_c,css,uniform,Z,3,0.0070463954929759175,0.0,0.40927836612464136,1.0,20.0,20000,2000,2000,20000,763
method_c,css,uniform,Z,3,0.007875383198031908,0.0,0.40927836612464136,1.0,20.0,20000,2000,2000,20000,1257
method_c,css,uniform,Z,3,0.008704370903087897,0.0,0.40927836612464136,1.0,20.0,20000,2000,2000,20000,1779
method_c,css,uniform,Z,3,0.009533358608143888,0.0,0.40927836612464136,1.0,20.0,20000,2000,2000,18000,2173
method_c,css,uniform,Z,3,0.010362346313199879,0.0,0.40927836612464136,1.0,20.0,20000,2000,2000,14000,2166
method_c,css,uniform,Z,3,0.01119133401825587,0.0,0.40927836612464136,1.0,20.0,20000,2000,2000,12000,2405
method_c,css,uniform,Z,5,0.0037304446727519564,0.0,0.40927836612464136,1.0,20.0,20000,2000,2000,20000,12
method_c,css,uniform,Z,5,0.004559432377807947,0.0,0.40927836612464136,1.0,20.0,20000,2000,2000,20000,57
method_c,css,uniform,Z,5,0.005388420082863937,0.0,0.40927836612464136,1.0,20.0,20000,2000,2000,20000,225
method_c,css,uniform,Z,5,0.006217407787919927,0.0,0.40927836612464136,1.0,20.0,20000,2000,2000,20000,729
method_c,css,uniform,Z,5,0.0070463954929759175,0.0,0.40927836612464136,1.0,20.0,20000,2000,2000,20000,1532
method_c,css,uniform,Z,5,0.007875383198031908,0.0,0.40927836612464136,1.0,20.0,20000,2000,2000,16000,2270
method_c,css,uniform,Z,5,0.008704370903087897,0.0,0.40927836612464136,1.0,20.0,20000,2000,2000,10000,2191
method_c,css,uniform,Z,5,0.009533358608143888,0.0,0.40927836612464136,1.0,20.0,20000,2000,2000,8000,2309
method_c,css,uniform,Z,5,0.010362346313199879,0.0,0.40927836612464136,1.0,20.0,20000,2000,2000,6000,2147
method_c,css,uniform,Z,5,0.01119133401825587,0.0,0.40927836612464136,1.0,20.0,20000,2000,2000,6000,2476
method_c,css,uniform,X,3,0.001569888721813603,0.0,0.8579405817474542,1.0,20.0,20000,2000,2000,20000,1
method_c,css,uniform,X,3,0.001918752882216626,0.0,0.8579405817474542,1.0,20.0,20000,2000,2000,20000,5
method_c,css,uniform,X,3,0.0022676170426196487,0.0,0.8579405817474542,1.0,20.0,20000,2000,2000,20000,17
method_c,css,uniform,X,3,0.0026164812030226715,0.0,0.8579405817474542,1.0,20.0,20000,2000,2000,20000,25
method_c,css,uniform,X,3,0.0029653453634256944,0.0,0.8579405817474542,1.0,20.0,20000,2000,2000,20000,65
method_c,css,uniform,X,3,0.0033142095238287176,0.0,0.8579405817474542,1.0,20.0,20000,2000,2000,20000,95
method_c,css,uniform,X,3,0.00366307368423174,0.0,0.8579405817474542,1.0,20.0,20000,2000,2000,20000,175
method_c,css,uniform,X,3,0.004011937844634763,0.0,0.8579405817474542,1.0,20.0,20000,2000,2000,20000,319
method_c,css,uniform,X,3,0.004360802005037786,0.0,0.8579405817474542,1.0,20.0,20000,2000,2000,20000,476
method_c,css,uniform,X,3,0.004709666165440809,0.0,0.8579405817474542,1.0,20.0,20000,2000,2000,20000,623
method_c,css,uniform,X,5,0.001569888721813603,0.0,0.8579405817474542,1.0,20.0,20000,2000,2000,20000,0
method_c,css,uniform,X,5,0.001918752882216626,0.0,0.8579405817474542,1.0,20.0,20000,2000,2000,20000,0
method_c,css,uniform,X,5,0.0022676170426196487,0.0,0.8579405817474542,1.0,20.0,20000,2000,2000,20000,2
method_c,css,uniform,X,5,0.0026164812030226715,0.0,0.8579405817474542,1.0,20.0,20000,2000,2000,20000,10
method_c,css,uniform,X,5,0.0029653453634256944,0.0,0.8579405817474542,1.0,20.0,20000,2000,2000,20000,35
method_c,css,uniform,X,5,0.0033142095238287176,0.0,0.8579405817474542,1.0,20.0,20000,2000,2000,20000,88
method_c,css,uniform,X,5,0.00366307368423174,0.0,0.8579405817474542,1.0,20.0,20000,2000,2000,20000,201
method_c,css,uniform,X,5,0.004011937844634763,0.0,0.8579405817474542,1.0,20.0,20000,2000,2000,20000,395
method_c,css,uniform,X,5,0.004360802005037786,0.0,0.8579405817474542,1.0,20.0,20000,2000,2000,20000,714
method_c,css,uniform,X,5,0.004709666165440809,0.0,0.8579405817474542,1.0,20.0,20000,2000,2000,20000,1132
method_c,css,uniform,X,3,0.0014558711557245243,0.343665185238903,1.0479573677437353,1.0,20.0,20000,2000,2000,20000,2
method_c,css,uniform,X,3,0.0017793980792188632,0.343665185238903,1.0479573677437353,1.0,20.0,20000,2000,2000,20000,1
method_c,css,uniform,X,3,0.002102925002713202,0.343665185238903,1.0479573677437353,1.0,20.0,20000,2000,2000,20000,10
method_c,css,uniform,X,3,0.0024264519262075404,0.343665185238903,1.0479573677437353,1.0,20.0,20000,2000,2000,20000,32
method_c,css,uniform,X,3,0.0027499788497018793,0.343665185238903,1.0479573677437353,1.0,20.0,20000,2000,2000,20000,57
method_c,css,uniform,X,3,0.003073505773196218,0.343665185238903,1.0479573677437353,1.0,20.0,20000,2000,2000,20000,91
method_c,css,uniform,X,3,0.0033970326966905563,0.343665185238903,1.0479573677437353,1.0,20.0,20000,2000,2000,20000,169
method_c,css,uniform,X,3,0.003720559620184895,0.343665185238903,1.0479573677437353,1.0,20.0,20000,2000,2000,20000,271
method_c,css,uniform,X,3,0.004044086543679234,0.343665185238903,1.0479573677437353,1.0,20.0,20000,2000,2000,20000,434
method_c,css,uniform,X,3,0.004367613467173573,0.343665185238903,1.0479573677437353,1.0,20.0,20000,2000,2000,20000,628
method_c,css,uniform,X,5,0.0014558711557245243,0.343665185238903,1.0479573677437353,1.0,20.0,20000,2000,2000,20000,0
method_c,css,uniform,X,5,0.0017793980792188632,0.343665185238903,1.0479573677437353,1.0,20.0,20000,2000,2000,20000,0
method_c,css,uniform,X,5,0.002102925002713202,0.343665185238903,1.0479573677437353,1.0,20.0,20000,2000,2000,20000,0
method_c,css,uniform,X,5,0.0024264519262075404,0.343665185238903,1.0479573677437353,1.0,20.0,20000,2000,2000,20000,10
method_c,css,uniform,X,5,0.0027499788497018793,0.343665185238903,1.0479573677437353,1.0,20.0,20000,2000,2000,20000,34
method_c,css,uniform,X,5,0.003073505773196218,0.343665185238903,1.0479573677437353,1.0,20.0,20000,2000,2000,20000,78
method_c,css,uniform,X,5,0.0033970326966905563,0.343665185238903,1.0479573677437353,1.0,20.0,20000,2000,2000,20000,203
method_c,css,uniform,X,5,0.003720559620184895,0.343665185238903,1.0479573677437353,1.0,20.0,20000,2000,2000,20000,336
method_c,css,uniform,X,5,0.004044086543679234,0.343665185238903,1.0479573677437353,1.0,20.0,20000,2000,2000,20000,651
method_c,css,uniform,X,5,0.004367613467173573,0.343665185238903,1.0479573677437353,1.0,20.0,20000,2000,2000,20000,1152
method_c,css,uniform,Z,3,0.0033388142850663566,0.8250834581242561,0.7145932307092268,1.0,20.0,20000,2000,2000,20000,50
method_c,css,uniform,Z,3,0.004080773015081103,0.8250834581242561,0.7145932307092268,1.0,20.0,20000,2000,2000,20000,120
method_c,css,uniform,Z,3,0.004822731745095849,0.8250834581242561,0.7145932307092268,1.0,20.0,20000,2000,2000,20000,292
method_c,css,uniform,Z,3,0.005564690475110594,0.8250834581242561,0.7145932307092268,1.0,20.0,20000,2000,2000,20000,526
method_c,css,uniform,Z,3,0.0063066492051253396,0.8250834581242561,0.7145932307092268,1.0,20.0,20000,2000,2000,20000,963
method_c,css,uniform,Z,3,0.007048607935140087,0.8250834581242561,0.7145932307092268,1.0,20.0,20000,2000,2000,20000,1498
method_c,css,uniform,Z,3,0.007790566665154832,0.8250834581242561,0.7145932307092268,1.0,20.0,20000,2000,2000,20000,2153
method_c,css,uniform,Z,3,0.008532525395169578,0.8250834581242561,0.7145932307092268,1.0,20.0,20000,2000,2000,16000,2236
method_c,css,uniform,Z,3,0.009274484125184324,0.8250834581242561,0.7145932307092268,1.0,20.0,20000,2000,2000,12000,2101
method_c,css,uniform,Z,3,0.010016442855199072,0.8250834581242561,0.7145932307092268,1.0,20.0,20000,2000,2000,10000,2232
method_c,css,uniform,Z,5,0.0033388142850663566,0.8250834581242561,0.7145932307092268,1.0,20.0,20000,2000,2000,20000,20
method_c,css,uniform,Z,5,0.004080773015081103,0.8250834581242561,0.7145932307092268,1.0,20.0,20000,2000,2000,20000,109
method_c,css,uniform,Z,5,0.004822731745095849,0.8250834581242561,0.7145932307092268,1.0,20.0,20000,2000,2000,20000,443
method_c,css,uniform,Z,5,0.005564690475110594,0.8250834581242561,0.7145932307092268,1.0,20.0,20000,2000,2000,20000,1111
method_c,css,uniform,Z,5,0.0063066492051253396,0.8250834581242561,0.7145932307092268,1.0,20.0,20000,2000,2000,18000,2000
method_c,css,uniform,Z,5,0.007048607935140087,0.8250834581242561,0.7145932307092268,1.0,20.0,20000,2000,2000,12000,2262
method_c,css,uniform,Z,5,0.007790566665154832,0.8250834581242561,0.7145932307092268,1.0,20.0,20000,2000,2000,8000,2127
method_c,css,uniform,Z,5,0.008532525395169578,0.8250834581242561,0.7145932307092268,1.0,20.0,20000,2000,2000,6000,2031
method_c,css,uniform,Z,5,0.009274484125184324,0.8250834581242561,0.7145932307092268,1.0,20.0,20000,2000,2000,6000,2371
method_c,css,uniform,Z,5,0.010016442855199072,0.8250834581242561,0.7145932307092268,1.0,20.0,20000,2000,2000,6000,2586
method_c,css,uniform,Z,3,0.0051251245962171295,1.2769293923477723,1.5707963267948966,1.0,20.0,20000,2000,2000,20000,43
method_c,css,uniform,Z,3,0.00626404117315427,1.2769293923477723,1.5707963267948966,1.0,20.0,20000,2000,2000,20000,159
method_c,css,uniform,Z,3,0.007402957750091409,1.2769293923477723,1.5707963267948966,1.0,20.0,20000,2000,2000,20000,342
method_c,css,uniform,Z,3,0.00854187432702855,1.2769293923477723,1.5707963267948966,1.0,20.0,20000,2000,2000,20000,675
method_c,css,uniform,Z,3,0.00968079090396569,1.2769293923477723,1.5707963267948966,1.0,20.0,20000,2000,2000,20000,1057
method_c,css,uniform,Z,3,0.010819707480902831,1.2769293923477723,1.5707963267948966,1.0,20.0,20000,2000,2000,20000,1702
method_c,css,uniform,Z,3,0.01195862405783997,1.2769293923477723,1.5707963267948966,1.0,20.0,20000,2000,2000,18000,2110
method_c,css,uniform,Z,3,0.013097540634777109,1.2769293923477723,1.5707963267948966,1.0,20.0,20000,2000,2000,14000,2137
method_c,css,uniform,Z,3,0.01423645721171425,1.2769293923477723,1.5707963267948966,1.0,20.0,20000,2000,2000,12000,2358
method_c,css,uniform,Z,3,0.01537537378865139,1.2769293923477723,1.5707963267948966,1.0,20.0,20000,2000,2000,10000,2380
method_c,css,uniform,Z,5,0.0051251245962171295,1.2769293923477723,1.5707963267948966,1.0,20.0,20000,2000,2000,20000,30
method_c,css,uniform,Z,5,0.00626404117315427,1.2769293923477723,1.5707963267948966,1.0,20.0,20000,2000,2000,20000,191
method_c,css,uniform,Z,5,0.007402957750091409,1.2769293923477723,1.5707963267948966,1.0,20.0,20000,2000,2000,20000,636
method_c,css,uniform,Z,5,0.00854187432702855,1.2769293923477723,1.5707963267948966,1.0,20.0,20000,2000,2000,20000,1538
method_c,css,uniform,Z,5,0.00968079090396569,1.2769293923477723,1.5707963267948966,1.0,20.0,20000,2000,2000,14000,2024
method_c,css,uniform,Z,5,0.010819707480902831,1.2769293923477723,1.5707963267948966,1.0,20.0,20000,2000,2000,10000,2258
method_c,css,uniform,Z,5,0.01195862405783997,1.2769293923477723,1.5707963267948966,1.0,20.0,20000,2000,2000,8000,2422
method_c,css,uniform,Z,5,0.013097540634777109,1.2769293923477723,1.5707963267948966,1.0,20.0,20000,2000,2000,6000,2180
method_c,css,uniform,Z,5,0.01423645721171425,1.2769293923477723,1.5707963267948966,1.0,20.0,20000,2000,2000,6000,2512
method_c,css,uniform,Z,5,0.01537537378865139,1.2769293923477723,1.5707963267948966,1.0,20.0,20000,2000,2000,6000,2704
method_c,css,uniform,Z,3,0.004058487617092803,1.1349438690613325,1.0479573677437355,1.0,20.0,20000,2000,2000,20000,40
method_c,css,uniform,Z,3,0.0049603737542245376,1.1349438690613325,1.0479573677437355,1.0,20.0,20000,2000,2000,20000,143
method_c,css,uniform,Z,3,0.00586225989135627,1.1349438690613325,1.0479573677437355,1.0,20.0,20000,2000,2000,20000,323
method_c,css,uniform,Z,3,0.006764146028488004,1.1349438690613325,1.0479573677437355,1.0,20.0,20000,2000,2000,20000,627
method_c,css,uniform,Z,3,0.007666032165619738,1.1349438690613325,1.0479573677437355,1.0,20.0,20000,2000,2000,20000,1044
method_c,css,uniform,Z,3,0.008567918302751474,1.1349438690613325,1.0479573677437355,1.0,20.0,20000,2000,2000,20000,1615
method_c,css,uniform,Z,3,0.009469804439883205,1.1349438690613325,1.0479573677437355,1.0,20.0,20000,2000,2000,18000,2035
method_c,css,uniform,Z,3,0.010371690577014939,1.1349438690613325,1.0479573677437355,1.0,20.0,20000,2000,2000,14000,2027
method_c,css,uniform,Z,3,0.011273576714146675,1.1349438690613325,1.0479573677437355,1.0,20.0,20000,2000,2000,12000,2166
method_c,css,uniform,Z,3,0.01217546285127841,1.1349438690613325,1.0479573677437355,1.0,20.0,20000,2000,2000,10000,2292
method_c,css,uniform,Z,5,0.004058487617092803,1.1349438690613325,1.0479573677437355,1.0,20.0,20000,2000,2000,20000,27
method_c,css,uniform,Z,5,0.0049603737542245376,1.1349438690613325,1.0479573677437355,1.0,20.0,20000,2000,2000,20000,135
method_c,css,uniform,Z,5,0.00586225989135627,1.1349438690613325,1.0479573677437355,1.0,20.0,20000,2000,2000,20000,532
method_c,css,uniform,Z,5,0.006764146028488004,1.1349438690613325,1.0479573677437355,1.0,20.0,20000,2000,2000,20000,1342
method_c,css,uniform,Z,5,0.007666032165619738,1.1349438690613325,1.0479573677437355,1.0,20.0,20000,2000,2000,16000,2002
method_c,css,uniform,Z,5,0.008567918302751474,1.1349438690613325,1.0479573677437355,1.0,20.0,20000,2000,2000,10000,2008
method_c,css,uniform,Z,5,0.009469804439883205,1.1349438690613325,1.0479573677437355,1.0,20.0,20000,2000,2000,8000,2239
method_c,css,uniform,Z,5,0.010371690577014939,1.1349438690613325,1.0479573677437355,1.0,20.0,20000,2000,2000,6000,2111
method_c,css,uniform,Z,5,0.011273576714146675,1.1349438690613325,1.0479573677437355,1.0,20.0,20000,2000,2000,6000,2412
method_c,css,uniform,Z,5,0.01217546285127841,1.1349438690613325,1.0479573677437355,1.0,20.0,20000,2000,2000,6000,2617
method_c,css,uniform,Z,3,0.003924721804534008,0.0,0.8579405817474542,1.0,20.0,20000,2000,2000,20000,8
method_c,css,uniform,Z,3,0.004796882205541565,0.0,0.8579405817474542,1.0,20.0,20000,2000,2000,20000,26
method_c,css,uniform,Z,3,0.005669042606549122,0.0,0.8579405817474542,1.0,20.0,20000,2000,2000,20000,62
method_c,css,uniform,Z,3,0.006541203007556679,0.0,0.8579405817474542,1.0,20.0,20000,2000,2000,20000,105
method_c,css,uniform,Z,3,0.0074133634085642355,0.0,0.8579405817474542,1.0,20.0,20000,2000,2000,20000,232
method_c,css,uniform,Z,3,0.008285523809571795,0.0,0.8579405817474542,1.0,20.0,20000,2000,2000,20000,421
method_c,css,uniform,Z,3,0.00915768421057935,0.0,0.8579405817474542,1.0,20.0,20000,2000,2000,20000,594
method_c,css,uniform,Z,3,0.01002984461158691,0.0,0.8579405817474542,1.0,20.0,20000,2000,2000,20000,941
method_c,css,uniform,Z,3,0.010902005012594465,0.0,0.8579405817474542,1.0,20.0,20000,2000,2000,20000,1273
method_c,css,uniform,Z,3,0.011774165413602022,0.0,0.8579405817474542,1.0,20.0,20000,2000,2000,20000,1725
method_c,css,uniform,Z,5,0.003924721804534008,0.0,0.8579405817474542,1.0,20.0,20000,2000,2000,20000,1
method_c,css,uniform,Z,5,0.004796882205541565,0.0,0.8579405817474542,1.0,20.0,20000,2000,2000,20000,5
method_c,css,uniform,Z,5,0.005669042606549122,0.0,0.8579405817474542,1.0,20.0,20000,2000,2000,20000,24
method_c,css,uniform,Z,5,0.006541203007556679,0.0,0.8579405817474542,1.0,20.0,20000,2000,2000,20000,73
method_c,css,uniform,Z,5,0.0074133634085642355,0.0,0.8579405817474542,1.0,20.0,20000,2000,2000,20000,262
method_c,css,uniform,Z,5,0.008285523809571795,0.0,0.8579405817474542,1.0,20.0,20000,2000,2000,20000,555
method_c,css,uniform,Z,5,0.00915768421057935,0.0,0.8579405817474542,1.0,20.0,20000,2000,2000,20000,1140
method_c,css,uniform,Z,5,0.01002984461158691,0.0,0.8579405817474542,1.0,20.0,20000,2000,2000,20000,1987
method_c,css,uniform,Z,5,0.010902005012594465,0.0,0.8579405817474542,1.0,20.0,20000,2000,2000,14000,2116
method_c,css,uniform,Z,5,0.011774165413602022,0.0,0.8579405817474542,1.0,20.0,20000,2000,2000,10000,2105
method_c,css,uniform,X,3,0.0015779991641883884,0.6709444395768738,1.2902288628000216,1.0,20.0,20000,2000,2000,20000,1
method_c,css,uniform,X,3,0.0019286656451191415,0.6709444395768738,1.2902288628000216,1.0,20.0,20000,2000,2000,20000,2
method_c,css,uniform,X,3,0.0022793321260498943,0.6709444395768738,1.2902288628000216,1.0,20.0,20000,2000,2000,20000,8
method_c,css,uniform,X,3,0.0026299986069806473,0.6709444395768738,1.2902288628000216,1.0,20.0,20000,2000,2000,20000,29
method_c,css,uniform,X,3,0.0029806650879114003,0.6709444395768738,1.2902288628000216,1.0,20.0,20000,2000,2000,20000,53
method_c,css,uniform,X,3,0.0033313315688421534,0.6709444395768738,1.2902288628000216,1.0,20.0,20000,2000,2000,20000,107
method_c,css,uniform,X,3,0.003681998049772906,0.6709444395768738,1.2902288628000216,1.0,20.0,20000,2000,2000,20000,191
method_c,css,uniform,X,3,0.004032664530703659,0.6709444395768738,1.2902288628000216,1.0,20.0,20000,2000,2000,20000,263
method_c,css,uniform,X,3,0.004383331011634412,0.6709444395768738,1.2902288628000216,1.0,20.0,20000,2000,2000,20000,386
method_c,css,uniform,X,3,0.004733997492565165,0.6709444395768738,1.2902288628000216,1.0,20.0,20000,2000,2000,20000,553
method_c,css,uniform,X,5,0.0015779991641883884,0.6709444395768738,1.2902288628000216,1.0,20.0,20000,2000,2000,20000,0
method_c,css,uniform,X,5,0.0019286656451191415,0.6709444395768738,1.2902288628000216,1.0,20.0,20000,2000,2000,20000,0
method_c,css,uniform,X,5,0.0022793321260498943,0.6709444395768738,1.2902288628000216,1.0,20.0,20000,2000,2000,20000,1
method_c,css,uniform,X,5,0.0026299986069806473,0.6709444395768738,1.2902288628000216,1.0,20.0,20000,2000,2000,20000,7
method_c,css,uniform,X,5,0.0029806650879114003,0.6709444395768738,1.2902288628000216,1.0,20.0,20000,2000,2000,20000,20
method_c,css,uniform,X,5,0.0033313315688421534,0.6709444395768738,1.2902288628000216,1.0,20.0,20000,2000,2000,20000,60
method_c,css,uniform,X,5,0.003681998049772906,0.6709444395768738,1.2902288628000216,1.0,20.0,20000,2000,2000,20000,178
method_c,css,uniform,X,5,0.004032664530703659,0.6709444395768738,1.2902288628000216,1.0,20.0,20000,2000,2000,20000,349
method_c,css,uniform,X,5,0.004383331011634412,0.6709444395768738,1.2902288628000216,1.0,20.0,20000,2000,2000,20000,582
method_c,css,uniform,X,5,0.004733997492565165,0.6709444395768738,1.2902288628000216,1.0,20.0,20000,2000,2000,20000,1098
method_c,css,uniform,X,3,0.0019083949576715314,0.0,1.203962542452055,1.0,20.0,20000,2000,2000,20000,3
method_c,css,uniform,X,3,0.002332482726042983,0.0,1.203962542452055,1.0,20.0,20000,2000,2000,20000,4
method_c,css,uniform,X,3,0.002756570494414434,0.0,1.203962542452055,1.0,20.0,20000,2000,2000,20000,22
method_c,css,uniform,X,3,0.0031806582627858853,0.0,1.203962542452055,1.0,20.0,20000,2000,2000,20000,34
method_c,css,uniform,X,3,0.003604746031157337,0.0,1.203962542452055,1.0,20.0,20000,2000,2000,20000,71
method_c,css,uniform,X,3,0.0040288337995287886,0.0,1.203962542452055,1.0,20.0,20000,2000,2000,20000,109
method_c,css,uniform,X,3,0.004452921567900239,0.0,1.203962542452055,1.0,20.0,20000,2000,2000,20000,201
method_c,css,uniform,X,3,0.004877009336271691,0.0,1.203962542452055,1.0,20.0,20000,2000,2000,20000,331
method_c,css,uniform,X,3,0.0053010971046431425,0.0,1.203962542452055,1.0,20.0,20000,2000,2000,20000,455
method_c,css,uniform,X,3,0.005725184873014594,0.0,1.203962542452055,1.0,20.0,20000,2000,2000,20000,679
method_c,css,uniform,X,5,0.0019083949576715314,0.0,1.203962542452055,1.0,20.0,20000,2000,2000,20000,0
method_c,css,uniform,X,5,0.002332482726042983,0.0,1.203962542452055,1.0,20.0,20000,2000,2000,20000,1
method_c,css,uniform,X,5,0.002756570494414434,0.0,1.203962542452055,1.0,20.0,20000,2000,2000,20000,4
method_c,css,uniform,X,5,0.0031806582627858853,0.0,1.203962542452055,1.0,20.0,20000,2000,2000,20000,8
method_c,css,uniform,X,5,0.003604746031157337,0.0,1.203962542452055,1.0,20.0,20000,2000,2000,20000,30
method_c,css,uniform,X,5,0.0040288337995287886,0.0,1.203962542452055,1.0,20.0,20000,2000,2000,20000,98
method_c,css,uniform,X,5,0.004452921567900239,0.0,1.203962542452055,1.0,20.0,20000,2000,2000,20000,237
method_c,css,uniform,X,5,0.004877009336271691,0.0,1.203962542452055,1.0,20.0,20000,2000,2000,20000,450
method_c,css,uniform,X,5,0.0053010971046431425,0.0,1.203962542452055,1.0,20.0,20000,2000,2000,20000,807
method_c,css,uniform,X,5,0.005725184873014594,0.0,1.203962542452055,1.0,20.0,20000,2000,2000,20000,1255
method_c,css,uniform,X,3,0.0018910611357656631,0.8917952498944748,1.5707963267948966,1.0,20.0,20000,2000,2000,20000,2
method_c,css,uniform,X,3,0.0023112969437135886,0.8917952498944748,1.5707963267948966,1.0,20.0,20000,2000,2000,20000,5
method_c,css,uniform,X,3,0.0027315327516615135,0.8917952498944748,1.5707963267948966,1.0,20.0,20000,2000,2000,20000,6
method_c,css,uniform,X,3,0.0031517685596094383,0.8917952498944748,1.5707963267948966,1.0,20.0,20000,2000,2000,20000,24
method_c,css,uniform,X,3,0.0035720043675573636,0.8917952498944748,1.5707963267948966,1.0,20.0,20000,2000,2000,20000,52
method_c,css,uniform,X,3,0.003992240175505289,0.8917952498944748,1.5707963267948966,1.0,20.0,20000,2000,2000,20000,92
method_c,css,uniform,X,3,0.004412475983453214,0.8917952498944748,1.5707963267948966,1.0,20.0,20000,2000,2000,20000,190
method_c,css,uniform,X,3,0.004832711791401139,0.8917952498944748,1.5707963267948966,1.0,20.0,20000,2000,2000,20000,241
method_c,css,uniform,X,3,0.005252947599349064,0.8917952498944748,1.5707963267948966,1.0,20.0,20000,2000,2000,20000,363
method_c,css,uniform,X,3,0.00567318340729699,0.8917952498944748,1.5707963267948966,1.0,20.0,20000,2000,2000,20000,516
method_c,css,uniform,X,5,0.0018910611357656631,0.8917952498944748,1.5707963267948966,1.0,20.0,20000,2000,2000,20000,1
method_c,css,uniform,X,5,0.0023112969437135886,0.8917952498944748,1.5707963267948966,1.0,20.0,20000,2000,2000,20000,0
method_c,css,uniform,X,5,0.0027315327516615135,0.8917952498944748,1.5707963267948966,1.0,20.0,20000,2000,2000,20000,0
method_c,css,uniform,X,5,0.0031517685596094383,0.8917952498944748,1.5707963267948966,1.0,20.0,20000,2000,2000,20000,12
method_c,css,uniform,X,5,0.0035720043675573636,0.8917952498944748,1.5707963267948966,1.0,20.0,20000,2000,2000,20000,15
method_c,css,uniform,X,5,0.003992240175505289,0.8917952498944748,1.5707963267948966,1.0,20.0,20000,2000,2000,20000,64
method_c,css,uniform,X,5,0.004412475983453214,0.8917952498944748,1.5707963267948966,1.0,20.0,20000,2000,2000,20000,144
method_c,css,uniform,X,5,0.004832711791401139,0.8917952498944748,1.5707963267948966,1.0,20.0,20000,2000,2000,20000,285
method_c,css,uniform,X,5,0.005252947599349064,0.8917952498944748,1.5707963267948966,1.0,20.0,20000,2000,2000,20000,528
method_c,css,uniform,X,5,0.00567318340729699,0.8917952498944748,1.5707963267948966,1.0,20.0,20000,2000,2000,20000,954
method_c,css,uniform,Z,3,0.003639677889311311,0.343665185238903,1.0479573677437353,1.0,20.0,20000,2000,2000,20000,9
method_c,css,uniform,Z,3,0.004448495198047158,0.343665185238903,1.0479573677437353,1.0,20.0,20000,2000,2000,20000,24
method_c,css,uniform,Z,3,0.0052573125067830045,0.343665185238903,1.0479573677437353,1.0,20.0,20000,2000,2000,20000,81
method_c,css,uniform,Z,3,0.006066129815518851,0.343665185238903,1.0479573677437353,1.0,20.0,20000,2000,2000,20000,140
method_c,css,uniform,Z,3,0.006874947124254698,0.343665185238903,1.0479573677437353,1.0,20.0,20000,2000,2000,20000,276
method_c,css,uniform,Z,3,0.0076837644329905445,0.343665185238903,1.0479573677437353,1.0,20.0,20000,2000,2000,20000,464
method_c,css,uniform,Z,3,0.008492581741726391,0.343665185238903,1.0479573677437353,1.0,20.0,20000,2000,2000,20000,734
method_c,css,uniform,Z,3,0.009301399050462239,0.343665185238903,1.0479573677437353,1.0,20.0,20000,2000,2000,20000,1061
method_c,css,uniform,Z,3,0.010110216359198086,0.343665185238903,1.0479573677437353,1.0,20.0,20000,2000,2000,20000,1458
method_c,css,uniform,Z,3,0.010919033667933932,0.343665185238903,1.0479573677437353,1.0,20.0,20000,2000,2000,20000,1889
method_c,css,uniform,Z,5,0.003639677889311311,0.343665185238903,1.0479573677437353,1.0,20.0,20000,2000,2000,20000,1
method_c,css,uniform,Z,5,0.004448495198047158,0.343665185238903,1.0479573677437353,1.0,20.0,20000,2000,2000,20000,6
method_c,css,uniform,Z,5,0.0052573125067830045,0.343665185238903,1.0479573677437353,1.0,20.0,20000,2000,2000,20000,47
method_c,css,uniform,Z,5,0.006066129815518851,0.343665185238903,1.0479573677437353,1.0,20.0,20000,2000,2000,20000,119
method_c,css,uniform,Z,5,0.006874947124254698,0.343665185238903,1.0479573677437353,1.0,20.0,20000,2000,2000,20000,349
method_c,css,uniform,Z,5,0.0076837644329905445,0.343665185238903,1.0479573677437353,1.0,20.0,20000,2000,2000,20000,793
method_c,css,uniform,Z,5,0.008492581741726391,0.343665185238903,1.0479573677437353,1.0,20.0,20000,2000,2000,20000,1520
method_c,css,uniform,Z,5,0.009301399050462239,0.343665185238903,1.0479573677437353,1.0,20.0,20000,2000,2000,18000,2215
method_c,css,uniform,Z,5,0.010110216359198086,0.343665185238903,1.0479573677437353,1.0,20.0,20000,2000,2000,12000,2166
method_c,css,uniform,Z,5,0.010919033667933932,0.343665185238903,1.0479573677437353,1.0,20.0,20000,2000,2000,10000,2399
method_c,css,uniform,X,3,0.0018791566857008265,0.2641029718594115,1.3809962367658217,1.0,20.0,20000,2000,2000,20000,2
method_c,css,uniform,X,3,0.0022967470603010103,0.2641029718594115,1.3809962367658217,1.0,20.0,20000,2000,2000,20000,5
method_c,css,uniform,X,3,0.002714337434901194,0.2641029718594115,1.3809962367658217,1.0,20.0,20000,2000,2000,20000,19
method_c,css,uniform,X,3,0.0031319278095013775,0.2641029718594115,1.3809962367658217,1.0,20.0,20000,2000,2000,20000,32
method_c,css,uniform,X,3,0.003549518184101561,0.2641029718594115,1.3809962367658217,1.0,20.0,20000,2000,2000,20000,61
method_c,css,uniform,X,3,0.003967108558701745,0.2641029718594115,1.3809962367658217,1.0,20.0,20000,2000,2000,20000,98
method_c,css,uniform,X,3,0.004384698933301928,0.2641029718594115,1.3809962367658217,1.0,20.0,20000,2000,2000,20000,179
method_c,css,uniform,X,3,0.004802289307902112,0.2641029718594115,1.3809962367658217,1.0,20.0,20000,2000,2000,20000,287
method_c,css,uniform,X,3,0.005219879682502295,0.2641029718594115,1.3809962367658217,1.0,20.0,20000,2000,2000,20000,455
method_c,css,uniform,X,3,0.005637470057102479,0.2641029718594115,1.3809962367658217,1.0,20.0,20000,2000,2000,20000,671
method_c,css,uniform,X,5,0.0018791566857008265,0.2641029718594115,1.3809962367658217,1.0,20.0,20000,2000,2000,20000,0
method_c,css,uniform,X,5,0.0022967470603010103,0.2641029718594115,1.3809962367658217,1.0,20.0,20000,2000,2000,20000,0
method_c,css,uniform,X,5,0.002714337434901194,0.2641029718594115,1.3809962367658217,1.0,20.0,20000,2000,2000,20000,2
method_c,css,uniform,X,5,0.0031319278095013775,0.2641029718594115,1.3809962367658217,1.0,20.0,20000,2000,2000,20000,12
method_c,css,uniform,X,5,0.003549518184101561,0.2641029718594115,1.3809962367658217,1.0,20.0,20000,2000,2000,20000,26
method_c,css,uniform,X,5,0.003967108558701745,0.2641029718594115,1.3809962367658217,1.0,20.0,20000,2000,2000,20000,82
method_c,css,uniform,X,5,0.004384698933301928,0.2641029718594115,1.3809962367658217,1.0,20.0,20000,2000,2000,20000,197
method_c,css,uniform,X,5,0.004802289307902112,0.2641029718594115,1.3809962367658217,1.0,20.0,20000,2000,2000,20000,394
method_c,css,uniform,X,5,0.005219879682502295,0.2641029718594115,1.3809962367658217,1.0,20.0,20000,2000,2000,20000,784
method_c,css,uniform,X,5,0.005637470057102479,0.2641029718594115,1.3809962367658217,1.0,20.0,20000,2000,2000,20000,1290
method_c,css,uniform,Z,3,0.003944997910470971,0.6709444395768738,1.2902288628000216,1.0,20.0,20000,2000,2000,20000,15
method_c,css,uniform,Z,3,0.004821664112797853,0.6709444395768738,1.2902288628000216,1.0,20.0,20000,2000,2000,20000,29
method_c,css,uniform,Z,3,0.005698330315124736,0.6709444395768738,1.2902288628000216,1.0,20.0,20000,2000,2000,20000,81
method_c,css,uniform,Z,3,0.0065749965174516185,0.6709444395768738,1.2902288628000216,1.0,20.0,20000,2000,2000,20000,173
method_c,css,uniform,Z,3,0.007451662719778501,0.6709444395768738,1.2902288628000216,1.0,20.0,20000,2000,2000,20000,306
method_c,css,uniform,Z,3,0.008328328922105383,0.6709444395768738,1.2902288628000216,1.0,20.0,20000,2000,2000,20000,501
method_c,css,uniform,Z,3,0.009204995124432265,0.6709444395768738,1.2902288628000216,1.0,20.0,20000,2000,2000,20000,828
method_c,css,uniform,Z,3,0.010081661326759148,0.6709444395768738,1.2902288628000216,1.0,20.0,20000,2000,2000,20000,1171
method_c,css,uniform,Z,3,0.01095832752908603,0.6709444395768738,1.2902288628000216,1.0,20.0,20000,2000,2000,20000,1670
method_c,css,uniform,Z,3,0.011834993731412913,0.6709444395768738,1.2902288628000216,1.0,20.0,20000,2000,2000,20000,2142
method_c,css,uniform,Z,5,0.003944997910470971,0.6709444395768738,1.2902288628000216,1.0,20.0,20000,2000,2000,20000,1
method_c,css,uniform,Z,5,0.004821664112797853,0.6709444395768738,1.2902288628000216,1.0,20.0,20000,2000,2000,20000,12
method_c,css,uniform,Z,5,0.005698330315124736,0.6709444395768738,1.2902288628000216,1.0,20.0,20000,2000,2000,20000,53
method_c,css,uniform,Z,5,0.0065749965174516185,0.6709444395768738,1.2902288628000216,1.0,20.0,20000,2000,2000,20000,188
method_c,css,uniform,Z,5,0.007451662719778501,0.6709444395768738,1.2902288628000216,1.0,20.0,20000,2000,2000,20000,491
method_c,css,uniform,Z,5,0.008328328922105383,0.6709444395768738,1.2902288628000216,1.0,20.0,20000,2000,2000,20000,1093
method_c,css,uniform,Z,5,0.009204995124432265,0.6709444395768738,1.2902288628000216,1.0,20.0,20000,2000,2000,20000,1918
method_c,css,uniform,Z,5,0.010081661326759148,0.6709444395768738,1.2902288628000216,1.0,20.0,20000,2000,2000,14000,2095
method_c,css,uniform,Z,5,0.01095832752908603,0.6709444395768738,1.2902288628000216,1.0,20.0,20000,2000,2000,10000,2057
method_c,css,uniform,Z,5,0.011834993731412913,0.6709444395768738,1.2902288628000216,1.0,20.0,20000,2000,2000,8000,2135
method_c,css,uniform,X,3,0.0020337154917238497,0.5034030433281979,1.5707963267948966,1.0,20.0,20000,2000,2000,20000,1
method_c,css,uniform,X,3,0.0024856522676624834,0.5034030433281979,1.5707963267948966,1.0,20.0,20000,2000,2000,20000,1
method_c,css,uniform,X,3,0.002937589043601116,0.5034030433281979,1.5707963267948966,1.0,20.0,20000,2000,2000,20000,10
method_c,css,uniform,X,3,0.0033895258195397494,0.5034030433281979,1.5707963267948966,1.0,20.0,20000,2000,2000,20000,39
method_c,css,uniform,X,3,0.0038414625954783827,0.5034030433281979,1.5707963267948966,1.0,20.0,20000,2000,2000,20000,56
method_c,css,uniform,X,3,0.004293399371417016,0.5034030433281979,1.5707963267948966,1.0,20.0,20000,2000,2000,20000,91
method_c,css,uniform,X,3,0.004745336147355649,0.5034030433281979,1.5707963267948966,1.0,20.0,20000,2000,2000,20000,193
method_c,css,uniform,X,3,0.005197272923294282,0.5034030433281979,1.5707963267948966,1.0,20.0,20000,2000,2000,20000,303
method_c,css,uniform,X,3,0.005649209699232916,0.5034030433281979,1.5707963267948966,1.0,20.0,20000,2000,2000,20000,425
method_c,css,uniform,X,3,0.00610114647517155,0.5034030433281979,1.5707963267948966,1.0,20.0,20000,2000,2000,20000,617
method_c,css,uniform,X,5,0.0020337154917238497,0.5034030433281979,1.5707963267948966,1.0,20.0,20000,2000,2000,20000,0
method_c,css,uniform,X,5,0.0024856522676624834,0.5034030433281979,1.5707963267948966,1.0,20.0,20000,2000,2000,20000,1
method_c,css,uniform,X,5,0.002937589043601116,0.5034030433281979,1.5707963267948966,1.0,20.0,20000,2000,2000,20000,4
method_c,css,uniform,X,5,0.0033895258195397494,0.5034030433281979,1.5707963267948966,1.0,20.0,20000,2000,2000,20000,5
method_c,css,uniform,X,5,0.0038414625954783827,0.5034030433281979,1.5707963267948966,1.0,20.0,20000,2000,2000,20000,26
method_c,css,uniform,X,5,0.004293399371417016,0.5034030433281979,1.5707963267948966,1.0,20.0,20000,2000,2000,20000,58
method_c,css,uniform,X,5,0.004745336147355649,0.5034030433281979,1.5707963267948966,1.0,20.0,20000,2000,2000,20000,184
method_c,css,uniform,X,5,0.005197272923294282,0.5034030433281979,1.5707963267948966,1.0,20.0,20000,2000,2000,20000,383
method_c,css,uniform,X,5,0.005649209699232916,0.5034030433281979,1.5707963267948966,1.0,20.0,20000,2000,2000,20000,715
method_c,css,uniform,X,5,0.00610114647517155,0.5034030433281979,1.5707963267948966,1.0,20.0,20000,2000,2000,20000,1172
method_c,css,uniform,Z,3,0.004727652839414158,0.8917952498944748,1.5707963267948966,1.0,20.0,20000,2000,2000,20000,16
method_c,css,uniform,Z,3,0.005778242359283972,0.8917952498944748,1.5707963267948966,1.0,20.0,20000,2000,2000,20000,47
method_c,css,uniform,Z,3,0.006828831879153783,0.8917952498944748,1.5707963267948966,1.0,20.0,20000,2000,2000,20000,102
method_c,css,uniform,Z,3,0.007879421399023596,0.8917952498944748,1.5707963267948966,1.0,20.0,20000,2000,2000,20000,179
method_c,css,uniform,Z,3,0.00893001091889341,0.8917952498944748,1.5707963267948966,1.0,20.0,20000,2000,2000,20000,358
method_c,css,uniform,Z,3,0.009980600438763223,0.8917952498944748,1.5707963267948966,1.0,20.0,20000,2000,2000,20000,581
method_c,css,uniform,Z,3,0.011031189958633034,0.8917952498944748,1.5707963267948966,1.0,20.0,20000,2000,2000,20000,941
method_c,css,uniform,Z,3,0.012081779478502848,0.8917952498944748,1.5707963267948966,1.0,20.0,20000,2000,2000,20000,1330
method_c,css,uniform,Z,3,0.01313236899837266,0.8917952498944748,1.5707963267948966,1.0,20.0,20000,2000,2000,20000,1706
method_c,css,uniform,Z,3,0.014182958518242474,0.8917952498944748,1.5707963267948966,1.0,20.0,20000,2000,2000,18000,2059
method_c,css,uniform,Z,5,0.004727652839414158,0.8917952498944748,1.5707963267948966,1.0,20.0,20000,2000,2000,20000,1
method_c,css,uniform,Z,5,0.005778242359283972,0.8917952498944748,1.5707963267948966,1.0,20.0,20000,2000,2000,20000,23
method_c,css,uniform,Z,5,0.006828831879153783,0.8917952498944748,1.5707963267948966,1.0,20.0,20000,2000,2000,20000,103
method_c,css,uniform,Z,5,0.007879421399023596,0.8917952498944748,1.5707963267948966,1.0,20.0,20000,2000,2000,20000,277
method_c,css,uniform,Z,5,0.00893001091889341,0.8917952498944748,1.5707963267948966,1.0,20.0,20000,2000,2000,20000,592
method_c,css,uniform,Z,5,0.009980600438763223,0.8917952498944748,1.5707963267948966,1.0,20.0,20000,2000,2000,20000,1340
method_c,css,uniform,Z,5,0.011031189958633034,0.8917952498944748,1.5707963267948966,1.0,20.0,20000,2000,2000,20000,2211
method_c,css,uniform,Z,5,0.012081779478502848,0.8917952498944748,1.5707963267948966,1.0,20.0,20000,2000,2000,12000,2028
method_c,css,uniform,Z,5,0.01313236899837266,0.8917952498944748,1.5707963267948966,1.0,20.0,20000,2000,2000,10000,2365
method_c,css,uniform,Z,5,0.014182958518242474,0.8917952498944748,1.5707963267948966,1.0,20.0,20000,2000,2000,8000,2350
method_c,css,uniform,X,3,0.00239976185064266,0.0,1.4276967613814207,1.0,20.0,20000,2000,2000,20000,1
method_c,css,uniform,X,3,0.0029330422618965846,0.0,1.4276967613814207,1.0,20.0,20000,2000,2000,20000,7
method_c,css,uniform,X,3,0.003466322673150509,0.0,1.4276967613814207,1.0,20.0,20000,2000,2000,20000,21
method_c,css,uniform,X,3,0.003999603084404433,0.0,1.4276967613814207,1.0,20.0,20000,2000,2000,20000,25
method_c,css,uniform,X,3,0.004532883495658358,0.0,1.4276967613814207,1.0,20.0,20000,2000,2000,20000,73
method_c,css,uniform,X,3,0.005066163906912282,0.0,1.4276967613814207,1.0,20.0,20000,2000,2000,20000,109
method_c,css,uniform,X,3,0.0055994443181662055,0.0,1.4276967613814207,1.0,20.0,20000,2000,2000,20000,230
method_c,css,uniform,X,3,0.00613272472942013,0.0,1.4276967613814207,1.0,20.0,20000,2000,2000,20000,359
method_c,css,uniform,X,3,0.006666005140674055,0.0,1.4276967613814207,1.0,20.0,20000,2000,2000,20000,519
method_c,css,uniform,X,3,0.00719928555192798,0.0,1.4276967613814207,1.0,20.0,20000,2000,2000,20000,736
method_c,css,uniform,X,5,0.00239976185064266,0.0,1.4276967613814207,1.0,20.0,20000,2000,2000,20000,0
method_c,css,uniform,X,5,0.0029330422618965846,0.0,1.4276967613814207,1.0,20.0,20000,2000,2000,20000,0
method_c,css,uniform,X,5,0.003466322673150509,0.0,1.4276967613814207,1.0,20.0,20000,2000,2000,20000,4
method_c,css,uniform,X,5,0.003999603084404433,0.0,1.4276967613814207,1.0,20.0,20000,2000,2000,20000,13
method_c,css,uniform,X,5,0.004532883495658358,0.0,1.4276967613814207,1.0,20.0,20000,2000,2000,20000,43
method_c,css,uniform,X,5,0.005066163906912282,0.0,1.4276967613814207,1.0,20.0,20000,2000,2000,20000,116
method_c,css,uniform,X,5,0.0055994443181662055,0.0,1.4276967613814207,1.0,20.0,20000,2000,2000,20000,265
method_c,css,uniform,X,5,0.00613272472942013,0.0,1.4276967613814207,1.0,20.0,20000,2000,2000,20000,477
method_c,css,uniform,X,5,0.006666005140674055,0.0,1.4276967613814207,1.0,20.0,20000,2000,2000,20000,863
method_c,css,uniform,X,5,0.00719928555192798,0.0,1.4276967613814207,1.0,20.0,20000,2000,2000,20000,1492
method_c,css,uniform,Z,3,0.0047709873941788284,0.0,1.203962542452055,1.0,20.0,20000,2000,2000,20000,0
method_c,css,uniform,Z,3,0.0058312068151074575,0.0,1.203962542452055,1.0,20.0,20000,2000,2000,20000,3
method_c,css,uniform,Z,3,0.006891426236036086,0.0,1.203962542452055,1.0,20.0,20000,2000,2000,20000,2
method_c,css,uniform,Z,3,0.007951645656964714,0.0,1.203962542452055,1.0,20.0,20000,2000,2000,20000,13
method_c,css,uniform,Z,3,0.009011865077893342,0.0,1.203962542452055,1.0,20.0,20000,2000,2000,20000,34
method_c,css,uniform,Z,3,0.010072084498821972,0.0,1.203962542452055,1.0,20.0,20000,2000,2000,20000,59
method_c,css,uniform,Z,3,0.011132303919750598,0.0,1.203962542452055,1.0,20.0,20000,2000,2000,20000,106
method_c,css,uniform,Z,3,0.012192523340679228,0.0,1.203962542452055,1.0,20.0,20000,2000,2000,20000,181
method_c,css,uniform,Z,3,0.013252742761607856,0.0,1.203962542452055,1.0,20.0,20000,2000,2000,20000,266
method_c,css,uniform,Z,3,0.014312962182536484,0.0,1.203962542452055,1.0,20.0,20000,2000,2000,20000,383
method_c,css,uniform,Z,5,0.0047709873941788284,0.0,1.203962542452055,1.0,20.0,20000,2000,2000,20000,0
method_c,css,uniform,Z,5,0.0058312068151074575,0.0,1.203962542452055,1.0,20.0,20000,2000,2000,20000,0
method_c,css,uniform,Z,5,0.006891426236036086,0.0,1.203962542452055,1.0,20.0,20000,2000,2000,20000,1
method_c,css,uniform,Z,5,0.007951645656964714,0.0,1.203962542452055,1.0,20.0,20000,2000,2000,20000,3
method_c,css,uniform,Z,5,0.009011865077893342,0.0,1.203962542452055,1.0,20.0,20000,2000,2000,20000,12
method_c,css,uniform,Z,5,0.010072084498821972,0.0,1.203962542452055,1.0,20.0,20000,2000,2000,20000,35
method_c,css,uniform,Z,5,0.011132303919750598,0.0,1.203962542452055,1.0,20.0,20000,2000,2000,20000,53
method_c,css,uniform,Z,5,0.012192523340679228,0.0,1.203962542452055,1.0,20.0,20000,2000,2000,20000,147
method_c,css,uniform,Z,5,0.013252742761607856,0.0,1.203962542452055,1.0,20.0,20000,2000,2000,20000,302
method_c,css,uniform,Z,5,0.014312962182536484,0.0,1.203962542452055,1.0,20.0,20000,2000,2000,20000,518
method_c,css,uniform,Z,3,0.004697891714252066,0.2641029718594115,1.3809962367658217,1.0,20.0,20000,2000,2000,20000,0
method_c,css,uniform,Z,3,0.005741867650752526,0.2641029718594115,1.3809962367658217,1.0,20.0,20000,2000,2000,20000,3
method_c,css,uniform,Z,3,0.006785843587252985,0.2641029718594115,1.3809962367658217,1.0,20.0,20000,2000,2000,20000,10
method_c,css,uniform,Z,3,0.007829819523753443,0.2641029718594115,1.3809962367658217,1.0,20.0,20000,2000,2000,20000,22
method_c,css,uniform,Z,3,0.008873795460253903,0.2641029718594115,1.3809962367658217,1.0,20.0,20000,2000,2000,20000,48
method_c,css,uniform,Z,3,0.009917771396754363,0.2641029718594115,1.3809962367658217,1.0,20.0,20000,2000,2000,20000,76
method_c,css,uniform,Z,3,0.01096174733325482,0.2641029718594115,1.3809962367658217,1.0,20.0,20000,2000,2000,20000,146
method_c,css,uniform,Z,3,0.01200572326975528,0.2641029718594115,1.3809962367658217,1.0,20.0,20000,2000,2000,20000,240
method_c,css,uniform,Z,3,0.013049699206255738,0.2641029718594115,1.3809962367658217,1.0,20.0,20000,2000,2000,20000,328
method_c,css,uniform,Z,3,0.0140936751427562,0.2641029718594115,1.3809962367658217,1.0,20.0,20000,2000,2000,20000,502
method_c,css,uniform,Z,5,0.004697891714252066,0.2641029718594115,1.3809962367658217,1.0,20.0,20000,2000,2000,20000,0
method_c,css,uniform,Z,5,0.005741867650752526,0.2641029718594115,1.3809962367658217,1.0,20.0,20000,2000,2000,20000,0
method_c,css,uniform,Z,5,0.006785843587252985,0.2641029718594115,1.3809962367658217,1.0,20.0,20000,2000,2000,20000,2
method_c,css,uniform,Z,5,0.007829819523753443,0.2641029718594115,1.3809962367658217,1.0,20.0,20000,2000,2000,20000,8
method_c,css,uniform,Z,5,0.008873795460253903,0.2641029718594115,1.3809962367658217,1.0,20.0,20000,2000,2000,20000,24
method_c,css,uniform,Z,5,0.009917771396754363,0.2641029718594115,1.3809962367658217,1.0,20.0,20000,2000,2000,20000,52
method_c,css,uniform,Z,5,0.01096174733325482,0.2641029718594115,1.3809962367658217,1.0,20.0,20000,2000,2000,20000,134
method_c,css,uniform,Z,5,0.01200572326975528,0.2641029718594115,1.3809962367658217,1.0,20.0,20000,2000,2000,20000,284
method_c,css,uniform,Z,5,0.013049699206255738,0.2641029718594115,1.3809962367658217,1.0,20.0,20000,2000,2000,20000,526
method_c,css,uniform,Z,5,0.0140936751427562,0.2641029718594115,1.3809962367658217,1.0,20.0,20000,2000,2000,20000,903
method_c,css,uniform,X,3,0.002425358486183588,0.20366024108296366,1.5707963267948966,1.0,20.0,20000,2000,2000,20000,1
method_c,css,uniform,X,3,0.00296432703866883,0.20366024108296366,1.5707963267948966,1.0,20.0,20000,2000,2000,20000,5
method_c,css,uniform,X,3,0.0035032955911540715,0.20366024108296366,1.5707963267948966,1.0,20.0,20000,2000,2000,20000,17
method_c,css,uniform,X,3,0.004042264143639313,0.20366024108296366,1.5707963267948966,1.0,20.0,20000,2000,2000,20000,36
method_c,css,uniform,X,3,0.004581232696124555,0.20366024108296366,1.5707963267948966,1.0,20.0,20000,2000,2000,20000,60
method_c,css,uniform,X,3,0.005120201248609797,0.20366024108296366,1.5707963267948966,1.0,20.0,20000,2000,2000,20000,148
method_c,css,uniform,X,3,0.005659169801095038,0.20366024108296366,1.5707963267948966,1.0,20.0,20000,2000,2000,20000,232
method_c,css,uniform,X,3,0.00619813835358028,0.20366024108296366,1.5707963267948966,1.0,20.0,20000,2000,2000,20000,308
method_c,css,uniform,X,3,0.006737106906065522,0.20366024108296366,1.5707963267948966,1.0,20.0,20000,2000,2000,20000,543
method_c,css,uniform,X,3,0.007276075458550764,0.20366024108296366,1.5707963267948966,1.0,20.0,20000,2000,2000,20000,752
method_c,css,uniform,X,5,0.002425358486183588,0.20366024108296366,1.5707963267948966,1.0,20.0,20000,2000,2000,20000,0
method_c,css,uniform,X,5,0.00296432703866883,0.20366024108296366,1.5707963267948966,1.0,20.0,20000,2000,2000,20000,0
method_c,css,uniform,X,5,0.0035032955911540715,0.20366024108296366,1.5707963267948966,1.0,20.0,20000,2000,2000,20000,1
method_c,css,uniform,X,5,0.004042264143639313,0.20366024108296366,1.5707963267948966,1.0,20.0,20000,2000,2000,20000,12
method_c,css,uniform,X,5,0.004581232696124555,0.20366024108296366,1.5707963267948966,1.0,20.0,20000,2000,2000,20000,45
method_c,css,uniform,X,5,0.005120201248609797,0.20366024108296366,1.5707963267948966,1.0,20.0,20000,2000,2000,20000,96
method_c,css,uniform,X,5,0.005659169801095038,0.20366024108296366,1.5707963267948966,1.0,20.0,20000,2000,2000,20000,214
method_c,css,uniform,X,5,0.00619813835358028,0.20366024108296366,1.5707963267948966,1.0,20.0,20000,2000,2000,20000,512
method_c,css,uniform,X,5,0.006737106906065522,0.20366024108296366,1.5707963267948966,1.0,20.0,20000,2000,2000,20000,831
method_c,css,uniform,X,5,0.007276075458550764,0.20366024108296366,1.5707963267948966,1.0,20.0,20000,2000,2000,20000,1376
method_c,css,uniform,X,3,0.002969041507772975,0.0,1.5707963267948966,1.0,20.0,20000,2000,2000,20000,3
method_c,css,uniform,X,3,0.0036288285095003032,0.0,1.5707963267948966,1.0,20.0,20000,2000,2000,20000,8
method_c,css,uniform,X,3,0.0042886155112276305,0.0,1.5707963267948966,1.0,20.0,20000,2000,2000,20000,13
method_c,css,uniform,X,3,0.004948402512954958,0.0,1.5707963267948966,1.0,20.0,20000,2000,2000,20000,49
method_c,css,uniform,X,3,0.005608189514682286,0.0,1.5707963267948966,1.0,20.0,20000,2000,2000,20000,75
method_c,css,uniform,X,3,0.0062679765164096145,0.0,1.5707963267948966,1.0,20.0,20000,2000,2000,20000,149
method_c,css,uniform,X,3,0.006927763518136941,0.0,1.5707963267948966,1.0,20.0,20000,2000,2000,20000,252
method_c,css,uniform,X,3,0.007587550519864269,0.0,1.5707963267948966,1.0,20.0,20000,2000,2000,20000,393
method_c,css,uniform,X,3,0.008247337521591597,0.0,1.5707963267948966,1.0,20.0,20000,2000,2000,20000,554
method_c,css,uniform,X,3,0.008907124523318925,0.0,1.5707963267948966,1.0,20.0,20000,2000,2000,20000,796
method_c,css,uniform,X,5,0.002969041507772975,0.0,1.5707963267948966,1.0,20.0,20000,2000,2000,20000,0
method_c,css,uniform,X,5,0.0036288285095003032,0.0,1.5707963267948966,1.0,20.0,20000,2000,2000,20000,0
method_c,css,uniform,X,5,0.0042886155112276305,0.0,1.5707963267948966,1.0,20.0,20000,2000,2000,20000,4
method_c,css,uniform,X,5,0.004948402512954958,0.0,1.5707963267948966,1.0,20.0,20000,2000,2000,20000,12
method_c,css,uniform,X,5,0.005608189514682286,0.0,1.5707963267948966,1.0,20.0,20000,2000,2000,20000,52
method_c,css,uniform,X,5,0.0062679765164096145,0.0,1.5707963267948966,1.0,20.0,20000,2000,2000,20000,126
method_c,css,uniform,X,5,0.006927763518136941,0.0,1.5707963267948966,1.0,20.0,20000,2000,2000,20000,267
method_c,css,uniform,X,5,0.007587550519864269,0.0,1.5707963267948966,1.0,20.0,20000,2000,2000,20000,562
method_c,css,uniform,X,5,0.008247337521591597,0.0,1.5707963267948966,1.0,20.0,20000,2000,2000,20000,1042
method_c,css,uniform,X,5,0.008907124523318925,0.0,1.5707963267948966,1.0,20.0,20000,2000,2000,20000,1583
method_c,css,uniform,Z,3,0.005084288729309624,0.5034030433281979,1.5707963267948966,1.0,20.0,20000,2000,2000,20000,2
method_c,css,uniform,Z,3,0.006214130669156209,0.5034030433281979,1.5707963267948966,1.0,20.0,20000,2000,2000,20000,6
method_c,css,uniform,Z,3,0.007343972609002791,0.5034030433281979,1.5707963267948966,1.0,20.0,20000,2000,2000,20000,15
method_c,css,uniform,Z,3,0.008473814548849374,0.5034030433281979,1.5707963267948966,1.0,20.0,20000,2000,2000,20000,35
method_c,css,uniform,Z,3,0.009603656488695957,0.5034030433281979,1.5707963267948966,1.0,20.0,20000,2000,2000,20000,62
method_c,css,uniform,Z,3,0.01073349842854254,0.5034030433281979,1.5707963267948966,1.0,20.0,20000,2000,2000,20000,112
method_c,css,uniform,Z,3,0.011863340368389121,0.5034030433281979,1.5707963267948966,1.0,20.0,20000,2000,2000,20000,183
method_c,css,uniform,Z,3,0.012993182308235707,0.5034030433281979,1.5707963267948966,1.0,20.0,20000,2000,2000,20000,264
method_c,css,uniform,Z,3,0.01412302424808229,0.5034030433281979,1.5707963267948966,1.0,20.0,20000,2000,2000,20000,418
method_c,css,uniform,Z,3,0.015252866187928874,0.5034030433281979,1.5707963267948966,1.0,20.0,20000,2000,2000,20000,581
method_c,css,uniform,Z,5,0.005084288729309624,0.5034030433281979,1.5707963267948966,1.0,20.0,20000,2000,2000,20000,0
method_c,css,uniform,Z,5,0.006214130669156209,0.5034030433281979,1.5707963267948966,1.0,20.0,20000,2000,2000,20000,1
method_c,css,uniform,Z,5,0.007343972609002791,0.5034030433281979,1.5707963267948966,1.0,20.0,20000,2000,2000,20000,5
method_c,css,uniform,Z,5,0.008473814548849374,0.5034030433281979,1.5707963267948966,1.0,20.0,20000,2000,2000,20000,16
method_c,css,uniform,Z,5,0.009603656488695957,0.5034030433281979,1.5707963267948966,1.0,20.0,20000,2000,2000,20000,35
method_c,css,uniform,Z,5,0.01073349842854254,0.5034030433281979,1.5707963267948966,1.0,20.0,20000,2000,2000,20000,101
method_c,css,uniform,Z,5,0.011863340368389121,0.5034030433281979,1.5707963267948966,1.0,20.0,20000,2000,2000,20000,225
method_c,css,uniform,Z,5,0.012993182308235707,0.5034030433281979,1.5707963267948966,1.0,20.0,20000,2000,2000,20000,433
method_c,css,uniform,Z,5,0.01412302424808229,0.5034030433281979,1.5707963267948966,1.0,20.0,20000,2000,2000,20000,718
method_c,css,uniform,Z,5,0.015252866187928874,0.5034030433281979,1.5707963267948966,1.0,20.0,20000,2000,2000,20000,1234
method_c,css,uniform,X,3,0.0019013003662327942,0.0,0.0,0.01,20.0,20000,2000,2000,20000,0
method_c,css,uniform,X,3,0.0038026007324655883,0.0,0.0,0.01,20.0,20000,2000,2000,20000,0
method_c,css,uniform,X,3,0.005703901098698382,0.0,0.0,0.01,20.0,20000,2000,2000,20000,0
method_c,css,uniform,X,3,0.007605201464931177,0.0,0.0,0.01,20.0,20000,2000,2000,20000,3
method_c,css,uniform,X,3,0.009506501831163972,0.0,0.0,0.01,20.0,20000,2000,2000,20000,25
method_c,css,uniform,X,3,0.011407802197396764,0.0,0.0,0.01,20.0,20000,2000,2000,20000,56
method_c,css,uniform,X,3,0.013309102563629556,0.0,0.0,0.01,20.0,20000,2000,2000,20000,115
method_c,css,uniform,X,3,0.015210402929862353,0.0,0.0,0.01,20.0,20000,2000,2000,20000,198
method_c,css,uniform,X,3,0.017111703296095147,0.0,0.0,0.01,20.0,20000,2000,2000,20000,442
method_c,css,uniform,X,5,0.0019013003662327942,0.0,0.0,0.01,20.0,20000,2000,2000,20000,0
method_c,css,uniform,X,5,0.0038026007324655883,0.0,0.0,0.01,20.0,20000,2000,2000,20000,0
method_c,css,uniform,X,5,0.005703901098698382,0.0,0.0,0.01,20.0,20000,2000,2000,20000,0
method_c,css,uniform,X,5,0.007605201464931177,0.0,0.0,0.01,20.0,20000,2000,2000,20000,0
method_c,css,uniform,X,5,0.009506501831163972,0.0,0.0,0.01,20.0,20000,2000,2000,20000,4
method_c,css,uniform,X,5,0.011407802197396764,0.0,0.0,0.01,20.0,20000,2000,2000,20000,33
method_c,css,uniform,X,5,0.013309102563629556,0.0,0.0,0.01,20.0,20000,2000,2000,20000,148
method_c,css,uniform,X,5,0.015210402929862353,0.0,0.0,0.01,20.0,20000,2000,2000,20000,410
method_c,css,uniform,X,5,0.017111703296095147,0.0,0.0,0.01,20.0,20000,2000,2000,20000,930
method_c,css,uniform,X,3,0.0019013003662327942,0.0,0.0,0.03162277660168379,20.0,20000,2000,2000,20000,0
method_c,css,uniform,X,3,0.0038026007324655883,0.0,0.0,0.03162277660168379,20.0,20000,2000,2000,20000,0
method_c,css,uniform,X,3,0.005703901098698382,0.0,0.0,0.03162277660168379,20.0,20000,2000,2000,20000,3
method_c,css,uniform,X,3,0.007605201464931177,0.0,0.0,0.03162277660168379,20.0,20000,2000,2000,20000,7
method_c,css,uniform,X,3,0.009506501831163972,0.0,0.0,0.03162277660168379,20.0,20000,2000,2000,20000,31
method_c,css,uniform,X,3,0.011407802197396764,0.0,0.0,0.03162277660168379,20.0,20000,2000,2000,20000,80
method_c,css,uniform,X,3,0.013309102563629556,0.0,0.0,0.03162277660168379,20.0,20000,2000,2000,20000,201
method_c,css,uniform,X,3,0.015210402929862353,0.0,0.0,0.03162277660168379,20.0,20000,2000,2000,20000,371
method_c,css,uniform,X,3,0.017111703296095147,0.0,0.0,0.03162277660168379,20.0,20000,2000,2000,20000,658
method_c,css,uniform,X,5,0.0019013003662327942,0.0,0.0,0.03162277660168379,20.0,20000,2000,2000,20000,0
method_c,css,uniform,X,5,0.0038026007324655883,0.0,0.0,0.03162277660168379,20.0,20000,2000,2000,20000,0
method_c,css,uniform,X,5,0.005703901098698382,0.0,0.0,0.03162277660168379,20.0,20000,2000,2000,20000,0
method_c,css,uniform,X,5,0.007605201464931177,0.0,0.0,0.03162277660168379,20.0,20000,2000,2000,20000,1
method_c,css,uniform,X,5,0.009506501831163972,0.0,0.0,0.03162277660168379,20.0,20000,2000,2000,20000,18
method_c,css,uniform,X,5,0.011407802197396764,0.0,0.0,0.03162277660168379,20.0,20000,2000,2000,20000,77
method_c,css,uniform,X,5,0.013309102563629556,0.0,0.0,0.03162277660168379,20.0,20000,2000,2000,20000,288
method_c,css,uniform,X,5,0.015210402929862353,0.0,0.0,0.03162277660168379,20.0,20000,2000,2000,20000,792
method_c,css,uniform,X,5,0.017111703296095147,0.0,0.0,0.03162277660168379,20.0,20000,2000,2000,20000,1649
method_c,css,uniform,X,3,0.0019013003662327942,0.0,0.0,0.1,20.0,20000,2000,2000,20000,0
method_c,css,uniform,X,3,0.0038026007324655883,0.0,0.0,0.1,20.0,20000,2000,2000,20000,4
method_c,css,uniform,X,3,0.005703901098698382,0.0,0.0,0.1,20.0,20000,2000,2000,20000,10
method_c,css,uniform,X,3,0.007605201464931177,0.0,0.0,0.1,20.0,20000,2000,2000,20000,39
method_c,css,uniform,X,3,0.009506501831163972,0.0,0.0,0.1,20.0,20000,2000,2000,20000,127
method_c,css,uniform,X,3,0.011407802197396764,0.0,0.0,0.1,20.0,20000,2000,2000,20000,336
method_c,css,uniform,X,3,0.013309102563629556,0.0,0.0,0.1,20.0,20000,2000,2000,20000,617
method_c,css,uniform,X,3,0.015210402929862353,0.0,0.0,0.1,20.0,20000,2000,2000,20000,1083
method_c,css,uniform,X,3,0.017111703296095147,0.0,0.0,0.1,20.0,20000,2000,2000,20000,1799
method_c,css,uniform,X,5,0.0019013003662327942,0.0,0.0,0.1,20.0,20000,2000,2000,20000,0
method_c,css,uniform,X,5,0.0038026007324655883,0.0,0.0,0.1,20.0,20000,2000,2000,20000,0
method_c,css,uniform,X,5,0.005703901098698382,0.0,0.0,0.1,20.0,20000,2000,2000,20000,1
method_c,css,uniform,X,5,0.007605201464931177,0.0,0.0,0.1,20.0,20000,2000,2000,20000,13
method_c,css,uniform,X,5,0.009506501831163972,0.0,0.0,0.1,20.0,20000,2000,2000,20000,137
method_c,css,uniform,X,5,0.011407802197396764,0.0,0.0,0.1,20.0,20000,2000,2000,20000,593
method_c,css,uniform,X,5,0.013309102563629556,0.0,0.0,0.1,20.0,20000,2000,2000,20000,1519
method_c,css,uniform,X,5,0.015210402929862353,0.0,0.0,0.1,20.0,20000,2000,2000,14000,2112
method_c,css,uniform,X,5,0.017111703296095147,0.0,0.0,0.1,20.0,20000,2000,2000,10000,2314
