scheme,code,decoder,basis,distance,p,theta,phi,eta_g,eta_t,shots_max,batch,max_fail,shots,errors
method_c,css,uniform,Z,3,0.0017338553715724556,0.0,0.0,1.0,20.0,20000,2000,2000,20000,1
method_c,css,uniform,Z,3,0.0021191565652552238,0.0,0.0,1.0,20.0,20000,2000,2000,20000,2
method_c,css,uniform,Z,3,0.0025044577589379913,0.0,0.0,1.0,20.0,20000,2000,2000,20000,3
method_c,css,uniform,Z,3,0.0028897589526207593,0.0,0.0,1.0,20.0,20000,2000,2000,20000,6
method_c,css,uniform,Z,3,0.0032750601463035272,0.0,0.0,1.0,20.0,20000,2000,2000,20000,26
method_c,css,uniform,Z,3,0.003660361339986295,0.0,0.0,1.0,20.0,20000,2000,2000,20000,43
method_c,css,uniform,Z,3,0.004045662533669062,0.0,0.0,1.0,20.0,20000,2000,2000,20000,80
method_c,css,uniform,Z,3,0.00443096372735183,0.0,0.0,1.0,20.0,20000,2000,2000,20000,132
method_c,css,uniform,Z,3,0.004816264921034599,0.0,0.0,1.0,20.0,20000,2000,2000,20000,174
method_c,css,uniform,Z,3,0.005201566114717367,0.0,0.0,1.0,20.0,20000,2000,2000,20000,253
method_c,css,uniform,Z,5,0.0017338553715724556,0.0,0.0,1.0,20.0,20000,2000,2000,20000,0
method_c,css,uniform,Z,5,0.0021191565652552238,0.0,0.0,1.0,20.0,20000,2000,2000,20000,0
method_c,css,uniform,Z,5,0.0025044577589379913,0.0,0.0,1.0,20.0,20000,2000,2000,20000,0
method_c,css,uniform,Z,5,0.0028897589526207593,0.0,0.0,1.0,20.0,20000,2000,2000,20000,0
method_c,css,uniform,Z,5,0.0032750601463035272,0.0,0.0,1.0,20.0,20000,2000,2000,20000,7
method_c,css,uniform,Z,5,0.003660361339986295,0.0,0.0,1.0,20.0,20000,2000,2000,20000,13
method_c,css,uniform,Z,5,0.004045662533669062,0.0,0.0,1.0,20.0,20000,2000,2000,20000,48
method_c,css,uniform,Z,5,0.00443096372735183,0.0,0.0,1.0,20.0,20000,2000,2000,20000,64
method_c,css,uniform,Z,5,0.004816264921034599,0.0,0.0,1.0,20.0,20000,2000,2000,20000,179
method_c,css,uniform,Z,5,0.005201566114717367,0.0,0.0,1.0,20.0,20000,2000,2000,20000,330
method_c,css,uniform,X,3,0.0017338553715724556,0.0,0.0,1.0,20.0,20000,2000,2000,20000,2
method_c,css,uniform,X,3,0.0021191565652552238,0.0,0.0,1.0,20.0,20000,2000,2000,20000,4
method_c,css,uniform,X,3,0.0025044577589379913,0.0,0.0,1.0,20.0,20000,2000,2000,20000,13
method_c,css,uniform,X,3,0.0028897589526207593,0.0,0.0,1.0,20.0,20000,2000,2000,20000,20
method_c,css,uniform,X,3,0.0032750601463035272,0.0,0.0,1.0,20.0,20000,2000,2000,20000,51
method_c,css,uniform,X,3,0.003660361339986295,0.0,0.0,1.0,20.0,20000,2000,2000,20000,108
method_c,css,uniform,X,3,0.004045662533669062,0.0,0.0,1.0,20.0,20000,2000,2000,20000,167
method_c,css,uniform,X,3,0.00443096372735183,0.0,0.0,1.0,20.0,20000,2000,2000,20000,254
method_c,css,uniform,X,3,0.004816264921034599,0.0,0.0,1.0,20.0,20000,2000,2000,20000,375
method_c,css,uniform,X,3,0.005201566114717367,0.0,0.0,1.0,20.0,20000,2000,2000,20000,531
method_c,css,uniform,X,5,0.0017338553715724556,0.0,0.0,1.0,20.0,20000,2000,2000,20000,0
method_c,css,uniform,X,5,0.0021191565652552238,0.0,0.0,1.0,20.0,20000,2000,2000,20000,1
method_c,css,uniform,X,5,0.0025044577589379913,0.0,0.0,1.0,20.0,20000,2000,2000,20000,2
method_c,css,uniform,X,5,0.0028897589526207593,0.0,0.0,1.0,20.0,20000,2000,2000,20000,6
method_c,css,uniform,X,5,0.0032750601463035272,0.0,0.0,1.0,20.0,20000,2000,2000,20000,29
method_c,css,uniform,X,5,0.003660361339986295,0.0,0.0,1.0,20.0,20000,2000,2000,20000,65
method_c,css,uniform,X,5,0.004045662533669062,0.0,0.0,1.0,20.0,20000,2000,2000,20000,173
method_c,css,uniform,X,5,0.00443096372735183,0.0,0.0,1.0,20.0,20000,2000,2000,20000,330
method_c,css,uniform,X,5,0.004816264921034599,0.0,0.0,1.0,20.0,20000,2000,2000,20000,570
method_c,css,uniform,X,5,0.005201566114717367,0.0,0.0,1.0,20.0,20000,2000,2000,20000,1058
method_c,css,uniform,Z,3,0.003910109875874165,0.1711041886590162,0.0,1.0,20.0,20000,2000,2000,20000,120
method_c,css,uniform,Z,3,0.00477902318162398,0.1711041886590162,0.0,1.0,20.0,20000,2000,2000,20000,285
method_c,css,uniform,Z,3,0.005647936487373794,0.1711041886590162,0.0,1.0,20.0,20000,2000,2000,20000,694
method_c,css,uniform,Z,3,0.006516849793123608,0.1711041886590162,0.0,1.0,20.0,20000,2000,2000,20000,1209
method_c,css,uniform,Z,3,0.007385763098873423,0.1711041886590162,0.0,1.0,20.0,20000,2000,2000,20000,1863
method_c,css,uniform,Z,3,0.008254676404623238,0.1711041886590162,0.0,1.0,20.0,20000,2000,2000,16000,2135
method_c,css,uniform,Z,3,0.00912358971037305,0.1711041886590162,0.0,1.0,20.0,20000,2000,2000,12000,2215
method_c,css,uniform,Z,3,0.009992503016122867,0.1711041886590162,0.0,1.0,20.0,20000,2000,2000,10000,2337
method_c,css,uniform,Z,3,0.010861416321872682,0.1711041886590162,0.0,1.0,20.0,20000,2000,2000,8000,2133
method_c,css,uniform,Z,3,0.011730329627622495,0.1711041886590162,0.0,1.0,20.0,20000,2000,2000,8000,2510
method_c,css,uniform,Z,5,0.003910109875874165,0.1711041886590162,0.0,1.0,20.0,20000,2000,2000,20000,74
method_c,css,uniform,Z,5,0.00477902318162398,0.1711041886590162,0.0,1.0,20.0,20000,2000,2000,20000,411
method_c,css,uniform,Z,5,0.005647936487373794,0.1711041886590162,0.0,1.0,20.0,20000,2000,2000,20000,1267
method_c,css,uniform,Z,5,0.006516849793123608,0.1711041886590162,0.0,1.0,20.0,20000,2000,2000,16000,2221
method_c,css,uniform,Z,5,0.007385763098873423,0.1711041886590162,0.0,1.0,20.0,20000,2000,2000,10000,2343
method_c,css,uniform,Z,5,0.008254676404623238,0.1711041886590162,0.0,1.0,20.0,20000,2000,2000,8000,2604
method_c,css,uniform,Z,5,0.00912358971037305,0.1711041886590162,0.0,1.0,20.0,20000,2000,2000,6000,2407
method_c,css,uniform,Z,5,0.009992503016122867,0.1711041886590162,0.0,1.0,20.0,20000,2000,2000,6000,2631
method_c,css,uniform,Z,5,0.010861416321872682,0.1711041886590162,0.0,1.0,20.0,20000,2000,2000,6000,2926
method_c,css,uniform,X,3,0.0015640439503496661,0.1711041886590162,0.0,1.0,20.0,20000,2000,2000,20000,0
method_c,css,uniform,X,3,0.001911609272649592,0.1711041886590162,0.0,1.0,20.0,20000,2000,2000,20000,8
method_c,css,uniform,X,3,0.0022591745949495177,0.1711041886590162,0.0,1.0,20.0,20000,2000,2000,20000,16
method_c,css,uniform,X,3,0.0026067399172494433,0.1711041886590162,0.0,1.0,20.0,20000,2000,2000,20000,28
method_c,css,uniform,X,3,0.0029543052395493694,0.1711041886590162,0.0,1.0,20.0,20000,2000,2000,20000,39
method_c,css,uniform,X,3,0.003301870561849295,0.1711041886590162,0.0,1.0,20.0,20000,2000,2000,20000,90
method_c,css,uniform,X,3,0.0036494358841492203,0.1711041886590162,0.0,1.0,20.0,20000,2000,2000,20000,157
method_c,css,uniform,X,3,0.003997001206449147,0.1711041886590162,0.0,1.0,20.0,20000,2000,2000,20000,261
method_c,css,uniform,X,3,0.0043445665287490725,0.1711041886590162,0.0,1.0,20.0,20000,2000,2000,20000,383
method_c,css,uniform,X,3,0.004692131851048998,0.1711041886590162,0.0,1.0,20.0,20000,2000,2000,20000,528
method_c,css,uniform,X,5,0.0015640439503496661,0.1711041886590162,0.0,1.0,20.0,20000,2000,2000,20000,1
method_c,css,uniform,X,5,0.001911609272649592,0.1711041886590162,0.0,1.0,20.0,20000,2000,2000,20000,1
method_c,css,uniform,X,5,0.0022591745949495177,0.1711041886590162,0.0,1.0,20.0,20000,2000,2000,20000,2
method_c,css,uniform,X,5,0.0026067399172494433,0.1711041886590162,0.0,1.0,20.0,20000,2000,2000,20000,10
method_c,css,uniform,X,5,0.0029543052395493694,0.1711041886590162,0.0,1.0,20.0,20000,2000,2000,20000,27
method_c,css,uniform,X,5,0.003301870561849295,0.1711041886590162,0.0,1.0,20.0,20000,2000,2000,20000,58
method_c,css,uniform,X,5,0.0036494358841492203,0.1711041886590162,0.0,1.0,20.0,20000,2000,2000,20000,135
method_c,css,uniform,X,5,0.003997001206449147,0.1711041886590162,0.0,1.0,20.0,20000,2000,2000,20000,296
method_c,css,uniform,X,5,0.0043445665287490725,0.1711041886590162,0.0,1.0,20.0,20000,2000,2000,20000,624
method_c,css,uniform,X,5,0.004692131851048998,0.1711041886590162,0.0,1.0,20.0,20000,2000,2000,20000,1002
method_c,css,uniform,Z,3,0.001449925396215223,0.37615156673202643,0.0,1.0,20.0,20000,2000,2000,20000,1
method_c,css,uniform,Z,3,0.0017721310398186062,0.37615156673202643,0.0,1.0,20.0,20000,2000,2000,20000,0
method_c,css,uniform,Z,3,0.0020943366834219887,0.37615156673202643,0.0,1.0,20.0,20000,2000,2000,20000,8
method_c,css,uniform,Z,3,0.0024165423270253714,0.37615156673202643,0.0,1.0,20.0,20000,2000,2000,20000,15
method_c,css,uniform,Z,3,0.0027387479706287546,0.37615156673202643,0.0,1.0,20.0,20000,2000,2000,20000,32
method_c,css,uniform,Z,3,0.0030609536142321377,0.37615156673202643,0.0,1.0,20.0,20000,2000,2000,20000,54
method_c,css,uniform,Z,3,0.00338315925783552,0.37615156673202643,0.0,1.0,20.0,20000,2000,2000,20000,75
method_c,css,uniform,Z,3,0.003705364901438903,0.37615156673202643,0.0,1.0,20.0,20000,2000,2000,20000,126
method_c,css,uniform,Z,3,0.004027570545042286,0.37615156673202643,0.0,1.0,20.0,20000,2000,2000,20000,172
method_c,css,uniform,Z,3,0.004349776188645669,0.37615156673202643,0.0,1.0,20.0,20000,2000,2000,20000,273
method_c,css,uniform,Z,5,0.001449925396215223,0.37615156673202643,0.0,1.0,20.0,20000,2000,2000,20000,0
method_c,css,uniform,Z,5,0.0017721310398186062,0.37615156673202643,0.0,1.0,20.0,20000,2000,2000,20000,0
method_c,css,uniform,Z,5,0.0020943366834219887,0.37615156673202643,0.0,1.0,20.0,20000,2000,2000,20000,0
method_c,css,uniform,Z,5,0.0024165423270253714,0.37615156673202643,0.0,1.0,20.0,20000,2000,2000,20000,6
method_c,css,uniform,Z,5,0.0027387479706287546,0.37615156673202643,0.0,1.0,20.0,20000,2000,2000,20000,4
method_c,css,uniform,Z,5,0.0030609536142321377,0.37615156673202643,0.0,1.0,20.0,20000,2000,2000,20000,15
method_c,css,uniform,Z,5,0.00338315925783552,0.37615156673202643,0.0,1.0,20.0,20000,2000,2000,20000,54
method_c,css,uniform,Z,5,0.003705364901438903,0.37615156673202643,0.0,1.0,20.0,20000,2000,2000,20000,124
method_c,css,uniform,Z,5,0.004027570545042286,0.37615156673202643,0.0,1.0,20.0,20000,2000,2000,20000,213
method_c,css,uniform,Z,5,0.004349776188645669,0.37615156673202643,0.0,1.0,20.0,20000,2000,2000,20000,385
method_c,css,uniform,X,3,0.001449925396215223,0.37615156673202643,0.0,1.0,20.0,20000,2000,2000,20000,1
method_c,css,uniform,X,3,0.0017721310398186062,0.37615156673202643,0.0,1.0,20.0,20000,2000,2000,20000,2
method_c,css,uniform,X,3,0.0020943366834219887,0.37615156673202643,0.0,1.0,20.0,20000,2000,2000,20000,9
method_c,css,uniform,X,3,0.0024165423270253714,0.37615156673202643,0.0,1.0,20.0,20000,2000,2000,20000,20
method_c,css,uniform,X,3,0.0027387479706287546,0.37615156673202643,0.0,1.0,20.0,20000,2000,2000,20000,45
method_c,css,uniform,X,3,0.0030609536142321377,0.37615156673202643,0.0,1.0,20.0,20000,2000,2000,20000,85
method_c,css,uniform,X,3,0.00338315925783552,0.37615156673202643,0.0,1.0,20.0,20000,2000,2000,20000,148
method_c,css,uniform,X,3,0.003705364901438903,0.37615156673202643,0.0,1.0,20.0,20000,2000,2000,20000,223
method_c,css,uniform,X,3,0.004027570545042286,0.37615156673202643,0.0,1.0,20.0,20000,2000,2000,20000,340
method_c,css,uniform,X,3,0.004349776188645669,0.37615156673202643,0.0,1.0,20.0,20000,2000,2000,20000,515
method_c,css,uniform,X,5,0.001449925396215223,0.37615156673202643,0.0,1.0,20.0,20000,2000,2000,20000,0
method_c,css,uniform,X,5,0.0017721310398186062,0.37615156673202643,0.0,1.0,20.0,20000,2000,2000,20000,0
method_c,css,uniform,X,5,0.0020943366834219887,0.37615156673202643,0.0,1.0,20.0,20000,2000,2000,20000,2
method_c,css,uniform,X,5,0.0024165423270253714,0.37615156673202643,0.0,1.0,20.0,20000,2000,2000,20000,7
method_c,css,uniform,X,5,0.0027387479706287546,0.37615156673202643,0.0,1.0,20.0,20000,2000,2000,20000,30
method_c,css,uniform,X,5,0.0030609536142321377,0.37615156673202643,0.0,1.0,20.0,20000,2000,2000,20000,62
method_c,css,uniform,X,5,0.00338315925783552,0.37615156673202643,0.0,1.0,20.0,20000,2000,2000,20000,117
method_c,css,uniform,X,5,0.003705364901438903,0.37615156673202643,0.0,1.0,20.0,20000,2000,2000,20000,305
method_c,css,uniform,X,5,0.004027570545042286,0.37615156673202643,0.0,1.0,20.0,20000,2000,2000,20000,511
method_c,css,uniform,X,5,0.004349776188645669,0.37615156673202643,0.0,1.0,20.0,20000,2000,2000,20000,940
method_c,css,uniform,Z,3,0.00140513521677599,0.604778592514695,0.0,1.0,20.0,20000,2000,2000,20000,2
method_c,css,uniform,Z,3,0.0017173874871706546,0.604778592514695,0.0,1.0,20.0,20000,2000,2000,20000,1
method_c,css,uniform,Z,3,0.002029639757565319,0.604778592514695,0.0,1.0,20.0,20000,2000,2000,20000,6
method_c,css,uniform,Z,3,0.0023418920279599832,0.604778592514695,0.0,1.0,20.0,20000,2000,2000,20000,11
method_c,css,uniform,Z,3,0.0026541442983546476,0.604778592514695,0.0,1.0,20.0,20000,2000,2000,20000,26
method_c,css,uniform,Z,3,0.0029663965687493125,0.604778592514695,0.0,1.0,20.0,20000,2000,2000,20000,33
method_c,css,uniform,Z,3,0.0032786488391439764,0.604778592514695,0.0,1.0,20.0,20000,2000,2000,20000,100
method_c,css,uniform,Z,3,0.003590901109538641,0.604778592514695,0.0,1.0,20.0,20000,2000,2000,20000,101
method_c,css,uniform,Z,3,0.0039031533799333057,0.604778592514695,0.0,1.0,20.0,20000,2000,2000,20000,197
method_c,css,uniform,Z,3,0.0042154056503279705,0.604778592514695,0.0,1.0,20.0,20000,2000,2000,20000,294
method_c,css,uniform,Z,5,0.00140513521677599,0.604778592514695,0.0,1.0,20.0,20000,2000,2000,20000,0
method_c,css,uniform,Z,5,0.0017173874871706546,0.604778592514695,0.0,1.0,20.0,20000,2000,2000,20000,0
method_c,css,uniform,Z,5,0.002029639757565319,0.604778592514695,0.0,1.0,20.0,20000,2000,2000,20000,0
method_c,css,uniform,Z,5,0.0023418920279599832,0.604778592514695,0.0,1.0,20.0,20000,2000,2000,20000,3
method_c,css,uniform,Z,5,0.0026541442983546476,0.604778592514695,0.0,1.0,20.0,20000,2000,2000,20000,10
method_c,css,uniform,Z,5,0.0029663965687493125,0.604778592514695,0.0,1.0,20.0,20000,2000,2000,20000,30
method_c,css,uniform,Z,5,0.0032786488391439764,0.604778592514695,0.0,1.0,20.0,20000,2000,2000,20000,51
method_c,css,uniform,Z,5,0.003590901109538641,0.604778592514695,0.0,1.0,20.0,20000,2000,2000,20000,141
method_c,css,uniform,Z,5,0.0039031533799333057,0.604778592514695,0.0,1.0,20.0,20000,2000,2000,20000,213
method_c,css,uniform,Z,5,0.0042154056503279705,0.604778592514695,0.0,1.0,20.0,20000,2000,2000,20000,457
method_c,css,uniform,X,3,0.00140513521677599,0.604778592514695,0.0,1.0,20.0,20000,2000,2000,20000,4
method_c,css,uniform,X,3,0.0017173874871706546,0.604778592514695,0.0,1.0,20.0,20000,2000,2000,20000,4
method_c,css,uniform,X,3,0.002029639757565319,0.604778592514695,0.0,1.0,20.0,20000,2000,2000,20000,8
method_c,css,uniform,X,3,0.0023418920279599832,0.604778592514695,0.0,1.0,20.0,20000,2000,2000,20000,19
method_c,css,uniform,X,3,0.0026541442983546476,0.604778592514695,0.0,1.0,20.0,20000,2000,2000,20000,40
method_c,css,uniform,X,3,0.0029663965687493125,0.604778592514695,0.0,1.0,20.0,20000,2000,2000,20000,87
method_c,css,uniform,X,3,0.0032786488391439764,0.604778592514695,0.0,1.0,20.0,20000,2000,2000,20000,122
method_c,css,uniform,X,3,0.003590901109538641,0.604778592514695,0.0,1.0,20.0,20000,2000,2000,20000,227
method_c,css,uniform,X,3,0.0039031533799333057,0.604778592514695,0.0,1.0,20.0,20000,2000,2000,20000,317
method_c,css,uniform,X,3,0.0042154056503279705,0.604778592514695,0.0,1.0,20.0,20000,2000,2000,20000,481
method_c,css,uniform,X,5,0.00140513521677599,0.604778592514695,0.0,1.0,20.0,20000,2000,2000,20000,0
method_c,css,uniform,X,5,0.0017173874871706546,0.604778592514695,0.0,1.0,20.0,20000,2000,2000,20000,0
method_c,css,uniform,X,5,0.002029639757565319,0.604778592514695,0.0,1.0,20.0,20000,2000,2000,20000,0
method_c,css,uniform,X,5,0.0023418920279599832,0.604778592514695,0.0,1.0,20.0,20000,2000,2000,20000,5
method_c,css,uniform,X,5,0.0026541442983546476,0.604778592514695,0.0,1.0,20.0,20000,2000,2000,20000,16
method_c,css,uniform,X,5,0.0029663965687493125,0.604778592514695,0.0,1.0,20.0,20000,2000,2000,20000,57
method_c,css,uniform,X,5,0.0032786488391439764,0.604778592514695,0.0,1.0,20.0,20000,2000,2000,20000,113
method_c,css,uniform,X,5,0.003590901109538641,0.604778592514695,0.0,1.0,20.0,20000,2000,2000,20000,272
method_c,css,uniform,X,5,0.0039031533799333057,0.604778592514695,0.0,1.0,20.0,20000,2000,2000,20000,479
method_c,css,uniform,X,5,0.0042154056503279705,0.604778592514695,0.0,1.0,20.0,20000,2000,2000,20000,827
method_c,css,uniform,Z,3,0.0014361745879690594,0.8356341668816243,0.0,1.0,20.0,20000,2000,2000,20000,0
method_c,css,uniform,Z,3,0.0017553244964066284,0.8356341668816243,0.0,1.0,20.0,20000,2000,2000,20000,1
method_c,css,uniform,Z,3,0.002074474404844197,0.8356341668816243,0.0,1.0,20.0,20000,2000,2000,20000,4
method_c,css,uniform,Z,3,0.0023936243132817656,0.8356341668816243,0.0,1.0,20.0,20000,2000,2000,20000,14
method_c,css,uniform,Z,3,0.0027127742217193346,0.8356341668816243,0.0,1.0,20.0,20000,2000,2000,20000,29
method_c,css,uniform,Z,3,0.003031924130156903,0.8356341668816243,0.0,1.0,20.0,20000,2000,2000,20000,47
method_c,css,uniform,Z,3,0.0033510740385944717,0.8356341668816243,0.0,1.0,20.0,20000,2000,2000,20000,86
method_c,css,uniform,Z,3,0.0036702239470320403,0.8356341668816243,0.0,1.0,20.0,20000,2000,2000,20000,140
method_c,css,uniform,Z,3,0.003989373855469609,0.8356341668816243,0.0,1.0,20.0,20000,2000,2000,20000,201
method_c,css,uniform,Z,3,0.004308523763907179,0.8356341668816243,0.0,1.0,20.0,20000,2000,2000,20000,316
method_c,css,uniform,Z,5,0.0014361745879690594,0.8356341668816243,0.0,1.0,20.0,20000,2000,2000,20000,0
method_c,css,uniform,Z,5,0.0017553244964066284,0.8356341668816243,0.0,1.0,20.0,20000,2000,2000,20000,0
method_c,css,uniform,Z,5,0.002074474404844197,0.8356341668816243,0.0,1.0,20.0,20000,2000,2000,20000,0
method_c,css,uniform,Z,5,0.0023936243132817656,0.8356341668816243,0.0,1.0,20.0,20000,2000,2000,20000,3
method_c,css,uniform,Z,5,0.0027127742217193346,0.8356341668816243,0.0,1.0,20.0,20000,2000,2000,20000,8
method_c,css,uniform,Z,5,0.003031924130156903,0.8356341668816243,0.0,1.0,20.0,20000,2000,2000,20000,31
method_c,css,uniform,Z,5,0.0033510740385944717,0.8356341668816243,0.0,1.0,20.0,20000,2000,2000,20000,50
method_c,css,uniform,Z,5,0.0036702239470320403,0.8356341668816243,0.0,1.0,20.0,20000,2000,2000,20000,151
method_c,css,uniform,Z,5,0.003989373855469609,0.8356341668816243,0.0,1.0,20.0,20000,2000,2000,20000,266
method_c,css,uniform,Z,5,0.004308523763907179,0.8356341668816243,0.0,1.0,20.0,20000,2000,2000,20000,484
method_c,css,uniform,X,3,0.0014361745879690594,0.8356341668816243,0.0,1.0,20.0,20000,2000,2000,20000,1
method_c,css,uniform,X,3,0.0017553244964066284,0.8356341668816243,0.0,1.0,20.0,20000,2000,2000,20000,6
method_c,css,uniform,X,3,0.002074474404844197,0.8356341668816243,0.0,1.0,20.0,20000,2000,2000,20000,7
method_c,css,uniform,X,3,0.0023936243132817656,0.8356341668816243,0.0,1.0,20.0,20000,2000,2000,20000,22
method_c,css,uniform,X,3,0.0027127742217193346,0.8356341668816243,0.0,1.0,20.0,20000,2000,2000,20000,34
method_c,css,uniform,X,3,0.003031924130156903,0.8356341668816243,0.0,1.0,20.0,20000,2000,2000,20000,70
method_c,css,uniform,X,3,0.0033510740385944717,0.8356341668816243,0.0,1.0,20.0,20000,2000,2000,20000,135
method_c,css,uniform,X,3,0.0036702239470320403,0.8356341668816243,0.0,1.0,20.0,20000,2000,2000,20000,205
method_c,css,uniform,X,3,0.003989373855469609,0.8356341668816243,0.0,1.0,20.0,20000,2000,2000,20000,308
method_c,css,uniform,X,3,0.004308523763907179,0.8356341668816243,0.0,1.0,20.0,20000,2000,2000,20000,408
method_c,css,uniform,X,5,0.0014361745879690594,0.8356341668816243,0.0,1.0,20.0,20000,2000,2000,20000,0
method_c,css,uniform,X,5,0.0017553244964066284,0.8356341668816243,0.0,1.0,20.0,20000,2000,2000,20000,0
method_c,css,uniform,X,5,0.002074474404844197,0.8356341668816243,0.0,1.0,20.0,20000,2000,2000,20000,0
method_c,css,uniform,X,5,0.0023936243132817656,0.8356341668816243,0.0,1.0,20.0,20000,2000,2000,20000,2
method_c,css,uniform,X,5,0.0027127742217193346,0.8356341668816243,0.0,1.0,20.0,20000,2000,2000,20000,16
method_c,css,uniform,X,5,0.003031924130156903,0.8356341668816243,0.0,1.0,20.0,20000,2000,2000,20000,39
method_c,css,uniform,X,5,0.0033510740385944717,0.8356341668816243,0.0,1.0,20.0,20000,2000,2000,20000,126
method_c,css,uniform,X,5,0.0036702239470320403,0.8356341668816243,0.0,1.0,20.0,20000,2000,2000,20000,247
method_c,css,uniform,X,5,0.003989373855469609,0.8356341668816243,0.0,1.0,20.0,20000,2000,2000,20000,422
method_c,css,uniform,X,5,0.004308523763907179,0.8356341668816243,0.0,1.0,20.0,20000,2000,2000,20000,743
method_c,css,uniform,Z,3,0.0015384606149335901,1.0461674221554937,0.0,1.0,20.0,20000,2000,2000,20000,0
method_c,css,uniform,Z,3,0.0018803407515854992,1.0461674221554937,0.0,1.0,20.0,20000,2000,2000,20000,1
method_c,css,uniform,Z,3,0.002222220888237408,1.0461674221554937,0.0,1.0,20.0,20000,2000,2000,20000,4
method_c,css,uniform,Z,3,0.002564101024889317,1.0461674221554937,0.0,1.0,20.0,20000,2000,2000,20000,15
method_c,css,uniform,Z,3,0.002905981161541226,1.0461674221554937,0.0,1.0,20.0,20000,2000,2000,20000,30
method_c,css,uniform,Z,3,0.0032478612981931346,1.0461674221554937,0.0,1.0,20.0,20000,2000,2000,20000,61
method_c,css,uniform,Z,3,0.0035897414348450432,1.0461674221554937,0.0,1.0,20.0,20000,2000,2000,20000,96
method_c,css,uniform,Z,3,0.003931621571496952,1.0461674221554937,0.0,1.0,20.0,20000,2000,2000,20000,128
method_c,css,uniform,Z,3,0.0042735017081488615,1.0461674221554937,0.0,1.0,20.0,20000,2000,2000,20000,240
method_c,css,uniform,Z,3,0.00461538184480077,1.0461674221554937,0.0,1.0,20.0,20000,2000,2000,20000,286
method_c,css,uniform,Z,5,0.0015384606149335901,1.0461674221554937,0.0,1.0,20.0,20000,2000,2000,20000,0
method_c,css,uniform,Z,5,0.0018803407515854992,1.0461674221554937,0.0,1.0,20.0,20000,2000,2000,20000,0
method_c,css,uniform,Z,5,0.002222220888237408,1.0461674221554937,0.0,1.0,20.0,20000,2000,2000,20000,2
method_c,css,uniform,Z,5,0.002564101024889317,1.0461674221554937,0.0,1.0,20.0,20000,2000,2000,20000,1
method_c,css,uniform,Z,5,0.002905981161541226,1.0461674221554937,0.0,1.0,20.0,20000,2000,2000,20000,6
method_c,css,uniform,Z,5,0.0032478612981931346,1.0461674221554937,0.0,1.0,20.0,20000,2000,2000,20000,18
method_c,css,uniform,Z,5,0.0035897414348450432,1.0461674221554937,0.0,1.0,20.0,20000,2000,2000,20000,68
method_c,css,uniform,Z,5,0.003931621571496952,1.0461674221554937,0.0,1.0,20.0,20000,2000,2000,20000,124
method_c,css,uniform,Z,5,0.0042735017081488615,1.0461674221554937,0.0,1.0,20.0,20000,2000,2000,20000,291
method_c,css,uniform,Z,5,0.00461538184480077,1.0461674221554937,0.0,1.0,20.0,20000,2000,2000,20000,467
method_c,css,uniform,X,3,0.0015384606149335901,1.0461674221554937,0.0,1.0,20.0,20000,2000,2000,20000,1
method_c,css,uniform,X,3,0.0018803407515854992,1.0461674221554937,0.0,1.0,20.0,20000,2000,2000,20000,3
method_c,css,uniform,X,3,0.002222220888237408,1.0461674221554937,0.0,1.0,20.0,20000,2000,2000,20000,4
method_c,css,uniform,X,3,0.002564101024889317,1.0461674221554937,0.0,1.0,20.0,20000,2000,2000,20000,19
method_c,css,uniform,X,3,0.002905981161541226,1.0461674221554937,0.0,1.0,20.0,20000,2000,2000,20000,40
method_c,css,uniform,X,3,0.0032478612981931346,1.0461674221554937,0.0,1.0,20.0,20000,2000,2000,20000,63
method_c,css,uniform,X,3,0.0035897414348450432,1.0461674221554937,0.0,1.0,20.0,20000,2000,2000,20000,126
method_c,css,uniform,X,3,0.003931621571496952,1.0461674221554937,0.0,1.0,20.0,20000,2000,2000,20000,167
method_c,css,uniform,X,3,0.0042735017081488615,1.0461674221554937,0.0,1.0,20.0,20000,2000,2000,20000,293
method_c,css,uniform,X,3,0.00461538184480077,1.0461674221554937,0.0,1.0,20.0,20000,2000,2000,20000,445
method_c,css,uniform,X,5,0.0015384606149335901,1.0461674221554937,0.0,1.0,20.0,20000,2000,2000,20000,0
method_c,css,uniform,X,5,0.0018803407515854992,1.0461674221554937,0.0,1.0,20.0,20000,2000,2000,20000,1
method_c,css,uniform,X,5,0.002222220888237408,1.0461674221554937,0.0,1.0,20.0,20000,2000,2000,20000,2
method_c,css,uniform,X,5,0.002564101024889317,1.0461674221554937,0.0,1.0,20.0,20000,2000,2000,20000,3
method_c,css,uniform,X,5,0.002905981161541226,1.0461674221554937,0.0,1.0,20.0,20000,2000,2000,20000,11
method_c,css,uniform,X,5,0.0032478612981931346,1.0461674221554937,0.0,1.0,20.0,20000,2000,2000,20000,37
method_c,css,uniform,X,5,0.0035897414348450432,1.0461674221554937,0.0,1.0,20.0,20000,2000,2000,20000,100
method_c,css,uniform,X,5,0.003931621571496952,1.0461674221554937,0.0,1.0,20.0,20000,2000,2000,20000,208
method_c,css,uniform,X,5,0.0042735017081488615,1.0461674221554937,0.0,1.0,20.0,20000,2000,2000,20000,420
method_c,css,uniform,X,5,0.00461538184480077,1.0461674221554937,0.0,1.0,20.0,20000,2000,2000,20000,719
method_c,css,uniform,Z,3,0.0016991750431151393,1.2237340665573364,0.0,1.0,20.0,20000,2000,2000,20000,1
method_c,css,uniform,Z,3,0.002076769497140726,1.2237340665573364,0.0,1.0,20.0,20000,2000,2000,20000,1
method_c,css,uniform,Z,3,0.002454363951166312,1.2237340665573364,0.0,1.0,20.0,20000,2000,2000,20000,5
method_c,css,uniform,Z,3,0.0028319584051918986,1.2237340665573364,0.0,1.0,20.0,20000,2000,2000,20000,10
method_c,css,uniform,Z,3,0.0032095528592174854,1.2237340665573364,0.0,1.0,20.0,20000,2000,2000,20000,33
method_c,css,uniform,Z,3,0.003587147313243072,1.2237340665573364,0.0,1.0,20.0,20000,2000,2000,20000,59
method_c,css,uniform,Z,3,0.003964741767268658,1.2237340665573364,0.0,1.0,20.0,20000,2000,2000,20000,114
method_c,css,uniform,Z,3,0.004342336221294245,1.2237340665573364,0.0,1.0,20.0,20000,2000,2000,20000,123
method_c,css,uniform,Z,3,0.004719930675319831,1.2237340665573364,0.0,1.0,20.0,20000,2000,2000,20000,227
method_c,css,uniform,Z,3,0.005097525129345418,1.2237340665573364,0.0,1.0,20.0,20000,2000,2000,20000,321
method_c,css,uniform,Z,5,0.0016991750431151393,1.2237340665573364,0.0,1.0,20.0,20000,2000,2000,20000,0
method_c,css,uniform,Z,5,0.002076769497140726,1.2237340665573364,0.0,1.0,20.0,20000,2000,2000,20000,0
method_c,css,uniform,Z,5,0.002454363951166312,1.2237340665573364,0.0,1.0,20.0,20000,2000,2000,20000,0
method_c,css,uniform,Z,5,0.0028319584051918986,1.2237340665573364,0.0,1.0,20.0,20000,2000,2000,20000,2
method_c,css,uniform,Z,5,0.0032095528592174854,1.2237340665573364,0.0,1.0,20.0,20000,2000,2000,20000,13
method_c,css,uniform,Z,5,0.003587147313243072,1.2237340665573364,0.0,1.0,20.0,20000,2000,2000,20000,26
method_c,css,uniform,Z,5,0.003964741767268658,1.2237340665573364,0.0,1.0,20.0,20000,2000,2000,20000,67
method_c,css,uniform,Z,5,0.004342336221294245,1.2237340665573364,0.0,1.0,20.0,20000,2000,2000,20000,163
method_c,css,uniform,Z,5,0.004719930675319831,1.2237340665573364,0.0,1.0,20.0,20000,2000,2000,20000,305
method_c,css,uniform,Z,5,0.005097525129345418,1.2237340665573364,0.0,1.0,20.0,20000,2000,2000,20000,571
method_c,css,uniform,X,3,0.0016991750431151393,1.2237340665573364,0.0,1.0,20.0,20000,2000,2000,20000,3
method_c,css,uniform,X,3,0.002076769497140726,1.2237340665573364,0.0,1.0,20.0,20000,2000,2000,20000,4
method_c,css,uniform,X,3,0.002454363951166312,1.2237340665573364,0.0,1.0,20.0,20000,2000,2000,20000,3
method_c,css,uniform,X,3,0.0028319584051918986,1.2237340665573364,0.0,1.0,20.0,20000,2000,2000,20000,21
method_c,css,uniform,X,3,0.0032095528592174854,1.2237340665573364,0.0,1.0,20.0,20000,2000,2000,20000,21
method_c,css,uniform,X,3,0.003587147313243072,1.2237340665573364,0.0,1.0,20.0,20000,2000,2000,20000,57
method_c,css,uniform,X,3,0.003964741767268658,1.2237340665573364,0.0,1.0,20.0,20000,2000,2000,20000,108
method_c,css,uniform,X,3,0.004342336221294245,1.2237340665573364,0.0,1.0,20.0,20000,2000,2000,20000,186
method_c,css,uniform,X,3,0.004719930675319831,1.2237340665573364,0.0,1.0,20.0,20000,2000,2000,20000,281
method_c,css,uniform,X,3,0.005097525129345418,1.2237340665573364,0.0,1.0,20.0,20000,2000,2000,20000,418
method_c,css,uniform,X,5,0.0016991750431151393,1.2237340665573364,0.0,1.0,20.0,20000,2000,2000,20000,0
method_c,css,uniform,X,5,0.002076769497140726,1.2237340665573364,0.0,1.0,20.0,20000,2000,2000,20000,0
method_c,css,uniform,X,5,0.002454363951166312,1.2237340665573364,0.0,1.0,20.0,20000,2000,2000,20000,1
method_c,css,uniform,X,5,0.0028319584051918986,1.2237340665573364,0.0,1.0,20.0,20000,2000,2000,20000,4
method_c,css,uniform,X,5,0.0032095528592174854,1.2237340665573364,0.0,1.0,20.0,20000,2000,2000,20000,19
method_c,css,uniform,X,5,0.003587147313243072,1.2237340665573364,0.0,1.0,20.0,20000,2000,2000,20000,43
method_c,css,uniform,X,5,0.003964741767268658,1.2237340665573364,0.0,1.0,20.0,20000,2000,2000,20000,94
method_c,css,uniform,X,5,0.004342336221294245,1.2237340665573364,0.0,1.0,20.0,20000,2000,2000,20000,195
method_c,css,uniform,X,5,0.004719930675319831,1.2237340665573364,0.0,1.0,20.0,20000,2000,2000,20000,370
method_c,css,uniform,X,5,0.005097525129345418,1.2237340665573364,0.0,1.0,20.0,20000,2000,2000,20000,620
method_c,css,uniform,Z,3,0.001903576039316156,1.3669789654633762,0.0,1.0,20.0,20000,2000,2000,20000,2
method_c,css,uniform,Z,3,0.0023265929369419686,1.3669789654633762,0.0,1.0,20.0,20000,2000,2000,20000,3
method_c,css,uniform,Z,3,0.002749609834567781,1.3669789654633762,0.0,1.0,20.0,20000,2000,2000,20000,1
method_c,css,uniform,Z,3,0.003172626732193593,1.3669789654633762,0.0,1.0,20.0,20000,2000,2000,20000,13
method_c,css,uniform,Z,3,0.0035956436298194058,1.3669789654633762,0.0,1.0,20.0,20000,2000,2000,20000,32
method_c,css,uniform,Z,3,0.004018660527445218,1.3669789654633762,0.0,1.0,20.0,20000,2000,2000,20000,59
method_c,css,uniform,Z,3,0.00444167742507103,1.3669789654633762,0.0,1.0,20.0,20000,2000,2000,20000,93
method_c,css,uniform,Z,3,0.0048646943226968425,1.3669789654633762,0.0,1.0,20.0,20000,2000,2000,20000,138
method_c,css,uniform,Z,3,0.005287711220322656,1.3669789654633762,0.0,1.0,20.0,20000,2000,2000,20000,230
method_c,css,uniform,Z,3,0.005710728117948468,1.3669789654633762,0.0,1.0,20.0,20000,2000,2000,20000,334
method_c,css,uniform,Z,5,0.001903576039316156,1.3669789654633762,0.0,1.0,20.0,20000,2000,2000,20000,0
method_c,css,uniform,Z,5,0.0023265929369419686,1.3669789654633762,0.0,1.0,20.0,20000,2000,2000,20000,0
method_c,css,uniform,Z,5,0.002749609834567781,1.3669789654633762,0.0,1.0,20.0,20000,2000,2000,20000,3
method_c,css,uniform,Z,5,0.003172626732193593,1.3669789654633762,0.0,1.0,20.0,20000,2000,2000,20000,4
method_c,css,uniform,Z,5,0.0035956436298194058,1.3669789654633762,0.0,1.0,20.0,20000,2000,2000,20000,10
method_c,css,uniform,Z,5,0.004018660527445218,1.3669789654633762,0.0,1.0,20.0,20000,2000,2000,20000,36
method_c,css,uniform,Z,5,0.00444167742507103,1.3669789654633762,0.0,1.0,20.0,20000,2000,2000,20000,78
method_c,css,uniform,Z,5,0.0048646943226968425,1.3669789654633762,0.0,1.0,20.0,20000,2000,2000,20000,172
method_c,css,uniform,Z,5,0.005287711220322656,1.3669789654633762,0.0,1.0,20.0,20000,2000,2000,20000,315
method_c,css,uniform,Z,5,0.005710728117948468,1.3669789654633762,0.0,1.0,20.0,20000,2000,2000,20000,556
method_c,css,uniform,X,3,0.001903576039316156,1.3669789654633762,0.0,1.0,20.0,20000,2000,2000,20000,1
method_c,css,uniform,X,3,0.0023265929369419686,1.3669789654633762,0.0,1.0,20.0,20000,2000,2000,20000,1
method_c,css,uniform,X,3,0.002749609834567781,1.3669789654633762,0.0,1.0,20.0,20000,2000,2000,20000,8
method_c,css,uniform,X,3,0.003172626732193593,1.3669789654633762,0.0,1.0,20.0,20000,2000,2000,20000,19
method_c,css,uniform,X,3,0.0035956436298194058,1.3669789654633762,0.0,1.0,20.0,20000,2000,2000,20000,27
method_c,css,uniform,X,3,0.004018660527445218,1.3669789654633762,0.0,1.0,20.0,20000,2000,2000,20000,63
method_c,css,uniform,X,3,0.00444167742507103,1.3669789654633762,0.0,1.0,20.0,20000,2000,2000,20000,112
method_c,css,uniform,X,3,0.0048646943226968425,1.3669789654633762,0.0,1.0,20.0,20000,2000,2000,20000,179
method_c,css,uniform,X,3,0.005287711220322656,1.3669789654633762,0.0,1.0,20.0,20000,2000,2000,20000,239
method_c,css,uniform,X,3,0.005710728117948468,1.3669789654633762,0.0,1.0,20.0,20000,2000,2000,20000,327
method_c,css,uniform,X,5,0.001903576039316156,1.3669789654633762,0.0,1.0,20.0,20000,2000,2000,20000,0
method_c,css,uniform,X,5,0.0023265929369419686,1.3669789654633762,0.0,1.0,20.0,20000,2000,2000,20000,0
method_c,css,uniform,X,5,0.002749609834567781,1.3669789654633762,0.0,1.0,20.0,20000,2000,2000,20000,1
method_c,css,uniform,X,5,0.003172626732193593,1.3669789654633762,0.0,1.0,20.0,20000,2000,2000,20000,0
method_c,css,uniform,X,5,0.0035956436298194058,1.3669789654633762,0.0,1.0,20.0,20000,2000,2000,20000,10
method_c,css,uniform,X,5,0.004018660527445218,1.3669789654633762,0.0,1.0,20.0,20000,2000,2000,20000,39
method_c,css,uniform,X,5,0.00444167742507103,1.3669789654633762,0.0,1.0,20.0,20000,2000,2000,20000,81
method_c,css,uniform,X,5,0.0048646943226968425,1.3669789654633762,0.0,1.0,20.0,20000,2000,2000,20000,160
method_c,css,uniform,X,5,0.005287711220322656,1.3669789654633762,0.0,1.0,20.0,20000,2000,2000,20000,302
method_c,css,uniform,X,5,0.005710728117948468,1.3669789654633762,0.0,1.0,20.0,20000,2000,2000,20000,574
method_c,css,uniform,Z,3,0.0021391771302633135,1.4806158717168107,0.0,1.0,20.0,20000,2000,2000,20000,0
method_c,css,uniform,Z,3,0.0026145498258773833,1.4806158717168107,0.0,1.0,20.0,20000,2000,2000,20000,0
method_c,css,uniform,Z,3,0.0030899225214914526,1.4806158717168107,0.0,1.0,20.0,20000,2000,2000,20000,2
method_c,css,uniform,Z,3,0.0035652952171055224,1.4806158717168107,0.0,1.0,20.0,20000,2000,2000,20000,19
method_c,css,uniform,Z,3,0.004040667912719592,1.4806158717168107,0.0,1.0,20.0,20000,2000,2000,20000,32
method_c,css,uniform,Z,3,0.004516040608333662,1.4806158717168107,0.0,1.0,20.0,20000,2000,2000,20000,57
method_c,css,uniform,Z,3,0.004991413303947731,1.4806158717168107,0.0,1.0,20.0,20000,2000,2000,20000,99
method_c,css,uniform,Z,3,0.0054667859995618006,1.4806158717168107,0.0,1.0,20.0,20000,2000,2000,20000,162
method_c,css,uniform,Z,3,0.00594215869517587,1.4806158717168107,0.0,1.0,20.0,20000,2000,2000,20000,237
method_c,css,uniform,Z,3,0.006417531390789941,1.4806158717168107,0.0,1.0,20.0,20000,2000,2000,20000,365
method_c,css,uniform,Z,5,0.0021391771302633135,1.4806158717168107,0.0,1.0,20.0,20000,2000,2000,20000,0
method_c,css,uniform,Z,5,0.0026145498258773833,1.4806158717168107,0.0,1.0,20.0,20000,2000,2000,20000,1
method_c,css,uniform,Z,5,0.0030899225214914526,1.4806158717168107,0.0,1.0,20.0,20000,2000,2000,20000,0
method_c,css,uniform,Z,5,0.0035652952171055224,1.4806158717168107,0.0,1.0,20.0,20000,2000,2000,20000,4
method_c,css,uniform,Z,5,0.004040667912719592,1.4806158717168107,0.0,1.0,20.0,20000,2000,2000,20000,11
method_c,css,uniform,Z,5,0.004516040608333662,1.4806158717168107,0.0,1.0,20.0,20000,2000,2000,20000,38
method_c,css,uniform,Z,5,0.004991413303947731,1.4806158717168107,0.0,1.0,20.0,20000,2000,2000,20000,78
method_c,css,uniform,Z,5,0.0054667859995618006,1.4806158717168107,0.0,1.0,20.0,20000,2000,2000,20000,179
method_c,css,uniform,Z,5,0.00594215869517587,1.4806158717168107,0.0,1.0,20.0,20000,2000,2000,20000,331
method_c,css,uniform,Z,5,0.006417531390789941,1.4806158717168107,0.0,1.0,20.0,20000,2000,2000,20000,615
method_c,css,uniform,X,3,0.0021391771302633135,1.4806158717168107,0.0,1.0,20.0,20000,2000,2000,20000,0
method_c,css,uniform,X,3,0.0026145498258773833,1.4806158717168107,0.0,1.0,20.0,20000,2000,2000,20000,0
method_c,css,uniform,X,3,0.0030899225214914526,1.4806158717168107,0.0,1.0,20.0,20000,2000,2000,20000,2
method_c,css,uniform,X,3,0.0035652952171055224,1.4806158717168107,0.0,1.0,20.0,20000,2000,2000,20000,13
method_c,css,uniform,X,3,0.004040667912719592,1.4806158717168107,0.0,1.0,20.0,20000,2000,2000,20000,35
method_c,css,uniform,X,3,0.004516040608333662,1.4806158717168107,0.0,1.0,20.0,20000,2000,2000,20000,49
method_c,css,uniform,X,3,0.004991413303947731,1.4806158717168107,0.0,1.0,20.0,20000,2000,2000,20000,98
method_c,css,uniform,X,3,0.0054667859995618006,1.4806158717168107,0.0,1.0,20.0,20000,2000,2000,20000,129
method_c,css,uniform,X,3,0.00594215869517587,1.4806158717168107,0.0,1.0,20.0,20000,2000,2000,20000,220
method_c,css,uniform,X,3,0.006417531390789941,1.4806158717168107,0.0,1.0,20.0,20000,2000,2000,20000,295
method_c,css,uniform,X,5,0.0021391771302633135,1.4806158717168107,0.0,1.0,20.0,20000,2000,2000,20000,0
method_c,css,uniform,X,5,0.0026145498258773833,1.4806158717168107,0.0,1.0,20.0,20000,2000,2000,20000,0
method_c,css,uniform,X,5,0.0030899225214914526,1.4806158717168107,0.0,1.0,20.0,20000,2000,2000,20000,2
method_c,css,uniform,X,5,0.0035652952171055224,1.4806158717168107,0.0,1.0,20.0,20000,2000,2000,20000,4
method_c,css,uniform,X,5,0.004040667912719592,1.4806158717168107,0.0,1.0,20.0,20000,2000,2000,20000,7
method_c,css,uniform,X,5,0.004516040608333662,1.4806158717168107,0.0,1.0,20.0,20000,2000,2000,20000,32
method_c,css,uniform,X,5,0.004991413303947731,1.4806158717168107,0.0,1.0,20.0,20000,2000,2000,20000,65
method_c,css,uniform,X,5,0.0054667859995618006,1.4806158717168107,0.0,1.0,20.0,20000,2000,2000,20000,141
method_c,css,uniform,X,5,0.00594215869517587,1.4806158717168107,0.0,1.0,20.0,20000,2000,2000,20000,305
method_c,css,uniform,X,5,0.006417531390789941,1.4806158717168107,0.0,1.0,20.0,20000,2000,2000,20000,548
method_c,css,uniform,Z,3,0.0023967951515918794,1.5707963267948966,0.0,1.0,20.0,20000,2000,2000,20000,3
method_c,css,uniform,Z,3,0.002929416296390075,1.5707963267948966,0.0,1.0,20.0,20000,2000,2000,20000,7
method_c,css,uniform,Z,3,0.0034620374411882702,1.5707963267948966,0.0,1.0,20.0,20000,2000,2000,20000,7
method_c,css,uniform,Z,3,0.003994658585986465,1.5707963267948966,0.0,1.0,20.0,20000,2000,2000,20000,16
method_c,css,uniform,Z,3,0.004527279730784661,1.5707963267948966,0.0,1.0,20.0,20000,2000,2000,20000,34
method_c,css,uniform,Z,3,0.005059900875582857,1.5707963267948966,0.0,1.0,20.0,20000,2000,2000,20000,43
method_c,css,uniform,Z,3,0.005592522020381051,1.5707963267948966,0.0,1.0,20.0,20000,2000,2000,20000,102
method_c,css,uniform,Z,3,0.006125143165179247,1.5707963267948966,0.0,1.0,20.0,20000,2000,2000,20000,151
method_c,css,uniform,Z,3,0.006657764309977442,1.5707963267948966,0.0,1.0,20.0,20000,2000,2000,20000,220
method_c,css,uniform,Z,3,0.007190385454775638,1.5707963267948966,0.0,1.0,20.0,20000,2000,2000,20000,339
method_c,css,uniform,Z,5,0.0023967951515918794,1.5707963267948966,0.0,1.0,20.0,20000,2000,2000,20000,0
method_c,css,uniform,Z,5,0.002929416296390075,1.5707963267948966,0.0,1.0,20.0,20000,2000,2000,20000,2
method_c,css,uniform,Z,5,0.0034620374411882702,1.5707963267948966,0.0,1.0,20.0,20000,2000,2000,20000,2
method_c,css,uniform,Z,5,0.003994658585986465,1.5707963267948966,0.0,1.0,20.0,20000,2000,2000,20000,1
method_c,css,uniform,Z,5,0.004527279730784661,1.5707963267948966,0.0,1.0,20.0,20000,2000,2000,20000,14
method_c,css,uniform,Z,5,0.005059900875582857,1.5707963267948966,0.0,1.0,20.0,20000,2000,2000,20000,44
method_c,css,uniform,Z,5,0.005592522020381051,1.5707963267948966,0.0,1.0,20.0,20000,2000,2000,20000,113
method_c,css,uniform,Z,5,0.006125143165179247,1.5707963267948966,0.0,1.0,20.0,20000,2000,2000,20000,201
method_c,css,uniform,Z,5,0.006657764309977442,1.5707963267948966,0.0,1.0,20.0,20000,2000,2000,20000,388
method_c,css,uniform,Z,5,0.007190385454775638,1.5707963267948966,0.0,1.0,20.0,20000,2000,2000,20000,641
method_c,css,uniform,X,3,0.0023967951515918794,1.5707963267948966,0.0,1.0,20.0,20000,2000,2000,20000,1
method_c,css,uniform,X,3,0.002929416296390075,1.5707963267948966,0.0,1.0,20.0,20000,2000,2000,20000,1
method_c,css,uniform,X,3,0.0034620374411882702,1.5707963267948966,0.0,1.0,20.0,20000,2000,2000,20000,6
method_c,css,uniform,X,3,0.003994658585986465,1.5707963267948966,0.0,1.0,20.0,20000,2000,2000,20000,11
method_c,css,uniform,X,3,0.004527279730784661,1.5707963267948966,0.0,1.0,20.0,20000,2000,2000,20000,28
method_c,css,uniform,X,3,0.005059900875582857,1.5707963267948966,0.0,1.0,20.0,20000,2000,2000,20000,45
method_c,css,uniform,X,3,0.005592522020381051,1.5707963267948966,0.0,1.0,20.0,20000,2000,2000,20000,89
method_c,css,uniform,X,3,0.006125143165179247,1.5707963267948966,0.0,1.0,20.0,20000,2000,2000,20000,129
method_c,css,uniform,X,3,0.006657764309977442,1.5707963267948966,0.0,1.0,20.0,20000,2000,2000,20000,203
method_c,css,uniform,X,3,0.007190385454775638,1.5707963267948966,0.0,1.0,20.0,20000,2000,2000,20000,288
method_c,css,uniform,X,5,0.0023967951515918794,1.5707963267948966,0.0,1.0,20.0,20000,2000,2000,20000,0
method_c,css,uniform,X,5,0.002929416296390075,1.5707963267948966,0.0,1.0,20.0,20000,2000,2000,20000,0
method_c,css,uniform,X,5,0.0034620374411882702,1.5707963267948966,0.0,1.0,20.0,20000,2000,2000,20000,1
method_c,css,uniform,X,5,0.003994658585986465,1.5707963267948966,0.0,1.0,20.0,20000,2000,2000,20000,3
method_c,css,uniform,X,5,0.004527279730784661,1.5707963267948966,0.0,1.0,20.0,20000,2000,2000,20000,8
method_c,css,uniform,X,5,0.005059900875582857,1.5707963267948966,0.0,1.0,20.0,20000,2000,2000,20000,24
method_c,css,uniform,X,5,0.005592522020381051,1.5707963267948966,0.0,1.0,20.0,20000,2000,2000,20000,68
method_c,css,uniform,X,5,0.006125143165179247,1.5707963267948966,0.0,1.0,20.0,20000,2000,2000,20000,133
method_c,css,uniform,X,5,0.006657764309977442,1.5707963267948966,0.0,1.0,20.0,20000,2000,2000,20000,245
method_c,css,uniform,X,5,0.007190385454775638,1.5707963267948966,0.0,1.0,20.0,20000,2000,2000,20000,446
method_c,css,uniform,Z,3,0.00396442963877233,0.0,0.23764252099357117,1.0,20.0,20000,2000,2000,20000,58
method_c,css,uniform,Z,3,0.00484541400294396,0.0,0.23764252099357117,1.0,20.0,20000,2000,2000,20000,167
method_c,css,uniform,Z,3,0.0057263983671155885,0.0,0.23764252099357117,1.0,20.0,20000,2000,2000,20000,372
method_c,css,uniform,Z,3,0.006607382731287217,0.0,0.23764252099357117,1.0,20.0,20000,2000,2000,20000,724
method_c,css,uniform,Z,3,0.007488367095458847,0.0,0.23764252099357117,1.0,20.0,20000,2000,2000,20000,1226
method_c,css,uniform,Z,3,0.008369351459630477,0.0,0.23764252099357117,1.0,20.0,20000,2000,2000,20000,1942
method_c,css,uniform,Z,3,0.009250335823802103,0.0,0.23764252099357117,1.0,20.0,20000,2000,2000,16000,2256
method_c,css,uniform,Z,3,0.010131320187973733,0.0,0.23764252099357117,1.0,20.0,20000,2000,2000,12000,2113
method_c,css,uniform,Z,3,0.011012304552145363,0.0,0.23764252099357117,1.0,20.0,20000,2000,2000,10000,2170
method_c,css,uniform,Z,3,0.011893288916316991,0.0,0.23764252099357117,1.0,20.0,20000,2000,2000,8000,2052
method_c,css,uniform,Z,5,0.00396442963877233,0.0,0.23764252099357117,1.0,20.0,20000,2000,2000,20000,22
method_c,css,uniform,Z,5,0.00484541400294396,0.0,0.23764252099357117,1.0,20.0,20000,2000,2000,20000,155
method_c,css,uniform,Z,5,0.0057263983671155885,0.0,0.23764252099357117,1.0,20.0,20000,2000,2000,20000,546
method_c,css,uniform,Z,5,0.006607382731287217,0.0,0.23764252099357117,1.0,20.0,20000,2000,2000,20000,1527
method_c,css,uniform,Z,5,0.007488367095458847,0.0,0.23764252099357117,1.0,20.0,20000,2000,2000,14000,2031
method_c,css,uniform,Z,5,0.008369351459630477,0.0,0.23764252099357117,1.0,20.0,20000,2000,2000,10000,2265
method_c,css,uniform,Z,5,0.009250335823802103,0.0,0.23764252099357117,1.0,20.0,20000,2000,2000,8000,2489
method_c,css,uniform,Z,5,0.010131320187973733,0.0,0.23764252099357117,1.0,20.0,20000,2000,2000,6000,2346
method_c,css,uniform,Z,5,0.011012304552145363,0.0,0.23764252099357117,1.0,20.0,20000,2000,2000,6000,2522
method_c,css,uniform,Z,5,0.011893288916316991,0.0,0.23764252099357117,1.0,20.0,20000,2000,2000,6000,2794
method_c,css,uniform,X,3,0.0015857718555089323,0.0,0.23764252099357117,1.0,20.0,20000,2000,2000,20000,0
method_c,css,uniform,X,3,0.001938165601177584,0.0,0.23764252099357117,1.0,20.0,20000,2000,2000,20000,4
method_c,css,uniform,X,3,0.0022905593468462355,0.0,0.23764252099357117,1.0,20.0,20000,2000,2000,20000,17
method_c,css,uniform,X,3,0.0026429530925148868,0.0,0.23764252099357117,1.0,20.0,20000,2000,2000,20000,38
method_c,css,uniform,X,3,0.0029953468381835385,0.0,0.23764252099357117,1.0,20.0,20000,2000,2000,20000,65
method_c,css,uniform,X,3,0.0033477405838521906,0.0,0.23764252099357117,1.0,20.0,20000,2000,2000,20000,116
method_c,css,uniform,X,3,0.0037001343295208415,0.0,0.23764252099357117,1.0,20.0,20000,2000,2000,20000,183
method_c,css,uniform,X,3,0.004052528075189493,0.0,0.23764252099357117,1.0,20.0,20000,2000,2000,20000,326
method_c,css,uniform,X,3,0.004404921820858145,0.0,0.23764252099357117,1.0,20.0,20000,2000,2000,20000,423
method_c,css,uniform,X,3,0.004757315566526797,0.0,0.23764252099357117,1.0,20.0,20000,2000,2000,20000,636
method_c,css,uniform,X,5,0.0015857718555089323,0.0,0.23764252099357117,1.0,20.0,20000,2000,2000,20000,0
method_c,css,uniform,X,5,0.001938165601177584,0.0,0.23764252099357117,1.0,20.0,20000,2000,2000,20000,0
method_c,css,uniform,X,5,0.0022905593468462355,0.0,0.23764252099357117,1.0,20.0,20000,2000,2000,20000,2
method_c,css,uniform,X,5,0.0026429530925148868,0.0,0.23764252099357117,1.0,20.0,20000,2000,2000,20000,8
method_c,css,uniform,X,5,0.0029953468381835385,0.0,0.23764252099357117,1.0,20.0,20000,2000,2000,20000,26
method_c,css,uniform,X,5,0.0033477405838521906,0.0,0.23764252099357117,1.0,20.0,20000,2000,2000,20000,91
method_c,css,uniform,X,5,0.0037001343295208415,0.0,0.23764252099357117,1.0,20.0,20000,2000,2000,20000,181
method_c,css,uniform,X,5,0.004052528075189493,0.0,0.23764252099357117,1.0,20.0,20000,2000,2000,20000,459
method_c,css,uniform,X,5,0.004404921820858145,0.0,0.23764252099357117,1.0,20.0,20000,2000,2000,20000,769
method_c,css,uniform,X,5,0.004757315566526797,0.0,0.23764252099357117,1.0,20.0,20000,2000,2000,20000,1290
method_c,css,uniform,Z,3,0.0035609688918060408,0.18807172101043254,0.2700595627463858,1.0,20.0,20000,2000,2000,20000,58
method_c,css,uniform,Z,3,0.004352295312207383,0.18807172101043254,0.2700595627463858,1.0,20.0,20000,2000,2000,20000,179
method_c,css,uniform,Z,3,0.0051436217326087256,0.18807172101043254,0.2700595627463858,1.0,20.0,20000,2000,2000,20000,429
method_c,css,uniform,Z,3,0.005934948153010067,0.18807172101043254,0.2700595627463858,1.0,20.0,20000,2000,2000,20000,732
method_c,css,uniform,Z,3,0.0067262745734114095,0.18807172101043254,0.2700595627463858,1.0,20.0,20000,2000,2000,20000,1288
method_c,css,uniform,Z,3,0.007517600993812754,0.18807172101043254,0.2700595627463858,1.0,20.0,20000,2000,2000,20000,2000
method_c,css,uniform,Z,3,0.008308927414214094,0.18807172101043254,0.2700595627463858,1.0,20.0,20000,2000,2000,16000,2128
method_c,css,uniform,Z,3,0.009100253834615437,0.18807172101043254,0.2700595627463858,1.0,20.0,20000,2000,2000,12000,2101
method_c,css,uniform,Z,3,0.009891580255016779,0.18807172101043254,0.2700595627463858,1.0,20.0,20000,2000,2000,10000,2220
method_c,css,uniform,Z,3,0.010682906675418121,0.18807172101043254,0.2700595627463858,1.0,20.0,20000,2000,2000,8000,2091
method_c,css,uniform,Z,5,0.0035609688918060408,0.18807172101043254,0.2700595627463858,1.0,20.0,20000,2000,2000,20000,34
method_c,css,uniform,Z,5,0.004352295312207383,0.18807172101043254,0.2700595627463858,1.0,20.0,20000,2000,2000,20000,155
method_c,css,uniform,Z,5,0.0051436217326087256,0.18807172101043254,0.2700595627463858,1.0,20.0,20000,2000,2000,20000,617
method_c,css,uniform,Z,5,0.005934948153010067,0.18807172101043254,0.2700595627463858,1.0,20.0,20000,2000,2000,20000,1596
method_c,css,uniform,Z,5,0.0067262745734114095,0.18807172101043254,0.2700595627463858,1.0,20.0,20000,2000,2000,14000,2167
method_c,css,uniform,Z,5,0.007517600993812754,0.18807172101043254,0.2700595627463858,1.0,20.0,20000,2000,2000,10000,2364
method_c,css,uniform,Z,5,0.008308927414214094,0.18807172101043254,0.2700595627463858,1.0,20.0,20000,2000,2000,8000,2467
method_c,css,uniform,Z,5,0.009100253834615437,0.18807172101043254,0.2700595627463858,1.0,20.0,20000,2000,2000,6000,2321
method_c,css,uniform,Z,5,0.009891580255016779,0.18807172101043254,0.2700595627463858,1.0,20.0,20000,2000,2000,6000,2516
method_c,css,uniform,Z,5,0.010682906675418121,0.18807172101043254,0.2700595627463858,1.0,20.0,20000,2000,2000,6000,2784
method_c,css,uniform,X,3,0.0014243875567224163,0.18807172101043254,0.2700595627463858,1.0,20.0,20000,2000,2000,20000,1
method_c,css,uniform,X,3,0.0017409181248829533,0.18807172101043254,0.2700595627463858,1.0,20.0,20000,2000,2000,20000,7
method_c,css,uniform,X,3,0.00205744869304349,0.18807172101043254,0.2700595627463858,1.0,20.0,20000,2000,2000,20000,11
method_c,css,uniform,X,3,0.0023739792612040267,0.18807172101043254,0.2700595627463858,1.0,20.0,20000,2000,2000,20000,31
method_c,css,uniform,X,3,0.002690509829364564,0.18807172101043254,0.2700595627463858,1.0,20.0,20000,2000,2000,20000,59
method_c,css,uniform,X,3,0.0030070403975251013,0.18807172101043254,0.2700595627463858,1.0,20.0,20000,2000,2000,20000,103
method_c,css,uniform,X,3,0.0033235709656856374,0.18807172101043254,0.2700595627463858,1.0,20.0,20000,2000,2000,20000,175
method_c,css,uniform,X,3,0.0036401015338461745,0.18807172101043254,0.2700595627463858,1.0,20.0,20000,2000,2000,20000,310
method_c,css,uniform,X,3,0.003956632102006712,0.18807172101043254,0.2700595627463858,1.0,20.0,20000,2000,2000,20000,391
method_c,css,uniform,X,3,0.004273162670167249,0.18807172101043254,0.2700595627463858,1.0,20.0,20000,2000,2000,20000,605
method_c,css,uniform,X,5,0.0014243875567224163,0.18807172101043254,0.2700595627463858,1.0,20.0,20000,2000,2000,20000,0
method_c,css,uniform,X,5,0.0017409181248829533,0.18807172101043254,0.2700595627463858,1.0,20.0,20000,2000,2000,20000,0
method_c,css,uniform,X,5,0.00205744869304349,0.18807172101043254,0.2700595627463858,1.0,20.0,20000,2000,2000,20000,1
method_c,css,uniform,X,5,0.0023739792612040267,0.18807172101043254,0.2700595627463858,1.0,20.0,20000,2000,2000,20000,3
method_c,css,uniform,X,5,0.002690509829364564,0.18807172101043254,0.2700595627463858,1.0,20.0,20000,2000,2000,20000,34
method_c,css,uniform,X,5,0.0030070403975251013,0.18807172101043254,0.2700595627463858,1.0,20.0,20000,2000,2000,20000,68
method_c,css,uniform,X,5,0.0033235709656856374,0.18807172101043254,0.2700595627463858,1.0,20.0,20000,2000,2000,20000,184
method_c,css,uniform,X,5,0.0036401015338461745,0.18807172101043254,0.2700595627463858,1.0,20.0,20000,2000,2000,20000,388
method_c,css,uniform,X,5,0.003956632102006712,0.18807172101043254,0.2700595627463858,1.0,20.0,20000,2000,2000,20000,709
method_c,css,uniform,X,5,0.004273162670167249,0.18807172101043254,0.2700595627463858,1.0,20.0,20000,2000,2000,20000,1148
method_c,css,uniform,Z,3,0.0033158319022501925,0.41323518906831136,0.3123850549782842,1.0,20.0,20000,2000,2000,20000,67
method_c,css,uniform,Z,3,0.004052683436083569,0.41323518906831136,0.3123850549782842,1.0,20.0,20000,2000,2000,20000,166
method_c,css,uniform,Z,3,0.004789534969916945,0.41323518906831136,0.3123850549782842,1.0,20.0,20000,2000,2000,20000,412
method_c,css,uniform,Z,3,0.00552638650375032,0.41323518906831136,0.3123850549782842,1.0,20.0,20000,2000,2000,20000,830
method_c,css,uniform,Z,3,0.0062632380375836965,0.41323518906831136,0.3123850549782842,1.0,20.0,20000,2000,2000,20000,1320
method_c,css,uniform,Z,3,0.0070000895714170735,0.41323518906831136,0.3123850549782842,1.0,20.0,20000,2000,2000,20000,1949
method_c,css,uniform,Z,3,0.007736941105250449,0.41323518906831136,0.3123850549782842,1.0,20.0,20000,2000,2000,14000,2023
method_c,css,uniform,Z,3,0.008473792639083825,0.41323518906831136,0.3123850549782842,1.0,20.0,20000,2000,2000,12000,2129
method_c,css,uniform,Z,3,0.009210644172917202,0.41323518906831136,0.3123850549782842,1.0,20.0,20000,2000,2000,10000,2207
method_c,css,uniform,Z,3,0.009947495706750579,0.41323518906831136,0.3123850549782842,1.0,20.0,20000,2000,2000,8000,2117
method_c,css,uniform,Z,5,0.0033158319022501925,0.41323518906831136,0.3123850549782842,1.0,20.0,20000,2000,2000,20000,39
method_c,css,uniform,Z,5,0.004052683436083569,0.41323518906831136,0.3123850549782842,1.0,20.0,20000,2000,2000,20000,198
method_c,css,uniform,Z,5,0.004789534969916945,0.41323518906831136,0.3123850549782842,1.0,20.0,20000,2000,2000,20000,716
method_c,css,uniform,Z,5,0.00552638650375032,0.41323518906831136,0.3123850549782842,1.0,20.0,20000,2000,2000,20000,1720
method_c,css,uniform,Z,5,0.0062632380375836965,0.41323518906831136,0.3123850549782842,1.0,20.0,20000,2000,2000,14000,2282
method_c,css,uniform,Z,5,0.0070000895714170735,0.41323518906831136,0.3123850549782842,1.0,20.0,20000,2000,2000,10000,2430
method_c,css,uniform,Z,5,0.007736941105250449,0.41323518906831136,0.3123850549782842,1.0,20.0,20000,2000,2000,8000,2612
method_c,css,uniform,Z,5,0.008473792639083825,0.41323518906831136,0.3123850549782842,1.0,20.0,20000,2000,2000,6000,2255
method_c,css,uniform,Z,5,0.009210644172917202,0.41323518906831136,0.3123850549782842,1.0,20.0,20000,2000,2000,6000,2558
method_c,css,uniform,Z,5,0.009947495706750579,0.41323518906831136,0.3123850549782842,1.0,20.0,20000,2000,2000,6000,2689
method_c,css,uniform,X,3,0.001326332760900077,0.41323518906831136,0.3123850549782842,1.0,20.0,20000,2000,2000,20000,2
method_c,css,uniform,X,3,0.0016210733744334276,0.41323518906831136,0.3123850549782842,1.0,20.0,20000,2000,2000,20000,5
method_c,css,uniform,X,3,0.001915813987966778,0.41323518906831136,0.3123850549782842,1.0,20.0,20000,2000,2000,20000,9
method_c,css,uniform,X,3,0.0022105546015001283,0.41323518906831136,0.3123850549782842,1.0,20.0,20000,2000,2000,20000,26
method_c,css,uniform,X,3,0.0025052952150334787,0.41323518906831136,0.3123850549782842,1.0,20.0,20000,2000,2000,20000,60
method_c,css,uniform,X,3,0.0028000358285668295,0.41323518906831136,0.3123850549782842,1.0,20.0,20000,2000,2000,20000,110
method_c,css,uniform,X,3,0.0030947764421001794,0.41323518906831136,0.3123850549782842,1.0,20.0,20000,2000,2000,20000,173
method_c,css,uniform,X,3,0.0033895170556335298,0.41323518906831136,0.3123850549782842,1.0,20.0,20000,2000,2000,20000,284
method_c,css,uniform,X,3,0.0036842576691668806,0.41323518906831136,0.3123850549782842,1.0,20.0,20000,2000,2000,20000,411
method_c,css,uniform,X,3,0.003978998282700231,0.41323518906831136,0.3123850549782842,1.0,20.0,20000,2000,2000,20000,557
method_c,css,uniform,X,5,0.001326332760900077,0.41323518906831136,0.3123850549782842,1.0,20.0,20000,2000,2000,20000,0
method_c,css,uniform,X,5,0.0016210733744334276,0.41323518906831136,0.3123850549782842,1.0,20.0,20000,2000,2000,20000,0
method_c,css,uniform,X,5,0.001915813987966778,0.41323518906831136,0.3123850549782842,1.0,20.0,20000,2000,2000,20000,4
method_c,css,uniform,X,5,0.0022105546015001283,0.41323518906831136,0.3123850549782842,1.0,20.0,20000,2000,2000,20000,7
method_c,css,uniform,X,5,0.0025052952150334787,0.41323518906831136,0.3123850549782842,1.0,20.0,20000,2000,2000,20000,22
method_c,css,uniform,X,5,0.0028000358285668295,0.41323518906831136,0.3123850549782842,1.0,20.0,20000,2000,2000,20000,83
method_c,css,uniform,X,5,0.0030947764421001794,0.41323518906831136,0.3123850549782842,1.0,20.0,20000,2000,2000,20000,181
method_c,css,uniform,X,5,0.0033895170556335298,0.41323518906831136,0.3123850549782842,1.0,20.0,20000,2000,2000,20000,359
method_c,css,uniform,X,5,0.0036842576691668806,0.41323518906831136,0.3123850549782842,1.0,20.0,20000,2000,2000,20000,693
method_c,css,uniform,X,5,0.003978998282700231,0.41323518906831136,0.3123850549782842,1.0,20.0,20000,2000,2000,20000,1061
method_c,css,uniform,Z,3,0.0032648778886025546,0.6582865324523222,0.36972877472094356,1.0,20.0,20000,2000,2000,20000,69
method_c,css,uniform,Z,3,0.003990406308292012,0.6582865324523222,0.36972877472094356,1.0,20.0,20000,2000,2000,20000,191
method_c,css,uniform,Z,3,0.004715934727981468,0.6582865324523222,0.36972877472094356,1.0,20.0,20000,2000,2000,20000,446
method_c,css,uniform,Z,3,0.005441463147670924,0.6582865324523222,0.36972877472094356,1.0,20.0,20000,2000,2000,20000,842
method_c,css,uniform,Z,3,0.006166991567360381,0.6582865324523222,0.36972877472094356,1.0,20.0,20000,2000,2000,20000,1337
method_c,css,uniform,Z,3,0.006892519987049838,0.6582865324523222,0.36972877472094356,1.0,20.0,20000,2000,2000,20000,1973
method_c,css,uniform,Z,3,0.007618048406739294,0.6582865324523222,0.36972877472094356,1.0,20.0,20000,2000,2000,16000,2261
method_c,css,uniform,Z,3,0.00834357682642875,0.6582865324523222,0.36972877472094356,1.0,20.0,20000,2000,2000,12000,2132
method_c,css,uniform,Z,3,0.009069105246118207,0.6582865324523222,0.36972877472094356,1.0,20.0,20000,2000,2000,10000,2230
method_c,css,uniform,Z,3,0.009794633665807665,0.6582865324523222,0.36972877472094356,1.0,20.0,20000,2000,2000,8000,2133
method_c,css,uniform,Z,5,0.0032648778886025546,0.6582865324523222,0.36972877472094356,1.0,20.0,20000,2000,2000,20000,35
method_c,css,uniform,Z,5,0.003990406308292012,0.6582865324523222,0.36972877472094356,1.0,20.0,20000,2000,2000,20000,219
method_c,css,uniform,Z,5,0.004715934727981468,0.6582865324523222,0.36972877472094356,1.0,20.0,20000,2000,2000,20000,750
method_c,css,uniform,Z,5,0.005441463147670924,0.6582865324523222,0.36972877472094356,1.0,20.0,20000,2000,2000,20000,1792
method_c,css,uniform,Z,5,0.006166991567360381,0.6582865324523222,0.36972877472094356,1.0,20.0,20000,2000,2000,14000,2319
method_c,css,uniform,Z,5,0.006892519987049838,0.6582865324523222,0.36972877472094356,1.0,20.0,20000,2000,2000,8000,2014
method_c,css,uniform,Z,5,0.007618048406739294,0.6582865324523222,0.36972877472094356,1.0,20.0,20000,2000,2000,6000,2061
method_c,css,uniform,Z,5,0.00834357682642875,0.6582865324523222,0.36972877472094356,1.0,20.0,20000,2000,2000,6000,2411
method_c,css,uniform,Z,5,0.009069105246118207,0.6582865324523222,0.36972877472094356,1.0,20.0,20000,2000,2000,6000,2627
method_c,css,uniform,Z,5,0.009794633665807665,0.6582865324523222,0.36972877472094356,1.0,20.0,20000,2000,2000,6000,2750
method_c,css,uniform,X,3,0.0013059511554410219,0.6582865324523222,0.36972877472094356,1.0,20.0,20000,2000,2000,20000,1
method_c,css,uniform,X,3,0.0015961625233168047,0.6582865324523222,0.36972877472094356,1.0,20.0,20000,2000,2000,20000,3
method_c,css,uniform,X,3,0.0018863738911925872,0.6582865324523222,0.36972877472094356,1.0,20.0,20000,2000,2000,20000,16
method_c,css,uniform,X,3,0.0021765852590683696,0.6582865324523222,0.36972877472094356,1.0,20.0,20000,2000,2000,20000,25
method_c,css,uniform,X,3,0.0024667966269441522,0.6582865324523222,0.36972877472094356,1.0,20.0,20000,2000,2000,20000,46
method_c,css,uniform,X,3,0.0027570079948199353,0.6582865324523222,0.36972877472094356,1.0,20.0,20000,2000,2000,20000,106
method_c,css,uniform,X,3,0.0030472193626957175,0.6582865324523222,0.36972877472094356,1.0,20.0,20000,2000,2000,20000,160
method_c,css,uniform,X,3,0.0033374307305715,0.6582865324523222,0.36972877472094356,1.0,20.0,20000,2000,2000,20000,261
method_c,css,uniform,X,3,0.003627642098447283,0.6582865324523222,0.36972877472094356,1.0,20.0,20000,2000,2000,20000,372
method_c,css,uniform,X,3,0.003917853466323066,0.6582865324523222,0.36972877472094356,1.0,20.0,20000,2000,2000,20000,508
method_c,css,uniform,X,5,0.0013059511554410219,0.6582865324523222,0.36972877472094356,1.0,20.0,20000,2000,2000,20000,0
method_c,css,uniform,X,5,0.0015961625233168047,0.6582865324523222,0.36972877472094356,1.0,20.0,20000,2000,2000,20000,0
method_c,css,uniform,X,5,0.0018863738911925872,0.6582865324523222,0.36972877472094356,1.0,20.0,20000,2000,2000,20000,1
method_c,css,uniform,X,5,0.0021765852590683696,0.6582865324523222,0.36972877472094356,1.0,20.0,20000,2000,2000,20000,5
method_c,css,uniform,X,5,0.0024667966269441522,0.6582865324523222,0.36972877472094356,1.0,20.0,20000,2000,2000,20000,23
method_c,css,uniform,X,5,0.0027570079948199353,0.6582865324523222,0.36972877472094356,1.0,20.0,20000,2000,2000,20000,68
method_c,css,uniform,X,5,0.0030472193626957175,0.6582865324523222,0.36972877472094356,1.0,20.0,20000,2000,2000,20000,159
method_c,css,uniform,X,5,0.0033374307305715,0.6582865324523222,0.36972877472094356,1.0,20.0,20000,2000,2000,20000,328
method_c,css,uniform,X,5,0.003627642098447283,0.6582865324523222,0.36972877472094356,1.0,20.0,20000,2000,2000,20000,581
method_c,css,uniform,X,5,0.003917853466323066,0.6582865324523222,0.36972877472094356,1.0,20.0,20000,2000,2000,20000,967
method_c,css,uniform,Z,3,0.003416805338167157,0.8937298412842906,0.45112145876910636,1.0,20.0,20000,2000,2000,20000,62
method_c,css,uniform,Z,3,0.004176095413315414,0.8937298412842906,0.45112145876910636,1.0,20.0,20000,2000,2000,20000,216
method_c,css,uniform,Z,3,0.004935385488463671,0.8937298412842906,0.45112145876910636,1.0,20.0,20000,2000,2000,20000,455
method_c,css,uniform,Z,3,0.005694675563611928,0.8937298412842906,0.45112145876910636,1.0,20.0,20000,2000,2000,20000,781
method_c,css,uniform,Z,3,0.006453965638760184,0.8937298412842906,0.45112145876910636,1.0,20.0,20000,2000,2000,20000,1297
method_c,css,uniform,Z,3,0.007213255713908443,0.8937298412842906,0.45112145876910636,1.0,20.0,20000,2000,2000,20000,1979
method_c,css,uniform,Z,3,0.007972545789056698,0.8937298412842906,0.45112145876910636,1.0,20.0,20000,2000,2000,16000,2268
method_c,css,uniform,Z,3,0.008731835864204954,0.8937298412842906,0.45112145876910636,1.0,20.0,20000,2000,2000,12000,2170
method_c,css,uniform,Z,3,0.009491125939353213,0.8937298412842906,0.45112145876910636,1.0,20.0,20000,2000,2000,10000,2300
method_c,css,uniform,Z,3,0.010250416014501471,0.8937298412842906,0.45112145876910636,1.0,20.0,20000,2000,2000,8000,2177
method_c,css,uniform,Z,5,0.003416805338167157,0.8937298412842906,0.45112145876910636,1.0,20.0,20000,2000,2000,20000,34
method_c,css,uniform,Z,5,0.004176095413315414,0.8937298412842906,0.45112145876910636,1.0,20.0,20000,2000,2000,20000,263
method_c,css,uniform,Z,5,0.004935385488463671,0.8937298412842906,0.45112145876910636,1.0,20.0,20000,2000,2000,20000,823
method_c,css,uniform,Z,5,0.005694675563611928,0.8937298412842906,0.45112145876910636,1.0,20.0,20000,2000,2000,20000,1967
method_c,css,uniform,Z,5,0.006453965638760184,0.8937298412842906,0.45112145876910636,1.0,20.0,20000,2000,2000,12000,2075
method_c,css,uniform,Z,5,0.007213255713908443,0.8937298412842906,0.45112145876910636,1.0,20.0,20000,2000,2000,8000,2103
method_c,css,uniform,Z,5,0.007972545789056698,0.8937298412842906,0.45112145876910636,1.0,20.0,20000,2000,2000,6000,2001
method_c,css,uniform,Z,5,0.008731835864204954,0.8937298412842906,0.45112145876910636,1.0,20.0,20000,2000,2000,6000,2484
method_c,css,uniform,Z,5,0.009491125939353213,0.8937298412842906,0.45112145876910636,1.0,20.0,20000,2000,2000,6000,2637
method_c,css,uniform,Z,5,0.010250416014501471,0.8937298412842906,0.45112145876910636,1.0,20.0,20000,2000,2000,6000,2759
method_c,css,uniform,X,3,0.0013667221352668627,0.8937298412842906,0.45112145876910636,1.0,20.0,20000,2000,2000,20000,1
method_c,css,uniform,X,3,0.0016704381653261657,0.8937298412842906,0.45112145876910636,1.0,20.0,20000,2000,2000,20000,5
method_c,css,uniform,X,3,0.0019741541953854683,0.8937298412842906,0.45112145876910636,1.0,20.0,20000,2000,2000,20000,11
method_c,css,uniform,X,3,0.002277870225444771,0.8937298412842906,0.45112145876910636,1.0,20.0,20000,2000,2000,20000,28
method_c,css,uniform,X,3,0.002581586255504074,0.8937298412842906,0.45112145876910636,1.0,20.0,20000,2000,2000,20000,44
method_c,css,uniform,X,3,0.002885302285563377,0.8937298412842906,0.45112145876910636,1.0,20.0,20000,2000,2000,20000,72
method_c,css,uniform,X,3,0.003189018315622679,0.8937298412842906,0.45112145876910636,1.0,20.0,20000,2000,2000,20000,169
method_c,css,uniform,X,3,0.003492734345681982,0.8937298412842906,0.45112145876910636,1.0,20.0,20000,2000,2000,20000,269
method_c,css,uniform,X,3,0.003796450375741285,0.8937298412842906,0.45112145876910636,1.0,20.0,20000,2000,2000,20000,322
method_c,css,uniform,X,3,0.004100166405800588,0.8937298412842906,0.45112145876910636,1.0,20.0,20000,2000,2000,20000,517
method_c,css,uniform,X,5,0.0013667221352668627,0.8937298412842906,0.45112145876910636,1.0,20.0,20000,2000,2000,20000,0
method_c,css,uniform,X,5,0.0016704381653261657,0.8937298412842906,0.45112145876910636,1.0,20.0,20000,2000,2000,20000,1
method_c,css,uniform,X,5,0.0019741541953854683,0.8937298412842906,0.45112145876910636,1.0,20.0,20000,2000,2000,20000,0
method_c,css,uniform,X,5,0.002277870225444771,0.8937298412842906,0.45112145876910636,1.0,20.0,20000,2000,2000,20000,7
method_c,css,uniform,X,5,0.002581586255504074,0.8937298412842906,0.45112145876910636,1.0,20.0,20000,2000,2000,20000,26
method_c,css,uniform,X,5,0.002885302285563377,0.8937298412842906,0.45112145876910636,1.0,20.0,20000,2000,2000,20000,65
method_c,css,uniform,X,5,0.003189018315622679,0.8937298412842906,0.45112145876910636,1.0,20.0,20000,2000,2000,20000,133
method_c,css,uniform,X,5,0.003492734345681982,0.8937298412842906,0.45112145876910636,1.0,20.0,20000,2000,2000,20000,266
method_c,css,uniform,X,5,0.003796450375741285,0.8937298412842906,0.45112145876910636,1.0,20.0,20000,2000,2000,20000,523
method_c,css,uniform,X,5,0.004100166405800588,0.8937298412842906,0.45112145876910636,1.0,20.0,20000,2000,2000,20000,904
method_c,css,uniform,Z,3,0.0037470167437983564,1.0938669050932954,0.5735007014351428,1.0,20.0,20000,2000,2000,20000,68
method_c,css,uniform,Z,3,0.004579687131309102,1.0938669050932954,0.5735007014351428,1.0,20.0,20000,2000,2000,20000,207
method_c,css,uniform,Z,3,0.005412357518819848,1.0938669050932954,0.5735007014351428,1.0,20.0,20000,2000,2000,20000,439
method_c,css,uniform,Z,3,0.006245027906330593,1.0938669050932954,0.5735007014351428,1.0,20.0,20000,2000,2000,20000,847
method_c,css,uniform,Z,3,0.00707769829384134,1.0938669050932954,0.5735007014351428,1.0,20.0,20000,2000,2000,20000,1380
method_c,css,uniform,Z,3,0.007910368681352085,1.0938669050932954,0.5735007014351428,1.0,20.0,20000,2000,2000,20000,2162
method_c,css,uniform,Z,3,0.00874303906886283,1.0938669050932954,0.5735007014351428,1.0,20.0,20000,2000,2000,14000,2095
method_c,css,uniform,Z,3,0.009575709456373576,1.0938669050932954,0.5735007014351428,1.0,20.0,20000,2000,2000,12000,2214
method_c,css,uniform,Z,3,0.010408379843884322,1.0938669050932954,0.5735007014351428,1.0,20.0,20000,2000,2000,10000,2304
method_c,css,uniform,Z,3,0.011241050231395069,1.0938669050932954,0.5735007014351428,1.0,20.0,20000,2000,2000,8000,2147
method_c,css,uniform,Z,5,0.0037470167437983564,1.0938669050932954,0.5735007014351428,1.0,20.0,20000,2000,2000,20000,52
method_c,css,uniform,Z,5,0.004579687131309102,1.0938669050932954,0.5735007014351428,1.0,20.0,20000,2000,2000,20000,255
method_c,css,uniform,Z,5,0.005412357518819848,1.0938669050932954,0.5735007014351428,1.0,20.0,20000,2000,2000,20000,887
method_c,css,uniform,Z,5,0.006245027906330593,1.0938669050932954,0.5735007014351428,1.0,20.0,20000,2000,2000,20000,2016
method_c,css,uniform,Z,5,0.00707769829384134,1.0938669050932954,0.5735007014351428,1.0,20.0,20000,2000,2000,12000,2136
method_c,css,uniform,Z,5,0.007910368681352085,1.0938669050932954,0.5735007014351428,1.0,20.0,20000,2000,2000,8000,2113
method_c,css,uniform,Z,5,0.00874303906886283,1.0938669050932954,0.5735007014351428,1.0,20.0,20000,2000,2000,6000,2005
method_c,css,uniform,Z,5,0.009575709456373576,1.0938669050932954,0.5735007014351428,1.0,20.0,20000,2000,2000,6000,2381
method_c,css,uniform,Z,5,0.010408379843884322,1.0938669050932954,0.5735007014351428,1.0,20.0,20000,2000,2000,6000,2669
method_c,css,uniform,Z,5,0.011241050231395069,1.0938669050932954,0.5735007014351428,1.0,20.0,20000,2000,2000,6000,2847
method_c,css,uniform,X,3,0.0014988066975193425,1.0938669050932954,0.5735007014351428,1.0,20.0,20000,2000,2000,20000,0
method_c,css,uniform,X,3,0.001831874852523641,1.0938669050932954,0.5735007014351428,1.0,20.0,20000,2000,2000,20000,2
method_c,css,uniform,X,3,0.002164943007527939,1.0938669050932954,0.5735007014351428,1.0,20.0,20000,2000,2000,20000,12
method_c,css,uniform,X,3,0.0024980111625322373,1.0938669050932954,0.5735007014351428,1.0,20.0,20000,2000,2000,20000,27
method_c,css,uniform,X,3,0.002831079317536536,1.0938669050932954,0.5735007014351428,1.0,20.0,20000,2000,2000,20000,39
method_c,css,uniform,X,3,0.003164147472540834,1.0938669050932954,0.5735007014351428,1.0,20.0,20000,2000,2000,20000,83
method_c,css,uniform,X,3,0.003497215627545132,1.0938669050932954,0.5735007014351428,1.0,20.0,20000,2000,2000,20000,140
method_c,css,uniform,X,3,0.0038302837825494305,1.0938669050932954,0.5735007014351428,1.0,20.0,20000,2000,2000,20000,210
method_c,css,uniform,X,3,0.004163351937553729,1.0938669050932954,0.5735007014351428,1.0,20.0,20000,2000,2000,20000,353
method_c,css,uniform,X,3,0.004496420092558027,1.0938669050932954,0.5735007014351428,1.0,20.0,20000,2000,2000,20000,447
method_c,css,uniform,X,5,0.0014988066975193425,1.0938669050932954,0.5735007014351428,1.0,20.0,20000,2000,2000,20000,0
method_c,css,uniform,X,5,0.001831874852523641,1.0938669050932954,0.5735007014351428,1.0,20.0,20000,2000,2000,20000,0
method_c,css,uniform,X,5,0.002164943007527939,1.0938669050932954,0.5735007014351428,1.0,20.0,20000,2000,2000,20000,0
method_c,css,uniform,X,5,0.0024980111625322373,1.0938669050932954,0.5735007014351428,1.0,20.0,20000,2000,2000,20000,5
method_c,css,uniform,X,5,0.002831079317536536,1.0938669050932954,0.5735007014351428,1.0,20.0,20000,2000,2000,20000,21
method_c,css,uniform,X,5,0.003164147472540834,1.0938669050932954,0.5735007014351428,1.0,20.0,20000,2000,2000,20000,42
method_c,css,uniform,X,5,0.003497215627545132,1.0938669050932954,0.5735007014351428,1.0,20.0,20000,2000,2000,20000,113
method_c,css,uniform,X,5,0.0038302837825494305,1.0938669050932954,0.5735007014351428,1.0,20.0,20000,2000,2000,20000,251
method_c,css,uniform,X,5,0.004163351937553729,1.0938669050932954,0.5735007014351428,1.0,20.0,20000,2000,2000,20000,521
method_c,css,uniform,X,5,0.004496420092558027,1.0938669050932954,0.5735007014351428,1.0,20.0,20000,2000,2000,20000,874
method_c,css,uniform,Z,3,0.001685522110474679,1.246870465426123,0.7695924644078832,1.0,20.0,20000,2000,2000,20000,0
method_c,css,uniform,Z,3,0.002060082579469052,1.246870465426123,0.7695924644078832,1.0,20.0,20000,2000,2000,20000,1
method_c,css,uniform,Z,3,0.002434643048463425,1.246870465426123,0.7695924644078832,1.0,20.0,20000,2000,2000,20000,6
method_c,css,uniform,Z,3,0.002809203517457798,1.246870465426123,0.7695924644078832,1.0,20.0,20000,2000,2000,20000,7
method_c,css,uniform,Z,3,0.0031837639864521713,1.246870465426123,0.7695924644078832,1.0,20.0,20000,2000,2000,20000,11
method_c,css,uniform,Z,3,0.0035583244554465445,1.246870465426123,0.7695924644078832,1.0,20.0,20000,2000,2000,20000,21
method_c,css,uniform,Z,3,0.003932884924440917,1.246870465426123,0.7695924644078832,1.0,20.0,20000,2000,2000,20000,55
method_c,css,uniform,Z,3,0.0043074453934352904,1.246870465426123,0.7695924644078832,1.0,20.0,20000,2000,2000,20000,89
method_c,css,uniform,Z,3,0.004682005862429664,1.246870465426123,0.7695924644078832,1.0,20.0,20000,2000,2000,20000,127
method_c,css,uniform,Z,3,0.005056566331424037,1.246870465426123,0.7695924644078832,1.0,20.0,20000,2000,2000,20000,181
method_c,css,uniform,Z,5,0.001685522110474679,1.246870465426123,0.7695924644078832,1.0,20.0,20000,2000,2000,20000,0
method_c,css,uniform,Z,5,0.002060082579469052,1.246870465426123,0.7695924644078832,1.0,20.0,20000,2000,2000,20000,0
method_c,css,uniform,Z,5,0.002434643048463425,1.246870465426123,0.7695924644078832,1.0,20.0,20000,2000,2000,20000,2
method_c,css,uniform,Z,5,0.002809203517457798,1.246870465426123,0.7695924644078832,1.0,20.0,20000,2000,2000,20000,2
method_c,css,uniform,Z,5,0.0031837639864521713,1.246870465426123,0.7695924644078832,1.0,20.0,20000,2000,2000,20000,2
method_c,css,uniform,Z,5,0.0035583244554465445,1.246870465426123,0.7695924644078832,1.0,20.0,20000,2000,2000,20000,19
method_c,css,uniform,Z,5,0.003932884924440917,1.246870465426123,0.7695924644078832,1.0,20.0,20000,2000,2000,20000,33
method_c,css,uniform,Z,5,0.0043074453934352904,1.246870465426123,0.7695924644078832,1.0,20.0,20000,2000,2000,20000,62
method_c,css,uniform,Z,5,0.004682005862429664,1.246870465426123,0.7695924644078832,1.0,20.0,20000,2000,2000,20000,133
method_c,css,uniform,Z,5,0.005056566331424037,1.246870465426123,0.7695924644078832,1.0,20.0,20000,2000,2000,20000,240
method_c,css,uniform,X,3,0.001685522110474679,1.246870465426123,0.7695924644078832,1.0,20.0,20000,2000,2000,20000,0
method_c,css,uniform,X,3,0.002060082579469052,1.246870465426123,0.7695924644078832,1.0,20.0,20000,2000,2000,20000,2
method_c,css,uniform,X,3,0.002434643048463425,1.246870465426123,0.7695924644078832,1.0,20.0,20000,2000,2000,20000,7
method_c,css,uniform,X,3,0.002809203517457798,1.246870465426123,0.7695924644078832,1.0,20.0,20000,2000,2000,20000,21
method_c,css,uniform,X,3,0.0031837639864521713,1.246870465426123,0.7695924644078832,1.0,20.0,20000,2000,2000,20000,46
method_c,css,uniform,X,3,0.0035583244554465445,1.246870465426123,0.7695924644078832,1.0,20.0,20000,2000,2000,20000,62
method_c,css,uniform,X,3,0.003932884924440917,1.246870465426123,0.7695924644078832,1.0,20.0,20000,2000,2000,20000,123
method_c,css,uniform,X,3,0.0043074453934352904,1.246870465426123,0.7695924644078832,1.0,20.0,20000,2000,2000,20000,218
method_c,css,uniform,X,3,0.004682005862429664,1.246870465426123,0.7695924644078832,1.0,20.0,20000,2000,2000,20000,284
method_c,css,uniform,X,3,0.005056566331424037,1.246870465426123,0.7695924644078832,1.0,20.0,20000,2000,2000,20000,428
method_c,css,uniform,X,5,0.001685522110474679,1.246870465426123,0.7695924644078832,1.0,20.0,20000,2000,2000,20000,0
method_c,css,uniform,X,5,0.002060082579469052,1.246870465426123,0.7695924644078832,1.0,20.0,20000,2000,2000,20000,0
method_c,css,uniform,X,5,0.002434643048463425,1.246870465426123,0.7695924644078832,1.0,20.0,20000,2000,2000,20000,3
method_c,css,uniform,X,5,0.002809203517457798,1.246870465426123,0.7695924644078832,1.0,20.0,20000,2000,2000,20000,5
method_c,css,uniform,X,5,0.0031837639864521713,1.246870465426123,0.7695924644078832,1.0,20.0,20000,2000,2000,20000,11
method_c,css,uniform,X,5,0.0035583244554465445,1.246870465426123,0.7695924644078832,1.0,20.0,20000,2000,2000,20000,43
method_c,css,uniform,X,5,0.003932884924440917,1.246870465426123,0.7695924644078832,1.0,20.0,20000,2000,2000,20000,130
method_c,css,uniform,X,5,0.0043074453934352904,1.246870465426123,0.7695924644078832,1.0,20.0,20000,2000,2000,20000,227
method_c,css,uniform,X,5,0.004682005862429664,1.246870465426123,0.7695924644078832,1.0,20.0,20000,2000,2000,20000,431
method_c,css,uniform,X,5,0.005056566331424037,1.246870465426123,0.7695924644078832,1.0,20.0,20000,2000,2000,20000,814
method_c,css,uniform,Z,3,0.0019109210345116168,1.3491502875329648,1.0943827170833968,1.0,20.0,20000,2000,2000,20000,0
method_c,css,uniform,Z,3,0.0023355701532919763,1.3491502875329648,1.0943827170833968,1.0,20.0,20000,2000,2000,20000,1
method_c,css,uniform,Z,3,0.002760219272072335,1.3491502875329648,1.0943827170833968,1.0,20.0,20000,2000,2000,20000,5
method_c,css,uniform,Z,3,0.0031848683908526944,1.3491502875329648,1.0943827170833968,1.0,20.0,20000,2000,2000,20000,11
method_c,css,uniform,Z,3,0.0036095175096330537,1.3491502875329648,1.0943827170833968,1.0,20.0,20000,2000,2000,20000,16
method_c,css,uniform,Z,3,0.004034166628413413,1.3491502875329648,1.0943827170833968,1.0,20.0,20000,2000,2000,20000,32
method_c,css,uniform,Z,3,0.004458815747193772,1.3491502875329648,1.0943827170833968,1.0,20.0,20000,2000,2000,20000,52
method_c,css,uniform,Z,3,0.0048834648659741315,1.3491502875329648,1.0943827170833968,1.0,20.0,20000,2000,2000,20000,88
method_c,css,uniform,Z,3,0.005308113984754491,1.3491502875329648,1.0943827170833968,1.0,20.0,20000,2000,2000,20000,136
method_c,css,uniform,Z,3,0.00573276310353485,1.3491502875329648,1.0943827170833968,1.0,20.0,20000,2000,2000,20000,209
method_c,css,uniform,Z,5,0.0019109210345116168,1.3491502875329648,1.0943827170833968,1.0,20.0,20000,2000,2000,20000,0
method_c,css,uniform,Z,5,0.0023355701532919763,1.3491502875329648,1.0943827170833968,1.0,20.0,20000,2000,2000,20000,0
method_c,css,uniform,Z,5,0.002760219272072335,1.3491502875329648,1.0943827170833968,1.0,20.0,20000,2000,2000,20000,0
method_c,css,uniform,Z,5,0.0031848683908526944,1.3491502875329648,1.0943827170833968,1.0,20.0,20000,2000,2000,20000,0
method_c,css,uniform,Z,5,0.0036095175096330537,1.3491502875329648,1.0943827170833968,1.0,20.0,20000,2000,2000,20000,4
method_c,css,uniform,Z,5,0.004034166628413413,1.3491502875329648,1.0943827170833968,1.0,20.0,20000,2000,2000,20000,11
method_c,css,uniform,Z,5,0.004458815747193772,1.3491502875329648,1.0943827170833968,1.0,20.0,20000,2000,2000,20000,30
method_c,css,uniform,Z,5,0.0048834648659741315,1.3491502875329648,1.0943827170833968,1.0,20.0,20000,2000,2000,20000,69
method_c,css,uniform,Z,5,0.005308113984754491,1.3491502875329648,1.0943827170833968,1.0,20.0,20000,2000,2000,20000,150
method_c,css,uniform,Z,5,0.00573276310353485,1.3491502875329648,1.0943827170833968,1.0,20.0,20000,2000,2000,20000,261
method_c,css,uniform,X,3,0.0019109210345116168,1.3491502875329648,1.0943827170833968,1.0,20.0,20000,2000,2000,20000,0
method_c,css,uniform,X,3,0.0023355701532919763,1.3491502875329648,1.0943827170833968,1.0,20.0,20000,2000,2000,20000,3
method_c,css,uniform,X,3,0.002760219272072335,1.3491502875329648,1.0943827170833968,1.0,20.0,20000,2000,2000,20000,9
method_c,css,uniform,X,3,0.0031848683908526944,1.3491502875329648,1.0943827170833968,1.0,20.0,20000,2000,2000,20000,22
method_c,css,uniform,X,3,0.0036095175096330537,1.3491502875329648,1.0943827170833968,1.0,20.0,20000,2000,2000,20000,39
method_c,css,uniform,X,3,0.004034166628413413,1.3491502875329648,1.0943827170833968,1.0,20.0,20000,2000,2000,20000,62
method_c,css,uniform,X,3,0.004458815747193772,1.3491502875329648,1.0943827170833968,1.0,20.0,20000,2000,2000,20000,128
method_c,css,uniform,X,3,0.0048834648659741315,1.3491502875329648,1.0943827170833968,1.0,20.0,20000,2000,2000,20000,200
method_c,css,uniform,X,3,0.005308113984754491,1.3491502875329648,1.0943827170833968,1.0,20.0,20000,2000,2000,20000,286
method_c,css,uniform,X,3,0.00573276310353485,1.3491502875329648,1.0943827170833968,1.0,20.0,20000,2000,2000,20000,409
method_c,css,uniform,X,5,0.0019109210345116168,1.3491502875329648,1.0943827170833968,1.0,20.0,20000,2000,2000,20000,0
method_c,css,uniform,X,5,0.0023355701532919763,1.3491502875329648,1.0943827170833968,1.0,20.0,20000,2000,2000,20000,0
method_c,css,uniform,X,5,0.002760219272072335,1.3491502875329648,1.0943827170833968,1.0,20.0,20000,2000,2000,20000,0
method_c,css,uniform,X,5,0.0031848683908526944,1.3491502875329648,1.0943827170833968,1.0,20.0,20000,2000,2000,20000,3
method_c,css,uniform,X,5,0.0036095175096330537,1.3491502875329648,1.0943827170833968,1.0,20.0,20000,2000,2000,20000,13
method_c,css,uniform,X,5,0.004034166628413413,1.3491502875329648,1.0943827170833968,1.0,20.0,20000,2000,2000,20000,43
method_c,css,uniform,X,5,0.004458815747193772,1.3491502875329648,1.0943827170833968,1.0,20.0,20000,2000,2000,20000,112
method_c,css,uniform,X,5,0.0048834648659741315,1.3491502875329648,1.0943827170833968,1.0,20.0,20000,2000,2000,20000,212
method_c,css,uniform,X,5,0.005308113984754491,1.3491502875329648,1.0943827170833968,1.0,20.0,20000,2000,2000,20000,422
method_c,css,uniform,X,5,0.00573276310353485,1.3491502875329648,1.0943827170833968,1.0,20.0,20000,2000,2000,20000,727
method_c,css,uniform,Z,3,0.002162943541160664,1.3973343321454468,1.5707963267948966,1.0,20.0,20000,2000,2000,20000,2
method_c,css,uniform,Z,3,0.0026435976614185897,1.3973343321454468,1.5707963267948966,1.0,20.0,20000,2000,2000,20000,0
method_c,css,uniform,Z,3,0.003124251781676515,1.3973343321454468,1.5707963267948966,1.0,20.0,20000,2000,2000,20000,10
method_c,css,uniform,Z,3,0.0036049059019344397,1.3973343321454468,1.5707963267948966,1.0,20.0,20000,2000,2000,20000,9
method_c,css,uniform,Z,3,0.004085560022192365,1.3973343321454468,1.5707963267948966,1.0,20.0,20000,2000,2000,20000,17
method_c,css,uniform,Z,3,0.004566214142450291,1.3973343321454468,1.5707963267948966,1.0,20.0,20000,2000,2000,20000,28
method_c,css,uniform,Z,3,0.005046868262708216,1.3973343321454468,1.5707963267948966,1.0,20.0,20000,2000,2000,20000,66
method_c,css,uniform,Z,3,0.005527522382966141,1.3973343321454468,1.5707963267948966,1.0,20.0,20000,2000,2000,20000,88
method_c,css,uniform,Z,3,0.006008176503224067,1.3973343321454468,1.5707963267948966,1.0,20.0,20000,2000,2000,20000,155
method_c,css,uniform,Z,3,0.006488830623481993,1.3973343321454468,1.5707963267948966,1.0,20.0,20000,2000,2000,20000,211
method_c,css,uniform,Z,5,0.002162943541160664,1.3973343321454468,1.5707963267948966,1.0,20.0,20000,2000,2000,20000,0
method_c,css,uniform,Z,5,0.0026435976614185897,1.3973343321454468,1.5707963267948966,1.0,20.0,20000,2000,2000,20000,0
method_c,css,uniform,Z,5,0.003124251781676515,1.3973343321454468,1.5707963267948966,1.0,20.0,20000,2000,2000,20000,1
method_c,css,uniform,Z,5,0.0036049059019344397,1.3973343321454468,1.5707963267948966,1.0,20.0,20000,2000,2000,20000,3
method_c,css,uniform,Z,5,0.004085560022192365,1.3973343321454468,1.5707963267948966,1.0,20.0,20000,2000,2000,20000,7
method_c,css,uniform,Z,5,0.004566214142450291,1.3973343321454468,1.5707963267948966,1.0,20.0,20000,2000,2000,20000,18
method_c,css,uniform,Z,5,0.005046868262708216,1.3973343321454468,1.5707963267948966,1.0,20.0,20000,2000,2000,20000,43
method_c,css,uniform,Z,5,0.005527522382966141,1.3973343321454468,1.5707963267948966,1.0,20.0,20000,2000,2000,20000,71
method_c,css,uniform,Z,5,0.006008176503224067,1.3973343321454468,1.5707963267948966,1.0,20.0,20000,2000,2000,20000,159
method_c,css,uniform,Z,5,0.006488830623481993,1.3973343321454468,1.5707963267948966,1.0,20.0,20000,2000,2000,20000,262
method_c,css,uniform,X,3,0.002162943541160664,1.3973343321454468,1.5707963267948966,1.0,20.0,20000,2000,2000,20000,1
method_c,css,uniform,X,3,0.0026435976614185897,1.3973343321454468,1.5707963267948966,1.0,20.0,20000,2000,2000,20000,6
method_c,css,uniform,X,3,0.003124251781676515,1.3973343321454468,1.5707963267948966,1.0,20.0,20000,2000,2000,20000,12
method_c,css,uniform,X,3,0.0036049059019344397,1.3973343321454468,1.5707963267948966,1.0,20.0,20000,2000,2000,20000,22
method_c,css,uniform,X,3,0.004085560022192365,1.3973343321454468,1.5707963267948966,1.0,20.0,20000,2000,2000,20000,34
method_c,css,uniform,X,3,0.004566214142450291,1.3973343321454468,1.5707963267948966,1.0,20.0,20000,2000,2000,20000,52
method_c,css,uniform,X,3,0.005046868262708216,1.3973343321454468,1.5707963267948966,1.0,20.0,20000,2000,2000,20000,114
method_c,css,uniform,X,3,0.005527522382966141,1.3973343321454468,1.5707963267948966,1.0,20.0,20000,2000,2000,20000,146
method_c,css,uniform,X,3,0.006008176503224067,1.3973343321454468,1.5707963267948966,1.0,20.0,20000,2000,2000,20000,267
method_c,css,uniform,X,3,0.006488830623481993,1.3973343321454468,1.5707963267948966,1.0,20.0,20000,2000,2000,20000,400
method_c,css,uniform,X,5,0.002162943541160664,1.3973343321454468,1.5707963267948966,1.0,20.0,20000,2000,2000,20000,0
method_c,css,uniform,X,5,0.0026435976614185897,1.3973343321454468,1.5707963267948966,1.0,20.0,20000,2000,2000,20000,2
method_c,css,uniform,X,5,0.003124251781676515,1.3973343321454468,1.5707963267948966,1.0,20.0,20000,2000,2000,20000,1
method_c,css,uniform,X,5,0.0036049059019344397,1.3973343321454468,1.5707963267948966,1.0,20.0,20000,2000,2000,20000,3
method_c,css,uniform,X,5,0.004085560022192365,1.3973343321454468,1.5707963267948966,1.0,20.0,20000,2000,2000,20000,14
method_c,css,uniform,X,5,0.004566214142450291,1.3973343321454468,1.5707963267948966,1.0,20.0,20000,2000,2000,20000,36
method_c,css,uniform,X,5,0.005046868262708216,1.3973343321454468,1.5707963267948966,1.0,20.0,20000,2000,2000,20000,88
method_c,css,uniform,X,5,0.005527522382966141,1.3973343321454468,1.5707963267948966,1.0,20.0,20000,2000,2000,20000,208
method_c,css,uniform,X,5,0.006008176503224067,1.3973343321454468,1.5707963267948966,1.0,20.0,20000,2000,2000,20000,335
method_c,css,uniform,X,5,0.006488830623481993,1.3973343321454468,1.5707963267948966,1.0,20.0,20000,2000,2000,20000,589
method_c,css,uniform,Z,3,0.003853601603520793,0.0,0.5056370030023484,1.0,20.0,20000,2000,2000,20000,26
method_c,css,uniform,Z,3,0.004709957515414303,0.0,0.5056370030023484,1.0,20.0,20000,2000,2000,20000,85
method_c,css,uniform,Z,3,0.005566313427307813,0.0,0.5056370030023484,1.0,20.0,20000,2000,2000,20000,209
method_c,css,uniform,Z,3,0.006422669339201321,0.0,0.5056370030023484,1.0,20.0,20000,2000,2000,20000,452
method_c,css,uniform,Z,3,0.007279025251094831,0.0,0.5056370030023484,1.0,20.0,20000,2000,2000,20000,765
method_c,css,uniform,Z,3,0.008135381162988342,0.0,0.5056370030023484,1.0,20.0,20000,2000,2000,20000,1153
method_c,css,uniform,Z,3,0.00899173707488185,0.0,0.5056370030023484,1.0,20.0,20000,2000,2000,20000,1717
method_c,css,uniform,Z,3,0.009848092986775359,0.0,0.5056370030023484,1.0,20.0,20000,2000,2000,18000,2183
method_c,css,uniform,Z,3,0.01070444889866887,0.0,0.5056370030023484,1.0,20.0,20000,2000,2000,14000,2225
method_c,css,uniform,Z,3,0.011560804810562382,0.0,0.5056370030023484,1.0,20.0,20000,2000,2000,12000,2339
method_c,css,uniform,Z,5,0.003853601603520793,0.0,0.5056370030023484,1.0,20.0,20000,2000,2000,20000,10
method_c,css,uniform,Z,5,0.004709957515414303,0.0,0.5056370030023484,1.0,20.0,20000,2000,2000,20000,47
method_c,css,uniform,Z,5,0.005566313427307813,0.0,0.5056370030023484,1.0,20.0,20000,2000,2000,20000,208
method_c,css,uniform,Z,5,0.006422669339201321,0.0,0.5056370030023484,1.0,20.0,20000,2000,2000,20000,658
method_c,css,uniform,Z,5,0.007279025251094831,0.0,0.5056370030023484,1.0,20.0,20000,2000,2000,20000,1461
method_c,css,uniform,Z,5,0.008135381162988342,0.0,0.5056370030023484,1.0,20.0,20000,2000,2000,16000,2232
method_c,css,uniform,Z,5,0.00899173707488185,0.0,0.5056370030023484,1.0,20.0,20000,2000,2000,10000,2123
method_c,css,uniform,Z,5,0.009848092986775359,0.0,0.5056370030023484,1.0,20.0,20000,2000,2000,8000,2187
method_c,css,uniform,Z,5,0.01070444889866887,0.0,0.5056370030023484,1.0,20.0,20000,2000,2000,6000,2122
method_c,css,uniform,Z,5,0.011560804810562382,0.0,0.5056370030023484,1.0,20.0,20000,2000,2000,6000,2400
method_c,css,uniform,X,3,0.0015414406414083173,0.0,0.5056370030023484,1.0,20.0,20000,2000,2000,20000,1
method_c,css,uniform,X,3,0.0018839830061657212,0.0,0.5056370030023484,1.0,20.0,20000,2000,2000,20000,11
method_c,css,uniform,X,3,0.002226525370923125,0.0,0.5056370030023484,1.0,20.0,20000,2000,2000,20000,23
method_c,css,uniform,X,3,0.0025690677356805286,0.0,0.5056370030023484,1.0,20.0,20000,2000,2000,20000,36
method_c,css,uniform,X,3,0.0029116101004379325,0.0,0.5056370030023484,1.0,20.0,20000,2000,2000,20000,75
method_c,css,uniform,X,3,0.003254152465195337,0.0,0.5056370030023484,1.0,20.0,20000,2000,2000,20000,127
method_c,css,uniform,X,3,0.00359669482995274,0.0,0.5056370030023484,1.0,20.0,20000,2000,2000,20000,209
method_c,css,uniform,X,3,0.003939237194710144,0.0,0.5056370030023484,1.0,20.0,20000,2000,2000,20000,310
method_c,css,uniform,X,3,0.004281779559467548,0.0,0.5056370030023484,1.0,20.0,20000,2000,2000,20000,435
method_c,css,uniform,X,3,0.0046243219242249525,0.0,0.5056370030023484,1.0,20.0,20000,2000,2000,20000,741
method_c,css,uniform,X,5,0.0015414406414083173,0.0,0.5056370030023484,1.0,20.0,20000,2000,2000,20000,1
method_c,css,uniform,X,5,0.0018839830061657212,0.0,0.5056370030023484,1.0,20.0,20000,2000,2000,20000,0
method_c,css,uniform,X,5,0.002226525370923125,0.0,0.5056370030023484,1.0,20.0,20000,2000,2000,20000,2
method_c,css,uniform,X,5,0.0025690677356805286,0.0,0.5056370030023484,1.0,20.0,20000,2000,2000,20000,19
method_c,css,uniform,X,5,0.0029116101004379325,0.0,0.5056370030023484,1.0,20.0,20000,2000,2000,20000,35
method_c,css,uniform,X,5,0.003254152465195337,0.0,0.5056370030023484,1.0,20.0,20000,2000,2000,20000,120
method_c,css,uniform,X,5,0.00359669482995274,0.0,0.5056370030023484,1.0,20.0,20000,2000,2000,20000,250
method_c,css,uniform,X,5,0.003939237194710144,0.0,0.5056370030023484,1.0,20.0,20000,2000,2000,20000,531
method_c,css,uniform,X,5,0.004281779559467548,0.0,0.5056370030023484,1.0,20.0,20000,2000,2000,20000,830
method_c,css,uniform,X,5,0.0046243219242249525,0.0,0.5056370030023484,1.0,20.0,20000,2000,2000,20000,1338
method_c,css,uniform,Z,3,0.003503993516273058,0.1911672808528705,0.5735007014351425,1.0,20.0,20000,2000,2000,20000,30
method_c,css,uniform,Z,3,0.004282658742111516,0.1911672808528705,0.5735007014351425,1.0,20.0,20000,2000,2000,20000,83
method_c,css,uniform,Z,3,0.005061323967949973,0.1911672808528705,0.5735007014351425,1.0,20.0,20000,2000,2000,20000,198
method_c,css,uniform,Z,3,0.00583998919378843,0.1911672808528705,0.5735007014351425,1.0,20.0,20000,2000,2000,20000,452
method_c,css,uniform,Z,3,0.006618654419626888,0.1911672808528705,0.5735007014351425,1.0,20.0,20000,2000,2000,20000,767
method_c,css,uniform,Z,3,0.0073973196454653455,0.1911672808528705,0.5735007014351425,1.0,20.0,20000,2000,2000,20000,1171
method_c,css,uniform,Z,3,0.008175984871303802,0.1911672808528705,0.5735007014351425,1.0,20.0,20000,2000,2000,20000,1754
method_c,css,uniform,Z,3,0.00895465009714226,0.1911672808528705,0.5735007014351425,1.0,20.0,20000,2000,2000,18000,2186
method_c,css,uniform,Z,3,0.009733315322980718,0.1911672808528705,0.5735007014351425,1.0,20.0,20000,2000,2000,14000,2232
method_c,css,uniform,Z,3,0.010511980548819175,0.1911672808528705,0.5735007014351425,1.0,20.0,20000,2000,2000,12000,2369
method_c,css,uniform,Z,5,0.003503993516273058,0.1911672808528705,0.5735007014351425,1.0,20.0,20000,2000,2000,20000,14
method_c,css,uniform,Z,5,0.004282658742111516,0.1911672808528705,0.5735007014351425,1.0,20.0,20000,2000,2000,20000,70
method_c,css,uniform,Z,5,0.005061323967949973,0.1911672808528705,0.5735007014351425,1.0,20.0,20000,2000,2000,20000,276
method_c,css,uniform,Z,5,0.00583998919378843,0.1911672808528705,0.5735007014351425,1.0,20.0,20000,2000,2000,20000,700
method_c,css,uniform,Z,5,0.006618654419626888,0.1911672808528705,0.5735007014351425,1.0,20.0,20000,2000,2000,20000,1627
method_c,css,uniform,Z,5,0.0073973196454653455,0.1911672808528705,0.5735007014351425,1.0,20.0,20000,2000,2000,16000,2276
method_c,css,uniform,Z,5,0.008175984871303802,0.1911672808528705,0.5735007014351425,1.0,20.0,20000,2000,2000,10000,2152
method_c,css,uniform,Z,5,0.00895465009714226,0.1911672808528705,0.5735007014351425,1.0,20.0,20000,2000,2000,8000,2334
method_c,css,uniform,Z,5,0.009733315322980718,0.1911672808528705,0.5735007014351425,1.0,20.0,20000,2000,2000,6000,2111
method_c,css,uniform,Z,5,0.010511980548819175,0.1911672808528705,0.5735007014351425,1.0,20.0,20000,2000,2000,6000,2456
method_c,css,uniform,X,3,0.0014015974065092233,0.1911672808528705,0.5735007014351425,1.0,20.0,20000,2000,2000,20000,2
method_c,css,uniform,X,3,0.0017130634968446064,0.1911672808528705,0.5735007014351425,1.0,20.0,20000,2000,2000,20000,8
method_c,css,uniform,X,3,0.0020245295871799893,0.1911672808528705,0.5735007014351425,1.0,20.0,20000,2000,2000,20000,20
method_c,css,uniform,X,3,0.002335995677515372,0.1911672808528705,0.5735007014351425,1.0,20.0,20000,2000,2000,20000,27
method_c,css,uniform,X,3,0.002647461767850755,0.1911672808528705,0.5735007014351425,1.0,20.0,20000,2000,2000,20000,64
method_c,css,uniform,X,3,0.002958927858186138,0.1911672808528705,0.5735007014351425,1.0,20.0,20000,2000,2000,20000,121
method_c,css,uniform,X,3,0.003270393948521521,0.1911672808528705,0.5735007014351425,1.0,20.0,20000,2000,2000,20000,179
method_c,css,uniform,X,3,0.003581860038856904,0.1911672808528705,0.5735007014351425,1.0,20.0,20000,2000,2000,20000,341
method_c,css,uniform,X,3,0.003893326129192287,0.1911672808528705,0.5735007014351425,1.0,20.0,20000,2000,2000,20000,451
method_c,css,uniform,X,3,0.00420479221952767,0.1911672808528705,0.5735007014351425,1.0,20.0,20000,2000,2000,20000,614
method_c,css,uniform,X,5,0.0014015974065092233,0.1911672808528705,0.5735007014351425,1.0,20.0,20000,2000,2000,20000,0
method_c,css,uniform,X,5,0.0017130634968446064,0.1911672808528705,0.5735007014351425,1.0,20.0,20000,2000,2000,20000,1
method_c,css,uniform,X,5,0.0020245295871799893,0.1911672808528705,0.5735007014351425,1.0,20.0,20000,2000,2000,20000,3
method_c,css,uniform,X,5,0.002335995677515372,0.1911672808528705,0.5735007014351425,1.0,20.0,20000,2000,2000,20000,17
method_c,css,uniform,X,5,0.002647461767850755,0.1911672808528705,0.5735007014351425,1.0,20.0,20000,2000,2000,20000,35
method_c,css,uniform,X,5,0.002958927858186138,0.1911672808528705,0.5735007014351425,1.0,20.0,20000,2000,2000,20000,107
method_c,css,uniform,X,5,0.003270393948521521,0.1911672808528705,0.5735007014351425,1.0,20.0,20000,2000,2000,20000,212
method_c,css,uniform,X,5,0.003581860038856904,0.1911672808528705,0.5735007014351425,1.0,20.0,20000,2000,2000,20000,444
method_c,css,uniform,X,5,0.003893326129192287,0.1911672808528705,0.5735007014351425,1.0,20.0,20000,2000,2000,20000,788
method_c,css,uniform,X,5,0.00420479221952767,0.1911672808528705,0.5735007014351425,1.0,20.0,20000,2000,2000,20000,1306
method_c,css,uniform,Z,3,0.001330031005560107,0.41201628181104843,0.6593739985005208,1.0,20.0,20000,2000,2000,20000,0
method_c,css,uniform,Z,3,0.001625593451240131,0.41201628181104843,0.6593739985005208,1.0,20.0,20000,2000,2000,20000,0
method_c,css,uniform,Z,3,0.0019211558969201546,0.41201628181104843,0.6593739985005208,1.0,20.0,20000,2000,2000,20000,1
method_c,css,uniform,Z,3,0.002216718342600178,0.41201628181104843,0.6593739985005208,1.0,20.0,20000,2000,2000,20000,4
method_c,css,uniform,Z,3,0.002512280788280202,0.41201628181104843,0.6593739985005208,1.0,20.0,20000,2000,2000,20000,9
method_c,css,uniform,Z,3,0.002807843233960226,0.41201628181104843,0.6593739985005208,1.0,20.0,20000,2000,2000,20000,13
method_c,css,uniform,Z,3,0.0031034056796402495,0.41201628181104843,0.6593739985005208,1.0,20.0,20000,2000,2000,20000,24
method_c,css,uniform,Z,3,0.0033989681253202733,0.41201628181104843,0.6593739985005208,1.0,20.0,20000,2000,2000,20000,35
method_c,css,uniform,Z,3,0.003694530571000297,0.41201628181104843,0.6593739985005208,1.0,20.0,20000,2000,2000,20000,51
method_c,css,uniform,Z,3,0.003990093016680321,0.41201628181104843,0.6593739985005208,1.0,20.0,20000,2000,2000,20000,93
method_c,css,uniform,Z,5,0.001330031005560107,0.41201628181104843,0.6593739985005208,1.0,20.0,20000,2000,2000,20000,0
method_c,css,uniform,Z,5,0.001625593451240131,0.41201628181104843,0.6593739985005208,1.0,20.0,20000,2000,2000,20000,0
method_c,css,uniform,Z,5,0.0019211558969201546,0.41201628181104843,0.6593739985005208,1.0,20.0,20000,2000,2000,20000,1
method_c,css,uniform,Z,5,0.002216718342600178,0.41201628181104843,0.6593739985005208,1.0,20.0,20000,2000,2000,20000,0
method_c,css,uniform,Z,5,0.002512280788280202,0.41201628181104843,0.6593739985005208,1.0,20.0,20000,2000,2000,20000,0
method_c,css,uniform,Z,5,0.002807843233960226,0.41201628181104843,0.6593739985005208,1.0,20.0,20000,2000,2000,20000,0
method_c,css,uniform,Z,5,0.0031034056796402495,0.41201628181104843,0.6593739985005208,1.0,20.0,20000,2000,2000,20000,6
method_c,css,uniform,Z,5,0.0033989681253202733,0.41201628181104843,0.6593739985005208,1.0,20.0,20000,2000,2000,20000,15
method_c,css,uniform,Z,5,0.003694530571000297,0.41201628181104843,0.6593739985005208,1.0,20.0,20000,2000,2000,20000,26
method_c,css,uniform,Z,5,0.003990093016680321,0.41201628181104843,0.6593739985005208,1.0,20.0,20000,2000,2000,20000,67
method_c,css,uniform,X,3,0.001330031005560107,0.41201628181104843,0.6593739985005208,1.0,20.0,20000,2000,2000,20000,0
method_c,css,uniform,X,3,0.001625593451240131,0.41201628181104843,0.6593739985005208,1.0,20.0,20000,2000,2000,20000,5
method_c,css,uniform,X,3,0.0019211558969201546,0.41201628181104843,0.6593739985005208,1.0,20.0,20000,2000,2000,20000,18
method_c,css,uniform,X,3,0.002216718342600178,0.41201628181104843,0.6593739985005208,1.0,20.0,20000,2000,2000,20000,30
method_c,css,uniform,X,3,0.002512280788280202,0.41201628181104843,0.6593739985005208,1.0,20.0,20000,2000,2000,20000,67
method_c,css,uniform,X,3,0.002807843233960226,0.41201628181104843,0.6593739985005208,1.0,20.0,20000,2000,2000,20000,94
method_c,css,uniform,X,3,0.0031034056796402495,0.41201628181104843,0.6593739985005208,1.0,20.0,20000,2000,2000,20000,202
method_c,css,uniform,X,3,0.0033989681253202733,0.41201628181104843,0.6593739985005208,1.0,20.0,20000,2000,2000,20000,309
method_c,css,uniform,X,3,0.003694530571000297,0.41201628181104843,0.6593739985005208,1.0,20.0,20000,2000,2000,20000,491
method_c,css,uniform,X,3,0.003990093016680321,0.41201628181104843,0.6593739985005208,1.0,20.0,20000,2000,2000,20000,634
method_c,css,uniform,X,5,0.001330031005560107,0.41201628181104843,0.6593739985005208,1.0,20.0,20000,2000,2000,20000,0
method_c,css,uniform,X,5,0.001625593451240131,0.41201628181104843,0.6593739985005208,1.0,20.0,20000,2000,2000,20000,1
method_c,css,uniform,X,5,0.0019211558969201546,0.41201628181104843,0.6593739985005208,1.0,20.0,20000,2000,2000,20000,3
method_c,css,uniform,X,5,0.002216718342600178,0.41201628181104843,0.6593739985005208,1.0,20.0,20000,2000,2000,20000,10
method_c,css,uniform,X,5,0.002512280788280202,0.41201628181104843,0.6593739985005208,1.0,20.0,20000,2000,2000,20000,28
method_c,css,uniform,X,5,0.002807843233960226,0.41201628181104843,0.6593739985005208,1.0,20.0,20000,2000,2000,20000,77
method_c,css,uniform,X,5,0.0031034056796402495,0.41201628181104843,0.6593739985005208,1.0,20.0,20000,2000,2000,20000,195
method_c,css,uniform,X,5,0.0033989681253202733,0.41201628181104843,0.6593739985005208,1.0,20.0,20000,2000,2000,20000,421
method_c,css,uniform,X,5,0.003694530571000297,0.41201628181104843,0.6593739985005208,1.0,20.0,20000,2000,2000,20000,789
method_c,css,uniform,X,5,0.003990093016680321,0.41201628181104843,0.6593739985005208,1.0,20.0,20000,2000,2000,20000,1299
method_c,css,uniform,Z,3,0.0033443616809105286,0.6400342009737424,0.7695924644078832,1.0,20.0,20000,2000,2000,20000,32
method_c,css,uniform,Z,3,0.004087553165557313,0.6400342009737424,0.7695924644078832,1.0,20.0,20000,2000,2000,20000,98
method_c,css,uniform,Z,3,0.004830744650204097,0.6400342009737424,0.7695924644078832,1.0,20.0,20000,2000,2000,20000,246
method_c,css,uniform,Z,3,0.00557393613485088,0.6400342009737424,0.7695924644078832,1.0,20.0,20000,2000,2000,20000,460
method_c,css,uniform,Z,3,0.0063171276194976655,0.6400342009737424,0.7695924644078832,1.0,20.0,20000,2000,2000,20000,815
method_c,css,uniform,Z,3,0.00706031910414445,0.6400342009737424,0.7695924644078832,1.0,20.0,20000,2000,2000,20000,1264
method_c,css,uniform,Z,3,0.007803510588791232,0.6400342009737424,0.7695924644078832,1.0,20.0,20000,2000,2000,20000,1840
method_c,css,uniform,Z,3,0.008546702073438018,0.6400342009737424,0.7695924644078832,1.0,20.0,20000,2000,2000,16000,2060
method_c,css,uniform,Z,3,0.009289893558084801,0.6400342009737424,0.7695924644078832,1.0,20.0,20000,2000,2000,14000,2280
method_c,css,uniform,Z,3,0.010033085042731586,0.6400342009737424,0.7695924644078832,1.0,20.0,20000,2000,2000,12000,2381
method_c,css,uniform,Z,5,0.0033443616809105286,0.6400342009737424,0.7695924644078832,1.0,20.0,20000,2000,2000,20000,14
method_c,css,uniform,Z,5,0.004087553165557313,0.6400342009737424,0.7695924644078832,1.0,20.0,20000,2000,2000,20000,87
method_c,css,uniform,Z,5,0.004830744650204097,0.6400342009737424,0.7695924644078832,1.0,20.0,20000,2000,2000,20000,352
method_c,css,uniform,Z,5,0.00557393613485088,0.6400342009737424,0.7695924644078832,1.0,20.0,20000,2000,2000,20000,853
method_c,css,uniform,Z,5,0.0063171276194976655,0.6400342009737424,0.7695924644078832,1.0,20.0,20000,2000,2000,20000,1853
method_c,css,uniform,Z,5,0.00706031910414445,0.6400342009737424,0.7695924644078832,1.0,20.0,20000,2000,2000,14000,2221
method_c,css,uniform,Z,5,0.007803510588791232,0.6400342009737424,0.7695924644078832,1.0,20.0,20000,2000,2000,10000,2403
method_c,css,uniform,Z,5,0.008546702073438018,0.6400342009737424,0.7695924644078832,1.0,20.0,20000,2000,2000,8000,2528
method_c,css,uniform,Z,5,0.009289893558084801,0.6400342009737424,0.7695924644078832,1.0,20.0,20000,2000,2000,6000,2261
method_c,css,uniform,Z,5,0.010033085042731586,0.6400342009737424,0.7695924644078832,1.0,20.0,20000,2000,2000,6000,2557
method_c,css,uniform,X,3,0.0013377446723642115,0.6400342009737424,0.7695924644078832,1.0,20.0,20000,2000,2000,20000,2
method_c,css,uniform,X,3,0.0016350212662229252,0.6400342009737424,0.7695924644078832,1.0,20.0,20000,2000,2000,20000,5
method_c,css,uniform,X,3,0.0019322978600816389,0.6400342009737424,0.7695924644078832,1.0,20.0,20000,2000,2000,20000,13
method_c,css,uniform,X,3,0.002229574453940352,0.6400342009737424,0.7695924644078832,1.0,20.0,20000,2000,2000,20000,25
method_c,css,uniform,X,3,0.002526851047799066,0.6400342009737424,0.7695924644078832,1.0,20.0,20000,2000,2000,20000,77
method_c,css,uniform,X,3,0.00282412764165778,0.6400342009737424,0.7695924644078832,1.0,20.0,20000,2000,2000,20000,108
method_c,css,uniform,X,3,0.003121404235516493,0.6400342009737424,0.7695924644078832,1.0,20.0,20000,2000,2000,20000,184
method_c,css,uniform,X,3,0.003418680829375207,0.6400342009737424,0.7695924644078832,1.0,20.0,20000,2000,2000,20000,264
method_c,css,uniform,X,3,0.0037159574232339208,0.6400342009737424,0.7695924644078832,1.0,20.0,20000,2000,2000,20000,443
method_c,css,uniform,X,3,0.004013234017092635,0.6400342009737424,0.7695924644078832,1.0,20.0,20000,2000,2000,20000,602
method_c,css,uniform,X,5,0.0013377446723642115,0.6400342009737424,0.7695924644078832,1.0,20.0,20000,2000,2000,20000,0
method_c,css,uniform,X,5,0.0016350212662229252,0.6400342009737424,0.7695924644078832,1.0,20.0,20000,2000,2000,20000,0
method_c,css,uniform,X,5,0.0019322978600816389,0.6400342009737424,0.7695924644078832,1.0,20.0,20000,2000,2000,20000,0
method_c,css,uniform,X,5,0.002229574453940352,0.6400342009737424,0.7695924644078832,1.0,20.0,20000,2000,2000,20000,10
method_c,css,uniform,X,5,0.002526851047799066,0.6400342009737424,0.7695924644078832,1.0,20.0,20000,2000,2000,20000,26
method_c,css,uniform,X,5,0.00282412764165778,0.6400342009737424,0.7695924644078832,1.0,20.0,20000,2000,2000,20000,93
method_c,css,uniform,X,5,0.003121404235516493,0.6400342009737424,0.7695924644078832,1.0,20.0,20000,2000,2000,20000,174
method_c,css,uniform,X,5,0.003418680829375207,0.6400342009737424,0.7695924644078832,1.0,20.0,20000,2000,2000,20000,412
method_c,css,uniform,X,5,0.0037159574232339208,0.6400342009737424,0.7695924644078832,1.0,20.0,20000,2000,2000,20000,707
method_c,css,uniform,X,5,0.004013234017092635,0.6400342009737424,0.7695924644078832,1.0,20.0,20000,2000,2000,20000,1182
method_c,css,uniform,Z,3,0.0035586253385227512,0.8455746096132528,0.9120542020977758,1.0,20.0,20000,2000,2000,20000,27
method_c,css,uniform,Z,3,0.004349430969305585,0.8455746096132528,0.9120542020977758,1.0,20.0,20000,2000,2000,20000,105
method_c,css,uniform,Z,3,0.005140236600088418,0.8455746096132528,0.9120542020977758,1.0,20.0,20000,2000,2000,20000,237
method_c,css,uniform,Z,3,0.005931042230871252,0.8455746096132528,0.9120542020977758,1.0,20.0,20000,2000,2000,20000,514
method_c,css,uniform,Z,3,0.006721847861654085,0.8455746096132528,0.9120542020977758,1.0,20.0,20000,2000,2000,20000,831
method_c,css,uniform,Z,3,0.0075126534924369204,0.8455746096132528,0.9120542020977758,1.0,20.0,20000,2000,2000,20000,1350
method_c,css,uniform,Z,3,0.008303459123219753,0.8455746096132528,0.9120542020977758,1.0,20.0,20000,2000,2000,20000,1974
method_c,css,uniform,Z,3,0.009094264754002586,0.8455746096132528,0.9120542020977758,1.0,20.0,20000,2000,2000,16000,2022
method_c,css,uniform,Z,3,0.00988507038478542,0.8455746096132528,0.9120542020977758,1.0,20.0,20000,2000,2000,14000,2268
method_c,css,uniform,Z,3,0.010675876015568254,0.8455746096132528,0.9120542020977758,1.0,20.0,20000,2000,2000,12000,2392
method_c,css,uniform,Z,5,0.0035586253385227512,0.8455746096132528,0.9120542020977758,1.0,20.0,20000,2000,2000,20000,14
method_c,css,uniform,Z,5,0.004349430969305585,0.8455746096132528,0.9120542020977758,1.0,20.0,20000,2000,2000,20000,95
method_c,css,uniform,Z,5,0.005140236600088418,0.8455746096132528,0.9120542020977758,1.0,20.0,20000,2000,2000,20000,348
method_c,css,uniform,Z,5,0.005931042230871252,0.8455746096132528,0.9120542020977758,1.0,20.0,20000,2000,2000,20000,989
method_c,css,uniform,Z,5,0.006721847861654085,0.8455746096132528,0.9120542020977758,1.0,20.0,20000,2000,2000,20000,2056
method_c,css,uniform,Z,5,0.0075126534924369204,0.8455746096132528,0.9120542020977758,1.0,20.0,20000,2000,2000,12000,2054
method_c,css,uniform,Z,5,0.008303459123219753,0.8455746096132528,0.9120542020977758,1.0,20.0,20000,2000,2000,10000,2413
method_c,css,uniform,Z,5,0.009094264754002586,0.8455746096132528,0.9120542020977758,1.0,20.0,20000,2000,2000,8000,2561
method_c,css,uniform,Z,5,0.00988507038478542,0.8455746096132528,0.9120542020977758,1.0,20.0,20000,2000,2000,6000,2277
method_c,css,uniform,Z,5,0.010675876015568254,0.8455746096132528,0.9120542020977758,1.0,20.0,20000,2000,2000,6000,2505
method_c,css,uniform,X,3,0.0014234501354091005,0.8455746096132528,0.9120542020977758,1.0,20.0,20000,2000,2000,20000,0
method_c,css,uniform,X,3,0.0017397723877222342,0.8455746096132528,0.9120542020977758,1.0,20.0,20000,2000,2000,20000,4
method_c,css,uniform,X,3,0.0020560946400353672,0.8455746096132528,0.9120542020977758,1.0,20.0,20000,2000,2000,20000,10
method_c,css,uniform,X,3,0.0023724168923485007,0.8455746096132528,0.9120542020977758,1.0,20.0,20000,2000,2000,20000,31
method_c,css,uniform,X,3,0.002688739144661634,0.8455746096132528,0.9120542020977758,1.0,20.0,20000,2000,2000,20000,54
method_c,css,uniform,X,3,0.003005061396974768,0.8455746096132528,0.9120542020977758,1.0,20.0,20000,2000,2000,20000,100
method_c,css,uniform,X,3,0.003321383649287901,0.8455746096132528,0.9120542020977758,1.0,20.0,20000,2000,2000,20000,167
method_c,css,uniform,X,3,0.0036377059016010345,0.8455746096132528,0.9120542020977758,1.0,20.0,20000,2000,2000,20000,267
method_c,css,uniform,X,3,0.003954028153914168,0.8455746096132528,0.9120542020977758,1.0,20.0,20000,2000,2000,20000,396
method_c,css,uniform,X,3,0.004270350406227302,0.8455746096132528,0.9120542020977758,1.0,20.0,20000,2000,2000,20000,556
method_c,css,uniform,X,5,0.0014234501354091005,0.8455746096132528,0.9120542020977758,1.0,20.0,20000,2000,2000,20000,0
method_c,css,uniform,X,5,0.0017397723877222342,0.8455746096132528,0.9120542020977758,1.0,20.0,20000,2000,2000,20000,1
method_c,css,uniform,X,5,0.0020560946400353672,0.8455746096132528,0.9120542020977758,1.0,20.0,20000,2000,2000,20000,0
method_c,css,uniform,X,5,0.0023724168923485007,0.8455746096132528,0.9120542020977758,1.0,20.0,20000,2000,2000,20000,9
method_c,css,uniform,X,5,0.002688739144661634,0.8455746096132528,0.9120542020977758,1.0,20.0,20000,2000,2000,20000,26
method_c,css,uniform,X,5,0.003005061396974768,0.8455746096132528,0.9120542020977758,1.0,20.0,20000,2000,2000,20000,60
method_c,css,uniform,X,5,0.003321383649287901,0.8455746096132528,0.9120542020977758,1.0,20.0,20000,2000,2000,20000,163
method_c,css,uniform,X,5,0.0036377059016010345,0.8455746096132528,0.9120542020977758,1.0,20.0,20000,2000,2000,20000,355
method_c,css,uniform,X,5,0.003954028153914168,0.8455746096132528,0.9120542020977758,1.0,20.0,20000,2000,2000,20000,633
method_c,css,uniform,X,5,0.004270350406227302,0.8455746096132528,0.9120542020977758,1.0,20.0,20000,2000,2000,20000,1043
method_c,css,uniform,Z,3,0.0039361552580082,1.0079115237205751,1.094382717083397,1.0,20.0,20000,2000,2000,20000,41
method_c,css,uniform,Z,3,0.004810856426454467,1.0079115237205751,1.094382717083397,1.0,20.0,20000,2000,2000,20000,108
method_c,css,uniform,Z,3,0.005685557594900733,1.0079115237205751,1.094382717083397,1.0,20.0,20000,2000,2000,20000,282
method_c,css,uniform,Z,3,0.006560258763346999,1.0079115237205751,1.094382717083397,1.0,20.0,20000,2000,2000,20000,552
method_c,css,uniform,Z,3,0.0074349599317932655,1.0079115237205751,1.094382717083397,1.0,20.0,20000,2000,2000,20000,906
method_c,css,uniform,Z,3,0.008309661100239533,1.0079115237205751,1.094382717083397,1.0,20.0,20000,2000,2000,20000,1376
method_c,css,uniform,Z,3,0.009184362268685797,1.0079115237205751,1.094382717083397,1.0,20.0,20000,2000,2000,20000,1901
method_c,css,uniform,Z,3,0.010059063437132065,1.0079115237205751,1.094382717083397,1.0,20.0,20000,2000,2000,16000,2025
method_c,css,uniform,Z,3,0.010933764605578333,1.0079115237205751,1.094382717083397,1.0,20.0,20000,2000,2000,12000,2032
method_c,css,uniform,Z,3,0.0118084657740246,1.0079115237205751,1.094382717083397,1.0,20.0,20000,2000,2000,10000,2034
method_c,css,uniform,Z,5,0.0039361552580082,1.0079115237205751,1.094382717083397,1.0,20.0,20000,2000,2000,20000,18
method_c,css,uniform,Z,5,0.004810856426454467,1.0079115237205751,1.094382717083397,1.0,20.0,20000,2000,2000,20000,115
method_c,css,uniform,Z,5,0.005685557594900733,1.0079115237205751,1.094382717083397,1.0,20.0,20000,2000,2000,20000,368
method_c,css,uniform,Z,5,0.006560258763346999,1.0079115237205751,1.094382717083397,1.0,20.0,20000,2000,2000,20000,1053
method_c,css,uniform,Z,5,0.0074349599317932655,1.0079115237205751,1.094382717083397,1.0,20.0,20000,2000,2000,20000,2108
method_c,css,uniform,Z,5,0.008309661100239533,1.0079115237205751,1.094382717083397,1.0,20.0,20000,2000,2000,12000,2052
method_c,css,uniform,Z,5,0.009184362268685797,1.0079115237205751,1.094382717083397,1.0,20.0,20000,2000,2000,8000,2017
method_c,css,uniform,Z,5,0.010059063437132065,1.0079115237205751,1.094382717083397,1.0,20.0,20000,2000,2000,8000,2647
method_c,css,uniform,Z,5,0.010933764605578333,1.0079115237205751,1.094382717083397,1.0,20.0,20000,2000,2000,6000,2310
method_c,css,uniform,Z,5,0.0118084657740246,1.0079115237205751,1.094382717083397,1.0,20.0,20000,2000,2000,6000,2574
method_c,css,uniform,X,3,0.00157446210320328,1.0079115237205751,1.094382717083397,1.0,20.0,20000,2000,2000,20000,1
method_c,css,uniform,X,3,0.0019243425705817868,1.0079115237205751,1.094382717083397,1.0,20.0,20000,2000,2000,20000,3
method_c,css,uniform,X,3,0.002274223037960293,1.0079115237205751,1.094382717083397,1.0,20.0,20000,2000,2000,20000,10
method_c,css,uniform,X,3,0.0026241035053387995,1.0079115237205751,1.094382717083397,1.0,20.0,20000,2000,2000,20000,23
method_c,css,uniform,X,3,0.0029739839727173064,1.0079115237205751,1.094382717083397,1.0,20.0,20000,2000,2000,20000,55
method_c,css,uniform,X,3,0.0033238644400958132,1.0079115237205751,1.094382717083397,1.0,20.0,20000,2000,2000,20000,80
method_c,css,uniform,X,3,0.0036737449074743193,1.0079115237205751,1.094382717083397,1.0,20.0,20000,2000,2000,20000,176
method_c,css,uniform,X,3,0.004023625374852826,1.0079115237205751,1.094382717083397,1.0,20.0,20000,2000,2000,20000,271
method_c,css,uniform,X,3,0.004373505842231333,1.0079115237205751,1.094382717083397,1.0,20.0,20000,2000,2000,20000,393
method_c,css,uniform,X,3,0.00472338630960984,1.0079115237205751,1.094382717083397,1.0,20.0,20000,2000,2000,20000,558
method_c,css,uniform,X,5,0.00157446210320328,1.0079115237205751,1.094382717083397,1.0,20.0,20000,2000,2000,20000,0
method_c,css,uniform,X,5,0.0019243425705817868,1.0079115237205751,1.094382717083397,1.0,20.0,20000,2000,2000,20000,0
method_c,css,uniform,X,5,0.002274223037960293,1.0079115237205751,1.094382717083397,1.0,20.0,20000,2000,2000,20000,3
method_c,css,uniform,X,5,0.0026241035053387995,1.0079115237205751,1.094382717083397,1.0,20.0,20000,2000,2000,20000,4
method_c,css,uniform,X,5,0.0029739839727173064,1.0079115237205751,1.094382717083397,1.0,20.0,20000,2000,2000,20000,22
method_c,css,uniform,X,5,0.0033238644400958132,1.0079115237205751,1.094382717083397,1.0,20.0,20000,2000,2000,20000,70
method_c,css,uniform,X,5,0.0036737449074743193,1.0079115237205751,1.094382717083397,1.0,20.0,20000,2000,2000,20000,139
method_c,css,uniform,X,5,0.004023625374852826,1.0079115237205751,1.094382717083397,1.0,20.0,20000,2000,2000,20000,309
method_c,css,uniform,X,5,0.004373505842231333,1.0079115237205751,1.094382717083397,1.0,20.0,20000,2000,2000,20000,551
method_c,css,uniform,X,5,0.00472338630960984,1.0079115237205751,1.094382717083397,1.0,20.0,20000,2000,2000,20000,1026
method_c,css,uniform,Z,3,0.004435455647196912,1.1211932205992268,1.3182739950177083,1.0,20.0,20000,2000,2000,20000,42
method_c,css,uniform,Z,3,0.005421112457685115,1.1211932205992268,1.3182739950177083,1.0,20.0,20000,2000,2000,20000,94
method_c,css,uniform,Z,3,0.006406769268173317,1.1211932205992268,1.3182739950177083,1.0,20.0,20000,2000,2000,20000,289
method_c,css,uniform,Z,3,0.007392426078661519,1.1211932205992268,1.3182739950177083,1.0,20.0,20000,2000,2000,20000,508
method_c,css,uniform,Z,3,0.008378082889149723,1.1211932205992268,1.3182739950177083,1.0,20.0,20000,2000,2000,20000,922
method_c,css,uniform,Z,3,0.009363739699637925,1.1211932205992268,1.3182739950177083,1.0,20.0,20000,2000,2000,20000,1418
method_c,css,uniform,Z,3,0.010349396510126126,1.1211932205992268,1.3182739950177083,1.0,20.0,20000,2000,2000,20000,2005
method_c,css,uniform,Z,3,0.01133505332061433,1.1211932205992268,1.3182739950177083,1.0,20.0,20000,2000,2000,16000,2104
method_c,css,uniform,Z,3,0.012320710131102534,1.1211932205992268,1.3182739950177083,1.0,20.0,20000,2000,2000,12000,2067
method_c,css,uniform,Z,3,0.013306366941590736,1.1211932205992268,1.3182739950177083,1.0,20.0,20000,2000,2000,10000,2101
method_c,css,uniform,Z,5,0.004435455647196912,1.1211932205992268,1.3182739950177083,1.0,20.0,20000,2000,2000,20000,17
method_c,css,uniform,Z,5,0.005421112457685115,1.1211932205992268,1.3182739950177083,1.0,20.0,20000,2000,2000,20000,114
method_c,css,uniform,Z,5,0.006406769268173317,1.1211932205992268,1.3182739950177083,1.0,20.0,20000,2000,2000,20000,419
method_c,css,uniform,Z,5,0.007392426078661519,1.1211932205992268,1.3182739950177083,1.0,20.0,20000,2000,2000,20000,1043
method_c,css,uniform,Z,5,0.008378082889149723,1.1211932205992268,1.3182739950177083,1.0,20.0,20000,2000,2000,20000,2164
method_c,css,uniform,Z,5,0.009363739699637925,1.1211932205992268,1.3182739950177083,1.0,20.0,20000,2000,2000,12000,2204
method_c,css,uniform,Z,5,0.010349396510126126,1.1211932205992268,1.3182739950177083,1.0,20.0,20000,2000,2000,8000,2025
method_c,css,uniform,Z,5,0.01133505332061433,1.1211932205992268,1.3182739950177083,1.0,20.0,20000,2000,2000,8000,2685
method_c,css,uniform,Z,5,0.012320710131102534,1.1211932205992268,1.3182739950177083,1.0,20.0,20000,2000,2000,6000,2287
method_c,css,uniform,Z,5,0.013306366941590736,1.1211932205992268,1.3182739950177083,1.0,20.0,20000,2000,2000,6000,2544
method_c,css,uniform,X,3,0.0017741822588787648,1.1211932205992268,1.3182739950177083,1.0,20.0,20000,2000,2000,20000,3
method_c,css,uniform,X,3,0.002168444983074046,1.1211932205992268,1.3182739950177083,1.0,20.0,20000,2000,2000,20000,8
method_c,css,uniform,X,3,0.002562707707269327,1.1211932205992268,1.3182739950177083,1.0,20.0,20000,2000,2000,20000,8
method_c,css,uniform,X,3,0.0029569704314646077,1.1211932205992268,1.3182739950177083,1.0,20.0,20000,2000,2000,20000,20
method_c,css,uniform,X,3,0.003351233155659889,1.1211932205992268,1.3182739950177083,1.0,20.0,20000,2000,2000,20000,48
method_c,css,uniform,X,3,0.0037454958798551702,1.1211932205992268,1.3182739950177083,1.0,20.0,20000,2000,2000,20000,107
method_c,css,uniform,X,3,0.004139758604050451,1.1211932205992268,1.3182739950177083,1.0,20.0,20000,2000,2000,20000,134
method_c,css,uniform,X,3,0.004534021328245732,1.1211932205992268,1.3182739950177083,1.0,20.0,20000,2000,2000,20000,227
method_c,css,uniform,X,3,0.004928284052441013,1.1211932205992268,1.3182739950177083,1.0,20.0,20000,2000,2000,20000,318
method_c,css,uniform,X,3,0.005322546776636294,1.1211932205992268,1.3182739950177083,1.0,20.0,20000,2000,2000,20000,472
method_c,css,uniform,X,5,0.0017741822588787648,1.1211932205992268,1.3182739950177083,1.0,20.0,20000,2000,2000,20000,0
method_c,css,uniform,X,5,0.002168444983074046,1.1211932205992268,1.3182739950177083,1.0,20.0,20000,2000,2000,20000,0
method_c,css,uniform,X,5,0.002562707707269327,1.1211932205992268,1.3182739950177083,1.0,20.0,20000,2000,2000,20000,2
method_c,css,uniform,X,5,0.0029569704314646077,1.1211932205992268,1.3182739950177083,1.0,20.0,20000,2000,2000,20000,2
method_c,css,uniform,X,5,0.003351233155659889,1.1211932205992268,1.3182739950177083,1.0,20.0,20000,2000,2000,20000,16
method_c,css,uniform,X,5,0.0037454958798551702,1.1211932205992268,1.3182739950177083,1.0,20.0,20000,2000,2000,20000,65
method_c,css,uniform,X,5,0.004139758604050451,1.1211932205992268,1.3182739950177083,1.0,20.0,20000,2000,2000,20000,138
method_c,css,uniform,X,5,0.004534021328245732,1.1211932205992268,1.3182739950177083,1.0,20.0,20000,2000,2000,20000,295
method_c,css,uniform,X,5,0.004928284052441013,1.1211932205992268,1.3182739950177083,1.0,20.0,20000,2000,2000,20000,529
method_c,css,uniform,X,5,0.005322546776636294,1.1211932205992268,1.3182739950177083,1.0,20.0,20000,2000,2000,20000,943
method_c,css,uniform,Z,3,0.005020324695604091,1.189850693518793,1.5707963267948963,1.0,20.0,20000,2000,2000,20000,47
method_c,css,uniform,Z,3,0.006135952405738334,1.189850693518793,1.5707963267948963,1.0,20.0,20000,2000,2000,20000,121
method_c,css,uniform,Z,3,0.007251580115872576,1.189850693518793,1.5707963267948963,1.0,20.0,20000,2000,2000,20000,287
method_c,css,uniform,Z,3,0.008367207826006818,1.189850693518793,1.5707963267948963,1.0,20.0,20000,2000,2000,20000,535
method_c,css,uniform,Z,3,0.00948283553614106,1.189850693518793,1.5707963267948963,1.0,20.0,20000,2000,2000,20000,961
method_c,css,uniform,Z,3,0.010598463246275305,1.189850693518793,1.5707963267948963,1.0,20.0,20000,2000,2000,20000,1458
method_c,css,uniform,Z,3,0.011714090956409545,1.189850693518793,1.5707963267948963,1.0,20.0,20000,2000,2000,20000,2012
method_c,css,uniform,Z,3,0.01282971866654379,1.189850693518793,1.5707963267948963,1.0,20.0,20000,2000,2000,16000,2184
method_c,css,uniform,Z,3,0.013945346376678032,1.189850693518793,1.5707963267948963,1.0,20.0,20000,2000,2000,12000,2142
method_c,css,uniform,Z,3,0.015060974086812274,1.189850693518793,1.5707963267948963,1.0,20.0,20000,2000,2000,10000,2157
method_c,css,uniform,Z,5,0.005020324695604091,1.189850693518793,1.5707963267948963,1.0,20.0,20000,2000,2000,20000,19
method_c,css,uniform,Z,5,0.006135952405738334,1.189850693518793,1.5707963267948963,1.0,20.0,20000,2000,2000,20000,131
method_c,css,uniform,Z,5,0.007251580115872576,1.189850693518793,1.5707963267948963,1.0,20.0,20000,2000,2000,20000,454
method_c,css,uniform,Z,5,0.008367207826006818,1.189850693518793,1.5707963267948963,1.0,20.0,20000,2000,2000,20000,1169
method_c,css,uniform,Z,5,0.00948283553614106,1.189850693518793,1.5707963267948963,1.0,20.0,20000,2000,2000,18000,2124
method_c,css,uniform,Z,5,0.010598463246275305,1.189850693518793,1.5707963267948963,1.0,20.0,20000,2000,2000,12000,2311
method_c,css,uniform,Z,5,0.011714090956409545,1.189850693518793,1.5707963267948963,1.0,20.0,20000,2000,2000,8000,2065
method_c,css,uniform,Z,5,0.01282971866654379,1.189850693518793,1.5707963267948963,1.0,20.0,20000,2000,2000,6000,2004
method_c,css,uniform,Z,5,0.013945346376678032,1.189850693518793,1.5707963267948963,1.0,20.0,20000,2000,2000,6000,2324
method_c,css,uniform,Z,5,0.015060974086812274,1.189850693518793,1.5707963267948963,1.0,20.0,20000,2000,2000,6000,2554
method_c,css,uniform,X,3,0.0020081298782416365,1.189850693518793,1.5707963267948963,1.0,20.0,20000,2000,2000,20000,2
method_c,css,uniform,X,3,0.0024543809622953336,1.189850693518793,1.5707963267948963,1.0,20.0,20000,2000,2000,20000,3
method_c,css,uniform,X,3,0.0029006320463490303,1.189850693518793,1.5707963267948963,1.0,20.0,20000,2000,2000,20000,11
method_c,css,uniform,X,3,0.0033468831304027274,1.189850693518793,1.5707963267948963,1.0,20.0,20000,2000,2000,20000,20
method_c,css,uniform,X,3,0.0037931342144564245,1.189850693518793,1.5707963267948963,1.0,20.0,20000,2000,2000,20000,51
method_c,css,uniform,X,3,0.004239385298510122,1.189850693518793,1.5707963267948963,1.0,20.0,20000,2000,2000,20000,89
method_c,css,uniform,X,3,0.004685636382563818,1.189850693518793,1.5707963267948963,1.0,20.0,20000,2000,2000,20000,145
method_c,css,uniform,X,3,0.005131887466617515,1.189850693518793,1.5707963267948963,1.0,20.0,20000,2000,2000,20000,211
method_c,css,uniform,X,3,0.0055781385506712125,1.189850693518793,1.5707963267948963,1.0,20.0,20000,2000,2000,20000,332
method_c,css,uniform,X,3,0.00602438963472491,1.189850693518793,1.5707963267948963,1.0,20.0,20000,2000,2000,20000,482
method_c,css,uniform,X,5,0.0020081298782416365,1.189850693518793,1.5707963267948963,1.0,20.0,20000,2000,2000,20000,0
method_c,css,uniform,X,5,0.0024543809622953336,1.189850693518793,1.5707963267948963,1.0,20.0,20000,2000,2000,20000,0
method_c,css,uniform,X,5,0.0029006320463490303,1.189850693518793,1.5707963267948963,1.0,20.0,20000,2000,2000,20000,2
method_c,css,uniform,X,5,0.0033468831304027274,1.189850693518793,1.5707963267948963,1.0,20.0,20000,2000,2000,20000,6
method_c,css,uniform,X,5,0.0037931342144564245,1.189850693518793,1.5707963267948963,1.0,20.0,20000,2000,2000,20000,19
method_c,css,uniform,X,5,0.004239385298510122,1.189850693518793,1.5707963267948963,1.0,20.0,20000,2000,2000,20000,49
method_c,css,uniform,X,5,0.004685636382563818,1.189850693518793,1.5707963267948963,1.0,20.0,20000,2000,2000,20000,119
method_c,css,uniform,X,5,0.005131887466617515,1.189850693518793,1.5707963267948963,1.0,20.0,20000,2000,2000,20000,265
method_c,css,uniform,X,5,0.0055781385506712125,1.189850693518793,1.5707963267948963,1.0,20.0,20000,2000,2000,20000,505
method_c,css,uniform,X,5,0.00602438963472491,1.189850693518793,1.5707963267948963,1.0,20.0,20000,2000,2000,20000,857
method_c,css,uniform,Z,3,0.004023645012076881,0.0,0.7695924644078832,1.0,20.0,20000,2000,2000,20000,13
method_c,css,uniform,Z,3,0.004917788348093966,0.0,0.7695924644078832,1.0,20.0,20000,2000,2000,20000,46
method_c,css,uniform,Z,3,0.005811931684111051,0.0,0.7695924644078832,1.0,20.0,20000,2000,2000,20000,118
method_c,css,uniform,Z,3,0.006706075020128135,0.0,0.7695924644078832,1.0,20.0,20000,2000,2000,20000,213
method_c,css,uniform,Z,3,0.007600218356145221,0.0,0.7695924644078832,1.0,20.0,20000,2000,2000,20000,405
method_c,css,uniform,Z,3,0.008494361692162306,0.0,0.7695924644078832,1.0,20.0,20000,2000,2000,20000,675
method_c,css,uniform,Z,3,0.009388505028179388,0.0,0.7695924644078832,1.0,20.0,20000,2000,2000,20000,1008
method_c,css,uniform,Z,3,0.010282648364196473,0.0,0.7695924644078832,1.0,20.0,20000,2000,2000,20000,1478
method_c,css,uniform,Z,3,0.01117679170021356,0.0,0.7695924644078832,1.0,20.0,20000,2000,2000,20000,1964
method_c,css,uniform,Z,3,0.012070935036230645,0.0,0.7695924644078832,1.0,20.0,20000,2000,2000,16000,2015
method_c,css,uniform,Z,5,0.004023645012076881,0.0,0.7695924644078832,1.0,20.0,20000,2000,2000,20000,2
method_c,css,uniform,Z,5,0.004917788348093966,0.0,0.7695924644078832,1.0,20.0,20000,2000,2000,20000,14
method_c,css,uniform,Z,5,0.005811931684111051,0.0,0.7695924644078832,1.0,20.0,20000,2000,2000,20000,61
method_c,css,uniform,Z,5,0.006706075020128135,0.0,0.7695924644078832,1.0,20.0,20000,2000,2000,20000,236
method_c,css,uniform,Z,5,0.007600218356145221,0.0,0.7695924644078832,1.0,20.0,20000,2000,2000,20000,625
method_c,css,uniform,Z,5,0.008494361692162306,0.0,0.7695924644078832,1.0,20.0,20000,2000,2000,20000,1241
method_c,css,uniform,Z,5,0.009388505028179388,0.0,0.7695924644078832,1.0,20.0,20000,2000,2000,18000,2012
method_c,css,uniform,Z,5,0.010282648364196473,0.0,0.7695924644078832,1.0,20.0,20000,2000,2000,12000,2035
method_c,css,uniform,Z,5,0.01117679170021356,0.0,0.7695924644078832,1.0,20.0,20000,2000,2000,10000,2393
method_c,css,uniform,Z,5,0.012070935036230645,0.0,0.7695924644078832,1.0,20.0,20000,2000,2000,8000,2458
method_c,css,uniform,X,3,0.0016094580048307526,0.0,0.7695924644078832,1.0,20.0,20000,2000,2000,20000,0
method_c,css,uniform,X,3,0.0019671153392375866,0.0,0.7695924644078832,1.0,20.0,20000,2000,2000,20000,9
method_c,css,uniform,X,3,0.0023247726736444203,0.0,0.7695924644078832,1.0,20.0,20000,2000,2000,20000,24
method_c,css,uniform,X,3,0.002682430008051254,0.0,0.7695924644078832,1.0,20.0,20000,2000,2000,20000,36
method_c,css,uniform,X,3,0.0030400873424580883,0.0,0.7695924644078832,1.0,20.0,20000,2000,2000,20000,76
method_c,css,uniform,X,3,0.003397744676864922,0.0,0.7695924644078832,1.0,20.0,20000,2000,2000,20000,148
method_c,css,uniform,X,3,0.0037554020112717554,0.0,0.7695924644078832,1.0,20.0,20000,2000,2000,20000,254
method_c,css,uniform,X,3,0.0041130593456785896,0.0,0.7695924644078832,1.0,20.0,20000,2000,2000,20000,397
method_c,css,uniform,X,3,0.004470716680085423,0.0,0.7695924644078832,1.0,20.0,20000,2000,2000,20000,573
method_c,css,uniform,X,3,0.004828374014492258,0.0,0.7695924644078832,1.0,20.0,20000,2000,2000,20000,802
method_c,css,uniform,X,5,0.0016094580048307526,0.0,0.7695924644078832,1.0,20.0,20000,2000,2000,20000,0
method_c,css,uniform,X,5,0.0019671153392375866,0.0,0.7695924644078832,1.0,20.0,20000,2000,2000,20000,0
method_c,css,uniform,X,5,0.0023247726736444203,0.0,0.7695924644078832,1.0,20.0,20000,2000,2000,20000,3
method_c,css,uniform,X,5,0.002682430008051254,0.0,0.7695924644078832,1.0,20.0,20000,2000,2000,20000,8
method_c,css,uniform,X,5,0.0030400873424580883,0.0,0.7695924644078832,1.0,20.0,20000,2000,2000,20000,37
method_c,css,uniform,X,5,0.003397744676864922,0.0,0.7695924644078832,1.0,20.0,20000,2000,2000,20000,125
method_c,css,uniform,X,5,0.0037554020112717554,0.0,0.7695924644078832,1.0,20.0,20000,2000,2000,20000,298
method_c,css,uniform,X,5,0.0041130593456785896,0.0,0.7695924644078832,1.0,20.0,20000,2000,2000,20000,535
method_c,css,uniform,X,5,0.004470716680085423,0.0,0.7695924644078832,1.0,20.0,20000,2000,2000,20000,999
method_c,css,uniform,X,5,0.004828374014492258,0.0,0.7695924644078832,1.0,20.0,20000,2000,2000,20000,1621
method_c,css,uniform,Z,3,0.0037525155006246863,0.17836562684991097,0.8604669850214003,1.0,20.0,20000,2000,2000,20000,14
method_c,css,uniform,Z,3,0.004586407834096839,0.17836562684991097,0.8604669850214003,1.0,20.0,20000,2000,2000,20000,45
method_c,css,uniform,Z,3,0.005420300167568991,0.17836562684991097,0.8604669850214003,1.0,20.0,20000,2000,2000,20000,94
method_c,css,uniform,Z,3,0.006254192501041143,0.17836562684991097,0.8604669850214003,1.0,20.0,20000,2000,2000,20000,223
method_c,css,uniform,Z,3,0.007088084834513295,0.17836562684991097,0.8604669850214003,1.0,20.0,20000,2000,2000,20000,420
method_c,css,uniform,Z,3,0.007921977167985449,0.17836562684991097,0.8604669850214003,1.0,20.0,20000,2000,2000,20000,713
method_c,css,uniform,Z,3,0.008755869501457599,0.17836562684991097,0.8604669850214003,1.0,20.0,20000,2000,2000,20000,1016
method_c,css,uniform,Z,3,0.009589761834929753,0.17836562684991097,0.8604669850214003,1.0,20.0,20000,2000,2000,20000,1458
method_c,css,uniform,Z,3,0.010423654168401906,0.17836562684991097,0.8604669850214003,1.0,20.0,20000,2000,2000,20000,2013
method_c,css,uniform,Z,3,0.011257546501874056,0.17836562684991097,0.8604669850214003,1.0,20.0,20000,2000,2000,16000,2105
method_c,css,uniform,Z,5,0.0037525155006246863,0.17836562684991097,0.8604669850214003,1.0,20.0,20000,2000,2000,20000,5
method_c,css,uniform,Z,5,0.004586407834096839,0.17836562684991097,0.8604669850214003,1.0,20.0,20000,2000,2000,20000,11
method_c,css,uniform,Z,5,0.005420300167568991,0.17836562684991097,0.8604669850214003,1.0,20.0,20000,2000,2000,20000,80
method_c,css,uniform,Z,5,0.006254192501041143,0.17836562684991097,0.8604669850214003,1.0,20.0,20000,2000,2000,20000,277
method_c,css,uniform,Z,5,0.007088084834513295,0.17836562684991097,0.8604669850214003,1.0,20.0,20000,2000,2000,20000,644
method_c,css,uniform,Z,5,0.007921977167985449,0.17836562684991097,0.8604669850214003,1.0,20.0,20000,2000,2000,20000,1415
method_c,css,uniform,Z,5,0.008755869501457599,0.17836562684991097,0.8604669850214003,1.0,20.0,20000,2000,2000,18000,2204
method_c,css,uniform,Z,5,0.009589761834929753,0.17836562684991097,0.8604669850214003,1.0,20.0,20000,2000,2000,12000,2240
method_c,css,uniform,Z,5,0.010423654168401906,0.17836562684991097,0.8604669850214003,1.0,20.0,20000,2000,2000,10000,2427
method_c,css,uniform,Z,5,0.011257546501874056,0.17836562684991097,0.8604669850214003,1.0,20.0,20000,2000,2000,8000,2461
method_c,css,uniform,X,3,0.0015010062002498744,0.17836562684991097,0.8604669850214003,1.0,20.0,20000,2000,2000,20000,1
method_c,css,uniform,X,3,0.0018345631336387355,0.17836562684991097,0.8604669850214003,1.0,20.0,20000,2000,2000,20000,6
method_c,css,uniform,X,3,0.0021681200670275965,0.17836562684991097,0.8604669850214003,1.0,20.0,20000,2000,2000,20000,25
method_c,css,uniform,X,3,0.002501677000416457,0.17836562684991097,0.8604669850214003,1.0,20.0,20000,2000,2000,20000,41
method_c,css,uniform,X,3,0.002835233933805318,0.17836562684991097,0.8604669850214003,1.0,20.0,20000,2000,2000,20000,78
method_c,css,uniform,X,3,0.0031687908671941796,0.17836562684991097,0.8604669850214003,1.0,20.0,20000,2000,2000,20000,132
method_c,css,uniform,X,3,0.00350234780058304,0.17836562684991097,0.8604669850214003,1.0,20.0,20000,2000,2000,20000,220
method_c,css,uniform,X,3,0.0038359047339719013,0.17836562684991097,0.8604669850214003,1.0,20.0,20000,2000,2000,20000,342
method_c,css,uniform,X,3,0.004169461667360762,0.17836562684991097,0.8604669850214003,1.0,20.0,20000,2000,2000,20000,526
method_c,css,uniform,X,3,0.004503018600749623,0.17836562684991097,0.8604669850214003,1.0,20.0,20000,2000,2000,20000,746
method_c,css,uniform,X,5,0.0015010062002498744,0.17836562684991097,0.8604669850214003,1.0,20.0,20000,2000,2000,20000,0
method_c,css,uniform,X,5,0.0018345631336387355,0.17836562684991097,0.8604669850214003,1.0,20.0,20000,2000,2000,20000,2
method_c,css,uniform,X,5,0.0021681200670275965,0.17836562684991097,0.8604669850214003,1.0,20.0,20000,2000,2000,20000,4
method_c,css,uniform,X,5,0.002501677000416457,0.17836562684991097,0.8604669850214003,1.0,20.0,20000,2000,2000,20000,11
method_c,css,uniform,X,5,0.002835233933805318,0.17836562684991097,0.8604669850214003,1.0,20.0,20000,2000,2000,20000,34
method_c,css,uniform,X,5,0.0031687908671941796,0.17836562684991097,0.8604669850214003,1.0,20.0,20000,2000,2000,20000,118
method_c,css,uniform,X,5,0.00350234780058304,0.17836562684991097,0.8604669850214003,1.0,20.0,20000,2000,2000,20000,261
method_c,css,uniform,X,5,0.0038359047339719013,0.17836562684991097,0.8604669850214003,1.0,20.0,20000,2000,2000,20000,559
method_c,css,uniform,X,5,0.004169461667360762,0.17836562684991097,0.8604669850214003,1.0,20.0,20000,2000,2000,20000,992
method_c,css,uniform,X,5,0.004503018600749623,0.17836562684991097,0.8604669850214003,1.0,20.0,20000,2000,2000,20000,1523
method_c,css,uniform,Z,3,0.003650132963274333,0.3734133882900362,0.9681144357303565,1.0,20.0,20000,2000,2000,20000,15
method_c,css,uniform,Z,3,0.0044612736217797405,0.3734133882900362,0.9681144357303565,1.0,20.0,20000,2000,2000,20000,50
method_c,css,uniform,Z,3,0.005272414280285148,0.3734133882900362,0.9681144357303565,1.0,20.0,20000,2000,2000,20000,122
method_c,css,uniform,Z,3,0.0060835549387905545,0.3734133882900362,0.9681144357303565,1.0,20.0,20000,2000,2000,20000,241
method_c,css,uniform,Z,3,0.006894695597295963,0.3734133882900362,0.9681144357303565,1.0,20.0,20000,2000,2000,20000,439
method_c,css,uniform,Z,3,0.00770583625580137,0.3734133882900362,0.9681144357303565,1.0,20.0,20000,2000,2000,20000,733
method_c,css,uniform,Z,3,0.008516976914306777,0.3734133882900362,0.9681144357303565,1.0,20.0,20000,2000,2000,20000,1051
method_c,css,uniform,Z,3,0.009328117572812183,0.3734133882900362,0.9681144357303565,1.0,20.0,20000,2000,2000,20000,1619
method_c,css,uniform,Z,3,0.010139258231317592,0.3734133882900362,0.9681144357303565,1.0,20.0,20000,2000,2000,20000,2035
method_c,css,uniform,Z,3,0.010950398889823,0.3734133882900362,0.9681144357303565,1.0,20.0,20000,2000,2000,16000,2083
method_c,css,uniform,Z,5,0.003650132963274333,0.3734133882900362,0.9681144357303565,1.0,20.0,20000,2000,2000,20000,5
method_c,css,uniform,Z,5,0.0044612736217797405,0.3734133882900362,0.9681144357303565,1.0,20.0,20000,2000,2000,20000,22
method_c,css,uniform,Z,5,0.005272414280285148,0.3734133882900362,0.9681144357303565,1.0,20.0,20000,2000,2000,20000,94
method_c,css,uniform,Z,5,0.0060835549387905545,0.3734133882900362,0.9681144357303565,1.0,20.0,20000,2000,2000,20000,294
method_c,css,uniform,Z,5,0.006894695597295963,0.3734133882900362,0.9681144357303565,1.0,20.0,20000,2000,2000,20000,748
method_c,css,uniform,Z,5,0.00770583625580137,0.3734133882900362,0.9681144357303565,1.0,20.0,20000,2000,2000,20000,1529
method_c,css,uniform,Z,5,0.008516976914306777,0.3734133882900362,0.9681144357303565,1.0,20.0,20000,2000,2000,16000,2075
method_c,css,uniform,Z,5,0.009328117572812183,0.3734133882900362,0.9681144357303565,1.0,20.0,20000,2000,2000,12000,2339
method_c,css,uniform,Z,5,0.010139258231317592,0.3734133882900362,0.9681144357303565,1.0,20.0,20000,2000,2000,8000,2100
method_c,css,uniform,Z,5,0.010950398889823,0.3734133882900362,0.9681144357303565,1.0,20.0,20000,2000,2000,8000,2553
method_c,css,uniform,X,3,0.0014600531853097333,0.3734133882900362,0.9681144357303565,1.0,20.0,20000,2000,2000,20000,3
method_c,css,uniform,X,3,0.0017845094487118963,0.3734133882900362,0.9681144357303565,1.0,20.0,20000,2000,2000,20000,4
method_c,css,uniform,X,3,0.002108965712114059,0.3734133882900362,0.9681144357303565,1.0,20.0,20000,2000,2000,20000,16
method_c,css,uniform,X,3,0.002433421975516222,0.3734133882900362,0.9681144357303565,1.0,20.0,20000,2000,2000,20000,31
method_c,css,uniform,X,3,0.002757878238918385,0.3734133882900362,0.9681144357303565,1.0,20.0,20000,2000,2000,20000,67
method_c,css,uniform,X,3,0.003082334502320548,0.3734133882900362,0.9681144357303565,1.0,20.0,20000,2000,2000,20000,120
method_c,css,uniform,X,3,0.0034067907657227108,0.3734133882900362,0.9681144357303565,1.0,20.0,20000,2000,2000,20000,223
method_c,css,uniform,X,3,0.0037312470291248736,0.3734133882900362,0.9681144357303565,1.0,20.0,20000,2000,2000,20000,310
method_c,css,uniform,X,3,0.004055703292527036,0.3734133882900362,0.9681144357303565,1.0,20.0,20000,2000,2000,20000,501
method_c,css,uniform,X,3,0.0043801595559292,0.3734133882900362,0.9681144357303565,1.0,20.0,20000,2000,2000,20000,730
method_c,css,uniform,X,5,0.0014600531853097333,0.3734133882900362,0.9681144357303565,1.0,20.0,20000,2000,2000,20000,0
method_c,css,uniform,X,5,0.0017845094487118963,0.3734133882900362,0.9681144357303565,1.0,20.0,20000,2000,2000,20000,0
method_c,css,uniform,X,5,0.002108965712114059,0.3734133882900362,0.9681144357303565,1.0,20.0,20000,2000,2000,20000,3
method_c,css,uniform,X,5,0.002433421975516222,0.3734133882900362,0.9681144357303565,1.0,20.0,20000,2000,2000,20000,14
method_c,css,uniform,X,5,0.002757878238918385,0.3734133882900362,0.9681144357303565,1.0,20.0,20000,2000,2000,20000,31
method_c,css,uniform,X,5,0.003082334502320548,0.3734133882900362,0.9681144357303565,1.0,20.0,20000,2000,2000,20000,120
method_c,css,uniform,X,5,0.0034067907657227108,0.3734133882900362,0.9681144357303565,1.0,20.0,20000,2000,2000,20000,270
method_c,css,uniform,X,5,0.0037312470291248736,0.3734133882900362,0.9681144357303565,1.0,20.0,20000,2000,2000,20000,513
method_c,css,uniform,X,5,0.004055703292527036,0.3734133882900362,0.9681144357303565,1.0,20.0,20000,2000,2000,20000,875
method_c,css,uniform,X,5,0.0043801595559292,0.3734133882900362,0.9681144357303565,1.0,20.0,20000,2000,2000,20000,1465
method_c,css,uniform,Z,3,0.003730417320444342,0.5650015423103087,1.0943827170833968,1.0,20.0,20000,2000,2000,20000,19
method_c,css,uniform,Z,3,0.004559398947209752,0.5650015423103087,1.0943827170833968,1.0,20.0,20000,2000,2000,20000,59
method_c,css,uniform,Z,3,0.005388380573975161,0.5650015423103087,1.0943827170833968,1.0,20.0,20000,2000,2000,20000,119
method_c,css,uniform,Z,3,0.00621736220074057,0.5650015423103087,1.0943827170833968,1.0,20.0,20000,2000,2000,20000,242
method_c,css,uniform,Z,3,0.007046343827505979,0.5650015423103087,1.0943827170833968,1.0,20.0,20000,2000,2000,20000,466
method_c,css,uniform,Z,3,0.007875325454271389,0.5650015423103087,1.0943827170833968,1.0,20.0,20000,2000,2000,20000,710
method_c,css,uniform,Z,3,0.008704307081036797,0.5650015423103087,1.0943827170833968,1.0,20.0,20000,2000,2000,20000,1101
method_c,css,uniform,Z,3,0.009533288707802207,0.5650015423103087,1.0943827170833968,1.0,20.0,20000,2000,2000,20000,1645
method_c,css,uniform,Z,3,0.010362270334567616,0.5650015423103087,1.0943827170833968,1.0,20.0,20000,2000,2000,20000,2067
method_c,css,uniform,Z,3,0.011191251961333026,0.5650015423103087,1.0943827170833968,1.0,20.0,20000,2000,2000,16000,2178
method_c,css,uniform,Z,5,0.003730417320444342,0.5650015423103087,1.0943827170833968,1.0,20.0,20000,2000,2000,20000,5
method_c,css,uniform,Z,5,0.004559398947209752,0.5650015423103087,1.0943827170833968,1.0,20.0,20000,2000,2000,20000,29
method_c,css,uniform,Z,5,0.005388380573975161,0.5650015423103087,1.0943827170833968,1.0,20.0,20000,2000,2000,20000,113
method_c,css,uniform,Z,5,0.00621736220074057,0.5650015423103087,1.0943827170833968,1.0,20.0,20000,2000,2000,20000,333
method_c,css,uniform,Z,5,0.007046343827505979,0.5650015423103087,1.0943827170833968,1.0,20.0,20000,2000,2000,20000,866
method_c,css,uniform,Z,5,0.007875325454271389,0.5650015423103087,1.0943827170833968,1.0,20.0,20000,2000,2000,20000,1658
method_c,css,uniform,Z,5,0.008704307081036797,0.5650015423103087,1.0943827170833968,1.0,20.0,20000,2000,2000,16000,2201
method_c,css,uniform,Z,5,0.009533288707802207,0.5650015423103087,1.0943827170833968,1.0,20.0,20000,2000,2000,10000,2084
method_c,css,uniform,Z,5,0.010362270334567616,0.5650015423103087,1.0943827170833968,1.0,20.0,20000,2000,2000,8000,2146
method_c,css,uniform,Z,5,0.011191251961333026,0.5650015423103087,1.0943827170833968,1.0,20.0,20000,2000,2000,8000,2570
method_c,css,uniform,X,3,0.0014921669281777368,0.5650015423103087,1.0943827170833968,1.0,20.0,20000,2000,2000,20000,3
method_c,css,uniform,X,3,0.0018237595788839006,0.5650015423103087,1.0943827170833968,1.0,20.0,20000,2000,2000,20000,4
method_c,css,uniform,X,3,0.002155352229590064,0.5650015423103087,1.0943827170833968,1.0,20.0,20000,2000,2000,20000,18
method_c,css,uniform,X,3,0.002486944880296228,0.5650015423103087,1.0943827170833968,1.0,20.0,20000,2000,2000,20000,29
method_c,css,uniform,X,3,0.0028185375310023917,0.5650015423103087,1.0943827170833968,1.0,20.0,20000,2000,2000,20000,66
method_c,css,uniform,X,3,0.0031501301817085554,0.5650015423103087,1.0943827170833968,1.0,20.0,20000,2000,2000,20000,131
method_c,css,uniform,X,3,0.0034817228324147188,0.5650015423103087,1.0943827170833968,1.0,20.0,20000,2000,2000,20000,198
method_c,css,uniform,X,3,0.0038133154831208826,0.5650015423103087,1.0943827170833968,1.0,20.0,20000,2000,2000,20000,313
method_c,css,uniform,X,3,0.004144908133827047,0.5650015423103087,1.0943827170833968,1.0,20.0,20000,2000,2000,20000,460
method_c,css,uniform,X,3,0.0044765007845332105,0.5650015423103087,1.0943827170833968,1.0,20.0,20000,2000,2000,20000,692
method_c,css,uniform,X,5,0.0014921669281777368,0.5650015423103087,1.0943827170833968,1.0,20.0,20000,2000,2000,20000,0
method_c,css,uniform,X,5,0.0018237595788839006,0.5650015423103087,1.0943827170833968,1.0,20.0,20000,2000,2000,20000,0
method_c,css,uniform,X,5,0.002155352229590064,0.5650015423103087,1.0943827170833968,1.0,20.0,20000,2000,2000,20000,4
method_c,css,uniform,X,5,0.002486944880296228,0.5650015423103087,1.0943827170833968,1.0,20.0,20000,2000,2000,20000,12
method_c,css,uniform,X,5,0.0028185375310023917,0.5650015423103087,1.0943827170833968,1.0,20.0,20000,2000,2000,20000,35
method_c,css,uniform,X,5,0.0031501301817085554,0.5650015423103087,1.0943827170833968,1.0,20.0,20000,2000,2000,20000,110
method_c,css,uniform,X,5,0.0034817228324147188,0.5650015423103087,1.0943827170833968,1.0,20.0,20000,2000,2000,20000,247
method_c,css,uniform,X,5,0.0038133154831208826,0.5650015423103087,1.0943827170833968,1.0,20.0,20000,2000,2000,20000,477
method_c,css,uniform,X,5,0.004144908133827047,0.5650015423103087,1.0943827170833968,1.0,20.0,20000,2000,2000,20000,841
method_c,css,uniform,X,5,0.0044765007845332105,0.5650015423103087,1.0943827170833968,1.0,20.0,20000,2000,2000,20000,1304
method_c,css,uniform,Z,3,0.0039823360967774155,0.732498707871446,1.2394403889380603,1.0,20.0,20000,2000,2000,20000,14
method_c,css,uniform,Z,3,0.004867299673839064,0.732498707871446,1.2394403889380603,1.0,20.0,20000,2000,2000,20000,48
method_c,css,uniform,Z,3,0.005752263250900711,0.732498707871446,1.2394403889380603,1.0,20.0,20000,2000,2000,20000,108
method_c,css,uniform,Z,3,0.006637226827962358,0.732498707871446,1.2394403889380603,1.0,20.0,20000,2000,2000,20000,246
method_c,css,uniform,Z,3,0.007522190405024007,0.732498707871446,1.2394403889380603,1.0,20.0,20000,2000,2000,20000,490
method_c,css,uniform,Z,3,0.008407153982085655,0.732498707871446,1.2394403889380603,1.0,20.0,20000,2000,2000,20000,802
method_c,css,uniform,Z,3,0.009292117559147302,0.732498707871446,1.2394403889380603,1.0,20.0,20000,2000,2000,20000,1140
method_c,css,uniform,Z,3,0.01017708113620895,0.732498707871446,1.2394403889380603,1.0,20.0,20000,2000,2000,20000,1657
method_c,css,uniform,Z,3,0.011062044713270599,0.732498707871446,1.2394403889380603,1.0,20.0,20000,2000,2000,20000,2181
method_c,css,uniform,Z,3,0.011947008290332248,0.732498707871446,1.2394403889380603,1.0,20.0,20000,2000,2000,16000,2212
method_c,css,uniform,Z,5,0.0039823360967774155,0.732498707871446,1.2394403889380603,1.0,20.0,20000,2000,2000,20000,4
method_c,css,uniform,Z,5,0.004867299673839064,0.732498707871446,1.2394403889380603,1.0,20.0,20000,2000,2000,20000,28
method_c,css,uniform,Z,5,0.005752263250900711,0.732498707871446,1.2394403889380603,1.0,20.0,20000,2000,2000,20000,130
method_c,css,uniform,Z,5,0.006637226827962358,0.732498707871446,1.2394403889380603,1.0,20.0,20000,2000,2000,20000,362
method_c,css,uniform,Z,5,0.007522190405024007,0.732498707871446,1.2394403889380603,1.0,20.0,20000,2000,2000,20000,901
method_c,css,uniform,Z,5,0.008407153982085655,0.732498707871446,1.2394403889380603,1.0,20.0,20000,2000,2000,20000,1808
method_c,css,uniform,Z,5,0.009292117559147302,0.732498707871446,1.2394403889380603,1.0,20.0,20000,2000,2000,14000,2022
method_c,css,uniform,Z,5,0.01017708113620895,0.732498707871446,1.2394403889380603,1.0,20.0,20000,2000,2000,10000,2047
method_c,css,uniform,Z,5,0.011062044713270599,0.732498707871446,1.2394403889380603,1.0,20.0,20000,2000,2000,8000,2208
method_c,css,uniform,Z,5,0.011947008290332248,0.732498707871446,1.2394403889380603,1.0,20.0,20000,2000,2000,6000,2072
method_c,css,uniform,X,3,0.0015929344387109663,0.732498707871446,1.2394403889380603,1.0,20.0,20000,2000,2000,20000,2
method_c,css,uniform,X,3,0.0019469198695356257,0.732498707871446,1.2394403889380603,1.0,20.0,20000,2000,2000,20000,5
method_c,css,uniform,X,3,0.0023009053003602846,0.732498707871446,1.2394403889380603,1.0,20.0,20000,2000,2000,20000,11
method_c,css,uniform,X,3,0.0026548907311849433,0.732498707871446,1.2394403889380603,1.0,20.0,20000,2000,2000,20000,30
method_c,css,uniform,X,3,0.003008876162009603,0.732498707871446,1.2394403889380603,1.0,20.0,20000,2000,2000,20000,67
method_c,css,uniform,X,3,0.003362861592834262,0.732498707871446,1.2394403889380603,1.0,20.0,20000,2000,2000,20000,117
method_c,css,uniform,X,3,0.003716847023658921,0.732498707871446,1.2394403889380603,1.0,20.0,20000,2000,2000,20000,180
method_c,css,uniform,X,3,0.00407083245448358,0.732498707871446,1.2394403889380603,1.0,20.0,20000,2000,2000,20000,294
method_c,css,uniform,X,3,0.004424817885308239,0.732498707871446,1.2394403889380603,1.0,20.0,20000,2000,2000,20000,437
method_c,css,uniform,X,3,0.004778803316132899,0.732498707871446,1.2394403889380603,1.0,20.0,20000,2000,2000,20000,626
method_c,css,uniform,X,5,0.0015929344387109663,0.732498707871446,1.2394403889380603,1.0,20.0,20000,2000,2000,20000,0
method_c,css,uniform,X,5,0.0019469198695356257,0.732498707871446,1.2394403889380603,1.0,20.0,20000,2000,2000,20000,2
method_c,css,uniform,X,5,0.0023009053003602846,0.732498707871446,1.2394403889380603,1.0,20.0,20000,2000,2000,20000,2
method_c,css,uniform,X,5,0.0026548907311849433,0.732498707871446,1.2394403889380603,1.0,20.0,20000,2000,2000,20000,10
method_c,css,uniform,X,5,0.003008876162009603,0.732498707871446,1.2394403889380603,1.0,20.0,20000,2000,2000,20000,32
method_c,css,uniform,X,5,0.003362861592834262,0.732498707871446,1.2394403889380603,1.0,20.0,20000,2000,2000,20000,88
method_c,css,uniform,X,5,0.003716847023658921,0.732498707871446,1.2394403889380603,1.0,20.0,20000,2000,2000,20000,204
method_c,css,uniform,X,5,0.00407083245448358,0.732498707871446,1.2394403889380603,1.0,20.0,20000,2000,2000,20000,455
method_c,css,uniform,X,5,0.004424817885308239,0.732498707871446,1.2394403889380603,1.0,20.0,20000,2000,2000,20000,782
method_c,css,uniform,X,5,0.004778803316132899,0.732498707871446,1.2394403889380603,1.0,20.0,20000,2000,2000,20000,1259
method_c,css,uniform,Z,3,0.0043763492615029684,0.8643180743961125,1.4004432773037054,1.0,20.0,20000,2000,2000,20000,12
method_c,css,uniform,Z,3,0.005348871319614741,0.8643180743961125,1.4004432773037054,1.0,20.0,20000,2000,2000,20000,52
method_c,css,uniform,Z,3,0.00632139337772651,0.8643180743961125,1.4004432773037054,1.0,20.0,20000,2000,2000,20000,121
method_c,css,uniform,Z,3,0.00729391543583828,0.8643180743961125,1.4004432773037054,1.0,20.0,20000,2000,2000,20000,240
method_c,css,uniform,Z,3,0.008266437493950052,0.8643180743961125,1.4004432773037054,1.0,20.0,20000,2000,2000,20000,500
method_c,css,uniform,Z,3,0.009238959552061823,0.8643180743961125,1.4004432773037054,1.0,20.0,20000,2000,2000,20000,834
method_c,css,uniform,Z,3,0.010211481610173594,0.8643180743961125,1.4004432773037054,1.0,20.0,20000,2000,2000,20000,1167
method_c,css,uniform,Z,3,0.011184003668285364,0.8643180743961125,1.4004432773037054,1.0,20.0,20000,2000,2000,20000,1735
method_c,css,uniform,Z,3,0.012156525726397135,0.8643180743961125,1.4004432773037054,1.0,20.0,20000,2000,2000,20000,2167
method_c,css,uniform,Z,3,0.013129047784508907,0.8643180743961125,1.4004432773037054,1.0,20.0,20000,2000,2000,16000,2252
method_c,css,uniform,Z,5,0.0043763492615029684,0.8643180743961125,1.4004432773037054,1.0,20.0,20000,2000,2000,20000,4
method_c,css,uniform,Z,5,0.005348871319614741,0.8643180743961125,1.4004432773037054,1.0,20.0,20000,2000,2000,20000,38
method_c,css,uniform,Z,5,0.00632139337772651,0.8643180743961125,1.4004432773037054,1.0,20.0,20000,2000,2000,20000,130
method_c,css,uniform,Z,5,0.00729391543583828,0.8643180743961125,1.4004432773037054,1.0,20.0,20000,2000,2000,20000,420
method_c,css,uniform,Z,5,0.008266437493950052,0.8643180743961125,1.4004432773037054,1.0,20.0,20000,2000,2000,20000,968
method_c,css,uniform,Z,5,0.009238959552061823,0.8643180743961125,1.4004432773037054,1.0,20.0,20000,2000,2000,20000,1847
method_c,css,uniform,Z,5,0.010211481610173594,0.8643180743961125,1.4004432773037054,1.0,20.0,20000,2000,2000,14000,2290
method_c,css,uniform,Z,5,0.011184003668285364,0.8643180743961125,1.4004432773037054,1.0,20.0,20000,2000,2000,10000,2193
method_c,css,uniform,Z,5,0.012156525726397135,0.8643180743961125,1.4004432773037054,1.0,20.0,20000,2000,2000,8000,2198
method_c,css,uniform,Z,5,0.013129047784508907,0.8643180743961125,1.4004432773037054,1.0,20.0,20000,2000,2000,6000,2087
method_c,css,uniform,X,3,0.0017505397046011875,0.8643180743961125,1.4004432773037054,1.0,20.0,20000,2000,2000,20000,1
method_c,css,uniform,X,3,0.002139548527845896,0.8643180743961125,1.4004432773037054,1.0,20.0,20000,2000,2000,20000,4
method_c,css,uniform,X,3,0.002528557351090604,0.8643180743961125,1.4004432773037054,1.0,20.0,20000,2000,2000,20000,16
method_c,css,uniform,X,3,0.002917566174335312,0.8643180743961125,1.4004432773037054,1.0,20.0,20000,2000,2000,20000,25
method_c,css,uniform,X,3,0.003306574997580021,0.8643180743961125,1.4004432773037054,1.0,20.0,20000,2000,2000,20000,67
method_c,css,uniform,X,3,0.003695583820824729,0.8643180743961125,1.4004432773037054,1.0,20.0,20000,2000,2000,20000,90
method_c,css,uniform,X,3,0.004084592644069437,0.8643180743961125,1.4004432773037054,1.0,20.0,20000,2000,2000,20000,175
method_c,css,uniform,X,3,0.0044736014673141455,0.8643180743961125,1.4004432773037054,1.0,20.0,20000,2000,2000,20000,258
method_c,css,uniform,X,3,0.004862610290558854,0.8643180743961125,1.4004432773037054,1.0,20.0,20000,2000,2000,20000,430
method_c,css,uniform,X,3,0.005251619113803563,0.8643180743961125,1.4004432773037054,1.0,20.0,20000,2000,2000,20000,627
method_c,css,uniform,X,5,0.0017505397046011875,0.8643180743961125,1.4004432773037054,1.0,20.0,20000,2000,2000,20000,0
method_c,css,uniform,X,5,0.002139548527845896,0.8643180743961125,1.4004432773037054,1.0,20.0,20000,2000,2000,20000,0
method_c,css,uniform,X,5,0.002528557351090604,0.8643180743961125,1.4004432773037054,1.0,20.0,20000,2000,2000,20000,4
method_c,css,uniform,X,5,0.002917566174335312,0.8643180743961125,1.4004432773037054,1.0,20.0,20000,2000,2000,20000,8
method_c,css,uniform,X,5,0.003306574997580021,0.8643180743961125,1.4004432773037054,1.0,20.0,20000,2000,2000,20000,29
method_c,css,uniform,X,5,0.003695583820824729,0.8643180743961125,1.4004432773037054,1.0,20.0,20000,2000,2000,20000,84
method_c,css,uniform,X,5,0.004084592644069437,0.8643180743961125,1.4004432773037054,1.0,20.0,20000,2000,2000,20000,201
method_c,css,uniform,X,5,0.0044736014673141455,0.8643180743961125,1.4004432773037054,1.0,20.0,20000,2000,2000,20000,399
method_c,css,uniform,X,5,0.004862610290558854,0.8643180743961125,1.4004432773037054,1.0,20.0,20000,2000,2000,20000,710
method_c,css,uniform,X,5,0.005251619113803563,0.8643180743961125,1.4004432773037054,1.0,20.0,20000,2000,2000,20000,1250
method_c,css,uniform,Z,3,0.004878146123022016,0.9594720582807973,1.5707963267948966,1.0,20.0,20000,2000,2000,20000,19
method_c,css,uniform,Z,3,0.005962178594804687,0.9594720582807973,1.5707963267948966,1.0,20.0,20000,2000,2000,20000,55
method_c,css,uniform,Z,3,0.007046211066587356,0.9594720582807973,1.5707963267948966,1.0,20.0,20000,2000,2000,20000,144
method_c,css,uniform,Z,3,0.008130243538370026,0.9594720582807973,1.5707963267948966,1.0,20.0,20000,2000,2000,20000,270
method_c,css,uniform,Z,3,0.009214276010152697,0.9594720582807973,1.5707963267948966,1.0,20.0,20000,2000,2000,20000,494
method_c,css,uniform,Z,3,0.010298308481935367,0.9594720582807973,1.5707963267948966,1.0,20.0,20000,2000,2000,20000,827
method_c,css,uniform,Z,3,0.011382340953718036,0.9594720582807973,1.5707963267948966,1.0,20.0,20000,2000,2000,20000,1201
method_c,css,uniform,Z,3,0.012466373425500707,0.9594720582807973,1.5707963267948966,1.0,20.0,20000,2000,2000,20000,1688
method_c,css,uniform,Z,3,0.013550405897283378,0.9594720582807973,1.5707963267948966,1.0,20.0,20000,2000,2000,18000,2078
method_c,css,uniform,Z,3,0.014634438369066048,0.9594720582807973,1.5707963267948966,1.0,20.0,20000,2000,2000,14000,2021
method_c,css,uniform,Z,5,0.004878146123022016,0.9594720582807973,1.5707963267948966,1.0,20.0,20000,2000,2000,20000,4
method_c,css,uniform,Z,5,0.005962178594804687,0.9594720582807973,1.5707963267948966,1.0,20.0,20000,2000,2000,20000,38
method_c,css,uniform,Z,5,0.007046211066587356,0.9594720582807973,1.5707963267948966,1.0,20.0,20000,2000,2000,20000,142
method_c,css,uniform,Z,5,0.008130243538370026,0.9594720582807973,1.5707963267948966,1.0,20.0,20000,2000,2000,20000,480
method_c,css,uniform,Z,5,0.009214276010152697,0.9594720582807973,1.5707963267948966,1.0,20.0,20000,2000,2000,20000,1091
method_c,css,uniform,Z,5,0.010298308481935367,0.9594720582807973,1.5707963267948966,1.0,20.0,20000,2000,2000,20000,2011
method_c,css,uniform,Z,5,0.011382340953718036,0.9594720582807973,1.5707963267948966,1.0,20.0,20000,2000,2000,14000,2276
method_c,css,uniform,Z,5,0.012466373425500707,0.9594720582807973,1.5707963267948966,1.0,20.0,20000,2000,2000,10000,2294
method_c,css,uniform,Z,5,0.013550405897283378,0.9594720582807973,1.5707963267948966,1.0,20.0,20000,2000,2000,8000,2387
method_c,css,uniform,Z,5,0.014634438369066048,0.9594720582807973,1.5707963267948966,1.0,20.0,20000,2000,2000,6000,2081
method_c,css,uniform,X,3,0.0019512584492088064,0.9594720582807973,1.5707963267948966,1.0,20.0,20000,2000,2000,20000,1
method_c,css,uniform,X,3,0.0023848714379218748,0.9594720582807973,1.5707963267948966,1.0,20.0,20000,2000,2000,20000,6
method_c,css,uniform,X,3,0.0028184844266349427,0.9594720582807973,1.5707963267948966,1.0,20.0,20000,2000,2000,20000,11
method_c,css,uniform,X,3,0.0032520974153480106,0.9594720582807973,1.5707963267948966,1.0,20.0,20000,2000,2000,20000,23
method_c,css,uniform,X,3,0.003685710404061079,0.9594720582807973,1.5707963267948966,1.0,20.0,20000,2000,2000,20000,51
method_c,css,uniform,X,3,0.004119323392774147,0.9594720582807973,1.5707963267948966,1.0,20.0,20000,2000,2000,20000,98
method_c,css,uniform,X,3,0.004552936381487215,0.9594720582807973,1.5707963267948966,1.0,20.0,20000,2000,2000,20000,191
method_c,css,uniform,X,3,0.004986549370200283,0.9594720582807973,1.5707963267948966,1.0,20.0,20000,2000,2000,20000,259
method_c,css,uniform,X,3,0.005420162358913351,0.9594720582807973,1.5707963267948966,1.0,20.0,20000,2000,2000,20000,374
method_c,css,uniform,X,3,0.005853775347626419,0.9594720582807973,1.5707963267948966,1.0,20.0,20000,2000,2000,20000,569
method_c,css,uniform,X,5,0.0019512584492088064,0.9594720582807973,1.5707963267948966,1.0,20.0,20000,2000,2000,20000,0
method_c,css,uniform,X,5,0.0023848714379218748,0.9594720582807973,1.5707963267948966,1.0,20.0,20000,2000,2000,20000,0
method_c,css,uniform,X,5,0.0028184844266349427,0.9594720582807973,1.5707963267948966,1.0,20.0,20000,2000,2000,20000,0
method_c,css,uniform,X,5,0.0032520974153480106,0.9594720582807973,1.5707963267948966,1.0,20.0,20000,2000,2000,20000,8
method_c,css,uniform,X,5,0.003685710404061079,0.9594720582807973,1.5707963267948966,1.0,20.0,20000,2000,2000,20000,23
method_c,css,uniform,X,5,0.004119323392774147,0.9594720582807973,1.5707963267948966,1.0,20.0,20000,2000,2000,20000,75
method_c,css,uniform,X,5,0.004552936381487215,0.9594720582807973,1.5707963267948966,1.0,20.0,20000,2000,2000,20000,185
method_c,css,uniform,X,5,0.004986549370200283,0.9594720582807973,1.5707963267948966,1.0,20.0,20000,2000,2000,20000,356
method_c,css,uniform,X,5,0.005420162358913351,0.9594720582807973,1.5707963267948966,1.0,20.0,20000,2000,2000,20000,689
method_c,css,uniform,X,5,0.005853775347626419,0.9594720582807973,1.5707963267948966,1.0,20.0,20000,2000,2000,20000,1091
method_c,css,uniform,Z,3,0.004442423207488895,0.0,0.9978903301249329,1.0,20.0,20000,2000,2000,20000,3
method_c,css,uniform,Z,3,0.00542962836470865,0.0,0.9978903301249329,1.0,20.0,20000,2000,2000,20000,20
method_c,css,uniform,Z,3,0.006416833521928404,0.0,0.9978903301249329,1.0,20.0,20000,2000,2000,20000,36
method_c,css,uniform,Z,3,0.007404038679148158,0.0,0.9978903301249329,1.0,20.0,20000,2000,2000,20000,96
method_c,css,uniform,Z,3,0.008391243836367912,0.0,0.9978903301249329,1.0,20.0,20000,2000,2000,20000,171
method_c,css,uniform,Z,3,0.009378448993587668,0.0,0.9978903301249329,1.0,20.0,20000,2000,2000,20000,302
method_c,css,uniform,Z,3,0.01036565415080742,0.0,0.9978903301249329,1.0,20.0,20000,2000,2000,20000,489
method_c,css,uniform,Z,3,0.011352859308027177,0.0,0.9978903301249329,1.0,20.0,20000,2000,2000,20000,744
method_c,css,uniform,Z,3,0.01234006446524693,0.0,0.9978903301249329,1.0,20.0,20000,2000,2000,20000,1087
method_c,css,uniform,Z,3,0.013327269622466687,0.0,0.9978903301249329,1.0,20.0,20000,2000,2000,20000,1402
method_c,css,uniform,Z,5,0.004442423207488895,0.0,0.9978903301249329,1.0,20.0,20000,2000,2000,20000,2
method_c,css,uniform,Z,5,0.00542962836470865,0.0,0.9978903301249329,1.0,20.0,20000,2000,2000,20000,4
method_c,css,uniform,Z,5,0.006416833521928404,0.0,0.9978903301249329,1.0,20.0,20000,2000,2000,20000,12
method_c,css,uniform,Z,5,0.007404038679148158,0.0,0.9978903301249329,1.0,20.0,20000,2000,2000,20000,55
method_c,css,uniform,Z,5,0.008391243836367912,0.0,0.9978903301249329,1.0,20.0,20000,2000,2000,20000,155
method_c,css,uniform,Z,5,0.009378448993587668,0.0,0.9978903301249329,1.0,20.0,20000,2000,2000,20000,371
method_c,css,uniform,Z,5,0.01036565415080742,0.0,0.9978903301249329,1.0,20.0,20000,2000,2000,20000,799
method_c,css,uniform,Z,5,0.011352859308027177,0.0,0.9978903301249329,1.0,20.0,20000,2000,2000,20000,1481
method_c,css,uniform,Z,5,0.01234006446524693,0.0,0.9978903301249329,1.0,20.0,20000,2000,2000,18000,2025
method_c,css,uniform,Z,5,0.013327269622466687,0.0,0.9978903301249329,1.0,20.0,20000,2000,2000,12000,2011
method_c,css,uniform,X,3,0.0017769692829955582,0.0,0.9978903301249329,1.0,20.0,20000,2000,2000,20000,1
method_c,css,uniform,X,3,0.00217185134588346,0.0,0.9978903301249329,1.0,20.0,20000,2000,2000,20000,12
method_c,css,uniform,X,3,0.0025667334087713617,0.0,0.9978903301249329,1.0,20.0,20000,2000,2000,20000,25
method_c,css,uniform,X,3,0.002961615471659263,0.0,0.9978903301249329,1.0,20.0,20000,2000,2000,20000,49
method_c,css,uniform,X,3,0.003356497534547165,0.0,0.9978903301249329,1.0,20.0,20000,2000,2000,20000,92
method_c,css,uniform,X,3,0.0037513795974350676,0.0,0.9978903301249329,1.0,20.0,20000,2000,2000,20000,144
method_c,css,uniform,X,3,0.004146261660322968,0.0,0.9978903301249329,1.0,20.0,20000,2000,2000,20000,269
method_c,css,uniform,X,3,0.004541143723210871,0.0,0.9978903301249329,1.0,20.0,20000,2000,2000,20000,427
method_c,css,uniform,X,3,0.004936025786098772,0.0,0.9978903301249329,1.0,20.0,20000,2000,2000,20000,605
method_c,css,uniform,X,3,0.0053309078489866745,0.0,0.9978903301249329,1.0,20.0,20000,2000,2000,20000,840
method_c,css,uniform,X,5,0.0017769692829955582,0.0,0.9978903301249329,1.0,20.0,20000,2000,2000,20000,1
method_c,css,uniform,X,5,0.00217185134588346,0.0,0.9978903301249329,1.0,20.0,20000,2000,2000,20000,1
method_c,css,uniform,X,5,0.0025667334087713617,0.0,0.9978903301249329,1.0,20.0,20000,2000,2000,20000,6
method_c,css,uniform,X,5,0.002961615471659263,0.0,0.9978903301249329,1.0,20.0,20000,2000,2000,20000,18
method_c,css,uniform,X,5,0.003356497534547165,0.0,0.9978903301249329,1.0,20.0,20000,2000,2000,20000,65
method_c,css,uniform,X,5,0.0037513795974350676,0.0,0.9978903301249329,1.0,20.0,20000,2000,2000,20000,154
method_c,css,uniform,X,5,0.004146261660322968,0.0,0.9978903301249329,1.0,20.0,20000,2000,2000,20000,332
method_c,css,uniform,X,5,0.004541143723210871,0.0,0.9978903301249329,1.0,20.0,20000,2000,2000,20000,621
method_c,css,uniform,X,5,0.004936025786098772,0.0,0.9978903301249329,1.0,20.0,20000,2000,2000,20000,1149
method_c,css,uniform,X,5,0.0053309078489866745,0.0,0.9978903301249329,1.0,20.0,20000,2000,2000,20000,1814
method_c,css,uniform,Z,3,0.004253317000817722,0.15717748301255702,1.0943827170833968,1.0,20.0,20000,2000,2000,20000,12
method_c,css,uniform,Z,3,0.005198498556554994,0.15717748301255702,1.0943827170833968,1.0,20.0,20000,2000,2000,20000,12
method_c,css,uniform,Z,3,0.006143680112292265,0.15717748301255702,1.0943827170833968,1.0,20.0,20000,2000,2000,20000,51
method_c,css,uniform,Z,3,0.007088861668029536,0.15717748301255702,1.0943827170833968,1.0,20.0,20000,2000,2000,20000,105
method_c,css,uniform,Z,3,0.008034043223766808,0.15717748301255702,1.0943827170833968,1.0,20.0,20000,2000,2000,20000,179
method_c,css,uniform,Z,3,0.00897922477950408,0.15717748301255702,1.0943827170833968,1.0,20.0,20000,2000,2000,20000,353
method_c,css,uniform,Z,3,0.00992440633524135,0.15717748301255702,1.0943827170833968,1.0,20.0,20000,2000,2000,20000,513
method_c,css,uniform,Z,3,0.010869587890978622,0.15717748301255702,1.0943827170833968,1.0,20.0,20000,2000,2000,20000,796
method_c,css,uniform,Z,3,0.011814769446715896,0.15717748301255702,1.0943827170833968,1.0,20.0,20000,2000,2000,20000,1155
method_c,css,uniform,Z,3,0.012759951002453166,0.15717748301255702,1.0943827170833968,1.0,20.0,20000,2000,2000,20000,1526
method_c,css,uniform,Z,5,0.004253317000817722,0.15717748301255702,1.0943827170833968,1.0,20.0,20000,2000,2000,20000,0
method_c,css,uniform,Z,5,0.005198498556554994,0.15717748301255702,1.0943827170833968,1.0,20.0,20000,2000,2000,20000,0
method_c,css,uniform,Z,5,0.006143680112292265,0.15717748301255702,1.0943827170833968,1.0,20.0,20000,2000,2000,20000,17
method_c,css,uniform,Z,5,0.007088861668029536,0.15717748301255702,1.0943827170833968,1.0,20.0,20000,2000,2000,20000,76
method_c,css,uniform,Z,5,0.008034043223766808,0.15717748301255702,1.0943827170833968,1.0,20.0,20000,2000,2000,20000,224
method_c,css,uniform,Z,5,0.00897922477950408,0.15717748301255702,1.0943827170833968,1.0,20.0,20000,2000,2000,20000,506
method_c,css,uniform,Z,5,0.00992440633524135,0.15717748301255702,1.0943827170833968,1.0,20.0,20000,2000,2000,20000,997
method_c,css,uniform,Z,5,0.010869587890978622,0.15717748301255702,1.0943827170833968,1.0,20.0,20000,2000,2000,20000,1759
method_c,css,uniform,Z,5,0.011814769446715896,0.15717748301255702,1.0943827170833968,1.0,20.0,20000,2000,2000,16000,2035
method_c,css,uniform,Z,5,0.012759951002453166,0.15717748301255702,1.0943827170833968,1.0,20.0,20000,2000,2000,12000,2168
method_c,css,uniform,X,3,0.0017013268003270889,0.15717748301255702,1.0943827170833968,1.0,20.0,20000,2000,2000,20000,1
method_c,css,uniform,X,3,0.0020793994226219977,0.15717748301255702,1.0943827170833968,1.0,20.0,20000,2000,2000,20000,6
method_c,css,uniform,X,3,0.002457472044916906,0.15717748301255702,1.0943827170833968,1.0,20.0,20000,2000,2000,20000,21
method_c,css,uniform,X,3,0.0028355446672118146,0.15717748301255702,1.0943827170833968,1.0,20.0,20000,2000,2000,20000,53
method_c,css,uniform,X,3,0.0032136172895067235,0.15717748301255702,1.0943827170833968,1.0,20.0,20000,2000,2000,20000,76
method_c,css,uniform,X,3,0.003591689911801632,0.15717748301255702,1.0943827170833968,1.0,20.0,20000,2000,2000,20000,172
method_c,css,uniform,X,3,0.00396976253409654,0.15717748301255702,1.0943827170833968,1.0,20.0,20000,2000,2000,20000,246
method_c,css,uniform,X,3,0.004347835156391449,0.15717748301255702,1.0943827170833968,1.0,20.0,20000,2000,2000,20000,410
method_c,css,uniform,X,3,0.004725907778686358,0.15717748301255702,1.0943827170833968,1.0,20.0,20000,2000,2000,20000,565
method_c,css,uniform,X,3,0.005103980400981267,0.15717748301255702,1.0943827170833968,1.0,20.0,20000,2000,2000,20000,808
method_c,css,uniform,X,5,0.0017013268003270889,0.15717748301255702,1.0943827170833968,1.0,20.0,20000,2000,2000,20000,0
method_c,css,uniform,X,5,0.0020793994226219977,0.15717748301255702,1.0943827170833968,1.0,20.0,20000,2000,2000,20000,1
method_c,css,uniform,X,5,0.002457472044916906,0.15717748301255702,1.0943827170833968,1.0,20.0,20000,2000,2000,20000,5
method_c,css,uniform,X,5,0.0028355446672118146,0.15717748301255702,1.0943827170833968,1.0,20.0,20000,2000,2000,20000,18
method_c,css,uniform,X,5,0.0032136172895067235,0.15717748301255702,1.0943827170833968,1.0,20.0,20000,2000,2000,20000,52
method_c,css,uniform,X,5,0.003591689911801632,0.15717748301255702,1.0943827170833968,1.0,20.0,20000,2000,2000,20000,153
method_c,css,uniform,X,5,0.00396976253409654,0.15717748301255702,1.0943827170833968,1.0,20.0,20000,2000,2000,20000,289
method_c,css,uniform,X,5,0.004347835156391449,0.15717748301255702,1.0943827170833968,1.0,20.0,20000,2000,2000,20000,655
method_c,css,uniform,X,5,0.004725907778686358,0.15717748301255702,1.0943827170833968,1.0,20.0,20000,2000,2000,20000,1087
method_c,css,uniform,X,5,0.005103980400981267,0.15717748301255702,1.0943827170833968,1.0,20.0,20000,2000,2000,20000,1736
method_c,css,uniform,Z,3,0.004218617277306648,0.32112818680925437,1.2015071164891173,1.0,20.0,20000,2000,2000,20000,4
method_c,css,uniform,Z,3,0.005156087783374793,0.32112818680925437,1.2015071164891173,1.0,20.0,20000,2000,2000,20000,24
method_c,css,uniform,Z,3,0.006093558289442936,0.32112818680925437,1.2015071164891173,1.0,20.0,20000,2000,2000,20000,43
method_c,css,uniform,Z,3,0.00703102879551108,0.32112818680925437,1.2015071164891173,1.0,20.0,20000,2000,2000,20000,94
method_c,css,uniform,Z,3,0.007968499301579224,0.32112818680925437,1.2015071164891173,1.0,20.0,20000,2000,2000,20000,204
method_c,css,uniform,Z,3,0.008905969807647369,0.32112818680925437,1.2015071164891173,1.0,20.0,20000,2000,2000,20000,338
method_c,css,uniform,Z,3,0.009843440313715512,0.32112818680925437,1.2015071164891173,1.0,20.0,20000,2000,2000,20000,546
method_c,css,uniform,Z,3,0.010780910819783657,0.32112818680925437,1.2015071164891173,1.0,20.0,20000,2000,2000,20000,841
method_c,css,uniform,Z,3,0.011718381325851802,0.32112818680925437,1.2015071164891173,1.0,20.0,20000,2000,2000,20000,1120
method_c,css,uniform,Z,3,0.012655851831919945,0.32112818680925437,1.2015071164891173,1.0,20.0,20000,2000,2000,20000,1606
method_c,css,uniform,Z,5,0.004218617277306648,0.32112818680925437,1.2015071164891173,1.0,20.0,20000,2000,2000,20000,0
method_c,css,uniform,Z,5,0.005156087783374793,0.32112818680925437,1.2015071164891173,1.0,20.0,20000,2000,2000,20000,0
method_c,css,uniform,Z,5,0.006093558289442936,0.32112818680925437,1.2015071164891173,1.0,20.0,20000,2000,2000,20000,30
method_c,css,uniform,Z,5,0.00703102879551108,0.32112818680925437,1.2015071164891173,1.0,20.0,20000,2000,2000,20000,96
method_c,css,uniform,Z,5,0.007968499301579224,0.32112818680925437,1.2015071164891173,1.0,20.0,20000,2000,2000,20000,242
method_c,css,uniform,Z,5,0.008905969807647369,0.32112818680925437,1.2015071164891173,1.0,20.0,20000,2000,2000,20000,552
method_c,css,uniform,Z,5,0.009843440313715512,0.32112818680925437,1.2015071164891173,1.0,20.0,20000,2000,2000,20000,1057
method_c,css,uniform,Z,5,0.010780910819783657,0.32112818680925437,1.2015071164891173,1.0,20.0,20000,2000,2000,20000,1865
method_c,css,uniform,Z,5,0.011718381325851802,0.32112818680925437,1.2015071164891173,1.0,20.0,20000,2000,2000,16000,2246
method_c,css,uniform,Z,5,0.012655851831919945,0.32112818680925437,1.2015071164891173,1.0,20.0,20000,2000,2000,12000,2292
method_c,css,uniform,X,3,0.0016874469109226593,0.32112818680925437,1.2015071164891173,1.0,20.0,20000,2000,2000,20000,4
method_c,css,uniform,X,3,0.002062435113349917,0.32112818680925437,1.2015071164891173,1.0,20.0,20000,2000,2000,20000,6
method_c,css,uniform,X,3,0.0024374233157771746,0.32112818680925437,1.2015071164891173,1.0,20.0,20000,2000,2000,20000,22
method_c,css,uniform,X,3,0.002812411518204432,0.32112818680925437,1.2015071164891173,1.0,20.0,20000,2000,2000,20000,58
method_c,css,uniform,X,3,0.00318739972063169,0.32112818680925437,1.2015071164891173,1.0,20.0,20000,2000,2000,20000,90
method_c,css,uniform,X,3,0.0035623879230589476,0.32112818680925437,1.2015071164891173,1.0,20.0,20000,2000,2000,20000,157
method_c,css,uniform,X,3,0.003937376125486205,0.32112818680925437,1.2015071164891173,1.0,20.0,20000,2000,2000,20000,220
method_c,css,uniform,X,3,0.004312364327913463,0.32112818680925437,1.2015071164891173,1.0,20.0,20000,2000,2000,20000,405
method_c,css,uniform,X,3,0.004687352530340721,0.32112818680925437,1.2015071164891173,1.0,20.0,20000,2000,2000,20000,541
method_c,css,uniform,X,3,0.0050623407327679785,0.32112818680925437,1.2015071164891173,1.0,20.0,20000,2000,2000,20000,778
method_c,css,uniform,X,5,0.0016874469109226593,0.32112818680925437,1.2015071164891173,1.0,20.0,20000,2000,2000,20000,0
method_c,css,uniform,X,5,0.002062435113349917,0.32112818680925437,1.2015071164891173,1.0,20.0,20000,2000,2000,20000,0
method_c,css,uniform,X,5,0.0024374233157771746,0.32112818680925437,1.2015071164891173,1.0,20.0,20000,2000,2000,20000,1
method_c,css,uniform,X,5,0.002812411518204432,0.32112818680925437,1.2015071164891173,1.0,20.0,20000,2000,2000,20000,19
method_c,css,uniform,X,5,0.00318739972063169,0.32112818680925437,1.2015071164891173,1.0,20.0,20000,2000,2000,20000,54
method_c,css,uniform,X,5,0.0035623879230589476,0.32112818680925437,1.2015071164891173,1.0,20.0,20000,2000,2000,20000,152
method_c,css,uniform,X,5,0.003937376125486205,0.32112818680925437,1.2015071164891173,1.0,20.0,20000,2000,2000,20000,288
method_c,css,uniform,X,5,0.004312364327913463,0.32112818680925437,1.2015071164891173,1.0,20.0,20000,2000,2000,20000,595
method_c,css,uniform,X,5,0.004687352530340721,0.32112818680925437,1.2015071164891173,1.0,20.0,20000,2000,2000,20000,995
method_c,css,uniform,X,5,0.0050623407327679785,0.32112818680925437,1.2015071164891173,1.0,20.0,20000,2000,2000,20000,1622
method_c,css,uniform,Z,3,0.004342027478410427,0.4779943303594082,1.3182739950177083,1.0,20.0,20000,2000,2000,20000,5
method_c,css,uniform,Z,3,0.005306922473612744,0.4779943303594082,1.3182739950177083,1.0,20.0,20000,2000,2000,20000,22
method_c,css,uniform,Z,3,0.00627181746881506,0.4779943303594082,1.3182739950177083,1.0,20.0,20000,2000,2000,20000,48
method_c,css,uniform,Z,3,0.007236712464017378,0.4779943303594082,1.3182739950177083,1.0,20.0,20000,2000,2000,20000,107
method_c,css,uniform,Z,3,0.008201607459219695,0.4779943303594082,1.3182739950177083,1.0,20.0,20000,2000,2000,20000,211
method_c,css,uniform,Z,3,0.009166502454422012,0.4779943303594082,1.3182739950177083,1.0,20.0,20000,2000,2000,20000,385
method_c,css,uniform,Z,3,0.010131397449624328,0.4779943303594082,1.3182739950177083,1.0,20.0,20000,2000,2000,20000,570
method_c,css,uniform,Z,3,0.011096292444826645,0.4779943303594082,1.3182739950177083,1.0,20.0,20000,2000,2000,20000,877
method_c,css,uniform,Z,3,0.012061187440028964,0.4779943303594082,1.3182739950177083,1.0,20.0,20000,2000,2000,20000,1197
method_c,css,uniform,Z,3,0.013026082435231281,0.4779943303594082,1.3182739950177083,1.0,20.0,20000,2000,2000,20000,1627
method_c,css,uniform,Z,5,0.004342027478410427,0.4779943303594082,1.3182739950177083,1.0,20.0,20000,2000,2000,20000,1
method_c,css,uniform,Z,5,0.005306922473612744,0.4779943303594082,1.3182739950177083,1.0,20.0,20000,2000,2000,20000,5
method_c,css,uniform,Z,5,0.00627181746881506,0.4779943303594082,1.3182739950177083,1.0,20.0,20000,2000,2000,20000,29
method_c,css,uniform,Z,5,0.007236712464017378,0.4779943303594082,1.3182739950177083,1.0,20.0,20000,2000,2000,20000,98
method_c,css,uniform,Z,5,0.008201607459219695,0.4779943303594082,1.3182739950177083,1.0,20.0,20000,2000,2000,20000,278
method_c,css,uniform,Z,5,0.009166502454422012,0.4779943303594082,1.3182739950177083,1.0,20.0,20000,2000,2000,20000,638
method_c,css,uniform,Z,5,0.010131397449624328,0.4779943303594082,1.3182739950177083,1.0,20.0,20000,2000,2000,20000,1178
method_c,css,uniform,Z,5,0.011096292444826645,0.4779943303594082,1.3182739950177083,1.0,20.0,20000,2000,2000,20000,1968
method_c,css,uniform,Z,5,0.012061187440028964,0.4779943303594082,1.3182739950177083,1.0,20.0,20000,2000,2000,14000,2066
method_c,css,uniform,Z,5,0.013026082435231281,0.4779943303594082,1.3182739950177083,1.0,20.0,20000,2000,2000,10000,2090
method_c,css,uniform,X,3,0.0017368109913641707,0.4779943303594082,1.3182739950177083,1.0,20.0,20000,2000,2000,20000,0
method_c,css,uniform,X,3,0.0021227689894450976,0.4779943303594082,1.3182739950177083,1.0,20.0,20000,2000,2000,20000,2
method_c,css,uniform,X,3,0.0025087269875260242,0.4779943303594082,1.3182739950177083,1.0,20.0,20000,2000,2000,20000,17
method_c,css,uniform,X,3,0.002894684985606951,0.4779943303594082,1.3182739950177083,1.0,20.0,20000,2000,2000,20000,40
method_c,css,uniform,X,3,0.003280642983687878,0.4779943303594082,1.3182739950177083,1.0,20.0,20000,2000,2000,20000,73
method_c,css,uniform,X,3,0.003666600981768805,0.4779943303594082,1.3182739950177083,1.0,20.0,20000,2000,2000,20000,146
method_c,css,uniform,X,3,0.004052558979849731,0.4779943303594082,1.3182739950177083,1.0,20.0,20000,2000,2000,20000,250
method_c,css,uniform,X,3,0.004438516977930658,0.4779943303594082,1.3182739950177083,1.0,20.0,20000,2000,2000,20000,370
method_c,css,uniform,X,3,0.004824474976011585,0.4779943303594082,1.3182739950177083,1.0,20.0,20000,2000,2000,20000,550
method_c,css,uniform,X,3,0.0052104329740925125,0.4779943303594082,1.3182739950177083,1.0,20.0,20000,2000,2000,20000,775
method_c,css,uniform,X,5,0.0017368109913641707,0.4779943303594082,1.3182739950177083,1.0,20.0,20000,2000,2000,20000,0
method_c,css,uniform,X,5,0.0021227689894450976,0.4779943303594082,1.3182739950177083,1.0,20.0,20000,2000,2000,20000,1
method_c,css,uniform,X,5,0.0025087269875260242,0.4779943303594082,1.3182739950177083,1.0,20.0,20000,2000,2000,20000,9
method_c,css,uniform,X,5,0.002894684985606951,0.4779943303594082,1.3182739950177083,1.0,20.0,20000,2000,2000,20000,14
method_c,css,uniform,X,5,0.003280642983687878,0.4779943303594082,1.3182739950177083,1.0,20.0,20000,2000,2000,20000,40
method_c,css,uniform,X,5,0.003666600981768805,0.4779943303594082,1.3182739950177083,1.0,20.0,20000,2000,2000,20000,115
method_c,css,uniform,X,5,0.004052558979849731,0.4779943303594082,1.3182739950177083,1.0,20.0,20000,2000,2000,20000,281
method_c,css,uniform,X,5,0.004438516977930658,0.4779943303594082,1.3182739950177083,1.0,20.0,20000,2000,2000,20000,547
method_c,css,uniform,X,5,0.004824474976011585,0.4779943303594082,1.3182739950177083,1.0,20.0,20000,2000,2000,20000,928
method_c,css,uniform,X,5,0.0052104329740925125,0.4779943303594082,1.3182739950177083,1.0,20.0,20000,2000,2000,20000,1602
method_c,css,uniform,Z,3,0.004610869568973754,0.6157503859206864,1.4424898557118548,1.0,20.0,20000,2000,2000,20000,2
method_c,css,uniform,Z,3,0.0056355072509679215,0.6157503859206864,1.4424898557118548,1.0,20.0,20000,2000,2000,20000,22
method_c,css,uniform,Z,3,0.006660144932962089,0.6157503859206864,1.4424898557118548,1.0,20.0,20000,2000,2000,20000,56
method_c,css,uniform,Z,3,0.0076847826149562554,0.6157503859206864,1.4424898557118548,1.0,20.0,20000,2000,2000,20000,123
method_c,css,uniform,Z,3,0.008709420296950425,0.6157503859206864,1.4424898557118548,1.0,20.0,20000,2000,2000,20000,238
method_c,css,uniform,Z,3,0.009734057978944591,0.6157503859206864,1.4424898557118548,1.0,20.0,20000,2000,2000,20000,387
method_c,css,uniform,Z,3,0.010758695660938757,0.6157503859206864,1.4424898557118548,1.0,20.0,20000,2000,2000,20000,612
method_c,css,uniform,Z,3,0.011783333342932927,0.6157503859206864,1.4424898557118548,1.0,20.0,20000,2000,2000,20000,876
method_c,css,uniform,Z,3,0.012807971024927093,0.6157503859206864,1.4424898557118548,1.0,20.0,20000,2000,2000,20000,1165
method_c,css,uniform,Z,3,0.01383260870692126,0.6157503859206864,1.4424898557118548,1.0,20.0,20000,2000,2000,20000,1546
method_c,css,uniform,Z,5,0.004610869568973754,0.6157503859206864,1.4424898557118548,1.0,20.0,20000,2000,2000,20000,1
method_c,css,uniform,Z,5,0.0056355072509679215,0.6157503859206864,1.4424898557118548,1.0,20.0,20000,2000,2000,20000,7
method_c,css,uniform,Z,5,0.006660144932962089,0.6157503859206864,1.4424898557118548,1.0,20.0,20000,2000,2000,20000,27
method_c,css,uniform,Z,5,0.0076847826149562554,0.6157503859206864,1.4424898557118548,1.0,20.0,20000,2000,2000,20000,123
method_c,css,uniform,Z,5,0.008709420296950425,0.6157503859206864,1.4424898557118548,1.0,20.0,20000,2000,2000,20000,310
method_c,css,uniform,Z,5,0.009734057978944591,0.6157503859206864,1.4424898557118548,1.0,20.0,20000,2000,2000,20000,716
method_c,css,uniform,Z,5,0.010758695660938757,0.6157503859206864,1.4424898557118548,1.0,20.0,20000,2000,2000,20000,1276
method_c,css,uniform,Z,5,0.011783333342932927,0.6157503859206864,1.4424898557118548,1.0,20.0,20000,2000,2000,20000,2189
method_c,css,uniform,Z,5,0.012807971024927093,0.6157503859206864,1.4424898557118548,1.0,20.0,20000,2000,2000,14000,2189
method_c,css,uniform,Z,5,0.01383260870692126,0.6157503859206864,1.4424898557118548,1.0,20.0,20000,2000,2000,10000,2141
method_c,css,uniform,X,3,0.0018443478275895016,0.6157503859206864,1.4424898557118548,1.0,20.0,20000,2000,2000,20000,2
method_c,css,uniform,X,3,0.0022542029003871688,0.6157503859206864,1.4424898557118548,1.0,20.0,20000,2000,2000,20000,4
method_c,css,uniform,X,3,0.0026640579731848357,0.6157503859206864,1.4424898557118548,1.0,20.0,20000,2000,2000,20000,19
method_c,css,uniform,X,3,0.0030739130459825023,0.6157503859206864,1.4424898557118548,1.0,20.0,20000,2000,2000,20000,36
method_c,css,uniform,X,3,0.0034837681187801697,0.6157503859206864,1.4424898557118548,1.0,20.0,20000,2000,2000,20000,72
method_c,css,uniform,X,3,0.0038936231915778366,0.6157503859206864,1.4424898557118548,1.0,20.0,20000,2000,2000,20000,144
method_c,css,uniform,X,3,0.004303478264375503,0.6157503859206864,1.4424898557118548,1.0,20.0,20000,2000,2000,20000,211
method_c,css,uniform,X,3,0.0047133333371731706,0.6157503859206864,1.4424898557118548,1.0,20.0,20000,2000,2000,20000,317
method_c,css,uniform,X,3,0.0051231884099708375,0.6157503859206864,1.4424898557118548,1.0,20.0,20000,2000,2000,20000,540
method_c,css,uniform,X,3,0.0055330434827685045,0.6157503859206864,1.4424898557118548,1.0,20.0,20000,2000,2000,20000,705
method_c,css,uniform,X,5,0.0018443478275895016,0.6157503859206864,1.4424898557118548,1.0,20.0,20000,2000,2000,20000,0
method_c,css,uniform,X,5,0.0022542029003871688,0.6157503859206864,1.4424898557118548,1.0,20.0,20000,2000,2000,20000,0
method_c,css,uniform,X,5,0.0026640579731848357,0.6157503859206864,1.4424898557118548,1.0,20.0,20000,2000,2000,20000,1
method_c,css,uniform,X,5,0.0030739130459825023,0.6157503859206864,1.4424898557118548,1.0,20.0,20000,2000,2000,20000,6
method_c,css,uniform,X,5,0.0034837681187801697,0.6157503859206864,1.4424898557118548,1.0,20.0,20000,2000,2000,20000,47
method_c,css,uniform,X,5,0.0038936231915778366,0.6157503859206864,1.4424898557118548,1.0,20.0,20000,2000,2000,20000,105
method_c,css,uniform,X,5,0.004303478264375503,0.6157503859206864,1.4424898557118548,1.0,20.0,20000,2000,2000,20000,266
method_c,css,uniform,X,5,0.0047133333371731706,0.6157503859206864,1.4424898557118548,1.0,20.0,20000,2000,2000,20000,482
method_c,css,uniform,X,5,0.0051231884099708375,0.6157503859206864,1.4424898557118548,1.0,20.0,20000,2000,2000,20000,869
method_c,css,uniform,X,5,0.0055330434827685045,0.6157503859206864,1.4424898557118548,1.0,20.0,20000,2000,2000,20000,1475
method_c,css,uniform,Z,3,0.0050017475354960875,0.7282222105900379,1.5707963267948966,1.0,20.0,20000,2000,2000,20000,9
method_c,css,uniform,Z,3,0.006113246987828552,0.7282222105900379,1.5707963267948966,1.0,20.0,20000,2000,2000,20000,22
method_c,css,uniform,Z,3,0.007224746440161015,0.7282222105900379,1.5707963267948966,1.0,20.0,20000,2000,2000,20000,62
method_c,css,uniform,Z,3,0.008336245892493477,0.7282222105900379,1.5707963267948966,1.0,20.0,20000,2000,2000,20000,124
method_c,css,uniform,Z,3,0.009447745344825943,0.7282222105900379,1.5707963267948966,1.0,20.0,20000,2000,2000,20000,231
method_c,css,uniform,Z,3,0.010559244797158406,0.7282222105900379,1.5707963267948966,1.0,20.0,20000,2000,2000,20000,387
method_c,css,uniform,Z,3,0.01167074424949087,0.7282222105900379,1.5707963267948966,1.0,20.0,20000,2000,2000,20000,594
method_c,css,uniform,Z,3,0.012782243701823333,0.7282222105900379,1.5707963267948966,1.0,20.0,20000,2000,2000,20000,935
method_c,css,uniform,Z,3,0.013893743154155798,0.7282222105900379,1.5707963267948966,1.0,20.0,20000,2000,2000,20000,1250
method_c,css,uniform,Z,3,0.015005242606488261,0.7282222105900379,1.5707963267948966,1.0,20.0,20000,2000,2000,20000,1689
method_c,css,uniform,Z,5,0.0050017475354960875,0.7282222105900379,1.5707963267948966,1.0,20.0,20000,2000,2000,20000,1
method_c,css,uniform,Z,5,0.006113246987828552,0.7282222105900379,1.5707963267948966,1.0,20.0,20000,2000,2000,20000,12
method_c,css,uniform,Z,5,0.007224746440161015,0.7282222105900379,1.5707963267948966,1.0,20.0,20000,2000,2000,20000,34
method_c,css,uniform,Z,5,0.008336245892493477,0.7282222105900379,1.5707963267948966,1.0,20.0,20000,2000,2000,20000,137
method_c,css,uniform,Z,5,0.009447745344825943,0.7282222105900379,1.5707963267948966,1.0,20.0,20000,2000,2000,20000,331
method_c,css,uniform,Z,5,0.010559244797158406,0.7282222105900379,1.5707963267948966,1.0,20.0,20000,2000,2000,20000,741
method_c,css,uniform,Z,5,0.01167074424949087,0.7282222105900379,1.5707963267948966,1.0,20.0,20000,2000,2000,20000,1550
method_c,css,uniform,Z,5,0.012782243701823333,0.7282222105900379,1.5707963267948966,1.0,20.0,20000,2000,2000,18000,2036
method_c,css,uniform,Z,5,0.013893743154155798,0.7282222105900379,1.5707963267948966,1.0,20.0,20000,2000,2000,14000,2340
method_c,css,uniform,Z,5,0.015005242606488261,0.7282222105900379,1.5707963267948966,1.0,20.0,20000,2000,2000,10000,2208
method_c,css,uniform,X,3,0.002000699014198435,0.7282222105900379,1.5707963267948966,1.0,20.0,20000,2000,2000,20000,1
method_c,css,uniform,X,3,0.0024452987951314206,0.7282222105900379,1.5707963267948966,1.0,20.0,20000,2000,2000,20000,6
method_c,css,uniform,X,3,0.002889898576064406,0.7282222105900379,1.5707963267948966,1.0,20.0,20000,2000,2000,20000,21
method_c,css,uniform,X,3,0.0033344983569973913,0.7282222105900379,1.5707963267948966,1.0,20.0,20000,2000,2000,20000,38
method_c,css,uniform,X,3,0.003779098137930377,0.7282222105900379,1.5707963267948966,1.0,20.0,20000,2000,2000,20000,62
method_c,css,uniform,X,3,0.004223697918863362,0.7282222105900379,1.5707963267948966,1.0,20.0,20000,2000,2000,20000,129
method_c,css,uniform,X,3,0.004668297699796348,0.7282222105900379,1.5707963267948966,1.0,20.0,20000,2000,2000,20000,228
method_c,css,uniform,X,3,0.005112897480729333,0.7282222105900379,1.5707963267948966,1.0,20.0,20000,2000,2000,20000,337
method_c,css,uniform,X,3,0.005557497261662319,0.7282222105900379,1.5707963267948966,1.0,20.0,20000,2000,2000,20000,471
method_c,css,uniform,X,3,0.0060020970425953045,0.7282222105900379,1.5707963267948966,1.0,20.0,20000,2000,2000,20000,709
method_c,css,uniform,X,5,0.002000699014198435,0.7282222105900379,1.5707963267948966,1.0,20.0,20000,2000,2000,20000,0
method_c,css,uniform,X,5,0.0024452987951314206,0.7282222105900379,1.5707963267948966,1.0,20.0,20000,2000,2000,20000,0
method_c,css,uniform,X,5,0.002889898576064406,0.7282222105900379,1.5707963267948966,1.0,20.0,20000,2000,2000,20000,5
method_c,css,uniform,X,5,0.0033344983569973913,0.7282222105900379,1.5707963267948966,1.0,20.0,20000,2000,2000,20000,16
method_c,css,uniform,X,5,0.003779098137930377,0.7282222105900379,1.5707963267948966,1.0,20.0,20000,2000,2000,20000,39
method_c,css,uniform,X,5,0.004223697918863362,0.7282222105900379,1.5707963267948966,1.0,20.0,20000,2000,2000,20000,97
method_c,css,uniform,X,5,0.004668297699796348,0.7282222105900379,1.5707963267948966,1.0,20.0,20000,2000,2000,20000,245
method_c,css,uniform,X,5,0.005112897480729333,0.7282222105900379,1.5707963267948966,1.0,20.0,20000,2000,2000,20000,439
method_c,css,uniform,X,5,0.005557497261662319,0.7282222105900379,1.5707963267948966,1.0,20.0,20000,2000,2000,20000,833
method_c,css,uniform,X,5,0.0060020970425953045,0.7282222105900379,1.5707963267948966,1.0,20.0,20000,2000,2000,20000,1417
method_c,css,uniform,Z,3,0.0050484115949803775,0.0,1.1792627796238604,1.0,20.0,20000,2000,2000,20000,0
method_c,css,uniform,Z,3,0.006170280838309351,0.0,1.1792627796238604,1.0,20.0,20000,2000,2000,20000,9
method_c,css,uniform,Z,3,0.0072921500816383236,0.0,1.1792627796238604,1.0,20.0,20000,2000,2000,20000,15
method_c,css,uniform,Z,3,0.008414019324967294,0.0,1.1792627796238604,1.0,20.0,20000,2000,2000,20000,37
method_c,css,uniform,Z,3,0.009535888568296267,0.0,1.1792627796238604,1.0,20.0,20000,2000,2000,20000,75
method_c,css,uniform,Z,3,0.010657757811625241,0.0,1.1792627796238604,1.0,20.0,20000,2000,2000,20000,121
method_c,css,uniform,Z,3,0.011779627054954212,0.0,1.1792627796238604,1.0,20.0,20000,2000,2000,20000,184
method_c,css,uniform,Z,3,0.012901496298283186,0.0,1.1792627796238604,1.0,20.0,20000,2000,2000,20000,271
method_c,css,uniform,Z,3,0.014023365541612159,0.0,1.1792627796238604,1.0,20.0,20000,2000,2000,20000,457
method_c,css,uniform,Z,3,0.01514523478494113,0.0,1.1792627796238604,1.0,20.0,20000,2000,2000,20000,666
method_c,css,uniform,Z,5,0.0050484115949803775,0.0,1.1792627796238604,1.0,20.0,20000,2000,2000,20000,0
method_c,css,uniform,Z,5,0.006170280838309351,0.0,1.1792627796238604,1.0,20.0,20000,2000,2000,20000,0
method_c,css,uniform,Z,5,0.0072921500816383236,0.0,1.1792627796238604,1.0,20.0,20000,2000,2000,20000,0
method_c,css,uniform,Z,5,0.008414019324967294,0.0,1.1792627796238604,1.0,20.0,20000,2000,2000,20000,11
method_c,css,uniform,Z,5,0.009535888568296267,0.0,1.1792627796238604,1.0,20.0,20000,2000,2000,20000,29
method_c,css,uniform,Z,5,0.010657757811625241,0.0,1.1792627796238604,1.0,20.0,20000,2000,2000,20000,74
method_c,css,uniform,Z,5,0.011779627054954212,0.0,1.1792627796238604,1.0,20.0,20000,2000,2000,20000,207
method_c,css,uniform,Z,5,0.012901496298283186,0.0,1.1792627796238604,1.0,20.0,20000,2000,2000,20000,384
method_c,css,uniform,Z,5,0.014023365541612159,0.0,1.1792627796238604,1.0,20.0,20000,2000,2000,20000,699
method_c,css,uniform,Z,5,0.01514523478494113,0.0,1.1792627796238604,1.0,20.0,20000,2000,2000,20000,1180
method_c,css,uniform,X,3,0.002019364637992151,0.0,1.1792627796238604,1.0,20.0,20000,2000,2000,20000,2
method_c,css,uniform,X,3,0.0024681123353237403,0.0,1.1792627796238604,1.0,20.0,20000,2000,2000,20000,7
method_c,css,uniform,X,3,0.0029168600326553292,0.0,1.1792627796238604,1.0,20.0,20000,2000,2000,20000,14
method_c,css,uniform,X,3,0.0033656077299869178,0.0,1.1792627796238604,1.0,20.0,20000,2000,2000,20000,50
method_c,css,uniform,X,3,0.003814355427318507,0.0,1.1792627796238604,1.0,20.0,20000,2000,2000,20000,92
method_c,css,uniform,X,3,0.0042631031246500965,0.0,1.1792627796238604,1.0,20.0,20000,2000,2000,20000,177
method_c,css,uniform,X,3,0.004711850821981685,0.0,1.1792627796238604,1.0,20.0,20000,2000,2000,20000,287
method_c,css,uniform,X,3,0.005160598519313274,0.0,1.1792627796238604,1.0,20.0,20000,2000,2000,20000,451
method_c,css,uniform,X,3,0.005609346216644864,0.0,1.1792627796238604,1.0,20.0,20000,2000,2000,20000,674
method_c,css,uniform,X,3,0.006058093913976452,0.0,1.1792627796238604,1.0,20.0,20000,2000,2000,20000,924
method_c,css,uniform,X,5,0.002019364637992151,0.0,1.1792627796238604,1.0,20.0,20000,2000,2000,20000,0
method_c,css,uniform,X,5,0.0024681123353237403,0.0,1.1792627796238604,1.0,20.0,20000,2000,2000,20000,1
method_c,css,uniform,X,5,0.0029168600326553292,0.0,1.1792627796238604,1.0,20.0,20000,2000,2000,20000,4
method_c,css,uniform,X,5,0.0033656077299869178,0.0,1.1792627796238604,1.0,20.0,20000,2000,2000,20000,17
method_c,css,uniform,X,5,0.003814355427318507,0.0,1.1792627796238604,1.0,20.0,20000,2000,2000,20000,71
method_c,css,uniform,X,5,0.0042631031246500965,0.0,1.1792627796238604,1.0,20.0,20000,2000,2000,20000,174
method_c,css,uniform,X,5,0.004711850821981685,0.0,1.1792627796238604,1.0,20.0,20000,2000,2000,20000,395
method_c,css,uniform,X,5,0.005160598519313274,0.0,1.1792627796238604,1.0,20.0,20000,2000,2000,20000,718
method_c,css,uniform,X,5,0.005609346216644864,0.0,1.1792627796238604,1.0,20.0,20000,2000,2000,20000,1319
method_c,css,uniform,X,5,0.006058093913976452,0.0,1.1792627796238604,1.0,20.0,20000,2000,2000,20000,2089
method_c,css,uniform,Z,3,0.004930108451457556,0.1354568179846459,1.270522290110132,1.0,20.0,20000,2000,2000,20000,4
method_c,css,uniform,Z,3,0.006025688107337012,0.1354568179846459,1.270522290110132,1.0,20.0,20000,2000,2000,20000,7
method_c,css,uniform,Z,3,0.00712126776321647,0.1354568179846459,1.270522290110132,1.0,20.0,20000,2000,2000,20000,21
method_c,css,uniform,Z,3,0.008216847419095926,0.1354568179846459,1.270522290110132,1.0,20.0,20000,2000,2000,20000,42
method_c,css,uniform,Z,3,0.009312427074975383,0.1354568179846459,1.270522290110132,1.0,20.0,20000,2000,2000,20000,71
method_c,css,uniform,Z,3,0.01040800673085484,0.1354568179846459,1.270522290110132,1.0,20.0,20000,2000,2000,20000,123
method_c,css,uniform,Z,3,0.011503586386734294,0.1354568179846459,1.270522290110132,1.0,20.0,20000,2000,2000,20000,222
method_c,css,uniform,Z,3,0.012599166042613753,0.1354568179846459,1.270522290110132,1.0,20.0,20000,2000,2000,20000,311
method_c,css,uniform,Z,3,0.01369474569849321,0.1354568179846459,1.270522290110132,1.0,20.0,20000,2000,2000,20000,469
method_c,css,uniform,Z,3,0.014790325354372667,0.1354568179846459,1.270522290110132,1.0,20.0,20000,2000,2000,20000,732
method_c,css,uniform,Z,5,0.004930108451457556,0.1354568179846459,1.270522290110132,1.0,20.0,20000,2000,2000,20000,0
method_c,css,uniform,Z,5,0.006025688107337012,0.1354568179846459,1.270522290110132,1.0,20.0,20000,2000,2000,20000,1
method_c,css,uniform,Z,5,0.00712126776321647,0.1354568179846459,1.270522290110132,1.0,20.0,20000,2000,2000,20000,7
method_c,css,uniform,Z,5,0.008216847419095926,0.1354568179846459,1.270522290110132,1.0,20.0,20000,2000,2000,20000,8
method_c,css,uniform,Z,5,0.009312427074975383,0.1354568179846459,1.270522290110132,1.0,20.0,20000,2000,2000,20000,32
method_c,css,uniform,Z,5,0.01040800673085484,0.1354568179846459,1.270522290110132,1.0,20.0,20000,2000,2000,20000,109
method_c,css,uniform,Z,5,0.011503586386734294,0.1354568179846459,1.270522290110132,1.0,20.0,20000,2000,2000,20000,260
method_c,css,uniform,Z,5,0.012599166042613753,0.1354568179846459,1.270522290110132,1.0,20.0,20000,2000,2000,20000,500
method_c,css,uniform,Z,5,0.01369474569849321,0.1354568179846459,1.270522290110132,1.0,20.0,20000,2000,2000,20000,804
method_c,css,uniform,Z,5,0.014790325354372667,0.1354568179846459,1.270522290110132,1.0,20.0,20000,2000,2000,20000,1421
method_c,css,uniform,X,3,0.0019720433805830223,0.1354568179846459,1.270522290110132,1.0,20.0,20000,2000,2000,20000,5
method_c,css,uniform,X,3,0.002410275242934805,0.1354568179846459,1.270522290110132,1.0,20.0,20000,2000,2000,20000,9
method_c,css,uniform,X,3,0.0028485071052865877,0.1354568179846459,1.270522290110132,1.0,20.0,20000,2000,2000,20000,26
method_c,css,uniform,X,3,0.00328673896763837,0.1354568179846459,1.270522290110132,1.0,20.0,20000,2000,2000,20000,66
method_c,css,uniform,X,3,0.003724970829990153,0.1354568179846459,1.270522290110132,1.0,20.0,20000,2000,2000,20000,89
method_c,css,uniform,X,3,0.004163202692341936,0.1354568179846459,1.270522290110132,1.0,20.0,20000,2000,2000,20000,196
method_c,css,uniform,X,3,0.004601434554693718,0.1354568179846459,1.270522290110132,1.0,20.0,20000,2000,2000,20000,294
method_c,css,uniform,X,3,0.005039666417045501,0.1354568179846459,1.270522290110132,1.0,20.0,20000,2000,2000,20000,467
method_c,css,uniform,X,3,0.005477898279397284,0.1354568179846459,1.270522290110132,1.0,20.0,20000,2000,2000,20000,650
method_c,css,uniform,X,3,0.005916130141749067,0.1354568179846459,1.270522290110132,1.0,20.0,20000,2000,2000,20000,912
method_c,css,uniform,X,5,0.0019720433805830223,0.1354568179846459,1.270522290110132,1.0,20.0,20000,2000,2000,20000,0
method_c,css,uniform,X,5,0.002410275242934805,0.1354568179846459,1.270522290110132,1.0,20.0,20000,2000,2000,20000,3
method_c,css,uniform,X,5,0.0028485071052865877,0.1354568179846459,1.270522290110132,1.0,20.0,20000,2000,2000,20000,4
method_c,css,uniform,X,5,0.00328673896763837,0.1354568179846459,1.270522290110132,1.0,20.0,20000,2000,2000,20000,23
method_c,css,uniform,X,5,0.003724970829990153,0.1354568179846459,1.270522290110132,1.0,20.0,20000,2000,2000,20000,56
method_c,css,uniform,X,5,0.004163202692341936,0.1354568179846459,1.270522290110132,1.0,20.0,20000,2000,2000,20000,158
method_c,css,uniform,X,5,0.004601434554693718,0.1354568179846459,1.270522290110132,1.0,20.0,20000,2000,2000,20000,378
method_c,css,uniform,X,5,0.005039666417045501,0.1354568179846459,1.270522290110132,1.0,20.0,20000,2000,2000,20000,722
method_c,css,uniform,X,5,0.005477898279397284,0.1354568179846459,1.270522290110132,1.0,20.0,20000,2000,2000,20000,1234
method_c,css,uniform,X,5,0.005916130141749067,0.1354568179846459,1.270522290110132,1.0,20.0,20000,2000,2000,20000,1968
method_c,css,uniform,Z,3,0.004947314799148127,0.27250680391071397,1.367231202125419,1.0,20.0,20000,2000,2000,20000,5
method_c,css,uniform,Z,3,0.006046718087847711,0.27250680391071397,1.367231202125419,1.0,20.0,20000,2000,2000,20000,8
method_c,css,uniform,Z,3,0.007146121376547295,0.27250680391071397,1.367231202125419,1.0,20.0,20000,2000,2000,20000,14
method_c,css,uniform,Z,3,0.008245524665246877,0.27250680391071397,1.367231202125419,1.0,20.0,20000,2000,2000,20000,44
method_c,css,uniform,Z,3,0.009344927953946463,0.27250680391071397,1.367231202125419,1.0,20.0,20000,2000,2000,20000,91
method_c,css,uniform,Z,3,0.010444331242646047,0.27250680391071397,1.367231202125419,1.0,20.0,20000,2000,2000,20000,147
method_c,css,uniform,Z,3,0.011543734531345629,0.27250680391071397,1.367231202125419,1.0,20.0,20000,2000,2000,20000,227
method_c,css,uniform,Z,3,0.012643137820045214,0.27250680391071397,1.367231202125419,1.0,20.0,20000,2000,2000,20000,355
method_c,css,uniform,Z,3,0.013742541108744798,0.27250680391071397,1.367231202125419,1.0,20.0,20000,2000,2000,20000,508
method_c,css,uniform,Z,3,0.014841944397444382,0.27250680391071397,1.367231202125419,1.0,20.0,20000,2000,2000,20000,710
method_c,css,uniform,Z,5,0.004947314799148127,0.27250680391071397,1.367231202125419,1.0,20.0,20000,2000,2000,20000,0
method_c,css,uniform,Z,5,0.006046718087847711,0.27250680391071397,1.367231202125419,1.0,20.0,20000,2000,2000,20000,0
method_c,css,uniform,Z,5,0.007146121376547295,0.27250680391071397,1.367231202125419,1.0,20.0,20000,2000,2000,20000,2
method_c,css,uniform,Z,5,0.008245524665246877,0.27250680391071397,1.367231202125419,1.0,20.0,20000,2000,2000,20000,10
method_c,css,uniform,Z,5,0.009344927953946463,0.27250680391071397,1.367231202125419,1.0,20.0,20000,2000,2000,20000,48
method_c,css,uniform,Z,5,0.010444331242646047,0.27250680391071397,1.367231202125419,1.0,20.0,20000,2000,2000,20000,118
method_c,css,uniform,Z,5,0.011543734531345629,0.27250680391071397,1.367231202125419,1.0,20.0,20000,2000,2000,20000,314
method_c,css,uniform,Z,5,0.012643137820045214,0.27250680391071397,1.367231202125419,1.0,20.0,20000,2000,2000,20000,598
method_c,css,uniform,Z,5,0.013742541108744798,0.27250680391071397,1.367231202125419,1.0,20.0,20000,2000,2000,20000,1004
method_c,css,uniform,Z,5,0.014841944397444382,0.27250680391071397,1.367231202125419,1.0,20.0,20000,2000,2000,20000,1531
method_c,css,uniform,X,3,0.001978925919659251,0.27250680391071397,1.367231202125419,1.0,20.0,20000,2000,2000,20000,8
method_c,css,uniform,X,3,0.0024186872351390845,0.27250680391071397,1.367231202125419,1.0,20.0,20000,2000,2000,20000,13
method_c,css,uniform,X,3,0.002858448550618918,0.27250680391071397,1.367231202125419,1.0,20.0,20000,2000,2000,20000,26
method_c,css,uniform,X,3,0.003298209866098751,0.27250680391071397,1.367231202125419,1.0,20.0,20000,2000,2000,20000,57
method_c,css,uniform,X,3,0.003737971181578585,0.27250680391071397,1.367231202125419,1.0,20.0,20000,2000,2000,20000,100
method_c,css,uniform,X,3,0.004177732497058419,0.27250680391071397,1.367231202125419,1.0,20.0,20000,2000,2000,20000,162
method_c,css,uniform,X,3,0.004617493812538251,0.27250680391071397,1.367231202125419,1.0,20.0,20000,2000,2000,20000,261
method_c,css,uniform,X,3,0.005057255128018086,0.27250680391071397,1.367231202125419,1.0,20.0,20000,2000,2000,20000,441
method_c,css,uniform,X,3,0.005497016443497919,0.27250680391071397,1.367231202125419,1.0,20.0,20000,2000,2000,20000,672
method_c,css,uniform,X,3,0.005936777758977753,0.27250680391071397,1.367231202125419,1.0,20.0,20000,2000,2000,20000,866
method_c,css,uniform,X,5,0.001978925919659251,0.27250680391071397,1.367231202125419,1.0,20.0,20000,2000,2000,20000,0
method_c,css,uniform,X,5,0.0024186872351390845,0.27250680391071397,1.367231202125419,1.0,20.0,20000,2000,2000,20000,2
method_c,css,uniform,X,5,0.002858448550618918,0.27250680391071397,1.367231202125419,1.0,20.0,20000,2000,2000,20000,1
method_c,css,uniform,X,5,0.003298209866098751,0.27250680391071397,1.367231202125419,1.0,20.0,20000,2000,2000,20000,15
method_c,css,uniform,X,5,0.003737971181578585,0.27250680391071397,1.367231202125419,1.0,20.0,20000,2000,2000,20000,70
method_c,css,uniform,X,5,0.004177732497058419,0.27250680391071397,1.367231202125419,1.0,20.0,20000,2000,2000,20000,163
method_c,css,uniform,X,5,0.004617493812538251,0.27250680391071397,1.367231202125419,1.0,20.0,20000,2000,2000,20000,343
method_c,css,uniform,X,5,0.005057255128018086,0.27250680391071397,1.367231202125419,1.0,20.0,20000,2000,2000,20000,683
method_c,css,uniform,X,5,0.005497016443497919,0.27250680391071397,1.367231202125419,1.0,20.0,20000,2000,2000,20000,1181
method_c,css,uniform,X,5,0.005936777758977753,0.27250680391071397,1.367231202125419,1.0,20.0,20000,2000,2000,20000,1837
method_c,css,uniform,Z,3,0.005098658918631731,0.40251785611085605,1.4679483219055158,1.0,20.0,20000,2000,2000,20000,4
method_c,css,uniform,Z,3,0.006231694233883228,0.40251785611085605,1.4679483219055158,1.0,20.0,20000,2000,2000,20000,9
method_c,css,uniform,Z,3,0.0073647295491347225,0.40251785611085605,1.4679483219055158,1.0,20.0,20000,2000,2000,20000,20
method_c,css,uniform,Z,3,0.008497764864386219,0.40251785611085605,1.4679483219055158,1.0,20.0,20000,2000,2000,20000,62
method_c,css,uniform,Z,3,0.009630800179637715,0.40251785611085605,1.4679483219055158,1.0,20.0,20000,2000,2000,20000,80
method_c,css,uniform,Z,3,0.010763835494889212,0.40251785611085605,1.4679483219055158,1.0,20.0,20000,2000,2000,20000,141
method_c,css,uniform,Z,3,0.011896870810140705,0.40251785611085605,1.4679483219055158,1.0,20.0,20000,2000,2000,20000,237
method_c,css,uniform,Z,3,0.013029906125392201,0.40251785611085605,1.4679483219055158,1.0,20.0,20000,2000,2000,20000,382
method_c,css,uniform,Z,3,0.014162941440643699,0.40251785611085605,1.4679483219055158,1.0,20.0,20000,2000,2000,20000,560
method_c,css,uniform,Z,3,0.015295976755895193,0.40251785611085605,1.4679483219055158,1.0,20.0,20000,2000,2000,20000,775
method_c,css,uniform,Z,5,0.005098658918631731,0.40251785611085605,1.4679483219055158,1.0,20.0,20000,2000,2000,20000,0
method_c,css,uniform,Z,5,0.006231694233883228,0.40251785611085605,1.4679483219055158,1.0,20.0,20000,2000,2000,20000,0
method_c,css,uniform,Z,5,0.0073647295491347225,0.40251785611085605,1.4679483219055158,1.0,20.0,20000,2000,2000,20000,5
method_c,css,uniform,Z,5,0.008497764864386219,0.40251785611085605,1.4679483219055158,1.0,20.0,20000,2000,2000,20000,10
method_c,css,uniform,Z,5,0.009630800179637715,0.40251785611085605,1.4679483219055158,1.0,20.0,20000,2000,2000,20000,58
method_c,css,uniform,Z,5,0.010763835494889212,0.40251785611085605,1.4679483219055158,1.0,20.0,20000,2000,2000,20000,185
method_c,css,uniform,Z,5,0.011896870810140705,0.40251785611085605,1.4679483219055158,1.0,20.0,20000,2000,2000,20000,328
method_c,css,uniform,Z,5,0.013029906125392201,0.40251785611085605,1.4679483219055158,1.0,20.0,20000,2000,2000,20000,668
method_c,css,uniform,Z,5,0.014162941440643699,0.40251785611085605,1.4679483219055158,1.0,20.0,20000,2000,2000,20000,1176
method_c,css,uniform,Z,5,0.015295976755895193,0.40251785611085605,1.4679483219055158,1.0,20.0,20000,2000,2000,20000,1795
method_c,css,uniform,X,3,0.0020394635674526925,0.40251785611085605,1.4679483219055158,1.0,20.0,20000,2000,2000,20000,1
method_c,css,uniform,X,3,0.002492677693553291,0.40251785611085605,1.4679483219055158,1.0,20.0,20000,2000,2000,20000,10
method_c,css,uniform,X,3,0.002945891819653889,0.40251785611085605,1.4679483219055158,1.0,20.0,20000,2000,2000,20000,17
method_c,css,uniform,X,3,0.0033991059457544872,0.40251785611085605,1.4679483219055158,1.0,20.0,20000,2000,2000,20000,57
method_c,css,uniform,X,3,0.003852320071855086,0.40251785611085605,1.4679483219055158,1.0,20.0,20000,2000,2000,20000,100
method_c,css,uniform,X,3,0.004305534197955685,0.40251785611085605,1.4679483219055158,1.0,20.0,20000,2000,2000,20000,153
method_c,css,uniform,X,3,0.004758748324056282,0.40251785611085605,1.4679483219055158,1.0,20.0,20000,2000,2000,20000,284
method_c,css,uniform,X,3,0.00521196245015688,0.40251785611085605,1.4679483219055158,1.0,20.0,20000,2000,2000,20000,401
method_c,css,uniform,X,3,0.005665176576257479,0.40251785611085605,1.4679483219055158,1.0,20.0,20000,2000,2000,20000,598
method_c,css,uniform,X,3,0.0061183907023580775,0.40251785611085605,1.4679483219055158,1.0,20.0,20000,2000,2000,20000,819
method_c,css,uniform,X,5,0.0020394635674526925,0.40251785611085605,1.4679483219055158,1.0,20.0,20000,2000,2000,20000,0
method_c,css,uniform,X,5,0.002492677693553291,0.40251785611085605,1.4679483219055158,1.0,20.0,20000,2000,2000,20000,1
method_c,css,uniform,X,5,0.002945891819653889,0.40251785611085605,1.4679483219055158,1.0,20.0,20000,2000,2000,20000,1
method_c,css,uniform,X,5,0.0033991059457544872,0.40251785611085605,1.4679483219055158,1.0,20.0,20000,2000,2000,20000,10
method_c,css,uniform,X,5,0.003852320071855086,0.40251785611085605,1.4679483219055158,1.0,20.0,20000,2000,2000,20000,56
method_c,css,uniform,X,5,0.004305534197955685,0.40251785611085605,1.4679483219055158,1.0,20.0,20000,2000,2000,20000,138
method_c,css,uniform,X,5,0.004758748324056282,0.40251785611085605,1.4679483219055158,1.0,20.0,20000,2000,2000,20000,345
method_c,css,uniform,X,5,0.00521196245015688,0.40251785611085605,1.4679483219055158,1.0,20.0,20000,2000,2000,20000,630
method_c,css,uniform,X,5,0.005665176576257479,0.40251785611085605,1.4679483219055158,1.0,20.0,20000,2000,2000,20000,1135
method_c,css,uniform,X,5,0.0061183907023580775,0.40251785611085605,1.4679483219055158,1.0,20.0,20000,2000,2000,20000,1747
method_c,css,uniform,Z,3,0.0021491269476939393,0.5185978121372993,1.5707963267948966,1.0,20.0,20000,2000,2000,20000,0
method_c,css,uniform,Z,3,0.002626710713848148,0.5185978121372993,1.5707963267948966,1.0,20.0,20000,2000,2000,20000,0
method_c,css,uniform,Z,3,0.0031042944800023565,0.5185978121372993,1.5707963267948966,1.0,20.0,20000,2000,2000,20000,0
method_c,css,uniform,Z,3,0.0035818782461565653,0.5185978121372993,1.5707963267948966,1.0,20.0,20000,2000,2000,20000,1
method_c,css,uniform,Z,3,0.004059462012310774,0.5185978121372993,1.5707963267948966,1.0,20.0,20000,2000,2000,20000,1
method_c,css,uniform,Z,3,0.004537045778464983,0.5185978121372993,1.5707963267948966,1.0,20.0,20000,2000,2000,20000,2
method_c,css,uniform,Z,3,0.005014629544619191,0.5185978121372993,1.5707963267948966,1.0,20.0,20000,2000,2000,20000,1
method_c,css,uniform,Z,3,0.0054922133107734,0.5185978121372993,1.5707963267948966,1.0,20.0,20000,2000,2000,20000,3
method_c,css,uniform,Z,3,0.005969797076927609,0.5185978121372993,1.5707963267948966,1.0,20.0,20000,2000,2000,20000,6
method_c,css,uniform,Z,3,0.006447380843081818,0.5185978121372993,1.5707963267948966,1.0,20.0,20000,2000,2000,20000,12
method_c,css,uniform,Z,5,0.0021491269476939393,0.5185978121372993,1.5707963267948966,1.0,20.0,20000,2000,2000,20000,0
method_c,css,uniform,Z,5,0.002626710713848148,0.5185978121372993,1.5707963267948966,1.0,20.0,20000,2000,2000,20000,0
method_c,css,uniform,Z,5,0.0031042944800023565,0.5185978121372993,1.5707963267948966,1.0,20.0,20000,2000,2000,20000,0
method_c,css,uniform,Z,5,0.0035818782461565653,0.5185978121372993,1.5707963267948966,1.0,20.0,20000,2000,2000,20000,0
method_c,css,uniform,Z,5,0.004059462012310774,0.5185978121372993,1.5707963267948966,1.0,20.0,20000,2000,2000,20000,0
method_c,css,uniform,Z,5,0.004537045778464983,0.5185978121372993,1.5707963267948966,1.0,20.0,20000,2000,2000,20000,0
method_c,css,uniform,Z,5,0.005014629544619191,0.5185978121372993,1.5707963267948966,1.0,20.0,20000,2000,2000,20000,1
method_c,css,uniform,Z,5,0.0054922133107734,0.5185978121372993,1.5707963267948966,1.0,20.0,20000,2000,2000,20000,1
method_c,css,uniform,Z,5,0.005969797076927609,0.5185978121372993,1.5707963267948966,1.0,20.0,20000,2000,2000,20000,0
method_c,css,uniform,Z,5,0.006447380843081818,0.5185978121372993,1.5707963267948966,1.0,20.0,20000,2000,2000,20000,1
method_c,css,uniform,X,3,0.0021491269476939393,0.5185978121372993,1.5707963267948966,1.0,20.0,20000,2000,2000,20000,4
method_c,css,uniform,X,3,0.002626710713848148,0.5185978121372993,1.5707963267948966,1.0,20.0,20000,2000,2000,20000,8
method_c,css,uniform,X,3,0.0031042944800023565,0.5185978121372993,1.5707963267948966,1.0,20.0,20000,2000,2000,20000,18
method_c,css,uniform,X,3,0.0035818782461565653,0.5185978121372993,1.5707963267948966,1.0,20.0,20000,2000,2000,20000,45
method_c,css,uniform,X,3,0.004059462012310774,0.5185978121372993,1.5707963267948966,1.0,20.0,20000,2000,2000,20000,78
method_c,css,uniform,X,3,0.004537045778464983,0.5185978121372993,1.5707963267948966,1.0,20.0,20000,2000,2000,20000,160
method_c,css,uniform,X,3,0.005014629544619191,0.5185978121372993,1.5707963267948966,1.0,20.0,20000,2000,2000,20000,273
method_c,css,uniform,X,3,0.0054922133107734,0.5185978121372993,1.5707963267948966,1.0,20.0,20000,2000,2000,20000,413
method_c,css,uniform,X,3,0.005969797076927609,0.5185978121372993,1.5707963267948966,1.0,20.0,20000,2000,2000,20000,560
method_c,css,uniform,X,3,0.006447380843081818,0.5185978121372993,1.5707963267948966,1.0,20.0,20000,2000,2000,20000,804
method_c,css,uniform,X,5,0.0021491269476939393,0.5185978121372993,1.5707963267948966,1.0,20.0,20000,2000,2000,20000,0
method_c,css,uniform,X,5,0.002626710713848148,0.5185978121372993,1.5707963267948966,1.0,20.0,20000,2000,2000,20000,0
method_c,css,uniform,X,5,0.0031042944800023565,0.5185978121372993,1.5707963267948966,1.0,20.0,20000,2000,2000,20000,5
method_c,css,uniform,X,5,0.0035818782461565653,0.5185978121372993,1.5707963267948966,1.0,20.0,20000,2000,2000,20000,10
method_c,css,uniform,X,5,0.004059462012310774,0.5185978121372993,1.5707963267948966,1.0,20.0,20000,2000,2000,20000,52
method_c,css,uniform,X,5,0.004537045778464983,0.5185978121372993,1.5707963267948966,1.0,20.0,20000,2000,2000,20000,132
method_c,css,uniform,X,5,0.005014629544619191,0.5185978121372993,1.5707963267948966,1.0,20.0,20000,2000,2000,20000,319
method_c,css,uniform,X,5,0.0054922133107734,0.5185978121372993,1.5707963267948966,1.0,20.0,20000,2000,2000,20000,639
method_c,css,uniform,X,5,0.005969797076927609,0.5185978121372993,1.5707963267948966,1.0,20.0,20000,2000,2000,20000,994
method_c,css,uniform,X,5,0.006447380843081818,0.5185978121372993,1.5707963267948966,1.0,20.0,20000,2000,2000,20000,1657
method_c,css,uniform,Z,3,0.01445763773427827,0.0,1.3182739950177083,1.0,20.0,20000,2000,2000,20000,84
method_c,css,uniform,Z,3,0.017670446119673444,0.0,1.3182739950177083,1.0,20.0,20000,2000,2000,20000,233
method_c,css,uniform,Z,3,0.020883254505068612,0.0,1.3182739950177083,1.0,20.0,20000,2000,2000,20000,530
method_c,css,uniform,Z,3,0.024096062890463784,0.0,1.3182739950177083,1.0,20.0,20000,2000,2000,20000,882
method_c,css,uniform,Z,3,0.027308871275858952,0.0,1.3182739950177083,1.0,20.0,20000,2000,2000,20000,1560
method_c,css,uniform,Z,3,0.03052167966125413,0.0,1.3182739950177083,1.0,20.0,20000,2000,2000,18000,2075
method_c,css,uniform,Z,3,0.033734488046649296,0.0,1.3182739950177083,1.0,20.0,20000,2000,2000,14000,2143
method_c,css,uniform,Z,3,0.036947296432044474,0.0,1.3182739950177083,1.0,20.0,20000,2000,2000,10000,2065
method_c,css,uniform,Z,3,0.04016010481743964,0.0,1.3182739950177083,1.0,20.0,20000,2000,2000,10000,2473
method_c,css,uniform,Z,3,0.04337291320283481,0.0,1.3182739950177083,1.0,20.0,20000,2000,2000,8000,2358
method_c,css,uniform,Z,5,0.01445763773427827,0.0,1.3182739950177083,1.0,20.0,20000,2000,2000,20000,41
method_c,css,uniform,Z,5,0.017670446119673444,0.0,1.3182739950177083,1.0,20.0,20000,2000,2000,20000,229
method_c,css,uniform,Z,5,0.020883254505068612,0.0,1.3182739950177083,1.0,20.0,20000,2000,2000,20000,827
method_c,css,uniform,Z,5,0.024096062890463784,0.0,1.3182739950177083,1.0,20.0,20000,2000,2000,20000,1965
method_c,css,uniform,Z,5,0.027308871275858952,0.0,1.3182739950177083,1.0,20.0,20000,2000,2000,12000,2205
method_c,css,uniform,Z,5,0.03052167966125413,0.0,1.3182739950177083,1.0,20.0,20000,2000,2000,8000,2160
method_c,css,uniform,Z,5,0.033734488046649296,0.0,1.3182739950177083,1.0,20.0,20000,2000,2000,6000,2078
method_c,css,uniform,Z,5,0.036947296432044474,0.0,1.3182739950177083,1.0,20.0,20000,2000,2000,6000,2495
method_c,css,uniform,Z,5,0.04016010481743964,0.0,1.3182739950177083,1.0,20.0,20000,2000,2000,6000,2727
method_c,css,uniform,X,3,0.0023132220374845235,0.0,1.3182739950177083,1.0,20.0,20000,2000,2000,20000,4
method_c,css,uniform,X,3,0.002827271379147751,0.0,1.3182739950177083,1.0,20.0,20000,2000,2000,20000,8
method_c,css,uniform,X,3,0.0033413207208109782,0.0,1.3182739950177083,1.0,20.0,20000,2000,2000,20000,24
method_c,css,uniform,X,3,0.0038553700624742054,0.0,1.3182739950177083,1.0,20.0,20000,2000,2000,20000,55
method_c,css,uniform,X,3,0.004369419404137433,0.0,1.3182739950177083,1.0,20.0,20000,2000,2000,20000,95
method_c,css,uniform,X,3,0.004883468745800661,0.0,1.3182739950177083,1.0,20.0,20000,2000,2000,20000,220
method_c,css,uniform,X,3,0.005397518087463887,0.0,1.3182739950177083,1.0,20.0,20000,2000,2000,20000,355
method_c,css,uniform,X,3,0.005911567429127115,0.0,1.3182739950177083,1.0,20.0,20000,2000,2000,20000,520
method_c,css,uniform,X,3,0.0064256167707903425,0.0,1.3182739950177083,1.0,20.0,20000,2000,2000,20000,707
method_c,css,uniform,X,3,0.0069396661124535705,0.0,1.3182739950177083,1.0,20.0,20000,2000,2000,20000,1008
method_c,css,uniform,X,5,0.0023132220374845235,0.0,1.3182739950177083,1.0,20.0,20000,2000,2000,20000,0
method_c,css,uniform,X,5,0.002827271379147751,0.0,1.3182739950177083,1.0,20.0,20000,2000,2000,20000,4
method_c,css,uniform,X,5,0.0033413207208109782,0.0,1.3182739950177083,1.0,20.0,20000,2000,2000,20000,9
method_c,css,uniform,X,5,0.0038553700624742054,0.0,1.3182739950177083,1.0,20.0,20000,2000,2000,20000,30
method_c,css,uniform,X,5,0.004369419404137433,0.0,1.3182739950177083,1.0,20.0,20000,2000,2000,20000,76
method_c,css,uniform,X,5,0.004883468745800661,0.0,1.3182739950177083,1.0,20.0,20000,2000,2000,20000,189
method_c,css,uniform,X,5,0.005397518087463887,0.0,1.3182739950177083,1.0,20.0,20000,2000,2000,20000,462
method_c,css,uniform,X,5,0.005911567429127115,0.0,1.3182739950177083,1.0,20.0,20000,2000,2000,20000,886
method_c,css,uniform,X,5,0.0064256167707903425,0.0,1.3182739950177083,1.0,20.0,20000,2000,2000,20000,1482
method_c,css,uniform,X,5,0.0069396661124535705,0.0,1.3182739950177083,1.0,20.0,20000,2000,2000,18000,2024
method_c,css,uniform,Z,3,0.01430191509979804,0.11664321618095799,1.4004432773037054,1.0,20.0,20000,2000,2000,20000,97
method_c,css,uniform,Z,3,0.017480118455308717,0.11664321618095799,1.4004432773037054,1.0,20.0,20000,2000,2000,20000,253
method_c,css,uniform,Z,3,0.020658321810819395,0.11664321618095799,1.4004432773037054,1.0,20.0,20000,2000,2000,20000,488
method_c,css,uniform,Z,3,0.023836525166330065,0.11664321618095799,1.4004432773037054,1.0,20.0,20000,2000,2000,20000,1016
method_c,css,uniform,Z,3,0.02701472852184074,0.11664321618095799,1.4004432773037054,1.0,20.0,20000,2000,2000,20000,1585
method_c,css,uniform,Z,3,0.03019293187735142,0.11664321618095799,1.4004432773037054,1.0,20.0,20000,2000,2000,18000,2159
method_c,css,uniform,Z,3,0.033371135232862094,0.11664321618095799,1.4004432773037054,1.0,20.0,20000,2000,2000,14000,2318
method_c,css,uniform,Z,3,0.03654933858837277,0.11664321618095799,1.4004432773037054,1.0,20.0,20000,2000,2000,10000,2049
method_c,css,uniform,Z,3,0.03972754194388344,0.11664321618095799,1.4004432773037054,1.0,20.0,20000,2000,2000,8000,2017
method_c,css,uniform,Z,3,0.042905745299394116,0.11664321618095799,1.4004432773037054,1.0,20.0,20000,2000,2000,8000,2309
method_c,css,uniform,Z,5,0.01430191509979804,0.11664321618095799,1.4004432773037054,1.0,20.0,20000,2000,2000,20000,62
method_c,css,uniform,Z,5,0.017480118455308717,0.11664321618095799,1.4004432773037054,1.0,20.0,20000,2000,2000,20000,304
method_c,css,uniform,Z,5,0.020658321810819395,0.11664321618095799,1.4004432773037054,1.0,20.0,20000,2000,2000,20000,1015
method_c,css,uniform,Z,5,0.023836525166330065,0.11664321618095799,1.4004432773037054,1.0,20.0,20000,2000,2000,18000,2169
method_c,css,uniform,Z,5,0.02701472852184074,0.11664321618095799,1.4004432773037054,1.0,20.0,20000,2000,2000,10000,2041
method_c,css,uniform,Z,5,0.03019293187735142,0.11664321618095799,1.4004432773037054,1.0,20.0,20000,2000,2000,8000,2327
method_c,css,uniform,Z,5,0.033371135232862094,0.11664321618095799,1.4004432773037054,1.0,20.0,20000,2000,2000,6000,2214
method_c,css,uniform,Z,5,0.03654933858837277,0.11664321618095799,1.4004432773037054,1.0,20.0,20000,2000,2000,6000,2548
method_c,css,uniform,Z,5,0.03972754194388344,0.11664321618095799,1.4004432773037054,1.0,20.0,20000,2000,2000,6000,2743
method_c,css,uniform,X,3,0.0022883064159676864,0.11664321618095799,1.4004432773037054,1.0,20.0,20000,2000,2000,20000,1
method_c,css,uniform,X,3,0.002796818952849395,0.11664321618095799,1.4004432773037054,1.0,20.0,20000,2000,2000,20000,11
method_c,css,uniform,X,3,0.003305331489731103,0.11664321618095799,1.4004432773037054,1.0,20.0,20000,2000,2000,20000,30
method_c,css,uniform,X,3,0.0038138440266128103,0.11664321618095799,1.4004432773037054,1.0,20.0,20000,2000,2000,20000,46
method_c,css,uniform,X,3,0.004322356563494519,0.11664321618095799,1.4004432773037054,1.0,20.0,20000,2000,2000,20000,107
method_c,css,uniform,X,3,0.004830869100376227,0.11664321618095799,1.4004432773037054,1.0,20.0,20000,2000,2000,20000,183
method_c,css,uniform,X,3,0.005339381637257935,0.11664321618095799,1.4004432773037054,1.0,20.0,20000,2000,2000,20000,315
method_c,css,uniform,X,3,0.005847894174139643,0.11664321618095799,1.4004432773037054,1.0,20.0,20000,2000,2000,20000,487
method_c,css,uniform,X,3,0.006356406711021351,0.11664321618095799,1.4004432773037054,1.0,20.0,20000,2000,2000,20000,718
method_c,css,uniform,X,3,0.00686491924790306,0.11664321618095799,1.4004432773037054,1.0,20.0,20000,2000,2000,20000,982
method_c,css,uniform,X,5,0.0022883064159676864,0.11664321618095799,1.4004432773037054,1.0,20.0,20000,2000,2000,20000,0
method_c,css,uniform,X,5,0.002796818952849395,0.11664321618095799,1.4004432773037054,1.0,20.0,20000,2000,2000,20000,0
method_c,css,uniform,X,5,0.003305331489731103,0.11664321618095799,1.4004432773037054,1.0,20.0,20000,2000,2000,20000,8
method_c,css,uniform,X,5,0.0038138440266128103,0.11664321618095799,1.4004432773037054,1.0,20.0,20000,2000,2000,20000,21
method_c,css,uniform,X,5,0.004322356563494519,0.11664321618095799,1.4004432773037054,1.0,20.0,20000,2000,2000,20000,83
method_c,css,uniform,X,5,0.004830869100376227,0.11664321618095799,1.4004432773037054,1.0,20.0,20000,2000,2000,20000,215
method_c,css,uniform,X,5,0.005339381637257935,0.11664321618095799,1.4004432773037054,1.0,20.0,20000,2000,2000,20000,420
method_c,css,uniform,X,5,0.005847894174139643,0.11664321618095799,1.4004432773037054,1.0,20.0,20000,2000,2000,20000,796
method_c,css,uniform,X,5,0.006356406711021351,0.11664321618095799,1.4004432773037054,1.0,20.0,20000,2000,2000,20000,1439
method_c,css,uniform,X,5,0.00686491924790306,0.11664321618095799,1.4004432773037054,1.0,20.0,20000,2000,2000,18000,2001
method_c,css,uniform,Z,3,0.014439755585280354,0.23262838915229167,1.4849973357226594,1.0,20.0,20000,2000,2000,20000,94
method_c,css,uniform,Z,3,0.0176485901597871,0.23262838915229167,1.4849973357226594,1.0,20.0,20000,2000,2000,20000,249
method_c,css,uniform,Z,3,0.02085742473429384,0.23262838915229167,1.4849973357226594,1.0,20.0,20000,2000,2000,20000,581
method_c,css,uniform,Z,3,0.02406625930880059,0.23262838915229167,1.4849973357226594,1.0,20.0,20000,2000,2000,20000,1072
method_c,css,uniform,Z,3,0.027275093883307334,0.23262838915229167,1.4849973357226594,1.0,20.0,20000,2000,2000,20000,1660
method_c,css,uniform,Z,3,0.03048392845781408,0.23262838915229167,1.4849973357226594,1.0,20.0,20000,2000,2000,18000,2196
method_c,css,uniform,Z,3,0.03369276303232082,0.23262838915229167,1.4849973357226594,1.0,20.0,20000,2000,2000,12000,2037
method_c,css,uniform,Z,3,0.03690159760682757,0.23262838915229167,1.4849973357226594,1.0,20.0,20000,2000,2000,10000,2089
method_c,css,uniform,Z,3,0.04011043218133431,0.23262838915229167,1.4849973357226594,1.0,20.0,20000,2000,2000,8000,2039
method_c,css,uniform,Z,3,0.04331926675584106,0.23262838915229167,1.4849973357226594,1.0,20.0,20000,2000,2000,8000,2344
method_c,css,uniform,Z,5,0.014439755585280354,0.23262838915229167,1.4849973357226594,1.0,20.0,20000,2000,2000,20000,77
method_c,css,uniform,Z,5,0.0176485901597871,0.23262838915229167,1.4849973357226594,1.0,20.0,20000,2000,2000,20000,386
method_c,css,uniform,Z,5,0.02085742473429384,0.23262838915229167,1.4849973357226594,1.0,20.0,20000,2000,2000,20000,1227
method_c,css,uniform,Z,5,0.02406625930880059,0.23262838915229167,1.4849973357226594,1.0,20.0,20000,2000,2000,16000,2167
method_c,css,uniform,Z,5,0.027275093883307334,0.23262838915229167,1.4849973357226594,1.0,20.0,20000,2000,2000,10000,2190
method_c,css,uniform,Z,5,0.03048392845781408,0.23262838915229167,1.4849973357226594,1.0,20.0,20000,2000,2000,8000,2420
method_c,css,uniform,Z,5,0.03369276303232082,0.23262838915229167,1.4849973357226594,1.0,20.0,20000,2000,2000,6000,2255
method_c,css,uniform,Z,5,0.03690159760682757,0.23262838915229167,1.4849973357226594,1.0,20.0,20000,2000,2000,6000,2638
method_c,css,uniform,Z,5,0.04011043218133431,0.23262838915229167,1.4849973357226594,1.0,20.0,20000,2000,2000,6000,2749
method_c,css,uniform,X,3,0.0023103608936448565,0.23262838915229167,1.4849973357226594,1.0,20.0,20000,2000,2000,20000,2
method_c,css,uniform,X,3,0.002823774425565936,0.23262838915229167,1.4849973357226594,1.0,20.0,20000,2000,2000,20000,12
method_c,css,uniform,X,3,0.0033371879574870147,0.23262838915229167,1.4849973357226594,1.0,20.0,20000,2000,2000,20000,18
method_c,css,uniform,X,3,0.003850601489408094,0.23262838915229167,1.4849973357226594,1.0,20.0,20000,2000,2000,20000,60
method_c,css,uniform,X,3,0.004364015021329173,0.23262838915229167,1.4849973357226594,1.0,20.0,20000,2000,2000,20000,114
method_c,css,uniform,X,3,0.0048774285532502525,0.23262838915229167,1.4849973357226594,1.0,20.0,20000,2000,2000,20000,152
method_c,css,uniform,X,3,0.005390842085171331,0.23262838915229167,1.4849973357226594,1.0,20.0,20000,2000,2000,20000,300
method_c,css,uniform,X,3,0.005904255617092411,0.23262838915229167,1.4849973357226594,1.0,20.0,20000,2000,2000,20000,457
method_c,css,uniform,X,3,0.00641766914901349,0.23262838915229167,1.4849973357226594,1.0,20.0,20000,2000,2000,20000,737
method_c,css,uniform,X,3,0.006931082680934569,0.23262838915229167,1.4849973357226594,1.0,20.0,20000,2000,2000,20000,989
method_c,css,uniform,X,5,0.0023103608936448565,0.23262838915229167,1.4849973357226594,1.0,20.0,20000,2000,2000,20000,0
method_c,css,uniform,X,5,0.002823774425565936,0.23262838915229167,1.4849973357226594,1.0,20.0,20000,2000,2000,20000,0
method_c,css,uniform,X,5,0.0033371879574870147,0.23262838915229167,1.4849973357226594,1.0,20.0,20000,2000,2000,20000,5
method_c,css,uniform,X,5,0.003850601489408094,0.23262838915229167,1.4849973357226594,1.0,20.0,20000,2000,2000,20000,26
method_c,css,uniform,X,5,0.004364015021329173,0.23262838915229167,1.4849973357226594,1.0,20.0,20000,2000,2000,20000,81
method_c,css,uniform,X,5,0.0048774285532502525,0.23262838915229167,1.4849973357226594,1.0,20.0,20000,2000,2000,20000,213
method_c,css,uniform,X,5,0.005390842085171331,0.23262838915229167,1.4849973357226594,1.0,20.0,20000,2000,2000,20000,422
method_c,css,uniform,X,5,0.005904255617092411,0.23262838915229167,1.4849973357226594,1.0,20.0,20000,2000,2000,20000,768
method_c,css,uniform,X,5,0.00641766914901349,0.23262838915229167,1.4849973357226594,1.0,20.0,20000,2000,2000,20000,1362
method_c,css,uniform,X,5,0.006931082680934569,0.23262838915229167,1.4849973357226594,1.0,20.0,20000,2000,2000,20000,2026
method_c,css,uniform,Z,3,0.005945197542595722,0.34262084534206133,1.5707963267948966,1.0,20.0,20000,2000,2000,20000,1
method_c,css,uniform,Z,3,0.0072663525520614385,0.34262084534206133,1.5707963267948966,1.0,20.0,20000,2000,2000,20000,3
method_c,css,uniform,Z,3,0.008587507561527154,0.34262084534206133,1.5707963267948966,1.0,20.0,20000,2000,2000,20000,6
method_c,css,uniform,Z,3,0.00990866257099287,0.34262084534206133,1.5707963267948966,1.0,20.0,20000,2000,2000,20000,17
method_c,css,uniform,Z,3,0.011229817580458587,0.34262084534206133,1.5707963267948966,1.0,20.0,20000,2000,2000,20000,22
method_c,css,uniform,Z,3,0.012550972589924301,0.34262084534206133,1.5707963267948966,1.0,20.0,20000,2000,2000,20000,38
method_c,css,uniform,Z,3,0.013872127599390015,0.34262084534206133,1.5707963267948966,1.0,20.0,20000,2000,2000,20000,61
method_c,css,uniform,Z,3,0.015193282608855732,0.34262084534206133,1.5707963267948966,1.0,20.0,20000,2000,2000,20000,126
method_c,css,uniform,Z,3,0.01651443761832145,0.34262084534206133,1.5707963267948966,1.0,20.0,20000,2000,2000,20000,184
method_c,css,uniform,Z,3,0.017835592627787163,0.34262084534206133,1.5707963267948966,1.0,20.0,20000,2000,2000,20000,259
method_c,css,uniform,Z,5,0.005945197542595722,0.34262084534206133,1.5707963267948966,1.0,20.0,20000,2000,2000,20000,0
method_c,css,uniform,Z,5,0.0072663525520614385,0.34262084534206133,1.5707963267948966,1.0,20.0,20000,2000,2000,20000,0
method_c,css,uniform,Z,5,0.008587507561527154,0.34262084534206133,1.5707963267948966,1.0,20.0,20000,2000,2000,20000,0
method_c,css,uniform,Z,5,0.00990866257099287,0.34262084534206133,1.5707963267948966,1.0,20.0,20000,2000,2000,20000,3
method_c,css,uniform,Z,5,0.011229817580458587,0.34262084534206133,1.5707963267948966,1.0,20.0,20000,2000,2000,20000,8
method_c,css,uniform,Z,5,0.012550972589924301,0.34262084534206133,1.5707963267948966,1.0,20.0,20000,2000,2000,20000,26
method_c,css,uniform,Z,5,0.013872127599390015,0.34262084534206133,1.5707963267948966,1.0,20.0,20000,2000,2000,20000,53
method_c,css,uniform,Z,5,0.015193282608855732,0.34262084534206133,1.5707963267948966,1.0,20.0,20000,2000,2000,20000,129
method_c,css,uniform,Z,5,0.01651443761832145,0.34262084534206133,1.5707963267948966,1.0,20.0,20000,2000,2000,20000,232
method_c,css,uniform,Z,5,0.017835592627787163,0.34262084534206133,1.5707963267948966,1.0,20.0,20000,2000,2000,20000,419
method_c,css,uniform,X,3,0.0023780790170382887,0.34262084534206133,1.5707963267948966,1.0,20.0,20000,2000,2000,20000,0
method_c,css,uniform,X,3,0.0029065410208245755,0.34262084534206133,1.5707963267948966,1.0,20.0,20000,2000,2000,20000,9
method_c,css,uniform,X,3,0.0034350030246108614,0.34262084534206133,1.5707963267948966,1.0,20.0,20000,2000,2000,20000,21
method_c,css,uniform,X,3,0.003963465028397148,0.34262084534206133,1.5707963267948966,1.0,20.0,20000,2000,2000,20000,67
method_c,css,uniform,X,3,0.0044919270321834345,0.34262084534206133,1.5707963267948966,1.0,20.0,20000,2000,2000,20000,97
method_c,css,uniform,X,3,0.00502038903596972,0.34262084534206133,1.5707963267948966,1.0,20.0,20000,2000,2000,20000,178
method_c,css,uniform,X,3,0.005548851039756006,0.34262084534206133,1.5707963267948966,1.0,20.0,20000,2000,2000,20000,298
method_c,css,uniform,X,3,0.006077313043542293,0.34262084534206133,1.5707963267948966,1.0,20.0,20000,2000,2000,20000,486
method_c,css,uniform,X,3,0.00660577504732858,0.34262084534206133,1.5707963267948966,1.0,20.0,20000,2000,2000,20000,675
method_c,css,uniform,X,3,0.007134237051114866,0.34262084534206133,1.5707963267948966,1.0,20.0,20000,2000,2000,20000,902
method_c,css,uniform,X,5,0.0023780790170382887,0.34262084534206133,1.5707963267948966,1.0,20.0,20000,2000,2000,20000,0
method_c,css,uniform,X,5,0.0029065410208245755,0.34262084534206133,1.5707963267948966,1.0,20.0,20000,2000,2000,20000,0
method_c,css,uniform,X,5,0.0034350030246108614,0.34262084534206133,1.5707963267948966,1.0,20.0,20000,2000,2000,20000,1
method_c,css,uniform,X,5,0.003963465028397148,0.34262084534206133,1.5707963267948966,1.0,20.0,20000,2000,2000,20000,26
method_c,css,uniform,X,5,0.0044919270321834345,0.34262084534206133,1.5707963267948966,1.0,20.0,20000,2000,2000,20000,70
method_c,css,uniform,X,5,0.00502038903596972,0.34262084534206133,1.5707963267948966,1.0,20.0,20000,2000,2000,20000,178
method_c,css,uniform,X,5,0.005548851039756006,0.34262084534206133,1.5707963267948966,1.0,20.0,20000,2000,2000,20000,406
method_c,css,uniform,X,5,0.006077313043542293,0.34262084534206133,1.5707963267948966,1.0,20.0,20000,2000,2000,20000,753
method_c,css,uniform,X,5,0.00660577504732858,0.34262084534206133,1.5707963267948966,1.0,20.0,20000,2000,2000,20000,1313
method_c,css,uniform,X,5,0.007134237051114866,0.34262084534206133,1.5707963267948966,1.0,20.0,20000,2000,2000,20000,1990
method_c,css,uniform,Z,3,0.016508884673892256,0.0,1.4244051404429807,1.0,20.0,20000,2000,2000,20000,19
method_c,css,uniform,Z,3,0.020177525712534977,0.0,1.4244051404429807,1.0,20.0,20000,2000,2000,20000,34
method_c,css,uniform,Z,3,0.0238461667511777,0.0,1.4244051404429807,1.0,20.0,20000,2000,2000,20000,85
method_c,css,uniform,Z,3,0.027514807789820423,0.0,1.4244051404429807,1.0,20.0,20000,2000,2000,20000,217
method_c,css,uniform,Z,3,0.031183448828463148,0.0,1.4244051404429807,1.0,20.0,20000,2000,2000,20000,418
method_c,css,uniform,Z,3,0.034852089867105876,0.0,1.4244051404429807,1.0,20.0,20000,2000,2000,20000,601
method_c,css,uniform,Z,3,0.03852073090574859,0.0,1.4244051404429807,1.0,20.0,20000,2000,2000,20000,970
method_c,css,uniform,Z,3,0.04218937194439131,0.0,1.4244051404429807,1.0,20.0,20000,2000,2000,20000,1476
method_c,css,uniform,Z,3,0.04585801298303404,0.0,1.4244051404429807,1.0,20.0,20000,2000,2000,20000,1964
method_c,css,uniform,Z,3,0.04952665402167676,0.0,1.4244051404429807,1.0,20.0,20000,2000,2000,16000,2022
method_c,css,uniform,Z,5,0.016508884673892256,0.0,1.4244051404429807,1.0,20.0,20000,2000,2000,20000,0
method_c,css,uniform,Z,5,0.020177525712534977,0.0,1.4244051404429807,1.0,20.0,20000,2000,2000,20000,12
method_c,css,uniform,Z,5,0.0238461667511777,0.0,1.4244051404429807,1.0,20.0,20000,2000,2000,20000,65
method_c,css,uniform,Z,5,0.027514807789820423,0.0,1.4244051404429807,1.0,20.0,20000,2000,2000,20000,240
method_c,css,uniform,Z,5,0.031183448828463148,0.0,1.4244051404429807,1.0,20.0,20000,2000,2000,20000,573
method_c,css,uniform,Z,5,0.034852089867105876,0.0,1.4244051404429807,1.0,20.0,20000,2000,2000,20000,1218
method_c,css,uniform,Z,5,0.03852073090574859,0.0,1.4244051404429807,1.0,20.0,20000,2000,2000,20000,2119
method_c,css,uniform,Z,5,0.04218937194439131,0.0,1.4244051404429807,1.0,20.0,20000,2000,2000,14000,2280
method_c,css,uniform,Z,5,0.04585801298303404,0.0,1.4244051404429807,1.0,20.0,20000,2000,2000,10000,2327
method_c,css,uniform,Z,5,0.04952665402167676,0.0,1.4244051404429807,1.0,20.0,20000,2000,2000,8000,2381
method_c,css,uniform,X,3,0.002641421547822761,0.0,1.4244051404429807,1.0,20.0,20000,2000,2000,20000,1
method_c,css,uniform,X,3,0.003228404114005597,0.0,1.4244051404429807,1.0,20.0,20000,2000,2000,20000,12
method_c,css,uniform,X,3,0.003815386680188432,0.0,1.4244051404429807,1.0,20.0,20000,2000,2000,20000,24
method_c,css,uniform,X,3,0.004402369246371268,0.0,1.4244051404429807,1.0,20.0,20000,2000,2000,20000,63
method_c,css,uniform,X,3,0.004989351812554103,0.0,1.4244051404429807,1.0,20.0,20000,2000,2000,20000,113
method_c,css,uniform,X,3,0.00557633437873694,0.0,1.4244051404429807,1.0,20.0,20000,2000,2000,20000,222
method_c,css,uniform,X,3,0.006163316944919775,0.0,1.4244051404429807,1.0,20.0,20000,2000,2000,20000,354
method_c,css,uniform,X,3,0.00675029951110261,0.0,1.4244051404429807,1.0,20.0,20000,2000,2000,20000,587
method_c,css,uniform,X,3,0.007337282077285447,0.0,1.4244051404429807,1.0,20.0,20000,2000,2000,20000,816
method_c,css,uniform,X,3,0.007924264643468282,0.0,1.4244051404429807,1.0,20.0,20000,2000,2000,20000,1127
method_c,css,uniform,X,5,0.002641421547822761,0.0,1.4244051404429807,1.0,20.0,20000,2000,2000,20000,0
method_c,css,uniform,X,5,0.003228404114005597,0.0,1.4244051404429807,1.0,20.0,20000,2000,2000,20000,4
method_c,css,uniform,X,5,0.003815386680188432,0.0,1.4244051404429807,1.0,20.0,20000,2000,2000,20000,7
method_c,css,uniform,X,5,0.004402369246371268,0.0,1.4244051404429807,1.0,20.0,20000,2000,2000,20000,22
method_c,css,uniform,X,5,0.004989351812554103,0.0,1.4244051404429807,1.0,20.0,20000,2000,2000,20000,87
method_c,css,uniform,X,5,0.00557633437873694,0.0,1.4244051404429807,1.0,20.0,20000,2000,2000,20000,256
method_c,css,uniform,X,5,0.006163316944919775,0.0,1.4244051404429807,1.0,20.0,20000,2000,2000,20000,515
method_c,css,uniform,X,5,0.00675029951110261,0.0,1.4244051404429807,1.0,20.0,20000,2000,2000,20000,1042
method_c,css,uniform,X,5,0.007337282077285447,0.0,1.4244051404429807,1.0,20.0,20000,2000,2000,20000,1734
method_c,css,uniform,X,5,0.007924264643468282,0.0,1.4244051404429807,1.0,20.0,20000,2000,2000,16000,2068
method_c,css,uniform,Z,3,0.016460993615689708,0.10128735109353405,1.4972064720294709,1.0,20.0,20000,2000,2000,20000,13
method_c,css,uniform,Z,3,0.020118992196954087,0.10128735109353405,1.4972064720294709,1.0,20.0,20000,2000,2000,20000,54
method_c,css,uniform,Z,3,0.023776990778218467,0.10128735109353405,1.4972064720294709,1.0,20.0,20000,2000,2000,20000,131
method_c,css,uniform,Z,3,0.027434989359482846,0.10128735109353405,1.4972064720294709,1.0,20.0,20000,2000,2000,20000,232
method_c,css,uniform,Z,3,0.03109298794074723,0.10128735109353405,1.4972064720294709,1.0,20.0,20000,2000,2000,20000,474
method_c,css,uniform,Z,3,0.034750986522011605,0.10128735109353405,1.4972064720294709,1.0,20.0,20000,2000,2000,20000,745
method_c,css,uniform,Z,3,0.038408985103275985,0.10128735109353405,1.4972064720294709,1.0,20.0,20000,2000,2000,20000,1100
method_c,css,uniform,Z,3,0.042066983684540364,0.10128735109353405,1.4972064720294709,1.0,20.0,20000,2000,2000,20000,1501
method_c,css,uniform,Z,3,0.045724982265804744,0.10128735109353405,1.4972064720294709,1.0,20.0,20000,2000,2000,20000,2097
method_c,css,uniform,Z,3,0.04938298084706913,0.10128735109353405,1.4972064720294709,1.0,20.0,20000,2000,2000,16000,2182
method_c,css,uniform,Z,5,0.016460993615689708,0.10128735109353405,1.4972064720294709,1.0,20.0,20000,2000,2000,20000,5
method_c,css,uniform,Z,5,0.020118992196954087,0.10128735109353405,1.4972064720294709,1.0,20.0,20000,2000,2000,20000,15
method_c,css,uniform,Z,5,0.023776990778218467,0.10128735109353405,1.4972064720294709,1.0,20.0,20000,2000,2000,20000,83
method_c,css,uniform,Z,5,0.027434989359482846,0.10128735109353405,1.4972064720294709,1.0,20.0,20000,2000,2000,20000,347
method_c,css,uniform,Z,5,0.03109298794074723,0.10128735109353405,1.4972064720294709,1.0,20.0,20000,2000,2000,20000,829
method_c,css,uniform,Z,5,0.034750986522011605,0.10128735109353405,1.4972064720294709,1.0,20.0,20000,2000,2000,20000,1533
method_c,css,uniform,Z,5,0.038408985103275985,0.10128735109353405,1.4972064720294709,1.0,20.0,20000,2000,2000,16000,2121
method_c,css,uniform,Z,5,0.042066983684540364,0.10128735109353405,1.4972064720294709,1.0,20.0,20000,2000,2000,10000,2049
method_c,css,uniform,Z,5,0.045724982265804744,0.10128735109353405,1.4972064720294709,1.0,20.0,20000,2000,2000,8000,2078
method_c,css,uniform,Z,5,0.04938298084706913,0.10128735109353405,1.4972064720294709,1.0,20.0,20000,2000,2000,6000,2015
method_c,css,uniform,X,3,0.0026337589785103534,0.10128735109353405,1.4972064720294709,1.0,20.0,20000,2000,2000,20000,2
method_c,css,uniform,X,3,0.003219038751512654,0.10128735109353405,1.4972064720294709,1.0,20.0,20000,2000,2000,20000,6
method_c,css,uniform,X,3,0.003804318524514955,0.10128735109353405,1.4972064720294709,1.0,20.0,20000,2000,2000,20000,28
method_c,css,uniform,X,3,0.004389598297517255,0.10128735109353405,1.4972064720294709,1.0,20.0,20000,2000,2000,20000,55
method_c,css,uniform,X,3,0.004974878070519557,0.10128735109353405,1.4972064720294709,1.0,20.0,20000,2000,2000,20000,113
method_c,css,uniform,X,3,0.005560157843521857,0.10128735109353405,1.4972064720294709,1.0,20.0,20000,2000,2000,20000,211
method_c,css,uniform,X,3,0.006145437616524157,0.10128735109353405,1.4972064720294709,1.0,20.0,20000,2000,2000,20000,329
method_c,css,uniform,X,3,0.006730717389526459,0.10128735109353405,1.4972064720294709,1.0,20.0,20000,2000,2000,20000,517
method_c,css,uniform,X,3,0.007315997162528759,0.10128735109353405,1.4972064720294709,1.0,20.0,20000,2000,2000,20000,839
method_c,css,uniform,X,3,0.007901276935531061,0.10128735109353405,1.4972064720294709,1.0,20.0,20000,2000,2000,20000,1136
method_c,css,uniform,X,5,0.0026337589785103534,0.10128735109353405,1.4972064720294709,1.0,20.0,20000,2000,2000,20000,0
method_c,css,uniform,X,5,0.003219038751512654,0.10128735109353405,1.4972064720294709,1.0,20.0,20000,2000,2000,20000,1
method_c,css,uniform,X,5,0.003804318524514955,0.10128735109353405,1.4972064720294709,1.0,20.0,20000,2000,2000,20000,7
method_c,css,uniform,X,5,0.004389598297517255,0.10128735109353405,1.4972064720294709,1.0,20.0,20000,2000,2000,20000,17
method_c,css,uniform,X,5,0.004974878070519557,0.10128735109353405,1.4972064720294709,1.0,20.0,20000,2000,2000,20000,84
method_c,css,uniform,X,5,0.005560157843521857,0.10128735109353405,1.4972064720294709,1.0,20.0,20000,2000,2000,20000,249
method_c,css,uniform,X,5,0.006145437616524157,0.10128735109353405,1.4972064720294709,1.0,20.0,20000,2000,2000,20000,500
method_c,css,uniform,X,5,0.006730717389526459,0.10128735109353405,1.4972064720294709,1.0,20.0,20000,2000,2000,20000,958
method_c,css,uniform,X,5,0.007315997162528759,0.10128735109353405,1.4972064720294709,1.0,20.0,20000,2000,2000,20000,1627
method_c,css,uniform,X,5,0.007901276935531061,0.10128735109353405,1.4972064720294709,1.0,20.0,20000,2000,2000,18000,2240
method_c,css,uniform,Z,3,0.00666724084017105,0.20106779607126374,1.5707963267948966,1.0,20.0,20000,2000,2000,20000,0
method_c,css,uniform,Z,3,0.008148849915764618,0.20106779607126374,1.5707963267948966,1.0,20.0,20000,2000,2000,20000,0
method_c,css,uniform,Z,3,0.009630458991358185,0.20106779607126374,1.5707963267948966,1.0,20.0,20000,2000,2000,20000,2
method_c,css,uniform,Z,3,0.01111206806695175,0.20106779607126374,1.5707963267948966,1.0,20.0,20000,2000,2000,20000,4
method_c,css,uniform,Z,3,0.012593677142545317,0.20106779607126374,1.5707963267948966,1.0,20.0,20000,2000,2000,20000,3
method_c,css,uniform,Z,3,0.014075286218138885,0.20106779607126374,1.5707963267948966,1.0,20.0,20000,2000,2000,20000,3
method_c,css,uniform,Z,3,0.01555689529373245,0.20106779607126374,1.5707963267948966,1.0,20.0,20000,2000,2000,20000,20
method_c,css,uniform,Z,3,0.017038504369326017,0.20106779607126374,1.5707963267948966,1.0,20.0,20000,2000,2000,20000,18
method_c,css,uniform,Z,3,0.018520113444919585,0.20106779607126374,1.5707963267948966,1.0,20.0,20000,2000,2000,20000,35
method_c,css,uniform,Z,3,0.020001722520513153,0.20106779607126374,1.5707963267948966,1.0,20.0,20000,2000,2000,20000,61
method_c,css,uniform,Z,5,0.00666724084017105,0.20106779607126374,1.5707963267948966,1.0,20.0,20000,2000,2000,20000,0
method_c,css,uniform,Z,5,0.008148849915764618,0.20106779607126374,1.5707963267948966,1.0,20.0,20000,2000,2000,20000,0
method_c,css,uniform,Z,5,0.009630458991358185,0.20106779607126374,1.5707963267948966,1.0,20.0,20000,2000,2000,20000,0
method_c,css,uniform,Z,5,0.01111206806695175,0.20106779607126374,1.5707963267948966,1.0,20.0,20000,2000,2000,20000,0
method_c,css,uniform,Z,5,0.012593677142545317,0.20106779607126374,1.5707963267948966,1.0,20.0,20000,2000,2000,20000,0
method_c,css,uniform,Z,5,0.014075286218138885,0.20106779607126374,1.5707963267948966,1.0,20.0,20000,2000,2000,20000,3
method_c,css,uniform,Z,5,0.01555689529373245,0.20106779607126374,1.5707963267948966,1.0,20.0,20000,2000,2000,20000,3
method_c,css,uniform,Z,5,0.017038504369326017,0.20106779607126374,1.5707963267948966,1.0,20.0,20000,2000,2000,20000,10
method_c,css,uniform,Z,5,0.018520113444919585,0.20106779607126374,1.5707963267948966,1.0,20.0,20000,2000,2000,20000,16
method_c,css,uniform,Z,5,0.020001722520513153,0.20106779607126374,1.5707963267948966,1.0,20.0,20000,2000,2000,20000,21
method_c,css,uniform,X,3,0.0026668963360684203,0.20106779607126374,1.5707963267948966,1.0,20.0,20000,2000,2000,20000,1
method_c,css,uniform,X,3,0.003259539966305847,0.20106779607126374,1.5707963267948966,1.0,20.0,20000,2000,2000,20000,10
method_c,css,uniform,X,3,0.0038521835965432735,0.20106779607126374,1.5707963267948966,1.0,20.0,20000,2000,2000,20000,34
method_c,css,uniform,X,3,0.0044448272267807,0.20106779607126374,1.5707963267948966,1.0,20.0,20000,2000,2000,20000,53
method_c,css,uniform,X,3,0.005037470857018127,0.20106779607126374,1.5707963267948966,1.0,20.0,20000,2000,2000,20000,106
method_c,css,uniform,X,3,0.005630114487255554,0.20106779607126374,1.5707963267948966,1.0,20.0,20000,2000,2000,20000,223
method_c,css,uniform,X,3,0.00622275811749298,0.20106779607126374,1.5707963267948966,1.0,20.0,20000,2000,2000,20000,356
method_c,css,uniform,X,3,0.006815401747730407,0.20106779607126374,1.5707963267948966,1.0,20.0,20000,2000,2000,20000,507
method_c,css,uniform,X,3,0.0074080453779678335,0.20106779607126374,1.5707963267948966,1.0,20.0,20000,2000,2000,20000,676
method_c,css,uniform,X,3,0.008000689008205261,0.20106779607126374,1.5707963267948966,1.0,20.0,20000,2000,2000,20000,1000
method_c,css,uniform,X,5,0.0026668963360684203,0.20106779607126374,1.5707963267948966,1.0,20.0,20000,2000,2000,20000,0
method_c,css,uniform,X,5,0.003259539966305847,0.20106779607126374,1.5707963267948966,1.0,20.0,20000,2000,2000,20000,2
method_c,css,uniform,X,5,0.0038521835965432735,0.20106779607126374,1.5707963267948966,1.0,20.0,20000,2000,2000,20000,8
method_c,css,uniform,X,5,0.0044448272267807,0.20106779607126374,1.5707963267948966,1.0,20.0,20000,2000,2000,20000,23
method_c,css,uniform,X,5,0.005037470857018127,0.20106779607126374,1.5707963267948966,1.0,20.0,20000,2000,2000,20000,82
method_c,css,uniform,X,5,0.005630114487255554,0.20106779607126374,1.5707963267948966,1.0,20.0,20000,2000,2000,20000,212
method_c,css,uniform,X,5,0.00622275811749298,0.20106779607126374,1.5707963267948966,1.0,20.0,20000,2000,2000,20000,469
method_c,css,uniform,X,5,0.006815401747730407,0.20106779607126374,1.5707963267948966,1.0,20.0,20000,2000,2000,20000,929
method_c,css,uniform,X,5,0.0074080453779678335,0.20106779607126374,1.5707963267948966,1.0,20.0,20000,2000,2000,20000,1568
method_c,css,uniform,X,5,0.008000689008205261,0.20106779607126374,1.5707963267948966,1.0,20.0,20000,2000,2000,18000,2078
method_c,css,uniform,Z,3,0.01870428629119058,0.0,1.506377969843153,1.0,20.0,20000,2000,2000,20000,1
method_c,css,uniform,Z,3,0.022860794355899598,0.0,1.506377969843153,1.0,20.0,20000,2000,2000,20000,1
method_c,css,uniform,Z,3,0.027017302420608617,0.0,1.506377969843153,1.0,20.0,20000,2000,2000,20000,2
method_c,css,uniform,Z,3,0.03117381048531763,0.0,1.506377969843153,1.0,20.0,20000,2000,2000,20000,27
method_c,css,uniform,Z,3,0.035330318550026656,0.0,1.506377969843153,1.0,20.0,20000,2000,2000,20000,31
method_c,css,uniform,Z,3,0.03948682661473567,0.0,1.506377969843153,1.0,20.0,20000,2000,2000,20000,56
method_c,css,uniform,Z,3,0.04364333467944467,0.0,1.506377969843153,1.0,20.0,20000,2000,2000,20000,96
method_c,css,uniform,Z,3,0.0477998427441537,0.0,1.506377969843153,1.0,20.0,20000,2000,2000,20000,161
method_c,css,uniform,Z,3,0.051956350808862725,0.0,1.506377969843153,1.0,20.0,20000,2000,2000,20000,258
method_c,css,uniform,Z,3,0.056112858873571744,0.0,1.506377969843153,1.0,20.0,20000,2000,2000,20000,363
method_c,css,uniform,Z,5,0.01870428629119058,0.0,1.506377969843153,1.0,20.0,20000,2000,2000,20000,1
method_c,css,uniform,Z,5,0.022860794355899598,0.0,1.506377969843153,1.0,20.0,20000,2000,2000,20000,0
method_c,css,uniform,Z,5,0.027017302420608617,0.0,1.506377969843153,1.0,20.0,20000,2000,2000,20000,3
method_c,css,uniform,Z,5,0.03117381048531763,0.0,1.506377969843153,1.0,20.0,20000,2000,2000,20000,3
method_c,css,uniform,Z,5,0.035330318550026656,0.0,1.506377969843153,1.0,20.0,20000,2000,2000,20000,10
method_c,css,uniform,Z,5,0.03948682661473567,0.0,1.506377969843153,1.0,20.0,20000,2000,2000,20000,26
method_c,css,uniform,Z,5,0.04364333467944467,0.0,1.506377969843153,1.0,20.0,20000,2000,2000,20000,55
method_c,css,uniform,Z,5,0.0477998427441537,0.0,1.506377969843153,1.0,20.0,20000,2000,2000,20000,160
method_c,css,uniform,Z,5,0.051956350808862725,0.0,1.506377969843153,1.0,20.0,20000,2000,2000,20000,279
method_c,css,uniform,Z,5,0.056112858873571744,0.0,1.506377969843153,1.0,20.0,20000,2000,2000,20000,491
method_c,css,uniform,X,3,0.002992685806590493,0.0,1.506377969843153,1.0,20.0,20000,2000,2000,20000,2
method_c,css,uniform,X,3,0.003657727096943936,0.0,1.506377969843153,1.0,20.0,20000,2000,2000,20000,12
method_c,css,uniform,X,3,0.0043227683872973785,0.0,1.506377969843153,1.0,20.0,20000,2000,2000,20000,30
method_c,css,uniform,X,3,0.004987809677650821,0.0,1.506377969843153,1.0,20.0,20000,2000,2000,20000,80
method_c,css,uniform,X,3,0.0056528509680042645,0.0,1.506377969843153,1.0,20.0,20000,2000,2000,20000,140
method_c,css,uniform,X,3,0.006317892258357707,0.0,1.506377969843153,1.0,20.0,20000,2000,2000,20000,232
method_c,css,uniform,X,3,0.006982933548711149,0.0,1.506377969843153,1.0,20.0,20000,2000,2000,20000,399
method_c,css,uniform,X,3,0.007647974839064592,0.0,1.506377969843153,1.0,20.0,20000,2000,2000,20000,588
method_c,css,uniform,X,3,0.008313016129418035,0.0,1.506377969843153,1.0,20.0,20000,2000,2000,20000,874
method_c,css,uniform,X,3,0.008978057419771479,0.0,1.506377969843153,1.0,20.0,20000,2000,2000,20000,1152
method_c,css,uniform,X,5,0.002992685806590493,0.0,1.506377969843153,1.0,20.0,20000,2000,2000,20000,1
method_c,css,uniform,X,5,0.003657727096943936,0.0,1.506377969843153,1.0,20.0,20000,2000,2000,20000,2
method_c,css,uniform,X,5,0.0043227683872973785,0.0,1.506377969843153,1.0,20.0,20000,2000,2000,20000,11
method_c,css,uniform,X,5,0.004987809677650821,0.0,1.506377969843153,1.0,20.0,20000,2000,2000,20000,36
method_c,css,uniform,X,5,0.0056528509680042645,0.0,1.506377969843153,1.0,20.0,20000,2000,2000,20000,124
method_c,css,uniform,X,5,0.006317892258357707,0.0,1.506377969843153,1.0,20.0,20000,2000,2000,20000,258
method_c,css,uniform,X,5,0.006982933548711149,0.0,1.506377969843153,1.0,20.0,20000,2000,2000,20000,601
method_c,css,uniform,X,5,0.007647974839064592,0.0,1.506377969843153,1.0,20.0,20000,2000,2000,20000,1166
method_c,css,uniform,X,5,0.008313016129418035,0.0,1.506377969843153,1.0,20.0,20000,2000,2000,20000,1830
method_c,css,uniform,X,5,0.008978057419771479,0.0,1.506377969843153,1.0,20.0,20000,2000,2000,14000,2067
method_c,css,uniform,Z,3,0.01873955480464841,0.08893686882203163,1.5707963267948966,1.0,20.0,20000,2000,2000,20000,2
method_c,css,uniform,Z,3,0.022903900316792496,0.08893686882203163,1.5707963267948966,1.0,20.0,20000,2000,2000,20000,1
method_c,css,uniform,Z,3,0.027068245828936587,0.08893686882203163,1.5707963267948966,1.0,20.0,20000,2000,2000,20000,7
method_c,css,uniform,Z,3,0.031232591341080675,0.08893686882203163,1.5707963267948966,1.0,20.0,20000,2000,2000,20000,25
method_c,css,uniform,Z,3,0.035396936853224766,0.08893686882203163,1.5707963267948966,1.0,20.0,20000,2000,2000,20000,50
method_c,css,uniform,Z,3,0.03956128236536886,0.08893686882203163,1.5707963267948966,1.0,20.0,20000,2000,2000,20000,82
method_c,css,uniform,Z,3,0.04372562787751294,0.08893686882203163,1.5707963267948966,1.0,20.0,20000,2000,2000,20000,118
method_c,css,uniform,Z,3,0.04788997338965703,0.08893686882203163,1.5707963267948966,1.0,20.0,20000,2000,2000,20000,232
method_c,css,uniform,Z,3,0.05205431890180113,0.08893686882203163,1.5707963267948966,1.0,20.0,20000,2000,2000,20000,300
method_c,css,uniform,Z,3,0.05621866441394521,0.08893686882203163,1.5707963267948966,1.0,20.0,20000,2000,2000,20000,462
method_c,css,uniform,Z,5,0.01873955480464841,0.08893686882203163,1.5707963267948966,1.0,20.0,20000,2000,2000,20000,0
method_c,css,uniform,Z,5,0.022903900316792496,0.08893686882203163,1.5707963267948966,1.0,20.0,20000,2000,2000,20000,0
method_c,css,uniform,Z,5,0.027068245828936587,0.08893686882203163,1.5707963267948966,1.0,20.0,20000,2000,2000,20000,2
method_c,css,uniform,Z,5,0.031232591341080675,0.08893686882203163,1.5707963267948966,1.0,20.0,20000,2000,2000,20000,5
method_c,css,uniform,Z,5,0.035396936853224766,0.08893686882203163,1.5707963267948966,1.0,20.0,20000,2000,2000,20000,19
method_c,css,uniform,Z,5,0.03956128236536886,0.08893686882203163,1.5707963267948966,1.0,20.0,20000,2000,2000,20000,70
method_c,css,uniform,Z,5,0.04372562787751294,0.08893686882203163,1.5707963267948966,1.0,20.0,20000,2000,2000,20000,145
method_c,css,uniform,Z,5,0.04788997338965703,0.08893686882203163,1.5707963267948966,1.0,20.0,20000,2000,2000,20000,281
method_c,css,uniform,Z,5,0.05205431890180113,0.08893686882203163,1.5707963267948966,1.0,20.0,20000,2000,2000,20000,520
method_c,css,uniform,Z,5,0.05621866441394521,0.08893686882203163,1.5707963267948966,1.0,20.0,20000,2000,2000,20000,874
method_c,css,uniform,X,3,0.002998328768743745,0.08893686882203163,1.5707963267948966,1.0,20.0,20000,2000,2000,20000,2
method_c,css,uniform,X,3,0.0036646240506868,0.08893686882203163,1.5707963267948966,1.0,20.0,20000,2000,2000,20000,17
method_c,css,uniform,X,3,0.004330919332629854,0.08893686882203163,1.5707963267948966,1.0,20.0,20000,2000,2000,20000,38
method_c,css,uniform,X,3,0.004997214614572908,0.08893686882203163,1.5707963267948966,1.0,20.0,20000,2000,2000,20000,73
method_c,css,uniform,X,3,0.005663509896515963,0.08893686882203163,1.5707963267948966,1.0,20.0,20000,2000,2000,20000,148
method_c,css,uniform,X,3,0.0063298051784590175,0.08893686882203163,1.5707963267948966,1.0,20.0,20000,2000,2000,20000,211
method_c,css,uniform,X,3,0.0069961004604020705,0.08893686882203163,1.5707963267948966,1.0,20.0,20000,2000,2000,20000,394
method_c,css,uniform,X,3,0.007662395742345125,0.08893686882203163,1.5707963267948966,1.0,20.0,20000,2000,2000,20000,584
method_c,css,uniform,X,3,0.00832869102428818,0.08893686882203163,1.5707963267948966,1.0,20.0,20000,2000,2000,20000,883
method_c,css,uniform,X,3,0.008994986306231235,0.08893686882203163,1.5707963267948966,1.0,20.0,20000,2000,2000,20000,1216
method_c,css,uniform,X,5,0.002998328768743745,0.08893686882203163,1.5707963267948966,1.0,20.0,20000,2000,2000,20000,0
method_c,css,uniform,X,5,0.0036646240506868,0.08893686882203163,1.5707963267948966,1.0,20.0,20000,2000,2000,20000,1
method_c,css,uniform,X,5,0.004330919332629854,0.08893686882203163,1.5707963267948966,1.0,20.0,20000,2000,2000,20000,5
method_c,css,uniform,X,5,0.004997214614572908,0.08893686882203163,1.5707963267948966,1.0,20.0,20000,2000,2000,20000,38
method_c,css,uniform,X,5,0.005663509896515963,0.08893686882203163,1.5707963267948966,1.0,20.0,20000,2000,2000,20000,112
method_c,css,uniform,X,5,0.0063298051784590175,0.08893686882203163,1.5707963267948966,1.0,20.0,20000,2000,2000,20000,251
method_c,css,uniform,X,5,0.0069961004604020705,0.08893686882203163,1.5707963267948966,1.0,20.0,20000,2000,2000,20000,565
method_c,css,uniform,X,5,0.007662395742345125,0.08893686882203163,1.5707963267948966,1.0,20.0,20000,2000,2000,20000,1151
method_c,css,uniform,X,5,0.00832869102428818,0.08893686882203163,1.5707963267948966,1.0,20.0,20000,2000,2000,20000,1758
method_c,css,uniform,X,5,0.008994986306231235,0.08893686882203163,1.5707963267948966,1.0,20.0,20000,2000,2000,16000,2244
method_c,css,uniform,Z,3,0.05249669312897615,0.0,1.5707963267948966,1.0,20.0,20000,2000,2000,20000,1
method_c,css,uniform,Z,3,0.0641626249354153,0.0,1.5707963267948966,1.0,20.0,20000,2000,2000,20000,1
method_c,css,uniform,Z,3,0.07582855674185444,0.0,1.5707963267948966,1.0,20.0,20000,2000,2000,20000,2
method_c,css,uniform,Z,3,0.08749448854829359,0.0,1.5707963267948966,1.0,20.0,20000,2000,2000,20000,14
method_c,css,uniform,Z,3,0.09916042035473276,0.0,1.5707963267948966,1.0,20.0,20000,2000,2000,20000,37
method_c,css,uniform,Z,3,0.11082635216117188,0.0,1.5707963267948966,1.0,20.0,20000,2000,2000,20000,68
method_c,css,uniform,Z,3,0.122492283967611,0.0,1.5707963267948966,1.0,20.0,20000,2000,2000,20000,94
method_c,css,uniform,Z,3,0.13415821577405018,0.0,1.5707963267948966,1.0,20.0,20000,2000,2000,20000,182
method_c,css,uniform,Z,3,0.1458241475804893,0.0,1.5707963267948966,1.0,20.0,20000,2000,2000,20000,255
method_c,css,uniform,Z,3,0.1574900793869285,0.0,1.5707963267948966,1.0,20.0,20000,2000,2000,20000,419
method_c,css,uniform,Z,5,0.05249669312897615,0.0,1.5707963267948966,1.0,20.0,20000,2000,2000,20000,0
method_c,css,uniform,Z,5,0.0641626249354153,0.0,1.5707963267948966,1.0,20.0,20000,2000,2000,20000,0
method_c,css,uniform,Z,5,0.07582855674185444,0.0,1.5707963267948966,1.0,20.0,20000,2000,2000,20000,2
method_c,css,uniform,Z,5,0.08749448854829359,0.0,1.5707963267948966,1.0,20.0,20000,2000,2000,20000,0
method_c,css,uniform,Z,5,0.09916042035473276,0.0,1.5707963267948966,1.0,20.0,20000,2000,2000,20000,7
method_c,css,uniform,Z,5,0.11082635216117188,0.0,1.5707963267948966,1.0,20.0,20000,2000,2000,20000,20
method_c,css,uniform,Z,5,0.122492283967611,0.0,1.5707963267948966,1.0,20.0,20000,2000,2000,20000,52
method_c,css,uniform,Z,5,0.13415821577405018,0.0,1.5707963267948966,1.0,20.0,20000,2000,2000,20000,121
method_c,css,uniform,Z,5,0.1458241475804893,0.0,1.5707963267948966,1.0,20.0,20000,2000,2000,20000,264
method_c,css,uniform,Z,5,0.1574900793869285,0.0,1.5707963267948966,1.0,20.0,20000,2000,2000,20000,480
method_c,css,uniform,X,3,0.003359788360254474,0.0,1.5707963267948966,1.0,20.0,20000,2000,2000,20000,3
method_c,css,uniform,X,3,0.00410640799586658,0.0,1.5707963267948966,1.0,20.0,20000,2000,2000,20000,16
method_c,css,uniform,X,3,0.004853027631478685,0.0,1.5707963267948966,1.0,20.0,20000,2000,2000,20000,56
method_c,css,uniform,X,3,0.00559964726709079,0.0,1.5707963267948966,1.0,20.0,20000,2000,2000,20000,83
method_c,css,uniform,X,3,0.006346266902702896,0.0,1.5707963267948966,1.0,20.0,20000,2000,2000,20000,175
method_c,css,uniform,X,3,0.007092886538315001,0.0,1.5707963267948966,1.0,20.0,20000,2000,2000,20000,281
method_c,css,uniform,X,3,0.007839506173927105,0.0,1.5707963267948966,1.0,20.0,20000,2000,2000,20000,473
method_c,css,uniform,X,3,0.008586125809539212,0.0,1.5707963267948966,1.0,20.0,20000,2000,2000,20000,730
method_c,css,uniform,X,3,0.009332745445151317,0.0,1.5707963267948966,1.0,20.0,20000,2000,2000,20000,998
method_c,css,uniform,X,3,0.010079365080763422,0.0,1.5707963267948966,1.0,20.0,20000,2000,2000,20000,1366
method_c,css,uniform,X,5,0.003359788360254474,0.0,1.5707963267948966,1.0,20.0,20000,2000,2000,20000,1
method_c,css,uniform,X,5,0.00410640799586658,0.0,1.5707963267948966,1.0,20.0,20000,2000,2000,20000,2
method_c,css,uniform,X,5,0.004853027631478685,0.0,1.5707963267948966,1.0,20.0,20000,2000,2000,20000,16
method_c,css,uniform,X,5,0.00559964726709079,0.0,1.5707963267948966,1.0,20.0,20000,2000,2000,20000,39
method_c,css,uniform,X,5,0.006346266902702896,0.0,1.5707963267948966,1.0,20.0,20000,2000,2000,20000,135
method_c,css,uniform,X,5,0.007092886538315001,0.0,1.5707963267948966,1.0,20.0,20000,2000,2000,20000,314
method_c,css,uniform,X,5,0.007839506173927105,0.0,1.5707963267948966,1.0,20.0,20000,2000,2000,20000,677
method_c,css,uniform,X,5,0.008586125809539212,0.0,1.5707963267948966,1.0,20.0,20000,2000,2000,20000,1288
method_c,css,uniform,X,5,0.009332745445151317,0.0,1.5707963267948966,1.0,20.0,20000,2000,2000,20000,2153
method_c,css,uniform,X,5,0.010079365080763422,0.0,1.5707963267948966,1.0,20.0,20000,2000,2000,14000,2162
method_c,css,uniform,Z,3,0.012040662302586498,0.0,0.0,0.01,20.0,20000,2000,2000,20000,0
method_c,css,uniform,Z,3,0.024081324605172996,0.0,0.0,0.01,20.0,20000,2000,2000,20000,0
method_c,css,uniform,Z,3,0.03612198690775949,0.0,0.0,0.01,20.0,20000,2000,2000,20000,0
method_c,css,uniform,Z,3,0.04816264921034599,0.0,0.0,0.01,20.0,20000,2000,2000,20000,0
method_c,css,uniform,Z,3,0.06020331151293249,0.0,0.0,0.01,20.0,20000,2000,2000,20000,1
method_c,css,uniform,Z,3,0.07224397381551897,0.0,0.0,0.01,20.0,20000,2000,2000,20000,0
method_c,css,uniform,Z,3,0.08428463611810547,0.0,0.0,0.01,20.0,20000,2000,2000,20000,1
method_c,css,uniform,Z,3,0.09632529842069198,0.0,0.0,0.01,20.0,20000,2000,2000,20000,1
method_c,css,uniform,Z,3,0.10836596072327848,0.0,0.0,0.01,20.0,20000,2000,2000,20000,4
method_c,css,uniform,Z,5,0.012040662302586498,0.0,0.0,0.01,20.0,20000,2000,2000,20000,0
method_c,css,uniform,Z,5,0.024081324605172996,0.0,0.0,0.01,20.0,20000,2000,2000,20000,0
method_c,css,uniform,Z,5,0.03612198690775949,0.0,0.0,0.01,20.0,20000,2000,2000,20000,0
method_c,css,uniform,Z,5,0.04816264921034599,0.0,0.0,0.01,20.0,20000,2000,2000,20000,0
method_c,css,uniform,Z,5,0.06020331151293249,0.0,0.0,0.01,20.0,20000,2000,2000,20000,0
method_c,css,uniform,Z,5,0.07224397381551897,0.0,0.0,0.01,20.0,20000,2000,2000,20000,0
method_c,css,uniform,Z,5,0.08428463611810547,0.0,0.0,0.01,20.0,20000,2000,2000,20000,0
method_c,css,uniform,Z,5,0.09632529842069198,0.0,0.0,0.01,20.0,20000,2000,2000,20000,0
method_c,css,uniform,Z,5,0.10836596072327848,0.0,0.0,0.01,20.0,20000,2000,2000,20000,0
method_c,css,uniform,X,3,0.0019265059684138396,0.0,0.0,0.01,20.0,20000,2000,2000,20000,0
method_c,css,uniform,X,3,0.003853011936827679,0.0,0.0,0.01,20.0,20000,2000,2000,20000,0
method_c,css,uniform,X,3,0.0057795179052415185,0.0,0.0,0.01,20.0,20000,2000,2000,20000,2
method_c,css,uniform,X,3,0.007706023873655358,0.0,0.0,0.01,20.0,20000,2000,2000,20000,7
method_c,css,uniform,X,3,0.009632529842069198,0.0,0.0,0.01,20.0,20000,2000,2000,20000,17
method_c,css,uniform,X,3,0.011559035810483037,0.0,0.0,0.01,20.0,20000,2000,2000,20000,52
method_c,css,uniform,X,3,0.013485541778896874,0.0,0.0,0.01,20.0,20000,2000,2000,20000,140
method_c,css,uniform,X,3,0.015412047747310717,0.0,0.0,0.01,20.0,20000,2000,2000,20000,269
method_c,css,uniform,X,3,0.017338553715724556,0.0,0.0,0.01,20.0,20000,2000,2000,20000,457
method_c,css,uniform,X,5,0.0019265059684138396,0.0,0.0,0.01,20.0,20000,2000,2000,20000,0
method_c,css,uniform,X,5,0.003853011936827679,0.0,0.0,0.01,20.0,20000,2000,2000,20000,0
method_c,css,uniform,X,5,0.0057795179052415185,0.0,0.0,0.01,20.0,20000,2000,2000,20000,0
method_c,css,uniform,X,5,0.007706023873655358,0.0,0.0,0.01,20.0,20000,2000,2000,20000,1
method_c,css,uniform,X,5,0.009632529842069198,0.0,0.0,0.01,20.0,20000,2000,2000,20000,8
method_c,css,uniform,X,5,0.011559035810483037,0.0,0.0,0.01,20.0,20000,2000,2000,20000,34
method_c,css,uniform,X,5,0.013485541778896874,0.0,0.0,0.01,20.0,20000,2000,2000,20000,157
method_c,css,uniform,X,5,0.015412047747310717,0.0,0.0,0.01,20.0,20000,2000,2000,20000,446
method_c,css,uniform,X,5,0.017338553715724556,0.0,0.0,0.01,20.0,20000,2000,2000,20000,990
method_c,css,uniform,Z,3,0.004816264921034599,0.0,0.0,0.03162277660168379,20.0,20000,2000,2000,20000,0
method_c,css,uniform,Z,3,0.009632529842069198,0.0,0.0,0.03162277660168379,20.0,20000,2000,2000,20000,0
method_c,css,uniform,Z,3,0.014448794763103796,0.0,0.0,0.03162277660168379,20.0,20000,2000,2000,20000,0
method_c,css,uniform,Z,3,0.019265059684138396,0.0,0.0,0.03162277660168379,20.0,20000,2000,2000,20000,0
method_c,css,uniform,Z,3,0.024081324605172996,0.0,0.0,0.03162277660168379,20.0,20000,2000,2000,20000,0
method_c,css,uniform,Z,3,0.028897589526207593,0.0,0.0,0.03162277660168379,20.0,20000,2000,2000,20000,0
method_c,css,uniform,Z,3,0.03371385444724219,0.0,0.0,0.03162277660168379,20.0,20000,2000,2000,20000,1
method_c,css,uniform,Z,3,0.03853011936827679,0.0,0.0,0.03162277660168379,20.0,20000,2000,2000,20000,4
method_c,css,uniform,Z,3,0.04334638428931139,0.0,0.0,0.03162277660168379,20.0,20000,2000,2000,20000,5
method_c,css,uniform,Z,5,0.004816264921034599,0.0,0.0,0.03162277660168379,20.0,20000,2000,2000,20000,0
method_c,css,uniform,Z,5,0.009632529842069198,0.0,0.0,0.03162277660168379,20.0,20000,2000,2000,20000,0
method_c,css,uniform,Z,5,0.014448794763103796,0.0,0.0,0.03162277660168379,20.0,20000,2000,2000,20000,0
method_c,css,uniform,Z,5,0.019265059684138396,0.0,0.0,0.03162277660168379,20.0,20000,2000,2000,20000,0
method_c,css,uniform,Z,5,0.024081324605172996,0.0,0.0,0.03162277660168379,20.0,20000,2000,2000,20000,0
method_c,css,uniform,Z,5,0.028897589526207593,0.0,0.0,0.03162277660168379,20.0,20000,2000,2000,20000,0
method_c,css,uniform,Z,5,0.03371385444724219,0.0,0.0,0.03162277660168379,20.0,20000,2000,2000,20000,1
method_c,css,uniform,Z,5,0.03853011936827679,0.0,0.0,0.03162277660168379,20.0,20000,2000,2000,20000,0
method_c,css,uniform,Z,5,0.04334638428931139,0.0,0.0,0.03162277660168379,20.0,20000,2000,2000,20000,3
method_c,css,uniform,X,3,0.0019265059684138396,0.0,0.0,0.03162277660168379,20.0,20000,2000,2000,20000,0
method_c,css,uniform,X,3,0.003853011936827679,0.0,0.0,0.03162277660168379,20.0,20000,2000,2000,20000,0
method_c,css,uniform,X,3,0.0057795179052415185,0.0,0.0,0.03162277660168379,20.0,20000,2000,2000,20000,0
method_c,css,uniform,X,3,0.007706023873655358,0.0,0.0,0.03162277660168379,20.0,20000,2000,2000,20000,10
method_c,css,uniform,X,3,0.009632529842069198,0.0,0.0,0.03162277660168379,20.0,20000,2000,2000,20000,35
method_c,css,uniform,X,3,0.011559035810483037,0.0,0.0,0.03162277660168379,20.0,20000,2000,2000,20000,95
method_c,css,uniform,X,3,0.013485541778896874,0.0,0.0,0.03162277660168379,20.0,20000,2000,2000,20000,184
method_c,css,uniform,X,3,0.015412047747310717,0.0,0.0,0.03162277660168379,20.0,20000,2000,2000,20000,409
method_c,css,uniform,X,3,0.017338553715724556,0.0,0.0,0.03162277660168379,20.0,20000,2000,2000,20000,716
method_c,css,uniform,X,5,0.0019265059684138396,0.0,0.0,0.03162277660168379,20.0,20000,2000,2000,20000,0
method_c,css,uniform,X,5,0.003853011936827679,0.0,0.0,0.03162277660168379,20.0,20000,2000,2000,20000,0
method_c,css,uniform,X,5,0.0057795179052415185,0.0,0.0,0.03162277660168379,20.0,20000,2000,2000,20000,0
method_c,css,uniform,X,5,0.007706023873655358,0.0,0.0,0.03162277660168379,20.0,20000,2000,2000,20000,2
method_c,css,uniform,X,5,0.009632529842069198,0.0,0.0,0.03162277660168379,20.0,20000,2000,2000,20000,15
method_c,css,uniform,X,5,0.011559035810483037,0.0,0.0,0.03162277660168379,20.0,20000,2000,2000,20000,88
method_c,css,uniform,X,5,0.013485541778896874,0.0,0.0,0.03162277660168379,20.0,20000,2000,2000,20000,364
method_c,css,uniform,X,5,0.015412047747310717,0.0,0.0,0.03162277660168379,20.0,20000,2000,2000,20000,864
method_c,css,uniform,X,5,0.017338553715724556,0.0,0.0,0.03162277660168379,20.0,20000,2000,2000,20000,1789
method_c,css,uniform,Z,3,0.004816264921034599,0.0,0.0,0.1,20.0,20000,2000,2000,20000,0
method_c,css,uniform,Z,3,0.009632529842069198,0.0,0.0,0.1,20.0,20000,2000,2000,20000,2
method_c,css,uniform,Z,3,0.014448794763103796,0.0,0.0,0.1,20.0,20000,2000,2000,20000,5
method_c,css,uniform,Z,3,0.019265059684138396,0.0,0.0,0.1,20.0,20000,2000,2000,20000,31
method_c,css,uniform,Z,3,0.024081324605172996,0.0,0.0,0.1,20.0,20000,2000,2000,20000,82
method_c,css,uniform,Z,3,0.028897589526207593,0.0,0.0,0.1,20.0,20000,2000,2000,20000,257
method_c,css,uniform,Z,3,0.03371385444724219,0.0,0.0,0.1,20.0,20000,2000,2000,20000,580
method_c,css,uniform,Z,3,0.03853011936827679,0.0,0.0,0.1,20.0,20000,2000,2000,20000,1049
method_c,css,uniform,Z,3,0.04334638428931139,0.0,0.0,0.1,20.0,20000,2000,2000,20000,1608
method_c,css,uniform,Z,5,0.004816264921034599,0.0,0.0,0.1,20.0,20000,2000,2000,20000,0
method_c,css,uniform,Z,5,0.009632529842069198,0.0,0.0,0.1,20.0,20000,2000,2000,20000,0
method_c,css,uniform,Z,5,0.014448794763103796,0.0,0.0,0.1,20.0,20000,2000,2000,20000,1
method_c,css,uniform,Z,5,0.019265059684138396,0.0,0.0,0.1,20.0,20000,2000,2000,20000,6
method_c,css,uniform,Z,5,0.024081324605172996,0.0,0.0,0.1,20.0,20000,2000,2000,20000,85
method_c,css,uniform,Z,5,0.028897589526207593,0.0,0.0,0.1,20.0,20000,2000,2000,20000,330
method_c,css,uniform,Z,5,0.03371385444724219,0.0,0.0,0.1,20.0,20000,2000,2000,20000,1023
method_c,css,uniform,Z,5,0.03853011936827679,0.0,0.0,0.1,20.0,20000,2000,2000,18000,2017
method_c,css,uniform,Z,5,0.04334638428931139,0.0,0.0,0.1,20.0,20000,2000,2000,12000,2320
method_c,css,uniform,X,3,0.0019265059684138396,0.0,0.0,0.1,20.0,20000,2000,2000,20000,0
method_c,css,uniform,X,3,0.003853011936827679,0.0,0.0,0.1,20.0,20000,2000,2000,20000,0
method_c,css,uniform,X,3,0.0057795179052415185,0.0,0.0,0.1,20.0,20000,2000,2000,20000,8
method_c,css,uniform,X,3,0.007706023873655358,0.0,0.0,0.1,20.0,20000,2000,2000,20000,44
method_c,css,uniform,X,3,0.009632529842069198,0.0,0.0,0.1,20.0,20000,2000,2000,20000,146
method_c,css,uniform,X,3,0.011559035810483037,0.0,0.0,0.1,20.0,20000,2000,2000,20000,353
method_c,css,uniform,X,3,0.013485541778896874,0.0,0.0,0.1,20.0,20000,2000,2000,20000,701
method_c,css,uniform,X,3,0.015412047747310717,0.0,0.0,0.1,20.0,20000,2000,2000,20000,1194
method_c,css,uniform,X,3,0.017338553715724556,0.0,0.0,0.1,20.0,20000,2000,2000,20000,1891
method_c,css,uniform,X,5,0.0019265059684138396,0.0,0.0,0.1,20.0,20000,2000,2000,20000,0
method_c,css,uniform,X,5,0.003853011936827679,0.0,0.0,0.1,20.0,20000,2000,2000,20000,0
method_c,css,uniform,X,5,0.0057795179052415185,0.0,0.0,0.1,20.0,20000,2000,2000,20000,0
method_c,css,uniform,X,5,0.007706023873655358,0.0,0.0,0.1,20.0,20000,2000,2000,20000,32
method_c,css,uniform,X,5,0.009632529842069198,0.0,0.0,0.1,20.0,20000,2000,2000,20000,154
method_c,css,uniform,X,5,0.011559035810483037,0.0,0.0,0.1,20.0,20000,2000,2000,20000,586
method_c,css,uniform,X,5,0.013485541778896874,0.0,0.0,0.1,20.0,20000,2000,2000,20000,1671
method_c,css,uniform,X,5,0.015412047747310717,0.0,0.0,0.1,20.0,20000,2000,2000,14000,2150
method_c,css,uniform,X,5,0.017338553715724556,0.0,0.0,0.1,20.0,20000,2000,2000,10000,2456
method_c,css,uniform,Z,3,0.0019265059684138396,0.0,0.0,0.31622776601683794,20.0,20000,2000,2000,20000,0
method_c,css,uniform,Z,3,0.003853011936827679,0.0,0.0,0.31622776601683794,20.0,20000,2000,2000,20000,0
method_c,css,uniform,Z,3,0.0057795179052415185,0.0,0.0,0.31622776601683794,20.0,20000,2000,2000,20000,5
method_c,css,uniform,Z,3,0.007706023873655358,0.0,0.0,0.31622776601683794,20.0,20000,2000,2000,20000,36
method_c,css,uniform,Z,3,0.009632529842069198,0.0,0.0,0.31622776601683794,20.0,20000,2000,2000,20000,144
method_c,css,uniform,Z,3,0.011559035810483037,0.0,0.0,0.31622776601683794,20.0,20000,2000,2000,20000,393
method_c,css,uniform,Z,3,0.013485541778896874,0.0,0.0,0.31622776601683794,20.0,20000,2000,2000,20000,742
method_c,css,uniform,Z,3,0.015412047747310717,0.0,0.0,0.31622776601683794,20.0,20000,2000,2000,20000,1250
method_c,css,uniform,Z,3,0.017338553715724556,0.0,0.0,0.31622776601683794,20.0,20000,2000,2000,20000,1925
method_c,css,uniform,Z,5,0.0019265059684138396,0.0,0.0,0.31622776601683794,20.0,20000,2000,2000,20000,0
method_c,css,uniform,Z,5,0.003853011936827679,0.0,0.0,0.31622776601683794,20.0,20000,2000,2000,20000,0
method_c,css,uniform,Z,5,0.0057795179052415185,0.0,0.0,0.31622776601683794,20.0,20000,2000,2000,20000,2
method_c,css,uniform,Z,5,0.007706023873655358,0.0,0.0,0.31622776601683794,20.0,20000,2000,2000,20000,17
method_c,css,uniform,Z,5,0.009632529842069198,0.0,0.0,0.31622776601683794,20.0,20000,2000,2000,20000,133
method_c,css,uniform,Z,5,0.011559035810483037,0.0,0.0,0.31622776601683794,20.0,20000,2000,2000,20000,502
method_c,css,uniform,Z,5,0.013485541778896874,0.0,0.0,0.31622776601683794,20.0,20000,2000,2000,20000,1482
method_c,css,uniform,Z,5,0.015412047747310717,0.0,0.0,0.31622776601683794,20.0,20000,2000,2000,14000,2059
method_c,css,uniform,Z,5,0.017338553715724556,0.0,0.0,0.31622776601683794,20.0,20000,2000,2000,10000,2438
method_c,css,uniform,X,3,0.0019265059684138396,0.0,0.0,0.31622776601683794,20.0,20000,2000,2000,20000,0
method_c,css,uniform,X,3,0.003853011936827679,0.0,0.0,0.31622776601683794,20.0,20000,2000,2000,20000,12
method_c,css,uniform,X,3,0.0057795179052415185,0.0,0.0,0.31622776601683794,20.0,20000,2000,2000,20000,105
method_c,css,uniform,X,3,0.007706023873655358,0.0,0.0,0.31622776601683794,20.0,20000,2000,2000,20000,378
method_c,css,uniform,X,3,0.009632529842069198,0.0,0.0,0.31622776601683794,20.0,20000,2000,2000,20000,1061
method_c,css,uniform,X,3,0.011559035810483037,0.0,0.0,0.31622776601683794,20.0,20000,2000,2000,20000,2084
method_c,css,uniform,X,3,0.013485541778896874,0.0,0.0,0.31622776601683794,20.0,20000,2000,2000,14000,2296
method_c,css,uniform,X,3,0.015412047747310717,0.0,0.0,0.31622776601683794,20.0,20000,2000,2000,10000,2366
method_c,css,uniform,X,3,0.017338553715724556,0.0,0.0,0.31622776601683794,20.0,20000,2000,2000,8000,2366
method_c,css,uniform,X,5,0.0019265059684138396,0.0,0.0,0.31622776601683794,20.0,20000,2000,2000,20000,0
method_c,css,uniform,X,5,0.003853011936827679,0.0,0.0,0.31622776601683794,20.0,20000,2000,2000,20000,2
method_c,css,uniform,X,5,0.0057795179052415185,0.0,0.0,0.31622776601683794,20.0,20000,2000,2000,20000,77
method_c,css,uniform,X,5,0.007706023873655358,0.0,0.0,0.31622776601683794,20.0,20000,2000,2000,20000,692
method_c,css,uniform,X,5,0.009632529842069198,0.0,0.0,0.31622776601683794,20.0,20000,2000,2000,16000,2052
method_c,css,uniform,X,5,0.011559035810483037,0.0,0.0,0.31622776601683794,20.0,20000,2000,2000,8000,2085
method_c,css,uniform,X,5,0.013485541778896874,0.0,0.0,0.31622776601683794,20.0,20000,2000,2000,6000,2225
method_c,css,uniform,X,5,0.015412047747310717,0.0,0.0,0.31622776601683794,20.0,20000,2000,2000,6000,2699
method_c,css,uniform,X,5,0.017338553715724556,0.0,0.0,0.31622776601683794,20.0,20000,2000,2000,6000,2846
method_c,css,uniform,Z,3,0.0007706023873655358,0.0,0.0,1.0,20.0,20000,2000,2000,20000,0
method_c,css,uniform,Z,3,0.0015412047747310716,0.0,0.0,1.0,20.0,20000,2000,2000,20000,0
method_c,css,uniform,Z,3,0.0023118071620966073,0.0,0.0,1.0,20.0,20000,2000,2000,20000,2
method_c,css,uniform,Z,3,0.0030824095494621432,0.0,0.0,1.0,20.0,20000,2000,2000,20000,10
method_c,css,uniform,Z,3,0.003853011936827679,0.0,0.0,1.0,20.0,20000,2000,2000,20000,69
method_c,css,uniform,Z,3,0.004623614324193215,0.0,0.0,1.0,20.0,20000,2000,2000,20000,141
method_c,css,uniform,Z,3,0.00539421671155875,0.0,0.0,1.0,20.0,20000,2000,2000,20000,321
method_c,css,uniform,Z,3,0.0061648190989242865,0.0,0.0,1.0,20.0,20000,2000,2000,20000,622
method_c,css,uniform,Z,3,0.006935421486289822,0.0,0.0,1.0,20.0,20000,2000,2000,20000,927
method_c,css,uniform,Z,5,0.0007706023873655358,0.0,0.0,1.0,20.0,20000,2000,2000,20000,0
method_c,css,uniform,Z,5,0.0015412047747310716,0.0,0.0,1.0,20.0,20000,2000,2000,20000,0
method_c,css,uniform,Z,5,0.0023118071620966073,0.0,0.0,1.0,20.0,20000,2000,2000,20000,0
method_c,css,uniform,Z,5,0.0030824095494621432,0.0,0.0,1.0,20.0,20000,2000,2000,20000,4
method_c,css,uniform,Z,5,0.003853011936827679,0.0,0.0,1.0,20.0,20000,2000,2000,20000,17
method_c,css,uniform,Z,5,0.004623614324193215,0.0,0.0,1.0,20.0,20000,2000,2000,20000,117
method_c,css,uniform,Z,5,0.00539421671155875,0.0,0.0,1.0,20.0,20000,2000,2000,20000,393
method_c,css,uniform,Z,5,0.0061648190989242865,0.0,0.0,1.0,20.0,20000,2000,2000,20000,1094
method_c,css,uniform,Z,5,0.006935421486289822,0.0,0.0,1.0,20.0,20000,2000,2000,20000,2173
method_c,css,uniform,X,3,0.0007706023873655358,0.0,0.0,1.0,20.0,20000,2000,2000,20000,0
method_c,css,uniform,X,3,0.0015412047747310716,0.0,0.0,1.0,20.0,20000,2000,2000,20000,0
method_c,css,uniform,X,3,0.0023118071620966073,0.0,0.0,1.0,20.0,20000,2000,2000,20000,3
method_c,css,uniform,X,3,0.0030824095494621432,0.0,0.0,1.0,20.0,20000,2000,2000,20000,48
method_c,css,uniform,X,3,0.003853011936827679,0.0,0.0,1.0,20.0,20000,2000,2000,20000,139
method_c,css,uniform,X,3,0.004623614324193215,0.0,0.0,1.0,20.0,20000,2000,2000,20000,320
method_c,css,uniform,X,3,0.00539421671155875,0.0,0.0,1.0,20.0,20000,2000,2000,20000,650
method_c,css,uniform,X,3,0.0061648190989242865,0.0,0.0,1.0,20.0,20000,2000,2000,20000,1165
method_c,css,uniform,X,3,0.006935421486289822,0.0,0.0,1.0,20.0,20000,2000,2000,20000,1780
method_c,css,uniform,X,5,0.0007706023873655358,0.0,0.0,1.0,20.0,20000,2000,2000,20000,0
method_c,css,uniform,X,5,0.0015412047747310716,0.0,0.0,1.0,20.0,20000,2000,2000,20000,0
method_c,css,uniform,X,5,0.0023118071620966073,0.0,0.0,1.0,20.0,20000,2000,2000,20000,1
method_c,css,uniform,X,5,0.0030824095494621432,0.0,0.0,1.0,20.0,20000,2000,2000,20000,19
method_c,css,uniform,X,5,0.003853011936827679,0.0,0.0,1.0,20.0,20000,2000,2000,20000,114
method_c,css,uniform,X,5,0.004623614324193215,0.0,0.0,1.0,20.0,20000,2000,2000,20000,491
method_c,css,uniform,X,5,0.00539421671155875,0.0,0.0,1.0,20.0,20000,2000,2000,20000,1425
method_c,css,uniform,X,5,0.0061648190989242865,0.0,0.0,1.0,20.0,20000,2000,2000,16000,2174
method_c,css,uniform,X,5,0.006935421486289822,0.0,0.0,1.0,20.0,20000,2000,2000,10000,2306
method_c,css,uniform,Z,3,0.0007706023873655358,0.0,0.0,3.1622776601683795,20.0,20000,2000,2000,20000,0
method_c,css,uniform,Z,3,0.0015412047747310716,0.0,0.0,3.1622776601683795,20.0,20000,2000,2000,20000,2
method_c,css,uniform,Z,3,0.0023118071620966073,0.0,0.0,3.1622776601683795,20.0,20000,2000,2000,20000,36
method_c,css,uniform,Z,3,0.0030824095494621432,0.0,0.0,3.1622776601683795,20.0,20000,2000,2000,20000,147
method_c,css,uniform,Z,3,0.003853011936827679,0.0,0.0,3.1622776601683795,20.0,20000,2000,2000,20000,453
method_c,css,uniform,Z,3,0.004623614324193215,0.0,0.0,3.1622776601683795,20.0,20000,2000,2000,20000,997
method_c,css,uniform,Z,3,0.00539421671155875,0.0,0.0,3.1622776601683795,20.0,20000,2000,2000,20000,1902
method_c,css,uniform,Z,3,0.0061648190989242865,0.0,0.0,3.1622776601683795,20.0,20000,2000,2000,14000,2040
method_c,css,uniform,Z,3,0.006935421486289822,0.0,0.0,3.1622776601683795,20.0,20000,2000,2000,10000,2116
method_c,css,uniform,Z,5,0.0007706023873655358,0.0,0.0,3.1622776601683795,20.0,20000,2000,2000,20000,0
method_c,css,uniform,Z,5,0.0015412047747310716,0.0,0.0,3.1622776601683795,20.0,20000,2000,2000,20000,0
method_c,css,uniform,Z,5,0.0023118071620966073,0.0,0.0,3.1622776601683795,20.0,20000,2000,2000,20000,11
method_c,css,uniform,Z,5,0.0030824095494621432,0.0,0.0,3.1622776601683795,20.0,20000,2000,2000,20000,147
method_c,css,uniform,Z,5,0.003853011936827679,0.0,0.0,3.1622776601683795,20.0,20000,2000,2000,20000,765
method_c,css,uniform,Z,5,0.004623614324193215,0.0,0.0,3.1622776601683795,20.0,20000,2000,2000,18000,2018
method_c,css,uniform,Z,5,0.00539421671155875,0.0,0.0,3.1622776601683795,20.0,20000,2000,2000,10000,2207
method_c,css,uniform,Z,5,0.0061648190989242865,0.0,0.0,3.1622776601683795,20.0,20000,2000,2000,6000,2065
method_c,css,uniform,Z,5,0.006935421486289822,0.0,0.0,3.1622776601683795,20.0,20000,2000,2000,6000,2525
method_c,css,uniform,X,3,0.0007706023873655358,0.0,0.0,3.1622776601683795,20.0,20000,2000,2000,20000,0
method_c,css,uniform,X,3,0.0015412047747310716,0.0,0.0,3.1622776601683795,20.0,20000,2000,2000,20000,2
method_c,css,uniform,X,3,0.0023118071620966073,0.0,0.0,3.1622776601683795,20.0,20000,2000,2000,20000,47
method_c,css,uniform,X,3,0.0030824095494621432,0.0,0.0,3.1622776601683795,20.0,20000,2000,2000,20000,206
method_c,css,uniform,X,3,0.003853011936827679,0.0,0.0,3.1622776601683795,20.0,20000,2000,2000,20000,629
method_c,css,uniform,X,3,0.004623614324193215,0.0,0.0,3.1622776601683795,20.0,20000,2000,2000,20000,1320
method_c,css,uniform,X,3,0.00539421671155875,0.0,0.0,3.1622776601683795,20.0,20000,2000,2000,18000,2047
method_c,css,uniform,X,3,0.0061648190989242865,0.0,0.0,3.1622776601683795,20.0,20000,2000,2000,12000,2100
method_c,css,uniform,X,3,0.006935421486289822,0.0,0.0,3.1622776601683795,20.0,20000,2000,2000,10000,2404
method_c,css,uniform,X,5,0.0007706023873655358,0.0,0.0,3.1622776601683795,20.0,20000,2000,2000,20000,0
method_c,css,uniform,X,5,0.0015412047747310716,0.0,0.0,3.1622776601683795,20.0,20000,2000,2000,20000,0
method_c,css,uniform,X,5,0.0023118071620966073,0.0,0.0,3.1622776601683795,20.0,20000,2000,2000,20000,20
method_c,css,uniform,X,5,0.0030824095494621432,0.0,0.0,3.1622776601683795,20.0,20000,2000,2000,20000,213
method_c,css,uniform,X,5,0.003853011936827679,0.0,0.0,3.1622776601683795,20.0,20000,2000,2000,20000,1176
method_c,css,uniform,X,5,0.004623614324193215,0.0,0.0,3.1622776601683795,20.0,20000,2000,2000,14000,2174
method_c,css,uniform,X,5,0.00539421671155875,0.0,0.0,3.1622776601683795,20.0,20000,2000,2000,8000,2271
method_c,css,uniform,X,5,0.0061648190989242865,0.0,0.0,3.1622776601683795,20.0,20000,2000,2000,6000,2275
method_c,css,uniform,X,5,0.006935421486289822,0.0,0.0,3.1622776601683795,20.0,20000,2000,2000,6000,2652
method_c,css,uniform,Z,3,0.0007706023873655358,0.0,0.0,10.0,20.0,20000,2000,2000,20000,0
method_c,css,uniform,Z,3,0.0015412047747310716,0.0,0.0,10.0,20.0,20000,2000,2000,20000,6
method_c,css,uniform,Z,3,0.0023118071620966073,0.0,0.0,10.0,20.0,20000,2000,2000,20000,89
method_c,css,uniform,Z,3,0.0030824095494621432,0.0,0.0,10.0,20.0,20000,2000,2000,20000,405
method_c,css,uniform,Z,3,0.003853011936827679,0.0,0.0,10.0,20.0,20000,2000,2000,20000,1062
method_c,css,uniform,Z,3,0.004623614324193215,0.0,0.0,10.0,20.0,20000,2000,2000,20000,2059
method_c,css,uniform,Z,3,0.00539421671155875,0.0,0.0,10.0,20.0,20000,2000,2000,12000,2040
method_c,css,uniform,Z,3,0.0061648190989242865,0.0,0.0,10.0,20.0,20000,2000,2000,10000,2333
method_c,css,uniform,Z,3,0.006935421486289822,0.0,0.0,10.0,20.0,20000,2000,2000,8000,2409
method_c,css,uniform,Z,5,0.0007706023873655358,0.0,0.0,10.0,20.0,20000,2000,2000,20000,0
method_c,css,uniform,Z,5,0.0015412047747310716,0.0,0.0,10.0,20.0,20000,2000,2000,20000,0
method_c,css,uniform,Z,5,0.0023118071620966073,0.0,0.0,10.0,20.0,20000,2000,2000,20000,56
method_c,css,uniform,Z,5,0.0030824095494621432,0.0,0.0,10.0,20.0,20000,2000,2000,20000,559
method_c,css,uniform,Z,5,0.003853011936827679,0.0,0.0,10.0,20.0,20000,2000,2000,18000,2034
method_c,css,uniform,Z,5,0.004623614324193215,0.0,0.0,10.0,20.0,20000,2000,2000,8000,2013
method_c,css,uniform,Z,5,0.00539421671155875,0.0,0.0,10.0,20.0,20000,2000,2000,6000,2246
method_c,css,uniform,Z,5,0.0061648190989242865,0.0,0.0,10.0,20.0,20000,2000,2000,6000,2673
method_c,css,uniform,Z,5,0.006935421486289822,0.0,0.0,10.0,20.0,20000,2000,2000,6000,2852
method_c,css,uniform,X,3,0.0007706023873655358,0.0,0.0,10.0,20.0,20000,2000,2000,20000,0
method_c,css,uniform,X,3,0.0015412047747310716,0.0,0.0,10.0,20.0,20000,2000,2000,20000,9
method_c,css,uniform,X,3,0.0023118071620966073,0.0,0.0,10.0,20.0,20000,2000,2000,20000,100
method_c,css,uniform,X,3,0.0030824095494621432,0.0,0.0,10.0,20.0,20000,2000,2000,20000,448
method_c,css,uniform,X,3,0.003853011936827679,0.0,0.0,10.0,20.0,20000,2000,2000,20000,1146
method_c,css,uniform,X,3,0.004623614324193215,0.0,0.0,10.0,20.0,20000,2000,2000,20000,2162
method_c,css,uniform,X,3,0.00539421671155875,0.0,0.0,10.0,20.0,20000,2000,2000,12000,2187
method_c,css,uniform,X,3,0.0061648190989242865,0.0,0.0,10.0,20.0,20000,2000,2000,8000,2040
method_c,css,uniform,X,3,0.006935421486289822,0.0,0.0,10.0,20.0,20000,2000,2000,8000,2465
method_c,css,uniform,X,5,0.0007706023873655358,0.0,0.0,10.0,20.0,20000,2000,2000,20000,0
method_c,css,uniform,X,5,0.0015412047747310716,0.0,0.0,10.0,20.0,20000,2000,2000,20000,3
method_c,css,uniform,X,5,0.0023118071620966073,0.0,0.0,10.0,20.0,20000,2000,2000,20000,89
method_c,css,uniform,X,5,0.0030824095494621432,0.0,0.0,10.0,20.0,20000,2000,2000,20000,662
method_c,css,uniform,X,5,0.003853011936827679,0.0,0.0,10.0,20.0,20000,2000,2000,16000,2128
method_c,css,uniform,X,5,0.004623614324193215,0.0,0.0,10.0,20.0,20000,2000,2000,8000,2127
method_c,css,uniform,X,5,0.00539421671155875,0.0,0.0,10.0,20.0,20000,2000,2000,6000,2218
method_c,css,uniform,X,5,0.0061648190989242865,0.0,0.0,10.0,20.0,20000,2000,2000,6000,2733
method_c,css,uniform,Z,3,0.0007706023873655358,0.0,0.0,31.622776601683793,20.0,20000,2000,2000,20000,1
method_c,css,uniform,Z,3,0.0015412047747310716,0.0,0.0,31.622776601683793,20.0,20000,2000,2000,20000,7
method_c,css,uniform,Z,3,0.0023118071620966073,0.0,0.0,31.622776601683793,20.0,20000,2000,2000,20000,131
method_c,css,uniform,Z,3,0.0030824095494621432,0.0,0.0,31.622776601683793,20.0,20000,2000,2000,20000,537
method_c,css,uniform,Z,3,0.003853011936827679,0.0,0.0,31.622776601683793,20.0,20000,2000,2000,20000,1353
method_c,css,uniform,Z,3,0.004623614324193215,0.0,0.0,31.622776601683793,20.0,20000,2000,2000,16000,2065
method_c,css,uniform,Z,3,0.00539421671155875,0.0,0.0,31.622776601683793,20.0,20000,2000,2000,12000,2399
method_c,css,uniform,Z,3,0.0061648190989242865,0.0,0.0,31.622776601683793,20.0,20000,2000,2000,8000,2157
method_c,css,uniform,Z,3,0.006935421486289822,0.0,0.0,31.622776601683793,20.0,20000,2000,2000,8000,2669
method_c,css,uniform,Z,5,0.0007706023873655358,0.0,0.0,31.622776601683793,20.0,20000,2000,2000,20000,0
method_c,css,uniform,Z,5,0.0015412047747310716,0.0,0.0,31.622776601683793,20.0,20000,2000,2000,20000,4
method_c,css,uniform,Z,5,0.0023118071620966073,0.0,0.0,31.622776601683793,20.0,20000,2000,2000,20000,82
method_c,css,uniform,Z,5,0.0030824095494621432,0.0,0.0,31.622776601683793,20.0,20000,2000,2000,20000,872
method_c,css,uniform,Z,5,0.003853011936827679,0.0,0.0,31.622776601683793,20.0,20000,2000,2000,14000,2238
method_c,css,uniform,Z,5,0.004623614324193215,0.0,0.0,31.622776601683793,20.0,20000,2000,2000,8000,2392
method_c,css,uniform,Z,5,0.00539421671155875,0.0,0.0,31.622776601683793,20.0,20000,2000,2000,6000,2477
method_c,css,uniform,Z,5,0.0061648190989242865,0.0,0.0,31.622776601683793,20.0,20000,2000,2000,6000,2754
method_c,css,uniform,X,3,0.0007706023873655358,0.0,0.0,31.622776601683793,20.0,20000,2000,2000,20000,0
method_c,css,uniform,X,3,0.0015412047747310716,0.0,0.0,31.622776601683793,20.0,20000,2000,2000,20000,11
method_c,css,uniform,X,3,0.0023118071620966073,0.0,0.0,31.622776601683793,20.0,20000,2000,2000,20000,152
method_c,css,uniform,X,3,0.0030824095494621432,0.0,0.0,31.622776601683793,20.0,20000,2000,2000,20000,502
method_c,css,uniform,X,3,0.003853011936827679,0.0,0.0,31.622776601683793,20.0,20000,2000,2000,20000,1424
method_c,css,uniform,X,3,0.004623614324193215,0.0,0.0,31.622776601683793,20.0,20000,2000,2000,16000,2135
method_c,css,uniform,X,3,0.00539421671155875,0.0,0.0,31.622776601683793,20.0,20000,2000,2000,10000,2027
method_c,css,uniform,X,3,0.0061648190989242865,0.0,0.0,31.622776601683793,20.0,20000,2000,2000,8000,2369
method_c,css,uniform,X,3,0.006935421486289822,0.0,0.0,31.622776601683793,20.0,20000,2000,2000,6000,2059
method_c,css,uniform,X,5,0.0007706023873655358,0.0,0.0,31.622776601683793,20.0,20000,2000,2000,20000,0
method_c,css,uniform,X,5,0.0015412047747310716,0.0,0.0,31.622776601683793,20.0,20000,2000,2000,20000,0
method_c,css,uniform,X,5,0.0023118071620966073,0.0,0.0,31.622776601683793,20.0,20000,2000,2000,20000,107
method_c,css,uniform,X,5,0.0030824095494621432,0.0,0.0,31.622776601683793,20.0,20000,2000,2000,20000,1016
method_c,css,uniform,X,5,0.003853011936827679,0.0,0.0,31.622776601683793,20.0,20000,2000,2000,14000,2312
method_c,css,uniform,X,5,0.004623614324193215,0.0,0.0,31.622776601683793,20.0,20000,2000,2000,8000,2492
method_c,css,uniform,X,5,0.00539421671155875,0.0,0.0,31.622776601683793,20.0,20000,2000,2000,6000,2519
method_c,css,uniform,X,5,0.0061648190989242865,0.0,0.0,31.622776601683793,20.0,20000,2000,2000,6000,2791
method_c,css,uniform,Z,3,0.0007706023873655358,0.0,0.0,100.0,20.0,20000,2000,2000,20000,1
method_c,css,uniform,Z,3,0.0015412047747310716,0.0,0.0,100.0,20.0,20000,2000,2000,20000,13
method_c,css,uniform,Z,3,0.0023118071620966073,0.0,0.0,100.0,20.0,20000,2000,2000,20000,146
method_c,css,uniform,Z,3,0.0030824095494621432,0.0,0.0,100.0,20.0,20000,2000,2000,20000,561
method_c,css,uniform,Z,3,0.003853011936827679,0.0,0.0,100.0,20.0,20000,2000,2000,20000,1459
method_c,css,uniform,Z,3,0.004623614324193215,0.0,0.0,100.0,20.0,20000,2000,2000,16000,2211
method_c,css,uniform,Z,3,0.00539421671155875,0.0,0.0,100.0,20.0,20000,2000,2000,10000,2066
method_c,css,uniform,Z,3,0.0061648190989242865,0.0,0.0,100.0,20.0,20000,2000,2000,8000,2248
method_c,css,uniform,Z,3,0.006935421486289822,0.0,0.0,100.0,20.0,20000,2000,2000,6000,2041
method_c,css,uniform,Z,5,0.0007706023873655358,0.0,0.0,100.0,20.0,20000,2000,2000,20000,0
method_c,css,uniform,Z,5,0.0015412047747310716,0.0,0.0,100.0,20.0,20000,2000,2000,20000,0
method_c,css,uniform,Z,5,0.0023118071620966073,0.0,0.0,100.0,20.0,20000,2000,2000,20000,117
method_c,css,uniform,Z,5,0.0030824095494621432,0.0,0.0,100.0,20.0,20000,2000,2000,20000,1001
method_c,css,uniform,Z,5,0.003853011936827679,0.0,0.0,100.0,20.0,20000,2000,2000,12000,2052
method_c,css,uniform,Z,5,0.004623614324193215,0.0,0.0,100.0,20.0,20000,2000,2000,8000,2546
method_c,css,uniform,Z,5,0.00539421671155875,0.0,0.0,100.0,20.0,20000,2000,2000,6000,2471
method_c,css,uniform,Z,5,0.0061648190989242865,0.0,0.0,100.0,20.0,20000,2000,2000,6000,2848
method_c,css,uniform,X,3,0.0007706023873655358,0.0,0.0,100.0,20.0,20000,2000,2000,20000,0
method_c,css,uniform,X,3,0.0015412047747310716,0.0,0.0,100.0,20.0,20000,2000,2000,20000,17
method_c,css,uniform,X,3,0.0023118071620966073,0.0,0.0,100.0,20.0,20000,2000,2000,20000,158
method_c,css,uniform,X,3,0.0030824095494621432,0.0,0.0,100.0,20.0,20000,2000,2000,20000,586
method_c,css,uniform,X,3,0.003853011936827679,0.0,0.0,100.0,20.0,20000,2000,2000,20000,1416
method_c,css,uniform,X,3,0.004623614324193215,0.0,0.0,100.0,20.0,20000,2000,2000,16000,2168
method_c,css,uniform,X,3,0.00539421671155875,0.0,0.0,100.0,20.0,20000,2000,2000,10000,2133
method_c,css,uniform,X,3,0.0061648190989242865,0.0,0.0,100.0,20.0,20000,2000,2000,8000,2324
method_c,css,uniform,X,3,0.006935421486289822,0.0,0.0,100.0,20.0,20000,2000,2000,6000,2127
method_c,css,uniform,X,5,0.0007706023873655358,0.0,0.0,100.0,20.0,20000,2000,2000,20000,0
method_c,css,uniform,X,5,0.0015412047747310716,0.0,0.0,100.0,20.0,20000,2000,2000,20000,3
method_c,css,uniform,X,5,0.0023118071620966073,0.0,0.0,100.0,20.0,20000,2000,2000,20000,130
method_c,css,uniform,X,5,0.0030824095494621432,0.0,0.0,100.0,20.0,20000,2000,2000,20000,1107
method_c,css,uniform,X,5,0.003853011936827679,0.0,0.0,100.0,20.0,20000,2000,2000,12000,2166
method_c,css,uniform,X,5,0.004623614324193215,0.0,0.0,100.0,20.0,20000,2000,2000,6000,2037
method_c,css,uniform,X,5,0.00539421671155875,0.0,0.0,100.0,20.0,20000,2000,2000,6000,2634
method_c,css,uniform,X,5,0.0061648190989242865,0.0,0.0,100.0,20.0,20000,2000,2000,6000,2842
method_c,css,uniform,Z,3,0.0014932392712242106,0.0,1.5707963267948966,1.0,0.01,20000,2000,2000,20000,0
method_c,css,uniform,Z,3,0.002986478542448421,0.0,1.5707963267948966,1.0,0.01,20000,2000,2000,20000,1
method_c,css,uniform,Z,3,0.004479717813672632,0.0,1.5707963267948966,1.0,0.01,20000,2000,2000,20000,17
method_c,css,uniform,Z,3,0.005972957084896842,0.0,1.5707963267948966,1.0,0.01,20000,2000,2000,20000,104
method_c,css,uniform,Z,3,0.007466196356121054,0.0,1.5707963267948966,1.0,0.01,20000,2000,2000,20000,374
method_c,css,uniform,Z,3,0.008959435627345264,0.0,1.5707963267948966,1.0,0.01,20000,2000,2000,20000,845
method_c,css,uniform,Z,3,0.010452674898569474,0.0,1.5707963267948966,1.0,0.01,20000,2000,2000,20000,1565
method_c,css,uniform,Z,3,0.011945914169793685,0.0,1.5707963267948966,1.0,0.01,20000,2000,2000,16000,2015
method_c,css,uniform,Z,3,0.013439153441017896,0.0,1.5707963267948966,1.0,0.01,20000,2000,2000,12000,2142
method_c,css,uniform,Z,5,0.0014932392712242106,0.0,1.5707963267948966,1.0,0.01,20000,2000,2000,20000,0
method_c,css,uniform,Z,5,0.002986478542448421,0.0,1.5707963267948966,1.0,0.01,20000,2000,2000,20000,0
method_c,css,uniform,Z,5,0.004479717813672632,0.0,1.5707963267948966,1.0,0.01,20000,2000,2000,20000,5
method_c,css,uniform,Z,5,0.005972957084896842,0.0,1.5707963267948966,1.0,0.01,20000,2000,2000,20000,53
method_c,css,uniform,Z,5,0.007466196356121054,0.0,1.5707963267948966,1.0,0.01,20000,2000,2000,20000,401
method_c,css,uniform,Z,5,0.008959435627345264,0.0,1.5707963267948966,1.0,0.01,20000,2000,2000,20000,1460
method_c,css,uniform,Z,5,0.010452674898569474,0.0,1.5707963267948966,1.0,0.01,20000,2000,2000,12000,2103
method_c,css,uniform,Z,5,0.011945914169793685,0.0,1.5707963267948966,1.0,0.01,20000,2000,2000,8000,2234
method_c,css,uniform,Z,5,0.013439153441017896,0.0,1.5707963267948966,1.0,0.01,20000,2000,2000,6000,2266
method_c,css,uniform,X,3,0.003733098178060526,0.0,1.5707963267948966,1.0,0.01,20000,2000,2000,20000,1
method_c,css,uniform,X,3,0.007466196356121052,0.0,1.5707963267948966,1.0,0.01,20000,2000,2000,20000,9
method_c,css,uniform,X,3,0.01119929453418158,0.0,1.5707963267948966,1.0,0.01,20000,2000,2000,20000,99
method_c,css,uniform,X,3,0.014932392712242105,0.0,1.5707963267948966,1.0,0.01,20000,2000,2000,20000,427
method_c,css,uniform,X,3,0.018665490890302637,0.0,1.5707963267948966,1.0,0.01,20000,2000,2000,20000,1130
method_c,css,uniform,X,3,0.02239858906836316,0.0,1.5707963267948966,1.0,0.01,20000,2000,2000,18000,2078
method_c,css,uniform,X,3,0.026131687246423688,0.0,1.5707963267948966,1.0,0.01,20000,2000,2000,12000,2227
method_c,css,uniform,X,3,0.02986478542448421,0.0,1.5707963267948966,1.0,0.01,20000,2000,2000,8000,2109
method_c,css,uniform,X,3,0.03359788360254474,0.0,1.5707963267948966,1.0,0.01,20000,2000,2000,8000,2586
method_c,css,uniform,X,5,0.003733098178060526,0.0,1.5707963267948966,1.0,0.01,20000,2000,2000,20000,0
method_c,css,uniform,X,5,0.007466196356121052,0.0,1.5707963267948966,1.0,0.01,20000,2000,2000,20000,0
method_c,css,uniform,X,5,0.01119929453418158,0.0,1.5707963267948966,1.0,0.01,20000,2000,2000,20000,52
method_c,css,uniform,X,5,0.014932392712242105,0.0,1.5707963267948966,1.0,0.01,20000,2000,2000,20000,624
method_c,css,uniform,X,5,0.018665490890302637,0.0,1.5707963267948966,1.0,0.01,20000,2000,2000,16000,2024
method_c,css,uniform,X,5,0.02239858906836316,0.0,1.5707963267948966,1.0,0.01,20000,2000,2000,8000,2165
method_c,css,uniform,X,5,0.026131687246423688,0.0,1.5707963267948966,1.0,0.01,20000,2000,2000,6000,2363
method_c,css,uniform,X,5,0.02986478542448421,0.0,1.5707963267948966,1.0,0.01,20000,2000,2000,6000,2756
method_c,css,uniform,Z,3,0.0014932392712242106,0.0,1.5707963267948966,1.0,0.03162277660168379,20000,2000,2000,20000,0
method_c,css,uniform,Z,3,0.002986478542448421,0.0,1.5707963267948966,1.0,0.03162277660168379,20000,2000,2000,20000,3
method_c,css,uniform,Z,3,0.004479717813672632,0.0,1.5707963267948966,1.0,0.03162277660168379,20000,2000,2000,20000,23
method_c,css,uniform,Z,3,0.005972957084896842,0.0,1.5707963267948966,1.0,0.03162277660168379,20000,2000,2000,20000,130
method_c,css,uniform,Z,3,0.007466196356121054,0.0,1.5707963267948966,1.0,0.03162277660168379,20000,2000,2000,20000,307
method_c,css,uniform,Z,3,0.008959435627345264,0.0,1.5707963267948966,1.0,0.03162277660168379,20000,2000,2000,20000,720
method_c,css,uniform,Z,3,0.010452674898569474,0.0,1.5707963267948966,1.0,0.03162277660168379,20000,2000,2000,20000,1459
method_c,css,uniform,Z,3,0.011945914169793685,0.0,1.5707963267948966,1.0,0.03162277660168379,20000,2000,2000,18000,2125
method_c,css,uniform,Z,3,0.013439153441017896,0.0,1.5707963267948966,1.0,0.03162277660168379,20000,2000,2000,12000,2056
method_c,css,uniform,Z,5,0.0014932392712242106,0.0,1.5707963267948966,1.0,0.03162277660168379,20000,2000,2000,20000,0
method_c,css,uniform,Z,5,0.002986478542448421,0.0,1.5707963267948966,1.0,0.03162277660168379,20000,2000,2000,20000,0
method_c,css,uniform,Z,5,0.004479717813672632,0.0,1.5707963267948966,1.0,0.03162277660168379,20000,2000,2000,20000,3
method_c,css,uniform,Z,5,0.005972957084896842,0.0,1.5707963267948966,1.0,0.03162277660168379,20000,2000,2000,20000,54
method_c,css,uniform,Z,5,0.007466196356121054,0.0,1.5707963267948966,1.0,0.03162277660168379,20000,2000,2000,20000,337
method_c,css,uniform,Z,5,0.008959435627345264,0.0,1.5707963267948966,1.0,0.03162277660168379,20000,2000,2000,20000,1261
method_c,css,uniform,Z,5,0.010452674898569474,0.0,1.5707963267948966,1.0,0.03162277660168379,20000,2000,2000,14000,2179
method_c,css,uniform,Z,5,0.011945914169793685,0.0,1.5707963267948966,1.0,0.03162277660168379,20000,2000,2000,8000,2124
method_c,css,uniform,Z,5,0.013439153441017896,0.0,1.5707963267948966,1.0,0.03162277660168379,20000,2000,2000,6000,2160
method_c,css,uniform,X,3,0.003733098178060526,0.0,1.5707963267948966,1.0,0.03162277660168379,20000,2000,2000,20000,0
method_c,css,uniform,X,3,0.007466196356121052,0.0,1.5707963267948966,1.0,0.03162277660168379,20000,2000,2000,20000,12
method_c,css,uniform,X,3,0.01119929453418158,0.0,1.5707963267948966,1.0,0.03162277660168379,20000,2000,2000,20000,107
method_c,css,uniform,X,3,0.014932392712242105,0.0,1.5707963267948966,1.0,0.03162277660168379,20000,2000,2000,20000,474
method_c,css,uniform,X,3,0.018665490890302637,0.0,1.5707963267948966,1.0,0.03162277660168379,20000,2000,2000,20000,1236
method_c,css,uniform,X,3,0.02239858906836316,0.0,1.5707963267948966,1.0,0.03162277660168379,20000,2000,2000,18000,2172
method_c,css,uniform,X,3,0.026131687246423688,0.0,1.5707963267948966,1.0,0.03162277660168379,20000,2000,2000,12000,2329
method_c,css,uniform,X,3,0.02986478542448421,0.0,1.5707963267948966,1.0,0.03162277660168379,20000,2000,2000,8000,2123
method_c,css,uniform,X,3,0.03359788360254474,0.0,1.5707963267948966,1.0,0.03162277660168379,20000,2000,2000,6000,2001
method_c,css,uniform,X,5,0.003733098178060526,0.0,1.5707963267948966,1.0,0.03162277660168379,20000,2000,2000,20000,0
method_c,css,uniform,X,5,0.007466196356121052,0.0,1.5707963267948966,1.0,0.03162277660168379,20000,2000,2000,20000,0
method_c,css,uniform,X,5,0.01119929453418158,0.0,1.5707963267948966,1.0,0.03162277660168379,20000,2000,2000,20000,69
method_c,css,uniform,X,5,0.014932392712242105,0.0,1.5707963267948966,1.0,0.03162277660168379,20000,2000,2000,20000,685
method_c,css,uniform,X,5,0.018665490890302637,0.0,1.5707963267948966,1.0,0.03162277660168379,20000,2000,2000,16000,2185
method_c,css,uniform,X,5,0.02239858906836316,0.0,1.5707963267948966,1.0,0.03162277660168379,20000,2000,2000,8000,2297
method_c,css,uniform,X,5,0.026131687246423688,0.0,1.5707963267948966,1.0,0.03162277660168379,20000,2000,2000,6000,2361
method_c,css,uniform,X,5,0.02986478542448421,0.0,1.5707963267948966,1.0,0.03162277660168379,20000,2000,2000,6000,2710
method_c,css,uniform,Z,3,0.0014932392712242106,0.0,1.5707963267948966,1.0,0.1,20000,2000,2000,20000,0
method_c,css,uniform,Z,3,0.002986478542448421,0.0,1.5707963267948966,1.0,0.1,20000,2000,2000,20000,0
method_c,css,uniform,Z,3,0.004479717813672632,0.0,1.5707963267948966,1.0,0.1,20000,2000,2000,20000,8
method_c,css,uniform,Z,3,0.005972957084896842,0.0,1.5707963267948966,1.0,0.1,20000,2000,2000,20000,75
method_c,css,uniform,Z,3,0.007466196356121054,0.0,1.5707963267948966,1.0,0.1,20000,2000,2000,20000,228
method_c,css,uniform,Z,3,0.008959435627345264,0.0,1.5707963267948966,1.0,0.1,20000,2000,2000,20000,607
method_c,css,uniform,Z,3,0.010452674898569474,0.0,1.5707963267948966,1.0,0.1,20000,2000,2000,20000,1154
method_c,css,uniform,Z,3,0.011945914169793685,0.0,1.5707963267948966,1.0,0.1,20000,2000,2000,20000,1869
method_c,css,uniform,Z,3,0.013439153441017896,0.0,1.5707963267948966,1.0,0.1,20000,2000,2000,16000,2236
method_c,css,uniform,Z,5,0.0014932392712242106,0.0,1.5707963267948966,1.0,0.1,20000,2000,2000,20000,0
method_c,css,uniform,Z,5,0.002986478542448421,0.0,1.5707963267948966,1.0,0.1,20000,2000,2000,20000,0
method_c,css,uniform,Z,5,0.004479717813672632,0.0,1.5707963267948966,1.0,0.1,20000,2000,2000,20000,2
method_c,css,uniform,Z,5,0.005972957084896842,0.0,1.5707963267948966,1.0,0.1,20000,2000,2000,20000,20
method_c,css,uniform,Z,5,0.007466196356121054,0.0,1.5707963267948966,1.0,0.1,20000,2000,2000,20000,211
method_c,css,uniform,Z,5,0.008959435627345264,0.0,1.5707963267948966,1.0,0.1,20000,2000,2000,20000,833
method_c,css,uniform,Z,5,0.010452674898569474,0.0,1.5707963267948966,1.0,0.1,20000,2000,2000,18000,2022
method_c,css,uniform,Z,5,0.011945914169793685,0.0,1.5707963267948966,1.0,0.1,20000,2000,2000,10000,2066
method_c,css,uniform,Z,5,0.013439153441017896,0.0,1.5707963267948966,1.0,0.1,20000,2000,2000,8000,2392
method_c,css,uniform,X,3,0.0014932392712242106,0.0,1.5707963267948966,1.0,0.1,20000,2000,2000,20000,0
method_c,css,uniform,X,3,0.002986478542448421,0.0,1.5707963267948966,1.0,0.1,20000,2000,2000,20000,0
method_c,css,uniform,X,3,0.004479717813672632,0.0,1.5707963267948966,1.0,0.1,20000,2000,2000,20000,0
method_c,css,uniform,X,3,0.005972957084896842,0.0,1.5707963267948966,1.0,0.1,20000,2000,2000,20000,4
method_c,css,uniform,X,3,0.007466196356121054,0.0,1.5707963267948966,1.0,0.1,20000,2000,2000,20000,17
method_c,css,uniform,X,3,0.008959435627345264,0.0,1.5707963267948966,1.0,0.1,20000,2000,2000,20000,47
method_c,css,uniform,X,3,0.010452674898569474,0.0,1.5707963267948966,1.0,0.1,20000,2000,2000,20000,104
method_c,css,uniform,X,3,0.011945914169793685,0.0,1.5707963267948966,1.0,0.1,20000,2000,2000,20000,183
method_c,css,uniform,X,3,0.013439153441017896,0.0,1.5707963267948966,1.0,0.1,20000,2000,2000,20000,373
method_c,css,uniform,X,5,0.0014932392712242106,0.0,1.5707963267948966,1.0,0.1,20000,2000,2000,20000,0
method_c,css,uniform,X,5,0.002986478542448421,0.0,1.5707963267948966,1.0,0.1,20000,2000,2000,20000,0
method_c,css,uniform,X,5,0.004479717813672632,0.0,1.5707963267948966,1.0,0.1,20000,2000,2000,20000,0
method_c,css,uniform,X,5,0.005972957084896842,0.0,1.5707963267948966,1.0,0.1,20000,2000,2000,20000,0
method_c,css,uniform,X,5,0.007466196356121054,0.0,1.5707963267948966,1.0,0.1,20000,2000,2000,20000,1
method_c,css,uniform,X,5,0.008959435627345264,0.0,1.5707963267948966,1.0,0.1,20000,2000,2000,20000,14
method_c,css,uniform,X,5,0.010452674898569474,0.0,1.5707963267948966,1.0,0.1,20000,2000,2000,20000,55
method_c,css,uniform,X,5,0.011945914169793685,0.0,1.5707963267948966,1.0,0.1,20000,2000,2000,20000,212
method_c,css,uniform,X,5,0.013439153441017896,0.0,1.5707963267948966,1.0,0.1,20000,2000,2000,20000,505
method_c,css,uniform,Z,3,0.0014932392712242106,0.0,1.5707963267948966,1.0,0.31622776601683794,20000,2000,2000,20000,0
method_c,css,uniform,Z,3,0.002986478542448421,0.0,1.5707963267948966,1.0,0.31622776601683794,20000,2000,2000,20000,0
method_c,css,uniform,Z,3,0.004479717813672632,0.0,1.5707963267948966,1.0,0.31622776601683794,20000,2000,2000,20000,4
method_c,css,uniform,Z,3,0.005972957084896842,0.0,1.5707963267948966,1.0,0.31622776601683794,20000,2000,2000,20000,24
method_c,css,uniform,Z,3,0.007466196356121054,0.0,1.5707963267948966,1.0,0.31622776601683794,20000,2000,2000,20000,85
method_c,css,uniform,Z,3,0.008959435627345264,0.0,1.5707963267948966,1.0,0.31622776601683794,20000,2000,2000,20000,219
method_c,css,uniform,Z,3,0.010452674898569474,0.0,1.5707963267948966,1.0,0.31622776601683794,20000,2000,2000,20000,524
method_c,css,uniform,Z,3,0.011945914169793685,0.0,1.5707963267948966,1.0,0.31622776601683794,20000,2000,2000,20000,954
method_c,css,uniform,Z,3,0.013439153441017896,0.0,1.5707963267948966,1.0,0.31622776601683794,20000,2000,2000,20000,1441
method_c,css,uniform,Z,5,0.0014932392712242106,0.0,1.5707963267948966,1.0,0.31622776601683794,20000,2000,2000,20000,0
method_c,css,uniform,Z,5,0.002986478542448421,0.0,1.5707963267948966,1.0,0.31622776601683794,20000,2000,2000,20000,0
method_c,css,uniform,Z,5,0.004479717813672632,0.0,1.5707963267948966,1.0,0.31622776601683794,20000,2000,2000,20000,0
method_c,css,uniform,Z,5,0.005972957084896842,0.0,1.5707963267948966,1.0,0.31622776601683794,20000,2000,2000,20000,6
method_c,css,uniform,Z,5,0.007466196356121054,0.0,1.5707963267948966,1.0,0.31622776601683794,20000,2000,2000,20000,46
method_c,css,uniform,Z,5,0.008959435627345264,0.0,1.5707963267948966,1.0,0.31622776601683794,20000,2000,2000,20000,227
method_c,css,uniform,Z,5,0.010452674898569474,0.0,1.5707963267948966,1.0,0.31622776601683794,20000,2000,2000,20000,722
method_c,css,uniform,Z,5,0.011945914169793685,0.0,1.5707963267948966,1.0,0.31622776601683794,20000,2000,2000,20000,1788
method_c,css,uniform,Z,5,0.013439153441017896,0.0,1.5707963267948966,1.0,0.31622776601683794,20000,2000,2000,14000,2201
method_c,css,uniform,X,3,0.0014932392712242106,0.0,1.5707963267948966,1.0,0.31622776601683794,20000,2000,2000,20000,0
method_c,css,uniform,X,3,0.002986478542448421,0.0,1.5707963267948966,1.0,0.31622776601683794,20000,2000,2000,20000,0
method_c,css,uniform,X,3,0.004479717813672632,0.0,1.5707963267948966,1.0,0.31622776601683794,20000,2000,2000,20000,9
method_c,css,uniform,X,3,0.005972957084896842,0.0,1.5707963267948966,1.0,0.31622776601683794,20000,2000,2000,20000,9
method_c,css,uniform,X,3,0.007466196356121054,0.0,1.5707963267948966,1.0,0.31622776601683794,20000,2000,2000,20000,40
method_c,css,uniform,X,3,0.008959435627345264,0.0,1.5707963267948966,1.0,0.31622776601683794,20000,2000,2000,20000,91
method_c,css,uniform,X,3,0.010452674898569474,0.0,1.5707963267948966,1.0,0.31622776601683794,20000,2000,2000,20000,200
method_c,css,uniform,X,3,0.011945914169793685,0.0,1.5707963267948966,1.0,0.31622776601683794,20000,2000,2000,20000,368
method_c,css,uniform,X,3,0.013439153441017896,0.0,1.5707963267948966,1.0,0.31622776601683794,20000,2000,2000,20000,698
method_c,css,uniform,X,5,0.0014932392712242106,0.0,1.5707963267948966,1.0,0.31622776601683794,20000,2000,2000,20000,0
method_c,css,uniform,X,5,0.002986478542448421,0.0,1.5707963267948966,1.0,0.31622776601683794,20000,2000,2000,20000,0
method_c,css,uniform,X,5,0.004479717813672632,0.0,1.5707963267948966,1.0,0.31622776601683794,20000,2000,2000,20000,0
method_c,css,uniform,X,5,0.005972957084896842,0.0,1.5707963267948966,1.0,0.31622776601683794,20000,2000,2000,20000,1
method_c,css,uniform,X,5,0.007466196356121054,0.0,1.5707963267948966,1.0,0.31622776601683794,20000,2000,2000,20000,9
method_c,css,uniform,X,5,0.008959435627345264,0.0,1.5707963267948966,1.0,0.31622776601683794,20000,2000,2000,20000,54
method_c,css,uniform,X,5,0.010452674898569474,0.0,1.5707963267948966,1.0,0.31622776601683794,20000,2000,2000,20000,177
method_c,css,uniform,X,5,0.011945914169793685,0.0,1.5707963267948966,1.0,0.31622776601683794,20000,2000,2000,20000,576
method_c,css,uniform,X,5,0.013439153441017896,0.0,1.5707963267948966,1.0,0.31622776601683794,20000,2000,2000,20000,1218
method_c,css,uniform,Z,3,0.0014932392712242106,0.0,1.5707963267948966,1.0,1.0,20000,2000,2000,20000,0
method_c,css,uniform,Z,3,0.002986478542448421,0.0,1.5707963267948966,1.0,1.0,20000,2000,2000,20000,0
method_c,css,uniform,Z,3,0.004479717813672632,0.0,1.5707963267948966,1.0,1.0,20000,2000,2000,20000,0
method_c,css,uniform,Z,3,0.005972957084896842,0.0,1.5707963267948966,1.0,1.0,20000,2000,2000,20000,1
method_c,css,uniform,Z,3,0.007466196356121054,0.0,1.5707963267948966,1.0,1.0,20000,2000,2000,20000,7
method_c,css,uniform,Z,3,0.008959435627345264,0.0,1.5707963267948966,1.0,1.0,20000,2000,2000,20000,21
method_c,css,uniform,Z,3,0.010452674898569474,0.0,1.5707963267948966,1.0,1.0,20000,2000,2000,20000,44
method_c,css,uniform,Z,3,0.011945914169793685,0.0,1.5707963267948966,1.0,1.0,20000,2000,2000,20000,121
method_c,css,uniform,Z,3,0.013439153441017896,0.0,1.5707963267948966,1.0,1.0,20000,2000,2000,20000,167
method_c,css,uniform,Z,5,0.0014932392712242106,0.0,1.5707963267948966,1.0,1.0,20000,2000,2000,20000,0
method_c,css,uniform,Z,5,0.002986478542448421,0.0,1.5707963267948966,1.0,1.0,20000,2000,2000,20000,0
method_c,css,uniform,Z,5,0.004479717813672632,0.0,1.5707963267948966,1.0,1.0,20000,2000,2000,20000,0
method_c,css,uniform,Z,5,0.005972957084896842,0.0,1.5707963267948966,1.0,1.0,20000,2000,2000,20000,1
method_c,css,uniform,Z,5,0.007466196356121054,0.0,1.5707963267948966,1.0,1.0,20000,2000,2000,20000,1
method_c,css,uniform,Z,5,0.008959435627345264,0.0,1.5707963267948966,1.0,1.0,20000,2000,2000,20000,3
method_c,css,uniform,Z,5,0.010452674898569474,0.0,1.5707963267948966,1.0,1.0,20000,2000,2000,20000,22
method_c,css,uniform,Z,5,0.011945914169793685,0.0,1.5707963267948966,1.0,1.0,20000,2000,2000,20000,68
method_c,css,uniform,Z,5,0.013439153441017896,0.0,1.5707963267948966,1.0,1.0,20000,2000,2000,20000,197
method_c,css,uniform,X,3,0.0014932392712242106,0.0,1.5707963267948966,1.0,1.0,20000,2000,2000,20000,0
method_c,css,uniform,X,3,0.002986478542448421,0.0,1.5707963267948966,1.0,1.0,20000,2000,2000,20000,2
method_c,css,uniform,X,3,0.004479717813672632,0.0,1.5707963267948966,1.0,1.0,20000,2000,2000,20000,8
method_c,css,uniform,X,3,0.005972957084896842,0.0,1.5707963267948966,1.0,1.0,20000,2000,2000,20000,31
method_c,css,uniform,X,3,0.007466196356121054,0.0,1.5707963267948966,1.0,1.0,20000,2000,2000,20000,88
method_c,css,uniform,X,3,0.008959435627345264,0.0,1.5707963267948966,1.0,1.0,20000,2000,2000,20000,213
method_c,css,uniform,X,3,0.010452674898569474,0.0,1.5707963267948966,1.0,1.0,20000,2000,2000,20000,513
method_c,css,uniform,X,3,0.011945914169793685,0.0,1.5707963267948966,1.0,1.0,20000,2000,2000,20000,887
method_c,css,uniform,X,3,0.013439153441017896,0.0,1.5707963267948966,1.0,1.0,20000,2000,2000,20000,1500
method_c,css,uniform,X,5,0.0014932392712242106,0.0,1.5707963267948966,1.0,1.0,20000,2000,2000,20000,0
method_c,css,uniform,X,5,0.002986478542448421,0.0,1.5707963267948966,1.0,1.0,20000,2000,2000,20000,0
method_c,css,uniform,X,5,0.004479717813672632,0.0,1.5707963267948966,1.0,1.0,20000,2000,2000,20000,0
method_c,css,uniform,X,5,0.005972957084896842,0.0,1.5707963267948966,1.0,1.0,20000,2000,2000,20000,7
method_c,css,uniform,X,5,0.007466196356121054,0.0,1.5707963267948966,1.0,1.0,20000,2000,2000,20000,61
method_c,css,uniform,X,5,0.008959435627345264,0.0,1.5707963267948966,1.0,1.0,20000,2000,2000,20000,263
method_c,css,uniform,X,5,0.010452674898569474,0.0,1.5707963267948966,1.0,1.0,20000,2000,2000,20000,859
method_c,css,uniform,X,5,0.011945914169793685,0.0,1.5707963267948966,1.0,1.0,20000,2000,2000,20000,1882
method_c,css,uniform,X,5,0.013439153441017896,0.0,1.5707963267948966,1.0,1.0,20000,2000,2000,12000,2110
method_c,css,uniform,Z,3,0.003733098178060526,0.0,1.5707963267948966,1.0,3.1622776601683795,20000,2000,2000,20000,0
method_c,css,uniform,Z,3,0.007466196356121052,0.0,1.5707963267948966,1.0,3.1622776601683795,20000,2000,2000,20000,0
method_c,css,uniform,Z,3,0.01119929453418158,0.0,1.5707963267948966,1.0,3.1622776601683795,20000,2000,2000,20000,1
method_c,css,uniform,Z,3,0.014932392712242105,0.0,1.5707963267948966,1.0,3.1622776601683795,20000,2000,2000,20000,8
method_c,css,uniform,Z,3,0.018665490890302637,0.0,1.5707963267948966,1.0,3.1622776601683795,20000,2000,2000,20000,21
method_c,css,uniform,Z,3,0.02239858906836316,0.0,1.5707963267948966,1.0,3.1622776601683795,20000,2000,2000,20000,66
method_c,css,uniform,Z,3,0.026131687246423688,0.0,1.5707963267948966,1.0,3.1622776601683795,20000,2000,2000,20000,144
method_c,css,uniform,Z,3,0.02986478542448421,0.0,1.5707963267948966,1.0,3.1622776601683795,20000,2000,2000,20000,288
method_c,css,uniform,Z,3,0.03359788360254474,0.0,1.5707963267948966,1.0,3.1622776601683795,20000,2000,2000,20000,514
method_c,css,uniform,Z,5,0.003733098178060526,0.0,1.5707963267948966,1.0,3.1622776601683795,20000,2000,2000,20000,0
method_c,css,uniform,Z,5,0.007466196356121052,0.0,1.5707963267948966,1.0,3.1622776601683795,20000,2000,2000,20000,0
method_c,css,uniform,Z,5,0.01119929453418158,0.0,1.5707963267948966,1.0,3.1622776601683795,20000,2000,2000,20000,0
method_c,css,uniform,Z,5,0.014932392712242105,0.0,1.5707963267948966,1.0,3.1622776601683795,20000,2000,2000,20000,1
method_c,css,uniform,Z,5,0.018665490890302637,0.0,1.5707963267948966,1.0,3.1622776601683795,20000,2000,2000,20000,4
method_c,css,uniform,Z,5,0.02239858906836316,0.0,1.5707963267948966,1.0,3.1622776601683795,20000,2000,2000,20000,24
method_c,css,uniform,Z,5,0.026131687246423688,0.0,1.5707963267948966,1.0,3.1622776601683795,20000,2000,2000,20000,91
method_c,css,uniform,Z,5,0.02986478542448421,0.0,1.5707963267948966,1.0,3.1622776601683795,20000,2000,2000,20000,311
method_c,css,uniform,Z,5,0.03359788360254474,0.0,1.5707963267948966,1.0,3.1622776601683795,20000,2000,2000,20000,834
method_c,css,uniform,X,3,0.0014932392712242106,0.0,1.5707963267948966,1.0,3.1622776601683795,20000,2000,2000,20000,0
method_c,css,uniform,X,3,0.002986478542448421,0.0,1.5707963267948966,1.0,3.1622776601683795,20000,2000,2000,20000,1
method_c,css,uniform,X,3,0.004479717813672632,0.0,1.5707963267948966,1.0,3.1622776601683795,20000,2000,2000,20000,10
method_c,css,uniform,X,3,0.005972957084896842,0.0,1.5707963267948966,1.0,3.1622776601683795,20000,2000,2000,20000,60
method_c,css,uniform,X,3,0.007466196356121054,0.0,1.5707963267948966,1.0,3.1622776601683795,20000,2000,2000,20000,205
method_c,css,uniform,X,3,0.008959435627345264,0.0,1.5707963267948966,1.0,3.1622776601683795,20000,2000,2000,20000,509
method_c,css,uniform,X,3,0.010452674898569474,0.0,1.5707963267948966,1.0,3.1622776601683795,20000,2000,2000,20000,982
method_c,css,uniform,X,3,0.011945914169793685,0.0,1.5707963267948966,1.0,3.1622776601683795,20000,2000,2000,20000,1798
method_c,css,uniform,X,3,0.013439153441017896,0.0,1.5707963267948966,1.0,3.1622776601683795,20000,2000,2000,16000,2120
method_c,css,uniform,X,5,0.0014932392712242106,0.0,1.5707963267948966,1.0,3.1622776601683795,20000,2000,2000,20000,0
method_c,css,uniform,X,5,0.002986478542448421,0.0,1.5707963267948966,1.0,3.1622776601683795,20000,2000,2000,20000,0
method_c,css,uniform,X,5,0.004479717813672632,0.0,1.5707963267948966,1.0,3.1622776601683795,20000,2000,2000,20000,1
method_c,css,uniform,X,5,0.005972957084896842,0.0,1.5707963267948966,1.0,3.1622776601683795,20000,2000,2000,20000,34
method_c,css,uniform,X,5,0.007466196356121054,0.0,1.5707963267948966,1.0,3.1622776601683795,20000,2000,2000,20000,211
method_c,css,uniform,X,5,0.008959435627345264,0.0,1.5707963267948966,1.0,3.1622776601683795,20000,2000,2000,20000,850
method_c,css,uniform,X,5,0.010452674898569474,0.0,1.5707963267948966,1.0,3.1622776601683795,20000,2000,2000,18000,2007
method_c,css,uniform,X,5,0.011945914169793685,0.0,1.5707963267948966,1.0,3.1622776601683795,20000,2000,2000,10000,2067
method_c,css,uniform,X,5,0.013439153441017896,0.0,1.5707963267948966,1.0,3.1622776601683795,20000,2000,2000,8000,2437
method_c,css,uniform,Z,3,0.023331863612878288,0.0,1.5707963267948966,1.0,10.0,20000,2000,2000,20000,0
method_c,css,uniform,Z,3,0.046663727225756575,0.0,1.5707963267948966,1.0,10.0,20000,2000,2000,20000,20
method_c,css,uniform,Z,3,0.06999559083863487,0.0,1.5707963267948966,1.0,10.0,20000,2000,2000,20000,151
method_c,css,uniform,Z,3,0.09332745445151315,0.0,1.5707963267948966,1.0,10.0,20000,2000,2000,20000,677
method_c,css,uniform,Z,3,0.11665931806439149,0.0,1.5707963267948966,1.0,10.0,20000,2000,2000,20000,1685
method_c,css,uniform,Z,3,0.13999118167726973,0.0,1.5707963267948966,1.0,10.0,20000,2000,2000,14000,2280
method_c,css,uniform,Z,3,0.16332304529014802,0.0,1.5707963267948966,1.0,10.0,20000,2000,2000,8000,2023
method_c,css,uniform,Z,3,0.1866549089030263,0.0,1.5707963267948966,1.0,10.0,20000,2000,2000,8000,2576
method_c,css,uniform,Z,3,0.2099867725159046,0.0,1.5707963267948966,1.0,10.0,20000,2000,2000,6000,2249
method_c,css,uniform,Z,5,0.023331863612878288,0.0,1.5707963267948966,1.0,10.0,20000,2000,2000,20000,0
method_c,css,uniform,Z,5,0.046663727225756575,0.0,1.5707963267948966,1.0,10.0,20000,2000,2000,20000,1
method_c,css,uniform,Z,5,0.06999559083863487,0.0,1.5707963267948966,1.0,10.0,20000,2000,2000,20000,104
method_c,css,uniform,Z,5,0.09332745445151315,0.0,1.5707963267948966,1.0,10.0,20000,2000,2000,20000,1144
method_c,css,uniform,Z,5,0.11665931806439149,0.0,1.5707963267948966,1.0,10.0,20000,2000,2000,12000,2153
method_c,css,uniform,Z,5,0.13999118167726973,0.0,1.5707963267948966,1.0,10.0,20000,2000,2000,6000,2035
method_c,css,uniform,Z,5,0.16332304529014802,0.0,1.5707963267948966,1.0,10.0,20000,2000,2000,6000,2655
method_c,css,uniform,Z,5,0.1866549089030263,0.0,1.5707963267948966,1.0,10.0,20000,2000,2000,6000,2863
method_c,css,uniform,X,3,0.0014932392712242106,0.0,1.5707963267948966,1.0,10.0,20000,2000,2000,20000,0
method_c,css,uniform,X,3,0.002986478542448421,0.0,1.5707963267948966,1.0,10.0,20000,2000,2000,20000,3
method_c,css,uniform,X,3,0.004479717813672632,0.0,1.5707963267948966,1.0,10.0,20000,2000,2000,20000,18
method_c,css,uniform,X,3,0.005972957084896842,0.0,1.5707963267948966,1.0,10.0,20000,2000,2000,20000,101
method_c,css,uniform,X,3,0.007466196356121054,0.0,1.5707963267948966,1.0,10.0,20000,2000,2000,20000,333
method_c,css,uniform,X,3,0.008959435627345264,0.0,1.5707963267948966,1.0,10.0,20000,2000,2000,20000,753
method_c,css,uniform,X,3,0.010452674898569474,0.0,1.5707963267948966,1.0,10.0,20000,2000,2000,20000,1367
method_c,css,uniform,X,3,0.011945914169793685,0.0,1.5707963267948966,1.0,10.0,20000,2000,2000,18000,2051
method_c,css,uniform,X,3,0.013439153441017896,0.0,1.5707963267948966,1.0,10.0,20000,2000,2000,12000,2045
method_c,css,uniform,X,5,0.0014932392712242106,0.0,1.5707963267948966,1.0,10.0,20000,2000,2000,20000,0
method_c,css,uniform,X,5,0.002986478542448421,0.0,1.5707963267948966,1.0,10.0,20000,2000,2000,20000,0
method_c,css,uniform,X,5,0.004479717813672632,0.0,1.5707963267948966,1.0,10.0,20000,2000,2000,20000,8
method_c,css,uniform,X,5,0.005972957084896842,0.0,1.5707963267948966,1.0,10.0,20000,2000,2000,20000,55
method_c,css,uniform,X,5,0.007466196356121054,0.0,1.5707963267948966,1.0,10.0,20000,2000,2000,20000,413
method_c,css,uniform,X,5,0.008959435627345264,0.0,1.5707963267948966,1.0,10.0,20000,2000,2000,20000,1503
method_c,css,uniform,X,5,0.010452674898569474,0.0,1.5707963267948966,1.0,10.0,20000,2000,2000,12000,2042
method_c,css,uniform,X,5,0.011945914169793685,0.0,1.5707963267948966,1.0,10.0,20000,2000,2000,8000,2193
method_c,css,uniform,X,5,0.013439153441017896,0.0,1.5707963267948966,1.0,10.0,20000,2000,2000,6000,2215
method_c,css,uniform,Z,3,0.023331863612878288,0.0,1.5707963267948966,1.0,31.622776601683793,20000,2000,2000,20000,0
method_c,css,uniform,Z,3,0.046663727225756575,0.0,1.5707963267948966,1.0,31.622776601683793,20000,2000,2000,20000,0
method_c,css,uniform,Z,3,0.06999559083863487,0.0,1.5707963267948966,1.0,31.622776601683793,20000,2000,2000,20000,0
method_c,css,uniform,Z,3,0.09332745445151315,0.0,1.5707963267948966,1.0,31.622776601683793,20000,2000,2000,20000,1
method_c,css,uniform,Z,3,0.11665931806439149,0.0,1.5707963267948966,1.0,31.622776601683793,20000,2000,2000,20000,5
method_c,css,uniform,Z,3,0.13999118167726973,0.0,1.5707963267948966,1.0,31.622776601683793,20000,2000,2000,20000,27
method_c,css,uniform,Z,3,0.16332304529014802,0.0,1.5707963267948966,1.0,31.622776601683793,20000,2000,2000,20000,38
method_c,css,uniform,Z,3,0.1866549089030263,0.0,1.5707963267948966,1.0,31.622776601683793,20000,2000,2000,20000,97
method_c,css,uniform,Z,3,0.2099867725159046,0.0,1.5707963267948966,1.0,31.622776601683793,20000,2000,2000,20000,165
method_c,css,uniform,Z,5,0.023331863612878288,0.0,1.5707963267948966,1.0,31.622776601683793,20000,2000,2000,20000,0
method_c,css,uniform,Z,5,0.046663727225756575,0.0,1.5707963267948966,1.0,31.622776601683793,20000,2000,2000,20000,0
method_c,css,uniform,Z,5,0.06999559083863487,0.0,1.5707963267948966,1.0,31.622776601683793,20000,2000,2000,20000,0
method_c,css,uniform,Z,5,0.09332745445151315,0.0,1.5707963267948966,1.0,31.622776601683793,20000,2000,2000,20000,0
method_c,css,uniform,Z,5,0.11665931806439149,0.0,1.5707963267948966,1.0,31.622776601683793,20000,2000,2000,20000,0
method_c,css,uniform,Z,5,0.13999118167726973,0.0,1.5707963267948966,1.0,31.622776601683793,20000,2000,2000,20000,1
method_c,css,uniform,Z,5,0.16332304529014802,0.0,1.5707963267948966,1.0,31.622776601683793,20000,2000,2000,20000,7
method_c,css,uniform,Z,5,0.1866549089030263,0.0,1.5707963267948966,1.0,31.622776601683793,20000,2000,2000,20000,56
method_c,css,uniform,Z,5,0.2099867725159046,0.0,1.5707963267948966,1.0,31.622776601683793,20000,2000,2000,20000,131
method_c,css,uniform,X,3,0.0014932392712242106,0.0,1.5707963267948966,1.0,31.622776601683793,20000,2000,2000,20000,0
method_c,css,uniform,X,3,0.002986478542448421,0.0,1.5707963267948966,1.0,31.622776601683793,20000,2000,2000,20000,3
method_c,css,uniform,X,3,0.004479717813672632,0.0,1.5707963267948966,1.0,31.622776601683793,20000,2000,2000,20000,21
method_c,css,uniform,X,3,0.005972957084896842,0.0,1.5707963267948966,1.0,31.622776601683793,20000,2000,2000,20000,106
method_c,css,uniform,X,3,0.007466196356121054,0.0,1.5707963267948966,1.0,31.622776601683793,20000,2000,2000,20000,345
method_c,css,uniform,X,3,0.008959435627345264,0.0,1.5707963267948966,1.0,31.622776601683793,20000,2000,2000,20000,854
method_c,css,uniform,X,3,0.010452674898569474,0.0,1.5707963267948966,1.0,31.622776601683793,20000,2000,2000,20000,1602
method_c,css,uniform,X,3,0.011945914169793685,0.0,1.5707963267948966,1.0,31.622776601683793,20000,2000,2000,16000,2023
method_c,css,uniform,X,3,0.013439153441017896,0.0,1.5707963267948966,1.0,31.622776601683793,20000,2000,2000,12000,2210
method_c,css,uniform,X,5,0.0014932392712242106,0.0,1.5707963267948966,1.0,31.622776601683793,20000,2000,2000,20000,0
method_c,css,uniform,X,5,0.002986478542448421,0.0,1.5707963267948966,1.0,31.622776601683793,20000,2000,2000,20000,0
method_c,css,uniform,X,5,0.004479717813672632,0.0,1.5707963267948966,1.0,31.622776601683793,20000,2000,2000,20000,7
method_c,css,uniform,X,5,0.005972957084896842,0.0,1.5707963267948966,1.0,31.622776601683793,20000,2000,2000,20000,89
method_c,css,uniform,X,5,0.007466196356121054,0.0,1.5707963267948966,1.0,31.622776601683793,20000,2000,2000,20000,522
method_c,css,uniform,X,5,0.008959435627345264,0.0,1.5707963267948966,1.0,31.622776601683793,20000,2000,2000,20000,1754
method_c,css,uniform,X,5,0.010452674898569474,0.0,1.5707963267948966,1.0,31.622776601683793,20000,2000,2000,12000,2177
method_c,css,uniform,X,5,0.011945914169793685,0.0,1.5707963267948966,1.0,31.622776601683793,20000,2000,2000,8000,2509
method_c,css,uniform,X,5,0.013439153441017896,0.0,1.5707963267948966,1.0,31.622776601683793,20000,2000,2000,6000,2329
method_c,css,uniform,Z,3,0.023331863612878288,0.0,1.5707963267948966,1.0,100.0,20000,2000,2000,20000,0
method_c,css,uniform,Z,3,0.046663727225756575,0.0,1.5707963267948966,1.0,100.0,20000,2000,2000,20000,0
method_c,css,uniform,Z,3,0.06999559083863487,0.0,1.5707963267948966,1.0,100.0,20000,2000,2000,20000,0
method_c,css,uniform,Z,3,0.09332745445151315,0.0,1.5707963267948966,1.0,100.0,20000,2000,2000,20000,0
method_c,css,uniform,Z,3,0.11665931806439149,0.0,1.5707963267948966,1.0,100.0,20000,2000,2000,20000,0
method_c,css,uniform,Z,3,0.13999118167726973,0.0,1.5707963267948966,1.0,100.0,20000,2000,2000,20000,0
method_c,css,uniform,Z,3,0.16332304529014802,0.0,1.5707963267948966,1.0,100.0,20000,2000,2000,20000,0
method_c,css,uniform,Z,3,0.1866549089030263,0.0,1.5707963267948966,1.0,100.0,20000,2000,2000,20000,1
method_c,css,uniform,Z,3,0.2099867725159046,0.0,1.5707963267948966,1.0,100.0,20000,2000,2000,20000,1
method_c,css,uniform,Z,5,0.023331863612878288,0.0,1.5707963267948966,1.0,100.0,20000,2000,2000,20000,0
method_c,css,uniform,Z,5,0.046663727225756575,0.0,1.5707963267948966,1.0,100.0,20000,2000,2000,20000,0
method_c,css,uniform,Z,5,0.06999559083863487,0.0,1.5707963267948966,1.0,100.0,20000,2000,2000,20000,0
method_c,css,uniform,Z,5,0.09332745445151315,0.0,1.5707963267948966,1.0,100.0,20000,2000,2000,20000,0
method_c,css,uniform,Z,5,0.11665931806439149,0.0,1.5707963267948966,1.0,100.0,20000,2000,2000,20000,0
method_c,css,uniform,Z,5,0.13999118167726973,0.0,1.5707963267948966,1.0,100.0,20000,2000,2000,20000,0
method_c,css,uniform,Z,5,0.16332304529014802,0.0,1.5707963267948966,1.0,100.0,20000,2000,2000,20000,0
method_c,css,uniform,Z,5,0.1866549089030263,0.0,1.5707963267948966,1.0,100.0,20000,2000,2000,20000,0
method_c,css,uniform,Z,5,0.2099867725159046,0.0,1.5707963267948966,1.0,100.0,20000,2000,2000,20000,0
method_c,css,uniform,X,3,0.0014932392712242106,0.0,1.5707963267948966,1.0,100.0,20000,2000,2000,20000,0
method_c,css,uniform,X,3,0.002986478542448421,0.0,1.5707963267948966,1.0,100.0,20000,2000,2000,20000,2
method_c,css,uniform,X,3,0.004479717813672632,0.0,1.5707963267948966,1.0,100.0,20000,2000,2000,20000,29
method_c,css,uniform,X,3,0.005972957084896842,0.0,1.5707963267948966,1.0,100.0,20000,2000,2000,20000,127
method_c,css,uniform,X,3,0.007466196356121054,0.0,1.5707963267948966,1.0,100.0,20000,2000,2000,20000,371
method_c,css,uniform,X,3,0.008959435627345264,0.0,1.5707963267948966,1.0,100.0,20000,2000,2000,20000,930
method_c,css,uniform,X,3,0.010452674898569474,0.0,1.5707963267948966,1.0,100.0,20000,2000,2000,20000,1668
method_c,css,uniform,X,3,0.011945914169793685,0.0,1.5707963267948966,1.0,100.0,20000,2000,2000,16000,2144
method_c,css,uniform,X,3,0.013439153441017896,0.0,1.5707963267948966,1.0,100.0,20000,2000,2000,12000,2258
method_c,css,uniform,X,5,0.0014932392712242106,0.0,1.5707963267948966,1.0,100.0,20000,2000,2000,20000,0
method_c,css,uniform,X,5,0.002986478542448421,0.0,1.5707963267948966,1.0,100.0,20000,2000,2000,20000,1
method_c,css,uniform,X,5,0.004479717813672632,0.0,1.5707963267948966,1.0,100.0,20000,2000,2000,20000,4
method_c,css,uniform,X,5,0.005972957084896842,0.0,1.5707963267948966,1.0,100.0,20000,2000,2000,20000,89
method_c,css,uniform,X,5,0.007466196356121054,0.0,1.5707963267948966,1.0,100.0,20000,2000,2000,20000,513
method_c,css,uniform,X,5,0.008959435627345264,0.0,1.5707963267948966,1.0,100.0,20000,2000,2000,20000,1842
method_c,css,uniform,X,5,0.010452674898569474,0.0,1.5707963267948966,1.0,100.0,20000,2000,2000,12000,2396
method_c,css,uniform,X,5,0.011945914169793685,0.0,1.5707963267948966,1.0,100.0,20000,2000,2000,8000,2508
method_c,css,uniform,X,5,0.013439153441017896,0.0,1.5707963267948966,1.0,100.0,20000,2000,2000,6000,2430
