scheme,code,decoder,basis,distance,p,theta,phi,eta_g,eta_t,shots_max,batch,max_fail,shots,errors
pairs,css,uniform,Z,3,0.002341356924994106,0.0,0.0,1.0,20.0,20000,2000,2000,20000,0
pairs,css,uniform,Z,3,0.0028616584638816857,0.0,0.0,1.0,20.0,20000,2000,2000,20000,2
pairs,css,uniform,Z,3,0.0033819600027692647,0.0,0.0,1.0,20.0,20000,2000,2000,20000,9
pairs,css,uniform,Z,3,0.0039022615416568433,0.0,0.0,1.0,20.0,20000,2000,2000,20000,9
pairs,css,uniform,Z,3,0.004422563080544423,0.0,0.0,1.0,20.0,20000,2000,2000,20000,31
pairs,css,uniform,Z,3,0.004942864619432002,0.0,0.0,1.0,20.0,20000,2000,2000,20000,52
pairs,css,uniform,Z,3,0.005463166158319581,0.0,0.0,1.0,20.0,20000,2000,2000,20000,82
pairs,css,uniform,Z,3,0.00598346769720716,0.0,0.0,1.0,20.0,20000,2000,2000,20000,132
pairs,css,uniform,Z,3,0.00650376923609474,0.0,0.0,1.0,20.0,20000,2000,2000,20000,202
pairs,css,uniform,Z,3,0.007024070774982318,0.0,0.0,1.0,20.0,20000,2000,2000,20000,330
pairs,css,uniform,Z,5,0.002341356924994106,0.0,0.0,1.0,20.0,20000,2000,2000,20000,0
pairs,css,uniform,Z,5,0.0028616584638816857,0.0,0.0,1.0,20.0,20000,2000,2000,20000,0
pairs,css,uniform,Z,5,0.0033819600027692647,0.0,0.0,1.0,20.0,20000,2000,2000,20000,0
pairs,css,uniform,Z,5,0.0039022615416568433,0.0,0.0,1.0,20.0,20000,2000,2000,20000,4
pairs,css,uniform,Z,5,0.004422563080544423,0.0,0.0,1.0,20.0,20000,2000,2000,20000,15
pairs,css,uniform,Z,5,0.004942864619432002,0.0,0.0,1.0,20.0,20000,2000,2000,20000,31
pairs,css,uniform,Z,5,0.005463166158319581,0.0,0.0,1.0,20.0,20000,2000,2000,20000,67
pairs,css,uniform,Z,5,0.00598346769720716,0.0,0.0,1.0,20.0,20000,2000,2000,20000,154
pairs,css,uniform,Z,5,0.00650376923609474,0.0,0.0,1.0,20.0,20000,2000,2000,20000,257
pairs,css,uniform,Z,5,0.007024070774982318,0.0,0.0,1.0,20.0,20000,2000,2000,20000,539
pairs,css,uniform,X,3,0.002341356924994106,0.0,0.0,1.0,20.0,20000,2000,2000,20000,2
pairs,css,uniform,X,3,0.0028616584638816857,0.0,0.0,1.0,20.0,20000,2000,2000,20000,14
pairs,css,uniform,X,3,0.0033819600027692647,0.0,0.0,1.0,20.0,20000,2000,2000,20000,17
pairs,css,uniform,X,3,0.0039022615416568433,0.0,0.0,1.0,20.0,20000,2000,2000,20000,33
pairs,css,uniform,X,3,0.004422563080544423,0.0,0.0,1.0,20.0,20000,2000,2000,20000,72
pairs,css,uniform,X,3,0.004942864619432002,0.0,0.0,1.0,20.0,20000,2000,2000,20000,151
pairs,css,uniform,X,3,0.005463166158319581,0.0,0.0,1.0,20.0,20000,2000,2000,20000,238
pairs,css,uniform,X,3,0.00598346769720716,0.0,0.0,1.0,20.0,20000,2000,2000,20000,375
pairs,css,uniform,X,3,0.00650376923609474,0.0,0.0,1.0,20.0,20000,2000,2000,20000,523
pairs,css,uniform,X,3,0.007024070774982318,0.0,0.0,1.0,20.0,20000,2000,2000,20000,783
pairs,css,uniform,X,5,0.002341356924994106,0.0,0.0,1.0,20.0,20000,2000,2000,20000,0
pairs,css,uniform,X,5,0.0028616584638816857,0.0,0.0,1.0,20.0,20000,2000,2000,20000,0
pairs,css,uniform,X,5,0.0033819600027692647,0.0,0.0,1.0,20.0,20000,2000,2000,20000,2
pairs,css,uniform,X,5,0.0039022615416568433,0.0,0.0,1.0,20.0,20000,2000,2000,20000,19
pairs,css,uniform,X,5,0.004422563080544423,0.0,0.0,1.0,20.0,20000,2000,2000,20000,56
pairs,css,uniform,X,5,0.004942864619432002,0.0,0.0,1.0,20.0,20000,2000,2000,20000,152
pairs,css,uniform,X,5,0.005463166158319581,0.0,0.0,1.0,20.0,20000,2000,2000,20000,301
pairs,css,uniform,X,5,0.00598346769720716,0.0,0.0,1.0,20.0,20000,2000,2000,20000,606
pairs,css,uniform,X,5,0.00650376923609474,0.0,0.0,1.0,20.0,20000,2000,2000,20000,1046
pairs,css,uniform,X,5,0.007024070774982318,0.0,0.0,1.0,20.0,20000,2000,2000,20000,1783
pairs,css,uniform,Z,3,0.0021003198277897406,0.13501258512474457,0.0,1.0,20.0,20000,2000,2000,20000,0
pairs,css,uniform,Z,3,0.002567057567298572,0.13501258512474457,0.0,1.0,20.0,20000,2000,2000,20000,5
pairs,css,uniform,Z,3,0.003033795306807403,0.13501258512474457,0.0,1.0,20.0,20000,2000,2000,20000,7
pairs,css,uniform,Z,3,0.003500533046316234,0.13501258512474457,0.0,1.0,20.0,20000,2000,2000,20000,17
pairs,css,uniform,Z,3,0.003967270785825066,0.13501258512474457,0.0,1.0,20.0,20000,2000,2000,20000,29
pairs,css,uniform,Z,3,0.004434008525333897,0.13501258512474457,0.0,1.0,20.0,20000,2000,2000,20000,52
pairs,css,uniform,Z,3,0.004900746264842728,0.13501258512474457,0.0,1.0,20.0,20000,2000,2000,20000,109
pairs,css,uniform,Z,3,0.005367484004351559,0.13501258512474457,0.0,1.0,20.0,20000,2000,2000,20000,138
pairs,css,uniform,Z,3,0.0058342217438603905,0.13501258512474457,0.0,1.0,20.0,20000,2000,2000,20000,238
pairs,css,uniform,Z,3,0.0063009594833692215,0.13501258512474457,0.0,1.0,20.0,20000,2000,2000,20000,356
pairs,css,uniform,Z,5,0.0021003198277897406,0.13501258512474457,0.0,1.0,20.0,20000,2000,2000,20000,0
pairs,css,uniform,Z,5,0.002567057567298572,0.13501258512474457,0.0,1.0,20.0,20000,2000,2000,20000,0
pairs,css,uniform,Z,5,0.003033795306807403,0.13501258512474457,0.0,1.0,20.0,20000,2000,2000,20000,0
pairs,css,uniform,Z,5,0.003500533046316234,0.13501258512474457,0.0,1.0,20.0,20000,2000,2000,20000,2
pairs,css,uniform,Z,5,0.003967270785825066,0.13501258512474457,0.0,1.0,20.0,20000,2000,2000,20000,9
pairs,css,uniform,Z,5,0.004434008525333897,0.13501258512474457,0.0,1.0,20.0,20000,2000,2000,20000,21
pairs,css,uniform,Z,5,0.004900746264842728,0.13501258512474457,0.0,1.0,20.0,20000,2000,2000,20000,67
pairs,css,uniform,Z,5,0.005367484004351559,0.13501258512474457,0.0,1.0,20.0,20000,2000,2000,20000,161
pairs,css,uniform,Z,5,0.0058342217438603905,0.13501258512474457,0.0,1.0,20.0,20000,2000,2000,20000,284
pairs,css,uniform,Z,5,0.0063009594833692215,0.13501258512474457,0.0,1.0,20.0,20000,2000,2000,20000,557
pairs,css,uniform,X,3,0.0021003198277897406,0.13501258512474457,0.0,1.0,20.0,20000,2000,2000,20000,2
pairs,css,uniform,X,3,0.002567057567298572,0.13501258512474457,0.0,1.0,20.0,20000,2000,2000,20000,10
pairs,css,uniform,X,3,0.003033795306807403,0.13501258512474457,0.0,1.0,20.0,20000,2000,2000,20000,16
pairs,css,uniform,X,3,0.003500533046316234,0.13501258512474457,0.0,1.0,20.0,20000,2000,2000,20000,34
pairs,css,uniform,X,3,0.003967270785825066,0.13501258512474457,0.0,1.0,20.0,20000,2000,2000,20000,83
pairs,css,uniform,X,3,0.004434008525333897,0.13501258512474457,0.0,1.0,20.0,20000,2000,2000,20000,132
pairs,css,uniform,X,3,0.004900746264842728,0.13501258512474457,0.0,1.0,20.0,20000,2000,2000,20000,234
pairs,css,uniform,X,3,0.005367484004351559,0.13501258512474457,0.0,1.0,20.0,20000,2000,2000,20000,351
pairs,css,uniform,X,3,0.0058342217438603905,0.13501258512474457,0.0,1.0,20.0,20000,2000,2000,20000,470
pairs,css,uniform,X,3,0.0063009594833692215,0.13501258512474457,0.0,1.0,20.0,20000,2000,2000,20000,686
pairs,css,uniform,X,5,0.0021003198277897406,0.13501258512474457,0.0,1.0,20.0,20000,2000,2000,20000,0
pairs,css,uniform,X,5,0.002567057567298572,0.13501258512474457,0.0,1.0,20.0,20000,2000,2000,20000,1
pairs,css,uniform,X,5,0.003033795306807403,0.13501258512474457,0.0,1.0,20.0,20000,2000,2000,20000,4
pairs,css,uniform,X,5,0.003500533046316234,0.13501258512474457,0.0,1.0,20.0,20000,2000,2000,20000,14
pairs,css,uniform,X,5,0.003967270785825066,0.13501258512474457,0.0,1.0,20.0,20000,2000,2000,20000,58
pairs,css,uniform,X,5,0.004434008525333897,0.13501258512474457,0.0,1.0,20.0,20000,2000,2000,20000,121
pairs,css,uniform,X,5,0.004900746264842728,0.13501258512474457,0.0,1.0,20.0,20000,2000,2000,20000,279
pairs,css,uniform,X,5,0.005367484004351559,0.13501258512474457,0.0,1.0,20.0,20000,2000,2000,20000,539
pairs,css,uniform,X,5,0.0058342217438603905,0.13501258512474457,0.0,1.0,20.0,20000,2000,2000,20000,996
pairs,css,uniform,X,5,0.0063009594833692215,0.13501258512474457,0.0,1.0,20.0,20000,2000,2000,20000,1577
pairs,css,uniform,Z,3,0.0019068140936369187,0.3010517938093613,0.0,1.0,20.0,20000,2000,2000,20000,3
pairs,css,uniform,Z,3,0.0023305505588895677,0.3010517938093613,0.0,1.0,20.0,20000,2000,2000,20000,2
pairs,css,uniform,Z,3,0.002754287024142216,0.3010517938093613,0.0,1.0,20.0,20000,2000,2000,20000,5
pairs,css,uniform,Z,3,0.0031780234893948643,0.3010517938093613,0.0,1.0,20.0,20000,2000,2000,20000,10
pairs,css,uniform,Z,3,0.003601759954647513,0.3010517938093613,0.0,1.0,20.0,20000,2000,2000,20000,32
pairs,css,uniform,Z,3,0.0040254964199001615,0.3010517938093613,0.0,1.0,20.0,20000,2000,2000,20000,54
pairs,css,uniform,Z,3,0.00444923288515281,0.3010517938093613,0.0,1.0,20.0,20000,2000,2000,20000,109
pairs,css,uniform,Z,3,0.0048729693504054586,0.3010517938093613,0.0,1.0,20.0,20000,2000,2000,20000,156
pairs,css,uniform,Z,3,0.0052967058156581075,0.3010517938093613,0.0,1.0,20.0,20000,2000,2000,20000,236
pairs,css,uniform,Z,3,0.005720442280910756,0.3010517938093613,0.0,1.0,20.0,20000,2000,2000,20000,335
pairs,css,uniform,Z,5,0.0019068140936369187,0.3010517938093613,0.0,1.0,20.0,20000,2000,2000,20000,0
pairs,css,uniform,Z,5,0.0023305505588895677,0.3010517938093613,0.0,1.0,20.0,20000,2000,2000,20000,0
pairs,css,uniform,Z,5,0.002754287024142216,0.3010517938093613,0.0,1.0,20.0,20000,2000,2000,20000,0
pairs,css,uniform,Z,5,0.0031780234893948643,0.3010517938093613,0.0,1.0,20.0,20000,2000,2000,20000,5
pairs,css,uniform,Z,5,0.003601759954647513,0.3010517938093613,0.0,1.0,20.0,20000,2000,2000,20000,16
pairs,css,uniform,Z,5,0.0040254964199001615,0.3010517938093613,0.0,1.0,20.0,20000,2000,2000,20000,36
pairs,css,uniform,Z,5,0.00444923288515281,0.3010517938093613,0.0,1.0,20.0,20000,2000,2000,20000,69
pairs,css,uniform,Z,5,0.0048729693504054586,0.3010517938093613,0.0,1.0,20.0,20000,2000,2000,20000,150
pairs,css,uniform,Z,5,0.0052967058156581075,0.3010517938093613,0.0,1.0,20.0,20000,2000,2000,20000,315
pairs,css,uniform,Z,5,0.005720442280910756,0.3010517938093613,0.0,1.0,20.0,20000,2000,2000,20000,554
pairs,css,uniform,X,3,0.0019068140936369187,0.3010517938093613,0.0,1.0,20.0,20000,2000,2000,20000,2
pairs,css,uniform,X,3,0.0023305505588895677,0.3010517938093613,0.0,1.0,20.0,20000,2000,2000,20000,14
pairs,css,uniform,X,3,0.002754287024142216,0.3010517938093613,0.0,1.0,20.0,20000,2000,2000,20000,15
pairs,css,uniform,X,3,0.0031780234893948643,0.3010517938093613,0.0,1.0,20.0,20000,2000,2000,20000,32
pairs,css,uniform,X,3,0.003601759954647513,0.3010517938093613,0.0,1.0,20.0,20000,2000,2000,20000,63
pairs,css,uniform,X,3,0.0040254964199001615,0.3010517938093613,0.0,1.0,20.0,20000,2000,2000,20000,122
pairs,css,uniform,X,3,0.00444923288515281,0.3010517938093613,0.0,1.0,20.0,20000,2000,2000,20000,201
pairs,css,uniform,X,3,0.0048729693504054586,0.3010517938093613,0.0,1.0,20.0,20000,2000,2000,20000,315
pairs,css,uniform,X,3,0.0052967058156581075,0.3010517938093613,0.0,1.0,20.0,20000,2000,2000,20000,472
pairs,css,uniform,X,3,0.005720442280910756,0.3010517938093613,0.0,1.0,20.0,20000,2000,2000,20000,683
pairs,css,uniform,X,5,0.0019068140936369187,0.3010517938093613,0.0,1.0,20.0,20000,2000,2000,20000,0
pairs,css,uniform,X,5,0.0023305505588895677,0.3010517938093613,0.0,1.0,20.0,20000,2000,2000,20000,1
pairs,css,uniform,X,5,0.002754287024142216,0.3010517938093613,0.0,1.0,20.0,20000,2000,2000,20000,4
pairs,css,uniform,X,5,0.0031780234893948643,0.3010517938093613,0.0,1.0,20.0,20000,2000,2000,20000,11
pairs,css,uniform,X,5,0.003601759954647513,0.3010517938093613,0.0,1.0,20.0,20000,2000,2000,20000,41
pairs,css,uniform,X,5,0.0040254964199001615,0.3010517938093613,0.0,1.0,20.0,20000,2000,2000,20000,109
pairs,css,uniform,X,5,0.00444923288515281,0.3010517938093613,0.0,1.0,20.0,20000,2000,2000,20000,247
pairs,css,uniform,X,5,0.0048729693504054586,0.3010517938093613,0.0,1.0,20.0,20000,2000,2000,20000,501
pairs,css,uniform,X,5,0.0052967058156581075,0.3010517938093613,0.0,1.0,20.0,20000,2000,2000,20000,878
pairs,css,uniform,X,5,0.005720442280910756,0.3010517938093613,0.0,1.0,20.0,20000,2000,2000,20000,1421
pairs,css,uniform,Z,3,0.0017764408451380609,0.4977278380650895,0.0,1.0,20.0,20000,2000,2000,20000,0
pairs,css,uniform,Z,3,0.0021712054773909634,0.4977278380650895,0.0,1.0,20.0,20000,2000,2000,20000,2
pairs,css,uniform,Z,3,0.0025659701096438655,0.4977278380650895,0.0,1.0,20.0,20000,2000,2000,20000,8
pairs,css,uniform,Z,3,0.002960734741896768,0.4977278380650895,0.0,1.0,20.0,20000,2000,2000,20000,18
pairs,css,uniform,Z,3,0.0033554993741496705,0.4977278380650895,0.0,1.0,20.0,20000,2000,2000,20000,28
pairs,css,uniform,Z,3,0.003750264006402573,0.4977278380650895,0.0,1.0,20.0,20000,2000,2000,20000,56
pairs,css,uniform,Z,3,0.004145028638655475,0.4977278380650895,0.0,1.0,20.0,20000,2000,2000,20000,110
pairs,css,uniform,Z,3,0.004539793270908378,0.4977278380650895,0.0,1.0,20.0,20000,2000,2000,20000,175
pairs,css,uniform,Z,3,0.00493455790316128,0.4977278380650895,0.0,1.0,20.0,20000,2000,2000,20000,244
pairs,css,uniform,Z,3,0.005329322535414183,0.4977278380650895,0.0,1.0,20.0,20000,2000,2000,20000,345
pairs,css,uniform,Z,5,0.0017764408451380609,0.4977278380650895,0.0,1.0,20.0,20000,2000,2000,20000,0
pairs,css,uniform,Z,5,0.0021712054773909634,0.4977278380650895,0.0,1.0,20.0,20000,2000,2000,20000,0
pairs,css,uniform,Z,5,0.0025659701096438655,0.4977278380650895,0.0,1.0,20.0,20000,2000,2000,20000,1
pairs,css,uniform,Z,5,0.002960734741896768,0.4977278380650895,0.0,1.0,20.0,20000,2000,2000,20000,1
pairs,css,uniform,Z,5,0.0033554993741496705,0.4977278380650895,0.0,1.0,20.0,20000,2000,2000,20000,14
pairs,css,uniform,Z,5,0.003750264006402573,0.4977278380650895,0.0,1.0,20.0,20000,2000,2000,20000,31
pairs,css,uniform,Z,5,0.004145028638655475,0.4977278380650895,0.0,1.0,20.0,20000,2000,2000,20000,68
pairs,css,uniform,Z,5,0.004539793270908378,0.4977278380650895,0.0,1.0,20.0,20000,2000,2000,20000,156
pairs,css,uniform,Z,5,0.00493455790316128,0.4977278380650895,0.0,1.0,20.0,20000,2000,2000,20000,293
pairs,css,uniform,Z,5,0.005329322535414183,0.4977278380650895,0.0,1.0,20.0,20000,2000,2000,20000,531
pairs,css,uniform,X,3,0.0017764408451380609,0.4977278380650895,0.0,1.0,20.0,20000,2000,2000,20000,0
pairs,css,uniform,X,3,0.0021712054773909634,0.4977278380650895,0.0,1.0,20.0,20000,2000,2000,20000,4
pairs,css,uniform,X,3,0.0025659701096438655,0.4977278380650895,0.0,1.0,20.0,20000,2000,2000,20000,10
pairs,css,uniform,X,3,0.002960734741896768,0.4977278380650895,0.0,1.0,20.0,20000,2000,2000,20000,32
pairs,css,uniform,X,3,0.0033554993741496705,0.4977278380650895,0.0,1.0,20.0,20000,2000,2000,20000,65
pairs,css,uniform,X,3,0.003750264006402573,0.4977278380650895,0.0,1.0,20.0,20000,2000,2000,20000,104
pairs,css,uniform,X,3,0.004145028638655475,0.4977278380650895,0.0,1.0,20.0,20000,2000,2000,20000,183
pairs,css,uniform,X,3,0.004539793270908378,0.4977278380650895,0.0,1.0,20.0,20000,2000,2000,20000,277
pairs,css,uniform,X,3,0.00493455790316128,0.4977278380650895,0.0,1.0,20.0,20000,2000,2000,20000,462
pairs,css,uniform,X,3,0.005329322535414183,0.4977278380650895,0.0,1.0,20.0,20000,2000,2000,20000,667
pairs,css,uniform,X,5,0.0017764408451380609,0.4977278380650895,0.0,1.0,20.0,20000,2000,2000,20000,0
pairs,css,uniform,X,5,0.0021712054773909634,0.4977278380650895,0.0,1.0,20.0,20000,2000,2000,20000,0
pairs,css,uniform,X,5,0.0025659701096438655,0.4977278380650895,0.0,1.0,20.0,20000,2000,2000,20000,0
pairs,css,uniform,X,5,0.002960734741896768,0.4977278380650895,0.0,1.0,20.0,20000,2000,2000,20000,11
pairs,css,uniform,X,5,0.0033554993741496705,0.4977278380650895,0.0,1.0,20.0,20000,2000,2000,20000,36
pairs,css,uniform,X,5,0.003750264006402573,0.4977278380650895,0.0,1.0,20.0,20000,2000,2000,20000,80
pairs,css,uniform,X,5,0.004145028638655475,0.4977278380650895,0.0,1.0,20.0,20000,2000,2000,20000,196
pairs,css,uniform,X,5,0.004539793270908378,0.4977278380650895,0.0,1.0,20.0,20000,2000,2000,20000,427
pairs,css,uniform,X,5,0.00493455790316128,0.4977278380650895,0.0,1.0,20.0,20000,2000,2000,20000,785
pairs,css,uniform,X,5,0.005329322535414183,0.4977278380650895,0.0,1.0,20.0,20000,2000,2000,20000,1249
pairs,css,uniform,Z,3,0.0017235862742416054,0.7156320627009602,0.0,1.0,20.0,20000,2000,2000,20000,0
pairs,css,uniform,Z,3,0.0021066054462952955,0.7156320627009602,0.0,1.0,20.0,20000,2000,2000,20000,3
pairs,css,uniform,Z,3,0.0024896246183489855,0.7156320627009602,0.0,1.0,20.0,20000,2000,2000,20000,8
pairs,css,uniform,Z,3,0.0028726437904026754,0.7156320627009602,0.0,1.0,20.0,20000,2000,2000,20000,9
pairs,css,uniform,Z,3,0.003255662962456366,0.7156320627009602,0.0,1.0,20.0,20000,2000,2000,20000,35
pairs,css,uniform,Z,3,0.0036386821345100557,0.7156320627009602,0.0,1.0,20.0,20000,2000,2000,20000,54
pairs,css,uniform,Z,3,0.004021701306563746,0.7156320627009602,0.0,1.0,20.0,20000,2000,2000,20000,119
pairs,css,uniform,Z,3,0.004404720478617436,0.7156320627009602,0.0,1.0,20.0,20000,2000,2000,20000,154
pairs,css,uniform,Z,3,0.0047877396506711255,0.7156320627009602,0.0,1.0,20.0,20000,2000,2000,20000,230
pairs,css,uniform,Z,3,0.005170758822724816,0.7156320627009602,0.0,1.0,20.0,20000,2000,2000,20000,343
pairs,css,uniform,Z,5,0.0017235862742416054,0.7156320627009602,0.0,1.0,20.0,20000,2000,2000,20000,0
pairs,css,uniform,Z,5,0.0021066054462952955,0.7156320627009602,0.0,1.0,20.0,20000,2000,2000,20000,0
pairs,css,uniform,Z,5,0.0024896246183489855,0.7156320627009602,0.0,1.0,20.0,20000,2000,2000,20000,0
pairs,css,uniform,Z,5,0.0028726437904026754,0.7156320627009602,0.0,1.0,20.0,20000,2000,2000,20000,5
pairs,css,uniform,Z,5,0.003255662962456366,0.7156320627009602,0.0,1.0,20.0,20000,2000,2000,20000,11
pairs,css,uniform,Z,5,0.0036386821345100557,0.7156320627009602,0.0,1.0,20.0,20000,2000,2000,20000,34
pairs,css,uniform,Z,5,0.004021701306563746,0.7156320627009602,0.0,1.0,20.0,20000,2000,2000,20000,82
pairs,css,uniform,Z,5,0.004404720478617436,0.7156320627009602,0.0,1.0,20.0,20000,2000,2000,20000,192
pairs,css,uniform,Z,5,0.0047877396506711255,0.7156320627009602,0.0,1.0,20.0,20000,2000,2000,20000,313
pairs,css,uniform,Z,5,0.005170758822724816,0.7156320627009602,0.0,1.0,20.0,20000,2000,2000,20000,595
pairs,css,uniform,X,3,0.0017235862742416054,0.7156320627009602,0.0,1.0,20.0,20000,2000,2000,20000,1
pairs,css,uniform,X,3,0.0021066054462952955,0.7156320627009602,0.0,1.0,20.0,20000,2000,2000,20000,5
pairs,css,uniform,X,3,0.0024896246183489855,0.7156320627009602,0.0,1.0,20.0,20000,2000,2000,20000,8
pairs,css,uniform,X,3,0.0028726437904026754,0.7156320627009602,0.0,1.0,20.0,20000,2000,2000,20000,22
pairs,css,uniform,X,3,0.003255662962456366,0.7156320627009602,0.0,1.0,20.0,20000,2000,2000,20000,66
pairs,css,uniform,X,3,0.0036386821345100557,0.7156320627009602,0.0,1.0,20.0,20000,2000,2000,20000,94
pairs,css,uniform,X,3,0.004021701306563746,0.7156320627009602,0.0,1.0,20.0,20000,2000,2000,20000,184
pairs,css,uniform,X,3,0.004404720478617436,0.7156320627009602,0.0,1.0,20.0,20000,2000,2000,20000,263
pairs,css,uniform,X,3,0.0047877396506711255,0.7156320627009602,0.0,1.0,20.0,20000,2000,2000,20000,422
pairs,css,uniform,X,3,0.005170758822724816,0.7156320627009602,0.0,1.0,20.0,20000,2000,2000,20000,573
pairs,css,uniform,X,5,0.0017235862742416054,0.7156320627009602,0.0,1.0,20.0,20000,2000,2000,20000,0
pairs,css,uniform,X,5,0.0021066054462952955,0.7156320627009602,0.0,1.0,20.0,20000,2000,2000,20000,0
pairs,css,uniform,X,5,0.0024896246183489855,0.7156320627009602,0.0,1.0,20.0,20000,2000,2000,20000,0
pairs,css,uniform,X,5,0.0028726437904026754,0.7156320627009602,0.0,1.0,20.0,20000,2000,2000,20000,6
pairs,css,uniform,X,5,0.003255662962456366,0.7156320627009602,0.0,1.0,20.0,20000,2000,2000,20000,28
pairs,css,uniform,X,5,0.0036386821345100557,0.7156320627009602,0.0,1.0,20.0,20000,2000,2000,20000,73
pairs,css,uniform,X,5,0.004021701306563746,0.7156320627009602,0.0,1.0,20.0,20000,2000,2000,20000,198
pairs,css,uniform,X,5,0.004404720478617436,0.7156320627009602,0.0,1.0,20.0,20000,2000,2000,20000,375
pairs,css,uniform,X,5,0.0047877396506711255,0.7156320627009602,0.0,1.0,20.0,20000,2000,2000,20000,698
pairs,css,uniform,X,5,0.005170758822724816,0.7156320627009602,0.0,1.0,20.0,20000,2000,2000,20000,1204
pairs,css,uniform,Z,3,0.0017552671287100652,0.9362080597838028,0.0,1.0,20.0,20000,2000,2000,20000,1
pairs,css,uniform,Z,3,0.0021453264906456356,0.9362080597838028,0.0,1.0,20.0,20000,2000,2000,20000,5
pairs,css,uniform,Z,3,0.002535385852581205,0.9362080597838028,0.0,1.0,20.0,20000,2000,2000,20000,6
pairs,css,uniform,Z,3,0.002925445214516775,0.9362080597838028,0.0,1.0,20.0,20000,2000,2000,20000,19
pairs,css,uniform,Z,3,0.0033155045764523454,0.9362080597838028,0.0,1.0,20.0,20000,2000,2000,20000,39
pairs,css,uniform,Z,3,0.0037055639383879154,0.9362080597838028,0.0,1.0,20.0,20000,2000,2000,20000,82
pairs,css,uniform,Z,3,0.004095623300323485,0.9362080597838028,0.0,1.0,20.0,20000,2000,2000,20000,122
pairs,css,uniform,Z,3,0.004485682662259055,0.9362080597838028,0.0,1.0,20.0,20000,2000,2000,20000,183
pairs,css,uniform,Z,3,0.004875742024194625,0.9362080597838028,0.0,1.0,20.0,20000,2000,2000,20000,250
pairs,css,uniform,Z,3,0.005265801386130196,0.9362080597838028,0.0,1.0,20.0,20000,2000,2000,20000,344
pairs,css,uniform,Z,5,0.0017552671287100652,0.9362080597838028,0.0,1.0,20.0,20000,2000,2000,20000,0
pairs,css,uniform,Z,5,0.0021453264906456356,0.9362080597838028,0.0,1.0,20.0,20000,2000,2000,20000,0
pairs,css,uniform,Z,5,0.002535385852581205,0.9362080597838028,0.0,1.0,20.0,20000,2000,2000,20000,1
pairs,css,uniform,Z,5,0.002925445214516775,0.9362080597838028,0.0,1.0,20.0,20000,2000,2000,20000,8
pairs,css,uniform,Z,5,0.0033155045764523454,0.9362080597838028,0.0,1.0,20.0,20000,2000,2000,20000,12
pairs,css,uniform,Z,5,0.0037055639383879154,0.9362080597838028,0.0,1.0,20.0,20000,2000,2000,20000,27
pairs,css,uniform,Z,5,0.004095623300323485,0.9362080597838028,0.0,1.0,20.0,20000,2000,2000,20000,72
pairs,css,uniform,Z,5,0.004485682662259055,0.9362080597838028,0.0,1.0,20.0,20000,2000,2000,20000,176
pairs,css,uniform,Z,5,0.004875742024194625,0.9362080597838028,0.0,1.0,20.0,20000,2000,2000,20000,340
pairs,css,uniform,Z,5,0.005265801386130196,0.9362080597838028,0.0,1.0,20.0,20000,2000,2000,20000,594
pairs,css,uniform,X,3,0.0017552671287100652,0.9362080597838028,0.0,1.0,20.0,20000,2000,2000,20000,1
pairs,css,uniform,X,3,0.0021453264906456356,0.9362080597838028,0.0,1.0,20.0,20000,2000,2000,20000,1
pairs,css,uniform,X,3,0.002535385852581205,0.9362080597838028,0.0,1.0,20.0,20000,2000,2000,20000,10
pairs,css,uniform,X,3,0.002925445214516775,0.9362080597838028,0.0,1.0,20.0,20000,2000,2000,20000,21
pairs,css,uniform,X,3,0.0033155045764523454,0.9362080597838028,0.0,1.0,20.0,20000,2000,2000,20000,46
pairs,css,uniform,X,3,0.0037055639383879154,0.9362080597838028,0.0,1.0,20.0,20000,2000,2000,20000,89
pairs,css,uniform,X,3,0.004095623300323485,0.9362080597838028,0.0,1.0,20.0,20000,2000,2000,20000,144
pairs,css,uniform,X,3,0.004485682662259055,0.9362080597838028,0.0,1.0,20.0,20000,2000,2000,20000,255
pairs,css,uniform,X,3,0.004875742024194625,0.9362080597838028,0.0,1.0,20.0,20000,2000,2000,20000,400
pairs,css,uniform,X,3,0.005265801386130196,0.9362080597838028,0.0,1.0,20.0,20000,2000,2000,20000,511
pairs,css,uniform,X,5,0.0017552671287100652,0.9362080597838028,0.0,1.0,20.0,20000,2000,2000,20000,0
pairs,css,uniform,X,5,0.0021453264906456356,0.9362080597838028,0.0,1.0,20.0,20000,2000,2000,20000,1
pairs,css,uniform,X,5,0.002535385852581205,0.9362080597838028,0.0,1.0,20.0,20000,2000,2000,20000,1
pairs,css,uniform,X,5,0.002925445214516775,0.9362080597838028,0.0,1.0,20.0,20000,2000,2000,20000,4
pairs,css,uniform,X,5,0.0033155045764523454,0.9362080597838028,0.0,1.0,20.0,20000,2000,2000,20000,20
pairs,css,uniform,X,5,0.0037055639383879154,0.9362080597838028,0.0,1.0,20.0,20000,2000,2000,20000,57
pairs,css,uniform,X,5,0.004095623300323485,0.9362080597838028,0.0,1.0,20.0,20000,2000,2000,20000,169
pairs,css,uniform,X,5,0.004485682662259055,0.9362080597838028,0.0,1.0,20.0,20000,2000,2000,20000,347
pairs,css,uniform,X,5,0.004875742024194625,0.9362080597838028,0.0,1.0,20.0,20000,2000,2000,20000,600
pairs,css,uniform,X,5,0.005265801386130196,0.9362080597838028,0.0,1.0,20.0,20000,2000,2000,20000,1002
pairs,css,uniform,Z,3,0.0018671853741401474,1.1395720646440985,0.0,1.0,20.0,20000,2000,2000,20000,0
pairs,css,uniform,Z,3,0.0022821154572824024,1.1395720646440985,0.0,1.0,20.0,20000,2000,2000,20000,6
pairs,css,uniform,Z,3,0.002697045540424657,1.1395720646440985,0.0,1.0,20.0,20000,2000,2000,20000,12
pairs,css,uniform,Z,3,0.003111975623566912,1.1395720646440985,0.0,1.0,20.0,20000,2000,2000,20000,15
pairs,css,uniform,Z,3,0.003526905706709167,1.1395720646440985,0.0,1.0,20.0,20000,2000,2000,20000,28
pairs,css,uniform,Z,3,0.003941835789851422,1.1395720646440985,0.0,1.0,20.0,20000,2000,2000,20000,76
pairs,css,uniform,Z,3,0.004356765872993677,1.1395720646440985,0.0,1.0,20.0,20000,2000,2000,20000,101
pairs,css,uniform,Z,3,0.004771695956135932,1.1395720646440985,0.0,1.0,20.0,20000,2000,2000,20000,164
pairs,css,uniform,Z,3,0.005186626039278187,1.1395720646440985,0.0,1.0,20.0,20000,2000,2000,20000,256
pairs,css,uniform,Z,3,0.005601556122420442,1.1395720646440985,0.0,1.0,20.0,20000,2000,2000,20000,367
pairs,css,uniform,Z,5,0.0018671853741401474,1.1395720646440985,0.0,1.0,20.0,20000,2000,2000,20000,0
pairs,css,uniform,Z,5,0.0022821154572824024,1.1395720646440985,0.0,1.0,20.0,20000,2000,2000,20000,0
pairs,css,uniform,Z,5,0.002697045540424657,1.1395720646440985,0.0,1.0,20.0,20000,2000,2000,20000,0
pairs,css,uniform,Z,5,0.003111975623566912,1.1395720646440985,0.0,1.0,20.0,20000,2000,2000,20000,3
pairs,css,uniform,Z,5,0.003526905706709167,1.1395720646440985,0.0,1.0,20.0,20000,2000,2000,20000,6
pairs,css,uniform,Z,5,0.003941835789851422,1.1395720646440985,0.0,1.0,20.0,20000,2000,2000,20000,25
pairs,css,uniform,Z,5,0.004356765872993677,1.1395720646440985,0.0,1.0,20.0,20000,2000,2000,20000,73
pairs,css,uniform,Z,5,0.004771695956135932,1.1395720646440985,0.0,1.0,20.0,20000,2000,2000,20000,165
pairs,css,uniform,Z,5,0.005186626039278187,1.1395720646440985,0.0,1.0,20.0,20000,2000,2000,20000,340
pairs,css,uniform,Z,5,0.005601556122420442,1.1395720646440985,0.0,1.0,20.0,20000,2000,2000,20000,620
pairs,css,uniform,X,3,0.0018671853741401474,1.1395720646440985,0.0,1.0,20.0,20000,2000,2000,20000,2
pairs,css,uniform,X,3,0.0022821154572824024,1.1395720646440985,0.0,1.0,20.0,20000,2000,2000,20000,2
pairs,css,uniform,X,3,0.002697045540424657,1.1395720646440985,0.0,1.0,20.0,20000,2000,2000,20000,10
pairs,css,uniform,X,3,0.003111975623566912,1.1395720646440985,0.0,1.0,20.0,20000,2000,2000,20000,27
pairs,css,uniform,X,3,0.003526905706709167,1.1395720646440985,0.0,1.0,20.0,20000,2000,2000,20000,54
pairs,css,uniform,X,3,0.003941835789851422,1.1395720646440985,0.0,1.0,20.0,20000,2000,2000,20000,85
pairs,css,uniform,X,3,0.004356765872993677,1.1395720646440985,0.0,1.0,20.0,20000,2000,2000,20000,153
pairs,css,uniform,X,3,0.004771695956135932,1.1395720646440985,0.0,1.0,20.0,20000,2000,2000,20000,238
pairs,css,uniform,X,3,0.005186626039278187,1.1395720646440985,0.0,1.0,20.0,20000,2000,2000,20000,337
pairs,css,uniform,X,3,0.005601556122420442,1.1395720646440985,0.0,1.0,20.0,20000,2000,2000,20000,485
pairs,css,uniform,X,5,0.0018671853741401474,1.1395720646440985,0.0,1.0,20.0,20000,2000,2000,20000,1
pairs,css,uniform,X,5,0.0022821154572824024,1.1395720646440985,0.0,1.0,20.0,20000,2000,2000,20000,0
pairs,css,uniform,X,5,0.002697045540424657,1.1395720646440985,0.0,1.0,20.0,20000,2000,2000,20000,2
pairs,css,uniform,X,5,0.003111975623566912,1.1395720646440985,0.0,1.0,20.0,20000,2000,2000,20000,8
pairs,css,uniform,X,5,0.003526905706709167,1.1395720646440985,0.0,1.0,20.0,20000,2000,2000,20000,25
pairs,css,uniform,X,5,0.003941835789851422,1.1395720646440985,0.0,1.0,20.0,20000,2000,2000,20000,59
pairs,css,uniform,X,5,0.004356765872993677,1.1395720646440985,0.0,1.0,20.0,20000,2000,2000,20000,125
pairs,css,uniform,X,5,0.004771695956135932,1.1395720646440985,0.0,1.0,20.0,20000,2000,2000,20000,263
pairs,css,uniform,X,5,0.005186626039278187,1.1395720646440985,0.0,1.0,20.0,20000,2000,2000,20000,526
pairs,css,uniform,X,5,0.005601556122420442,1.1395720646440985,0.0,1.0,20.0,20000,2000,2000,20000,920
pairs,css,uniform,Z,3,0.0020462172977405097,1.3136985209035974,0.0,1.0,20.0,20000,2000,2000,20000,2
pairs,css,uniform,Z,3,0.0025009322527939563,1.3136985209035974,0.0,1.0,20.0,20000,2000,2000,20000,7
pairs,css,uniform,Z,3,0.002955647207847403,1.3136985209035974,0.0,1.0,20.0,20000,2000,2000,20000,9
pairs,css,uniform,Z,3,0.003410362162900849,1.3136985209035974,0.0,1.0,20.0,20000,2000,2000,20000,16
pairs,css,uniform,Z,3,0.003865077117954296,1.3136985209035974,0.0,1.0,20.0,20000,2000,2000,20000,25
pairs,css,uniform,Z,3,0.0043197920730077425,1.3136985209035974,0.0,1.0,20.0,20000,2000,2000,20000,60
pairs,css,uniform,Z,3,0.004774507028061189,1.3136985209035974,0.0,1.0,20.0,20000,2000,2000,20000,91
pairs,css,uniform,Z,3,0.005229221983114636,1.3136985209035974,0.0,1.0,20.0,20000,2000,2000,20000,155
pairs,css,uniform,Z,3,0.005683936938168082,1.3136985209035974,0.0,1.0,20.0,20000,2000,2000,20000,250
pairs,css,uniform,Z,3,0.006138651893221529,1.3136985209035974,0.0,1.0,20.0,20000,2000,2000,20000,345
pairs,css,uniform,Z,5,0.0020462172977405097,1.3136985209035974,0.0,1.0,20.0,20000,2000,2000,20000,0
pairs,css,uniform,Z,5,0.0025009322527939563,1.3136985209035974,0.0,1.0,20.0,20000,2000,2000,20000,0
pairs,css,uniform,Z,5,0.002955647207847403,1.3136985209035974,0.0,1.0,20.0,20000,2000,2000,20000,1
pairs,css,uniform,Z,5,0.003410362162900849,1.3136985209035974,0.0,1.0,20.0,20000,2000,2000,20000,5
pairs,css,uniform,Z,5,0.003865077117954296,1.3136985209035974,0.0,1.0,20.0,20000,2000,2000,20000,14
pairs,css,uniform,Z,5,0.0043197920730077425,1.3136985209035974,0.0,1.0,20.0,20000,2000,2000,20000,34
pairs,css,uniform,Z,5,0.004774507028061189,1.3136985209035974,0.0,1.0,20.0,20000,2000,2000,20000,82
pairs,css,uniform,Z,5,0.005229221983114636,1.3136985209035974,0.0,1.0,20.0,20000,2000,2000,20000,180
pairs,css,uniform,Z,5,0.005683936938168082,1.3136985209035974,0.0,1.0,20.0,20000,2000,2000,20000,356
pairs,css,uniform,Z,5,0.006138651893221529,1.3136985209035974,0.0,1.0,20.0,20000,2000,2000,20000,579
pairs,css,uniform,X,3,0.0020462172977405097,1.3136985209035974,0.0,1.0,20.0,20000,2000,2000,20000,1
pairs,css,uniform,X,3,0.0025009322527939563,1.3136985209035974,0.0,1.0,20.0,20000,2000,2000,20000,5
pairs,css,uniform,X,3,0.002955647207847403,1.3136985209035974,0.0,1.0,20.0,20000,2000,2000,20000,8
pairs,css,uniform,X,3,0.003410362162900849,1.3136985209035974,0.0,1.0,20.0,20000,2000,2000,20000,27
pairs,css,uniform,X,3,0.003865077117954296,1.3136985209035974,0.0,1.0,20.0,20000,2000,2000,20000,43
pairs,css,uniform,X,3,0.0043197920730077425,1.3136985209035974,0.0,1.0,20.0,20000,2000,2000,20000,76
pairs,css,uniform,X,3,0.004774507028061189,1.3136985209035974,0.0,1.0,20.0,20000,2000,2000,20000,129
pairs,css,uniform,X,3,0.005229221983114636,1.3136985209035974,0.0,1.0,20.0,20000,2000,2000,20000,174
pairs,css,uniform,X,3,0.005683936938168082,1.3136985209035974,0.0,1.0,20.0,20000,2000,2000,20000,306
pairs,css,uniform,X,3,0.006138651893221529,1.3136985209035974,0.0,1.0,20.0,20000,2000,2000,20000,425
pairs,css,uniform,X,5,0.0020462172977405097,1.3136985209035974,0.0,1.0,20.0,20000,2000,2000,20000,0
pairs,css,uniform,X,5,0.0025009322527939563,1.3136985209035974,0.0,1.0,20.0,20000,2000,2000,20000,0
pairs,css,uniform,X,5,0.002955647207847403,1.3136985209035974,0.0,1.0,20.0,20000,2000,2000,20000,0
pairs,css,uniform,X,5,0.003410362162900849,1.3136985209035974,0.0,1.0,20.0,20000,2000,2000,20000,5
pairs,css,uniform,X,5,0.003865077117954296,1.3136985209035974,0.0,1.0,20.0,20000,2000,2000,20000,15
pairs,css,uniform,X,5,0.0043197920730077425,1.3136985209035974,0.0,1.0,20.0,20000,2000,2000,20000,49
pairs,css,uniform,X,5,0.004774507028061189,1.3136985209035974,0.0,1.0,20.0,20000,2000,2000,20000,106
pairs,css,uniform,X,5,0.005229221983114636,1.3136985209035974,0.0,1.0,20.0,20000,2000,2000,20000,239
pairs,css,uniform,X,5,0.005683936938168082,1.3136985209035974,0.0,1.0,20.0,20000,2000,2000,20000,482
pairs,css,uniform,X,5,0.006138651893221529,1.3136985209035974,0.0,1.0,20.0,20000,2000,2000,20000,791
pairs,css,uniform,Z,3,0.0022765840018850294,1.4562737327696664,0.0,1.0,20.0,20000,2000,2000,20000,1
pairs,css,uniform,Z,3,0.0027824915578594806,1.4562737327696664,0.0,1.0,20.0,20000,2000,2000,20000,3
pairs,css,uniform,Z,3,0.0032883991138339314,1.4562737327696664,0.0,1.0,20.0,20000,2000,2000,20000,8
pairs,css,uniform,Z,3,0.003794306669808382,1.4562737327696664,0.0,1.0,20.0,20000,2000,2000,20000,21
pairs,css,uniform,Z,3,0.0043002142257828335,1.4562737327696664,0.0,1.0,20.0,20000,2000,2000,20000,35
pairs,css,uniform,Z,3,0.004806121781757284,1.4562737327696664,0.0,1.0,20.0,20000,2000,2000,20000,57
pairs,css,uniform,Z,3,0.005312029337731734,1.4562737327696664,0.0,1.0,20.0,20000,2000,2000,20000,89
pairs,css,uniform,Z,3,0.0058179368937061856,1.4562737327696664,0.0,1.0,20.0,20000,2000,2000,20000,162
pairs,css,uniform,Z,3,0.006323844449680637,1.4562737327696664,0.0,1.0,20.0,20000,2000,2000,20000,254
pairs,css,uniform,Z,3,0.006829752005655088,1.4562737327696664,0.0,1.0,20.0,20000,2000,2000,20000,363
pairs,css,uniform,Z,5,0.0022765840018850294,1.4562737327696664,0.0,1.0,20.0,20000,2000,2000,20000,1
pairs,css,uniform,Z,5,0.0027824915578594806,1.4562737327696664,0.0,1.0,20.0,20000,2000,2000,20000,0
pairs,css,uniform,Z,5,0.0032883991138339314,1.4562737327696664,0.0,1.0,20.0,20000,2000,2000,20000,2
pairs,css,uniform,Z,5,0.003794306669808382,1.4562737327696664,0.0,1.0,20.0,20000,2000,2000,20000,2
pairs,css,uniform,Z,5,0.0043002142257828335,1.4562737327696664,0.0,1.0,20.0,20000,2000,2000,20000,16
pairs,css,uniform,Z,5,0.004806121781757284,1.4562737327696664,0.0,1.0,20.0,20000,2000,2000,20000,35
pairs,css,uniform,Z,5,0.005312029337731734,1.4562737327696664,0.0,1.0,20.0,20000,2000,2000,20000,89
pairs,css,uniform,Z,5,0.0058179368937061856,1.4562737327696664,0.0,1.0,20.0,20000,2000,2000,20000,164
pairs,css,uniform,Z,5,0.006323844449680637,1.4562737327696664,0.0,1.0,20.0,20000,2000,2000,20000,337
pairs,css,uniform,Z,5,0.006829752005655088,1.4562737327696664,0.0,1.0,20.0,20000,2000,2000,20000,611
pairs,css,uniform,X,3,0.0022765840018850294,1.4562737327696664,0.0,1.0,20.0,20000,2000,2000,20000,2
pairs,css,uniform,X,3,0.0027824915578594806,1.4562737327696664,0.0,1.0,20.0,20000,2000,2000,20000,1
pairs,css,uniform,X,3,0.0032883991138339314,1.4562737327696664,0.0,1.0,20.0,20000,2000,2000,20000,10
pairs,css,uniform,X,3,0.003794306669808382,1.4562737327696664,0.0,1.0,20.0,20000,2000,2000,20000,23
pairs,css,uniform,X,3,0.0043002142257828335,1.4562737327696664,0.0,1.0,20.0,20000,2000,2000,20000,37
pairs,css,uniform,X,3,0.004806121781757284,1.4562737327696664,0.0,1.0,20.0,20000,2000,2000,20000,65
pairs,css,uniform,X,3,0.005312029337731734,1.4562737327696664,0.0,1.0,20.0,20000,2000,2000,20000,137
pairs,css,uniform,X,3,0.0058179368937061856,1.4562737327696664,0.0,1.0,20.0,20000,2000,2000,20000,183
pairs,css,uniform,X,3,0.006323844449680637,1.4562737327696664,0.0,1.0,20.0,20000,2000,2000,20000,311
pairs,css,uniform,X,3,0.006829752005655088,1.4562737327696664,0.0,1.0,20.0,20000,2000,2000,20000,381
pairs,css,uniform,X,5,0.0022765840018850294,1.4562737327696664,0.0,1.0,20.0,20000,2000,2000,20000,0
pairs,css,uniform,X,5,0.0027824915578594806,1.4562737327696664,0.0,1.0,20.0,20000,2000,2000,20000,0
pairs,css,uniform,X,5,0.0032883991138339314,1.4562737327696664,0.0,1.0,20.0,20000,2000,2000,20000,0
pairs,css,uniform,X,5,0.003794306669808382,1.4562737327696664,0.0,1.0,20.0,20000,2000,2000,20000,2
pairs,css,uniform,X,5,0.0043002142257828335,1.4562737327696664,0.0,1.0,20.0,20000,2000,2000,20000,15
pairs,css,uniform,X,5,0.004806121781757284,1.4562737327696664,0.0,1.0,20.0,20000,2000,2000,20000,48
pairs,css,uniform,X,5,0.005312029337731734,1.4562737327696664,0.0,1.0,20.0,20000,2000,2000,20000,101
pairs,css,uniform,X,5,0.0058179368937061856,1.4562737327696664,0.0,1.0,20.0,20000,2000,2000,20000,224
pairs,css,uniform,X,5,0.006323844449680637,1.4562737327696664,0.0,1.0,20.0,20000,2000,2000,20000,409
pairs,css,uniform,X,5,0.006829752005655088,1.4562737327696664,0.0,1.0,20.0,20000,2000,2000,20000,663
pairs,css,uniform,Z,3,0.0025443800198873636,1.5707963267948966,0.0,1.0,20.0,20000,2000,2000,20000,0
pairs,css,uniform,Z,3,0.003109797802084556,1.5707963267948966,0.0,1.0,20.0,20000,2000,2000,20000,4
pairs,css,uniform,Z,3,0.0036752155842817475,1.5707963267948966,0.0,1.0,20.0,20000,2000,2000,20000,14
pairs,css,uniform,Z,3,0.004240633366478939,1.5707963267948966,0.0,1.0,20.0,20000,2000,2000,20000,18
pairs,css,uniform,Z,3,0.004806051148676131,1.5707963267948966,0.0,1.0,20.0,20000,2000,2000,20000,45
pairs,css,uniform,Z,3,0.005371468930873324,1.5707963267948966,0.0,1.0,20.0,20000,2000,2000,20000,86
pairs,css,uniform,Z,3,0.005936886713070515,1.5707963267948966,0.0,1.0,20.0,20000,2000,2000,20000,101
pairs,css,uniform,Z,3,0.006502304495267707,1.5707963267948966,0.0,1.0,20.0,20000,2000,2000,20000,174
pairs,css,uniform,Z,3,0.0070677222774648985,1.5707963267948966,0.0,1.0,20.0,20000,2000,2000,20000,257
pairs,css,uniform,Z,3,0.007633140059662091,1.5707963267948966,0.0,1.0,20.0,20000,2000,2000,20000,379
pairs,css,uniform,Z,5,0.0025443800198873636,1.5707963267948966,0.0,1.0,20.0,20000,2000,2000,20000,0
pairs,css,uniform,Z,5,0.003109797802084556,1.5707963267948966,0.0,1.0,20.0,20000,2000,2000,20000,1
pairs,css,uniform,Z,5,0.0036752155842817475,1.5707963267948966,0.0,1.0,20.0,20000,2000,2000,20000,0
pairs,css,uniform,Z,5,0.004240633366478939,1.5707963267948966,0.0,1.0,20.0,20000,2000,2000,20000,2
pairs,css,uniform,Z,5,0.004806051148676131,1.5707963267948966,0.0,1.0,20.0,20000,2000,2000,20000,12
pairs,css,uniform,Z,5,0.005371468930873324,1.5707963267948966,0.0,1.0,20.0,20000,2000,2000,20000,36
pairs,css,uniform,Z,5,0.005936886713070515,1.5707963267948966,0.0,1.0,20.0,20000,2000,2000,20000,60
pairs,css,uniform,Z,5,0.006502304495267707,1.5707963267948966,0.0,1.0,20.0,20000,2000,2000,20000,173
pairs,css,uniform,Z,5,0.0070677222774648985,1.5707963267948966,0.0,1.0,20.0,20000,2000,2000,20000,370
pairs,css,uniform,Z,5,0.007633140059662091,1.5707963267948966,0.0,1.0,20.0,20000,2000,2000,20000,614
pairs,css,uniform,X,3,0.0025443800198873636,1.5707963267948966,0.0,1.0,20.0,20000,2000,2000,20000,1
pairs,css,uniform,X,3,0.003109797802084556,1.5707963267948966,0.0,1.0,20.0,20000,2000,2000,20000,3
pairs,css,uniform,X,3,0.0036752155842817475,1.5707963267948966,0.0,1.0,20.0,20000,2000,2000,20000,6
pairs,css,uniform,X,3,0.004240633366478939,1.5707963267948966,0.0,1.0,20.0,20000,2000,2000,20000,15
pairs,css,uniform,X,3,0.004806051148676131,1.5707963267948966,0.0,1.0,20.0,20000,2000,2000,20000,30
pairs,css,uniform,X,3,0.005371468930873324,1.5707963267948966,0.0,1.0,20.0,20000,2000,2000,20000,63
pairs,css,uniform,X,3,0.005936886713070515,1.5707963267948966,0.0,1.0,20.0,20000,2000,2000,20000,115
pairs,css,uniform,X,3,0.006502304495267707,1.5707963267948966,0.0,1.0,20.0,20000,2000,2000,20000,174
pairs,css,uniform,X,3,0.0070677222774648985,1.5707963267948966,0.0,1.0,20.0,20000,2000,2000,20000,290
pairs,css,uniform,X,3,0.007633140059662091,1.5707963267948966,0.0,1.0,20.0,20000,2000,2000,20000,347
pairs,css,uniform,X,5,0.0025443800198873636,1.5707963267948966,0.0,1.0,20.0,20000,2000,2000,20000,1
pairs,css,uniform,X,5,0.003109797802084556,1.5707963267948966,0.0,1.0,20.0,20000,2000,2000,20000,0
pairs,css,uniform,X,5,0.0036752155842817475,1.5707963267948966,0.0,1.0,20.0,20000,2000,2000,20000,1
pairs,css,uniform,X,5,0.004240633366478939,1.5707963267948966,0.0,1.0,20.0,20000,2000,2000,20000,4
pairs,css,uniform,X,5,0.004806051148676131,1.5707963267948966,0.0,1.0,20.0,20000,2000,2000,20000,16
pairs,css,uniform,X,5,0.005371468930873324,1.5707963267948966,0.0,1.0,20.0,20000,2000,2000,20000,32
pairs,css,uniform,X,5,0.005936886713070515,1.5707963267948966,0.0,1.0,20.0,20000,2000,2000,20000,88
pairs,css,uniform,X,5,0.006502304495267707,1.5707963267948966,0.0,1.0,20.0,20000,2000,2000,20000,136
pairs,css,uniform,X,5,0.0070677222774648985,1.5707963267948966,0.0,1.0,20.0,20000,2000,2000,20000,356
pairs,css,uniform,X,5,0.007633140059662091,1.5707963267948966,0.0,1.0,20.0,20000,2000,2000,20000,635
pairs,css,uniform,Z,3,0.005246659287016982,0.0,0.1290734287879978,1.0,20.0,20000,2000,2000,20000,84
pairs,css,uniform,Z,3,0.006412583573020756,0.0,0.1290734287879978,1.0,20.0,20000,2000,2000,20000,214
pairs,css,uniform,Z,3,0.007578507859024529,0.0,0.1290734287879978,1.0,20.0,20000,2000,2000,20000,443
pairs,css,uniform,Z,3,0.008744432145028304,0.0,0.1290734287879978,1.0,20.0,20000,2000,2000,20000,867
pairs,css,uniform,Z,3,0.009910356431032077,0.0,0.1290734287879978,1.0,20.0,20000,2000,2000,20000,1430
pairs,css,uniform,Z,3,0.011076280717035852,0.0,0.1290734287879978,1.0,20.0,20000,2000,2000,20000,2080
pairs,css,uniform,Z,3,0.012242205003039623,0.0,0.1290734287879978,1.0,20.0,20000,2000,2000,14000,2072
pairs,css,uniform,Z,3,0.013408129289043398,0.0,0.1290734287879978,1.0,20.0,20000,2000,2000,12000,2257
pairs,css,uniform,Z,3,0.014574053575047171,0.0,0.1290734287879978,1.0,20.0,20000,2000,2000,10000,2280
pairs,css,uniform,Z,3,0.015739977861050948,0.0,0.1290734287879978,1.0,20.0,20000,2000,2000,8000,2193
pairs,css,uniform,Z,5,0.005246659287016982,0.0,0.1290734287879978,1.0,20.0,20000,2000,2000,20000,38
pairs,css,uniform,Z,5,0.006412583573020756,0.0,0.1290734287879978,1.0,20.0,20000,2000,2000,20000,266
pairs,css,uniform,Z,5,0.007578507859024529,0.0,0.1290734287879978,1.0,20.0,20000,2000,2000,20000,834
pairs,css,uniform,Z,5,0.008744432145028304,0.0,0.1290734287879978,1.0,20.0,20000,2000,2000,20000,1996
pairs,css,uniform,Z,5,0.009910356431032077,0.0,0.1290734287879978,1.0,20.0,20000,2000,2000,12000,2198
pairs,css,uniform,Z,5,0.011076280717035852,0.0,0.1290734287879978,1.0,20.0,20000,2000,2000,8000,2166
pairs,css,uniform,Z,5,0.012242205003039623,0.0,0.1290734287879978,1.0,20.0,20000,2000,2000,6000,2044
pairs,css,uniform,Z,5,0.013408129289043398,0.0,0.1290734287879978,1.0,20.0,20000,2000,2000,6000,2484
pairs,css,uniform,Z,5,0.014574053575047171,0.0,0.1290734287879978,1.0,20.0,20000,2000,2000,6000,2610
pairs,css,uniform,Z,5,0.015739977861050948,0.0,0.1290734287879978,1.0,20.0,20000,2000,2000,6000,2864
pairs,css,uniform,X,3,0.002098663714806793,0.0,0.1290734287879978,1.0,20.0,20000,2000,2000,20000,2
pairs,css,uniform,X,3,0.0025650334292083026,0.0,0.1290734287879978,1.0,20.0,20000,2000,2000,20000,6
pairs,css,uniform,X,3,0.0030314031436098118,0.0,0.1290734287879978,1.0,20.0,20000,2000,2000,20000,20
pairs,css,uniform,X,3,0.0034977728580113214,0.0,0.1290734287879978,1.0,20.0,20000,2000,2000,20000,38
pairs,css,uniform,X,3,0.003964142572412831,0.0,0.1290734287879978,1.0,20.0,20000,2000,2000,20000,66
pairs,css,uniform,X,3,0.004430512286814341,0.0,0.1290734287879978,1.0,20.0,20000,2000,2000,20000,146
pairs,css,uniform,X,3,0.0048968820012158494,0.0,0.1290734287879978,1.0,20.0,20000,2000,2000,20000,253
pairs,css,uniform,X,3,0.005363251715617359,0.0,0.1290734287879978,1.0,20.0,20000,2000,2000,20000,334
pairs,css,uniform,X,3,0.005829621430018869,0.0,0.1290734287879978,1.0,20.0,20000,2000,2000,20000,504
pairs,css,uniform,X,3,0.006295991144420379,0.0,0.1290734287879978,1.0,20.0,20000,2000,2000,20000,754
pairs,css,uniform,X,5,0.002098663714806793,0.0,0.1290734287879978,1.0,20.0,20000,2000,2000,20000,0
pairs,css,uniform,X,5,0.0025650334292083026,0.0,0.1290734287879978,1.0,20.0,20000,2000,2000,20000,0
pairs,css,uniform,X,5,0.0030314031436098118,0.0,0.1290734287879978,1.0,20.0,20000,2000,2000,20000,5
pairs,css,uniform,X,5,0.0034977728580113214,0.0,0.1290734287879978,1.0,20.0,20000,2000,2000,20000,22
pairs,css,uniform,X,5,0.003964142572412831,0.0,0.1290734287879978,1.0,20.0,20000,2000,2000,20000,48
pairs,css,uniform,X,5,0.004430512286814341,0.0,0.1290734287879978,1.0,20.0,20000,2000,2000,20000,109
pairs,css,uniform,X,5,0.0048968820012158494,0.0,0.1290734287879978,1.0,20.0,20000,2000,2000,20000,255
pairs,css,uniform,X,5,0.005363251715617359,0.0,0.1290734287879978,1.0,20.0,20000,2000,2000,20000,530
pairs,css,uniform,X,5,0.005829621430018869,0.0,0.1290734287879978,1.0,20.0,20000,2000,2000,20000,955
pairs,css,uniform,X,5,0.006295991144420379,0.0,0.1290734287879978,1.0,20.0,20000,2000,2000,20000,1622
pairs,css,uniform,Z,3,0.0046564051063561285,0.15237389960563702,0.14726331234566833,1.0,20.0,20000,2000,2000,20000,77
pairs,css,uniform,Z,3,0.005691161796657491,0.15237389960563702,0.14726331234566833,1.0,20.0,20000,2000,2000,20000,230
pairs,css,uniform,Z,3,0.006725918486958853,0.15237389960563702,0.14726331234566833,1.0,20.0,20000,2000,2000,20000,460
pairs,css,uniform,Z,3,0.007760675177260214,0.15237389960563702,0.14726331234566833,1.0,20.0,20000,2000,2000,20000,885
pairs,css,uniform,Z,3,0.008795431867561576,0.15237389960563702,0.14726331234566833,1.0,20.0,20000,2000,2000,20000,1431
pairs,css,uniform,Z,3,0.009830188557862938,0.15237389960563702,0.14726331234566833,1.0,20.0,20000,2000,2000,20000,2127
pairs,css,uniform,Z,3,0.010864945248164299,0.15237389960563702,0.14726331234566833,1.0,20.0,20000,2000,2000,14000,2073
pairs,css,uniform,Z,3,0.01189970193846566,0.15237389960563702,0.14726331234566833,1.0,20.0,20000,2000,2000,12000,2235
pairs,css,uniform,Z,3,0.012934458628767024,0.15237389960563702,0.14726331234566833,1.0,20.0,20000,2000,2000,10000,2353
pairs,css,uniform,Z,3,0.013969215319068386,0.15237389960563702,0.14726331234566833,1.0,20.0,20000,2000,2000,8000,2188
pairs,css,uniform,Z,5,0.0046564051063561285,0.15237389960563702,0.14726331234566833,1.0,20.0,20000,2000,2000,20000,53
pairs,css,uniform,Z,5,0.005691161796657491,0.15237389960563702,0.14726331234566833,1.0,20.0,20000,2000,2000,20000,265
pairs,css,uniform,Z,5,0.006725918486958853,0.15237389960563702,0.14726331234566833,1.0,20.0,20000,2000,2000,20000,865
pairs,css,uniform,Z,5,0.007760675177260214,0.15237389960563702,0.14726331234566833,1.0,20.0,20000,2000,2000,20000,2094
pairs,css,uniform,Z,5,0.008795431867561576,0.15237389960563702,0.14726331234566833,1.0,20.0,20000,2000,2000,12000,2309
pairs,css,uniform,Z,5,0.009830188557862938,0.15237389960563702,0.14726331234566833,1.0,20.0,20000,2000,2000,8000,2196
pairs,css,uniform,Z,5,0.010864945248164299,0.15237389960563702,0.14726331234566833,1.0,20.0,20000,2000,2000,6000,2035
pairs,css,uniform,Z,5,0.01189970193846566,0.15237389960563702,0.14726331234566833,1.0,20.0,20000,2000,2000,6000,2462
pairs,css,uniform,Z,5,0.012934458628767024,0.15237389960563702,0.14726331234566833,1.0,20.0,20000,2000,2000,6000,2695
pairs,css,uniform,Z,5,0.013969215319068386,0.15237389960563702,0.14726331234566833,1.0,20.0,20000,2000,2000,6000,2771
pairs,css,uniform,X,3,0.0018625620425424514,0.15237389960563702,0.14726331234566833,1.0,20.0,20000,2000,2000,20000,2
pairs,css,uniform,X,3,0.0022764647186629965,0.15237389960563702,0.14726331234566833,1.0,20.0,20000,2000,2000,20000,6
pairs,css,uniform,X,3,0.002690367394783541,0.15237389960563702,0.14726331234566833,1.0,20.0,20000,2000,2000,20000,12
pairs,css,uniform,X,3,0.0031042700709040857,0.15237389960563702,0.14726331234566833,1.0,20.0,20000,2000,2000,20000,30
pairs,css,uniform,X,3,0.0035181727470246305,0.15237389960563702,0.14726331234566833,1.0,20.0,20000,2000,2000,20000,57
pairs,css,uniform,X,3,0.003932075423145175,0.15237389960563702,0.14726331234566833,1.0,20.0,20000,2000,2000,20000,128
pairs,css,uniform,X,3,0.004345978099265719,0.15237389960563702,0.14726331234566833,1.0,20.0,20000,2000,2000,20000,203
pairs,css,uniform,X,3,0.004759880775386264,0.15237389960563702,0.14726331234566833,1.0,20.0,20000,2000,2000,20000,299
pairs,css,uniform,X,3,0.00517378345150681,0.15237389960563702,0.14726331234566833,1.0,20.0,20000,2000,2000,20000,461
pairs,css,uniform,X,3,0.0055876861276273546,0.15237389960563702,0.14726331234566833,1.0,20.0,20000,2000,2000,20000,707
pairs,css,uniform,X,5,0.0018625620425424514,0.15237389960563702,0.14726331234566833,1.0,20.0,20000,2000,2000,20000,0
pairs,css,uniform,X,5,0.0022764647186629965,0.15237389960563702,0.14726331234566833,1.0,20.0,20000,2000,2000,20000,1
pairs,css,uniform,X,5,0.002690367394783541,0.15237389960563702,0.14726331234566833,1.0,20.0,20000,2000,2000,20000,3
pairs,css,uniform,X,5,0.0031042700709040857,0.15237389960563702,0.14726331234566833,1.0,20.0,20000,2000,2000,20000,12
pairs,css,uniform,X,5,0.0035181727470246305,0.15237389960563702,0.14726331234566833,1.0,20.0,20000,2000,2000,20000,41
pairs,css,uniform,X,5,0.003932075423145175,0.15237389960563702,0.14726331234566833,1.0,20.0,20000,2000,2000,20000,94
pairs,css,uniform,X,5,0.004345978099265719,0.15237389960563702,0.14726331234566833,1.0,20.0,20000,2000,2000,20000,225
pairs,css,uniform,X,5,0.004759880775386264,0.15237389960563702,0.14726331234566833,1.0,20.0,20000,2000,2000,20000,502
pairs,css,uniform,X,5,0.00517378345150681,0.15237389960563702,0.14726331234566833,1.0,20.0,20000,2000,2000,20000,861
pairs,css,uniform,X,5,0.0055876861276273546,0.15237389960563702,0.14726331234566833,1.0,20.0,20000,2000,2000,20000,1365
pairs,css,uniform,Z,3,0.0042049753393227215,0.34283662362533157,0.1713627258678502,1.0,20.0,20000,2000,2000,20000,80
pairs,css,uniform,Z,3,0.00513941430361666,0.34283662362533157,0.1713627258678502,1.0,20.0,20000,2000,2000,20000,211
pairs,css,uniform,Z,3,0.006073853267910597,0.34283662362533157,0.1713627258678502,1.0,20.0,20000,2000,2000,20000,478
pairs,css,uniform,Z,3,0.007008292232204534,0.34283662362533157,0.1713627258678502,1.0,20.0,20000,2000,2000,20000,952
pairs,css,uniform,Z,3,0.007942731196498473,0.34283662362533157,0.1713627258678502,1.0,20.0,20000,2000,2000,20000,1493
pairs,css,uniform,Z,3,0.008877170160792413,0.34283662362533157,0.1713627258678502,1.0,20.0,20000,2000,2000,18000,2020
pairs,css,uniform,Z,3,0.009811609125086348,0.34283662362533157,0.1713627258678502,1.0,20.0,20000,2000,2000,14000,2115
pairs,css,uniform,Z,3,0.010746048089380286,0.34283662362533157,0.1713627258678502,1.0,20.0,20000,2000,2000,12000,2278
pairs,css,uniform,Z,3,0.011680487053674225,0.34283662362533157,0.1713627258678502,1.0,20.0,20000,2000,2000,10000,2405
pairs,css,uniform,Z,3,0.012614926017968164,0.34283662362533157,0.1713627258678502,1.0,20.0,20000,2000,2000,8000,2200
pairs,css,uniform,Z,5,0.0042049753393227215,0.34283662362533157,0.1713627258678502,1.0,20.0,20000,2000,2000,20000,47
pairs,css,uniform,Z,5,0.00513941430361666,0.34283662362533157,0.1713627258678502,1.0,20.0,20000,2000,2000,20000,278
pairs,css,uniform,Z,5,0.006073853267910597,0.34283662362533157,0.1713627258678502,1.0,20.0,20000,2000,2000,20000,907
pairs,css,uniform,Z,5,0.007008292232204534,0.34283662362533157,0.1713627258678502,1.0,20.0,20000,2000,2000,20000,2133
pairs,css,uniform,Z,5,0.007942731196498473,0.34283662362533157,0.1713627258678502,1.0,20.0,20000,2000,2000,12000,2188
pairs,css,uniform,Z,5,0.008877170160792413,0.34283662362533157,0.1713627258678502,1.0,20.0,20000,2000,2000,8000,2182
pairs,css,uniform,Z,5,0.009811609125086348,0.34283662362533157,0.1713627258678502,1.0,20.0,20000,2000,2000,6000,2107
pairs,css,uniform,Z,5,0.010746048089380286,0.34283662362533157,0.1713627258678502,1.0,20.0,20000,2000,2000,6000,2530
pairs,css,uniform,Z,5,0.011680487053674225,0.34283662362533157,0.1713627258678502,1.0,20.0,20000,2000,2000,6000,2719
pairs,css,uniform,X,3,0.0016819901357290885,0.34283662362533157,0.1713627258678502,1.0,20.0,20000,2000,2000,20000,0
pairs,css,uniform,X,3,0.002055765721446664,0.34283662362533157,0.1713627258678502,1.0,20.0,20000,2000,2000,20000,6
pairs,css,uniform,X,3,0.002429541307164239,0.34283662362533157,0.1713627258678502,1.0,20.0,20000,2000,2000,20000,16
pairs,css,uniform,X,3,0.0028033168928818138,0.34283662362533157,0.1713627258678502,1.0,20.0,20000,2000,2000,20000,30
pairs,css,uniform,X,3,0.003177092478599389,0.34283662362533157,0.1713627258678502,1.0,20.0,20000,2000,2000,20000,57
pairs,css,uniform,X,3,0.003550868064316965,0.34283662362533157,0.1713627258678502,1.0,20.0,20000,2000,2000,20000,125
pairs,css,uniform,X,3,0.0039246436500345394,0.34283662362533157,0.1713627258678502,1.0,20.0,20000,2000,2000,20000,175
pairs,css,uniform,X,3,0.004298419235752114,0.34283662362533157,0.1713627258678502,1.0,20.0,20000,2000,2000,20000,291
pairs,css,uniform,X,3,0.00467219482146969,0.34283662362533157,0.1713627258678502,1.0,20.0,20000,2000,2000,20000,452
pairs,css,uniform,X,3,0.005045970407187265,0.34283662362533157,0.1713627258678502,1.0,20.0,20000,2000,2000,20000,585
pairs,css,uniform,X,5,0.0016819901357290885,0.34283662362533157,0.1713627258678502,1.0,20.0,20000,2000,2000,20000,0
pairs,css,uniform,X,5,0.002055765721446664,0.34283662362533157,0.1713627258678502,1.0,20.0,20000,2000,2000,20000,0
pairs,css,uniform,X,5,0.002429541307164239,0.34283662362533157,0.1713627258678502,1.0,20.0,20000,2000,2000,20000,3
pairs,css,uniform,X,5,0.0028033168928818138,0.34283662362533157,0.1713627258678502,1.0,20.0,20000,2000,2000,20000,13
pairs,css,uniform,X,5,0.003177092478599389,0.34283662362533157,0.1713627258678502,1.0,20.0,20000,2000,2000,20000,28
pairs,css,uniform,X,5,0.003550868064316965,0.34283662362533157,0.1713627258678502,1.0,20.0,20000,2000,2000,20000,86
pairs,css,uniform,X,5,0.0039246436500345394,0.34283662362533157,0.1713627258678502,1.0,20.0,20000,2000,2000,20000,220
pairs,css,uniform,X,5,0.004298419235752114,0.34283662362533157,0.1713627258678502,1.0,20.0,20000,2000,2000,20000,408
pairs,css,uniform,X,5,0.00467219482146969,0.34283662362533157,0.1713627258678502,1.0,20.0,20000,2000,2000,20000,768
pairs,css,uniform,X,5,0.005045970407187265,0.34283662362533157,0.1713627258678502,1.0,20.0,20000,2000,2000,20000,1299
pairs,css,uniform,Z,3,0.0015761502945331048,0.5681814601137525,0.20476151796689754,1.0,20.0,20000,2000,2000,20000,1
pairs,css,uniform,Z,3,0.0019264059155404615,0.5681814601137525,0.20476151796689754,1.0,20.0,20000,2000,2000,20000,1
pairs,css,uniform,Z,3,0.002276661536547818,0.5681814601137525,0.20476151796689754,1.0,20.0,20000,2000,2000,20000,3
pairs,css,uniform,Z,3,0.0026269171575551745,0.5681814601137525,0.20476151796689754,1.0,20.0,20000,2000,2000,20000,7
pairs,css,uniform,Z,3,0.0029771727785625314,0.5681814601137525,0.20476151796689754,1.0,20.0,20000,2000,2000,20000,18
pairs,css,uniform,Z,3,0.003327428399569888,0.5681814601137525,0.20476151796689754,1.0,20.0,20000,2000,2000,20000,44
pairs,css,uniform,Z,3,0.003677684020577244,0.5681814601137525,0.20476151796689754,1.0,20.0,20000,2000,2000,20000,75
pairs,css,uniform,Z,3,0.004027939641584601,0.5681814601137525,0.20476151796689754,1.0,20.0,20000,2000,2000,20000,100
pairs,css,uniform,Z,3,0.004378195262591957,0.5681814601137525,0.20476151796689754,1.0,20.0,20000,2000,2000,20000,128
pairs,css,uniform,Z,3,0.004728450883599315,0.5681814601137525,0.20476151796689754,1.0,20.0,20000,2000,2000,20000,225
pairs,css,uniform,Z,5,0.0015761502945331048,0.5681814601137525,0.20476151796689754,1.0,20.0,20000,2000,2000,20000,0
pairs,css,uniform,Z,5,0.0019264059155404615,0.5681814601137525,0.20476151796689754,1.0,20.0,20000,2000,2000,20000,0
pairs,css,uniform,Z,5,0.002276661536547818,0.5681814601137525,0.20476151796689754,1.0,20.0,20000,2000,2000,20000,0
pairs,css,uniform,Z,5,0.0026269171575551745,0.5681814601137525,0.20476151796689754,1.0,20.0,20000,2000,2000,20000,0
pairs,css,uniform,Z,5,0.0029771727785625314,0.5681814601137525,0.20476151796689754,1.0,20.0,20000,2000,2000,20000,6
pairs,css,uniform,Z,5,0.003327428399569888,0.5681814601137525,0.20476151796689754,1.0,20.0,20000,2000,2000,20000,9
pairs,css,uniform,Z,5,0.003677684020577244,0.5681814601137525,0.20476151796689754,1.0,20.0,20000,2000,2000,20000,27
pairs,css,uniform,Z,5,0.004027939641584601,0.5681814601137525,0.20476151796689754,1.0,20.0,20000,2000,2000,20000,66
pairs,css,uniform,Z,5,0.004378195262591957,0.5681814601137525,0.20476151796689754,1.0,20.0,20000,2000,2000,20000,153
pairs,css,uniform,Z,5,0.004728450883599315,0.5681814601137525,0.20476151796689754,1.0,20.0,20000,2000,2000,20000,270
pairs,css,uniform,X,3,0.0015761502945331048,0.5681814601137525,0.20476151796689754,1.0,20.0,20000,2000,2000,20000,1
pairs,css,uniform,X,3,0.0019264059155404615,0.5681814601137525,0.20476151796689754,1.0,20.0,20000,2000,2000,20000,3
pairs,css,uniform,X,3,0.002276661536547818,0.5681814601137525,0.20476151796689754,1.0,20.0,20000,2000,2000,20000,10
pairs,css,uniform,X,3,0.0026269171575551745,0.5681814601137525,0.20476151796689754,1.0,20.0,20000,2000,2000,20000,30
pairs,css,uniform,X,3,0.0029771727785625314,0.5681814601137525,0.20476151796689754,1.0,20.0,20000,2000,2000,20000,72
pairs,css,uniform,X,3,0.003327428399569888,0.5681814601137525,0.20476151796689754,1.0,20.0,20000,2000,2000,20000,105
pairs,css,uniform,X,3,0.003677684020577244,0.5681814601137525,0.20476151796689754,1.0,20.0,20000,2000,2000,20000,192
pairs,css,uniform,X,3,0.004027939641584601,0.5681814601137525,0.20476151796689754,1.0,20.0,20000,2000,2000,20000,279
pairs,css,uniform,X,3,0.004378195262591957,0.5681814601137525,0.20476151796689754,1.0,20.0,20000,2000,2000,20000,416
pairs,css,uniform,X,3,0.004728450883599315,0.5681814601137525,0.20476151796689754,1.0,20.0,20000,2000,2000,20000,541
pairs,css,uniform,X,5,0.0015761502945331048,0.5681814601137525,0.20476151796689754,1.0,20.0,20000,2000,2000,20000,0
pairs,css,uniform,X,5,0.0019264059155404615,0.5681814601137525,0.20476151796689754,1.0,20.0,20000,2000,2000,20000,0
pairs,css,uniform,X,5,0.002276661536547818,0.5681814601137525,0.20476151796689754,1.0,20.0,20000,2000,2000,20000,5
pairs,css,uniform,X,5,0.0026269171575551745,0.5681814601137525,0.20476151796689754,1.0,20.0,20000,2000,2000,20000,10
pairs,css,uniform,X,5,0.0029771727785625314,0.5681814601137525,0.20476151796689754,1.0,20.0,20000,2000,2000,20000,31
pairs,css,uniform,X,5,0.003327428399569888,0.5681814601137525,0.20476151796689754,1.0,20.0,20000,2000,2000,20000,86
pairs,css,uniform,X,5,0.003677684020577244,0.5681814601137525,0.20476151796689754,1.0,20.0,20000,2000,2000,20000,203
pairs,css,uniform,X,5,0.004027939641584601,0.5681814601137525,0.20476151796689754,1.0,20.0,20000,2000,2000,20000,364
pairs,css,uniform,X,5,0.004378195262591957,0.5681814601137525,0.20476151796689754,1.0,20.0,20000,2000,2000,20000,697
pairs,css,uniform,X,5,0.004728450883599315,0.5681814601137525,0.20476151796689754,1.0,20.0,20000,2000,2000,20000,1095
pairs,css,uniform,Z,3,0.003900812547662679,0.8106621913765734,0.25398402526363456,1.0,20.0,20000,2000,2000,20000,82
pairs,css,uniform,Z,3,0.004767659780476608,0.8106621913765734,0.25398402526363456,1.0,20.0,20000,2000,2000,20000,236
pairs,css,uniform,Z,3,0.005634507013290536,0.8106621913765734,0.25398402526363456,1.0,20.0,20000,2000,2000,20000,515
pairs,css,uniform,Z,3,0.006501354246104464,0.8106621913765734,0.25398402526363456,1.0,20.0,20000,2000,2000,20000,918
pairs,css,uniform,Z,3,0.007368201478918393,0.8106621913765734,0.25398402526363456,1.0,20.0,20000,2000,2000,20000,1505
pairs,css,uniform,Z,3,0.008235048711732322,0.8106621913765734,0.25398402526363456,1.0,20.0,20000,2000,2000,18000,2026
pairs,css,uniform,Z,3,0.00910189594454625,0.8106621913765734,0.25398402526363456,1.0,20.0,20000,2000,2000,14000,2116
pairs,css,uniform,Z,3,0.009968743177360179,0.8106621913765734,0.25398402526363456,1.0,20.0,20000,2000,2000,12000,2333
pairs,css,uniform,Z,3,0.010835590410174109,0.8106621913765734,0.25398402526363456,1.0,20.0,20000,2000,2000,10000,2455
pairs,css,uniform,Z,3,0.011702437642988036,0.8106621913765734,0.25398402526363456,1.0,20.0,20000,2000,2000,8000,2214
pairs,css,uniform,Z,5,0.003900812547662679,0.8106621913765734,0.25398402526363456,1.0,20.0,20000,2000,2000,20000,53
pairs,css,uniform,Z,5,0.004767659780476608,0.8106621913765734,0.25398402526363456,1.0,20.0,20000,2000,2000,20000,285
pairs,css,uniform,Z,5,0.005634507013290536,0.8106621913765734,0.25398402526363456,1.0,20.0,20000,2000,2000,20000,941
pairs,css,uniform,Z,5,0.006501354246104464,0.8106621913765734,0.25398402526363456,1.0,20.0,20000,2000,2000,20000,2195
pairs,css,uniform,Z,5,0.007368201478918393,0.8106621913765734,0.25398402526363456,1.0,20.0,20000,2000,2000,12000,2372
pairs,css,uniform,Z,5,0.008235048711732322,0.8106621913765734,0.25398402526363456,1.0,20.0,20000,2000,2000,8000,2257
pairs,css,uniform,Z,5,0.00910189594454625,0.8106621913765734,0.25398402526363456,1.0,20.0,20000,2000,2000,6000,2237
pairs,css,uniform,Z,5,0.009968743177360179,0.8106621913765734,0.25398402526363456,1.0,20.0,20000,2000,2000,6000,2445
pairs,css,uniform,Z,5,0.010835590410174109,0.8106621913765734,0.25398402526363456,1.0,20.0,20000,2000,2000,6000,2604
pairs,css,uniform,Z,5,0.011702437642988036,0.8106621913765734,0.25398402526363456,1.0,20.0,20000,2000,2000,6000,2892
pairs,css,uniform,X,3,0.0015603250190650716,0.8106621913765734,0.25398402526363456,1.0,20.0,20000,2000,2000,20000,4
pairs,css,uniform,X,3,0.0019070639121906432,0.8106621913765734,0.25398402526363456,1.0,20.0,20000,2000,2000,20000,2
pairs,css,uniform,X,3,0.0022538028053162144,0.8106621913765734,0.25398402526363456,1.0,20.0,20000,2000,2000,20000,13
pairs,css,uniform,X,3,0.002600541698441786,0.8106621913765734,0.25398402526363456,1.0,20.0,20000,2000,2000,20000,32
pairs,css,uniform,X,3,0.002947280591567357,0.8106621913765734,0.25398402526363456,1.0,20.0,20000,2000,2000,20000,47
pairs,css,uniform,X,3,0.003294019484692929,0.8106621913765734,0.25398402526363456,1.0,20.0,20000,2000,2000,20000,100
pairs,css,uniform,X,3,0.0036407583778185,0.8106621913765734,0.25398402526363456,1.0,20.0,20000,2000,2000,20000,153
pairs,css,uniform,X,3,0.0039874972709440714,0.8106621913765734,0.25398402526363456,1.0,20.0,20000,2000,2000,20000,241
pairs,css,uniform,X,3,0.004334236164069643,0.8106621913765734,0.25398402526363456,1.0,20.0,20000,2000,2000,20000,372
pairs,css,uniform,X,3,0.004680975057195214,0.8106621913765734,0.25398402526363456,1.0,20.0,20000,2000,2000,20000,508
pairs,css,uniform,X,5,0.0015603250190650716,0.8106621913765734,0.25398402526363456,1.0,20.0,20000,2000,2000,20000,0
pairs,css,uniform,X,5,0.0019070639121906432,0.8106621913765734,0.25398402526363456,1.0,20.0,20000,2000,2000,20000,1
pairs,css,uniform,X,5,0.0022538028053162144,0.8106621913765734,0.25398402526363456,1.0,20.0,20000,2000,2000,20000,2
pairs,css,uniform,X,5,0.002600541698441786,0.8106621913765734,0.25398402526363456,1.0,20.0,20000,2000,2000,20000,3
pairs,css,uniform,X,5,0.002947280591567357,0.8106621913765734,0.25398402526363456,1.0,20.0,20000,2000,2000,20000,22
pairs,css,uniform,X,5,0.003294019484692929,0.8106621913765734,0.25398402526363456,1.0,20.0,20000,2000,2000,20000,69
pairs,css,uniform,X,5,0.0036407583778185,0.8106621913765734,0.25398402526363456,1.0,20.0,20000,2000,2000,20000,176
pairs,css,uniform,X,5,0.0039874972709440714,0.8106621913765734,0.25398402526363456,1.0,20.0,20000,2000,2000,20000,303
pairs,css,uniform,X,5,0.004334236164069643,0.8106621913765734,0.25398402526363456,1.0,20.0,20000,2000,2000,20000,587
pairs,css,uniform,X,5,0.004680975057195214,0.8106621913765734,0.25398402526363456,1.0,20.0,20000,2000,2000,20000,982
pairs,css,uniform,Z,3,0.0016371267694289362,1.0420299556415933,0.3332141321551692,1.0,20.0,20000,2000,2000,20000,0
pairs,css,uniform,Z,3,0.002000932718190922,1.0420299556415933,0.3332141321551692,1.0,20.0,20000,2000,2000,20000,3
pairs,css,uniform,Z,3,0.0023647386669529077,1.0420299556415933,0.3332141321551692,1.0,20.0,20000,2000,2000,20000,4
pairs,css,uniform,Z,3,0.0027285446157148934,1.0420299556415933,0.3332141321551692,1.0,20.0,20000,2000,2000,20000,9
pairs,css,uniform,Z,3,0.0030923505644768795,1.0420299556415933,0.3332141321551692,1.0,20.0,20000,2000,2000,20000,24
pairs,css,uniform,Z,3,0.003456156513238865,1.0420299556415933,0.3332141321551692,1.0,20.0,20000,2000,2000,20000,26
pairs,css,uniform,Z,3,0.0038199624620008504,1.0420299556415933,0.3332141321551692,1.0,20.0,20000,2000,2000,20000,69
pairs,css,uniform,Z,3,0.004183768410762837,1.0420299556415933,0.3332141321551692,1.0,20.0,20000,2000,2000,20000,99
pairs,css,uniform,Z,3,0.004547574359524823,1.0420299556415933,0.3332141321551692,1.0,20.0,20000,2000,2000,20000,142
pairs,css,uniform,Z,3,0.004911380308286808,1.0420299556415933,0.3332141321551692,1.0,20.0,20000,2000,2000,20000,197
pairs,css,uniform,Z,5,0.0016371267694289362,1.0420299556415933,0.3332141321551692,1.0,20.0,20000,2000,2000,20000,0
pairs,css,uniform,Z,5,0.002000932718190922,1.0420299556415933,0.3332141321551692,1.0,20.0,20000,2000,2000,20000,0
pairs,css,uniform,Z,5,0.0023647386669529077,1.0420299556415933,0.3332141321551692,1.0,20.0,20000,2000,2000,20000,0
pairs,css,uniform,Z,5,0.0027285446157148934,1.0420299556415933,0.3332141321551692,1.0,20.0,20000,2000,2000,20000,0
pairs,css,uniform,Z,5,0.0030923505644768795,1.0420299556415933,0.3332141321551692,1.0,20.0,20000,2000,2000,20000,3
pairs,css,uniform,Z,5,0.003456156513238865,1.0420299556415933,0.3332141321551692,1.0,20.0,20000,2000,2000,20000,4
pairs,css,uniform,Z,5,0.0038199624620008504,1.0420299556415933,0.3332141321551692,1.0,20.0,20000,2000,2000,20000,27
pairs,css,uniform,Z,5,0.004183768410762837,1.0420299556415933,0.3332141321551692,1.0,20.0,20000,2000,2000,20000,60
pairs,css,uniform,Z,5,0.004547574359524823,1.0420299556415933,0.3332141321551692,1.0,20.0,20000,2000,2000,20000,143
pairs,css,uniform,Z,5,0.004911380308286808,1.0420299556415933,0.3332141321551692,1.0,20.0,20000,2000,2000,20000,256
pairs,css,uniform,X,3,0.0016371267694289362,1.0420299556415933,0.3332141321551692,1.0,20.0,20000,2000,2000,20000,1
pairs,css,uniform,X,3,0.002000932718190922,1.0420299556415933,0.3332141321551692,1.0,20.0,20000,2000,2000,20000,5
pairs,css,uniform,X,3,0.0023647386669529077,1.0420299556415933,0.3332141321551692,1.0,20.0,20000,2000,2000,20000,8
pairs,css,uniform,X,3,0.0027285446157148934,1.0420299556415933,0.3332141321551692,1.0,20.0,20000,2000,2000,20000,23
pairs,css,uniform,X,3,0.0030923505644768795,1.0420299556415933,0.3332141321551692,1.0,20.0,20000,2000,2000,20000,47
pairs,css,uniform,X,3,0.003456156513238865,1.0420299556415933,0.3332141321551692,1.0,20.0,20000,2000,2000,20000,74
pairs,css,uniform,X,3,0.0038199624620008504,1.0420299556415933,0.3332141321551692,1.0,20.0,20000,2000,2000,20000,144
pairs,css,uniform,X,3,0.004183768410762837,1.0420299556415933,0.3332141321551692,1.0,20.0,20000,2000,2000,20000,254
pairs,css,uniform,X,3,0.004547574359524823,1.0420299556415933,0.3332141321551692,1.0,20.0,20000,2000,2000,20000,315
pairs,css,uniform,X,3,0.004911380308286808,1.0420299556415933,0.3332141321551692,1.0,20.0,20000,2000,2000,20000,531
pairs,css,uniform,X,5,0.0016371267694289362,1.0420299556415933,0.3332141321551692,1.0,20.0,20000,2000,2000,20000,0
pairs,css,uniform,X,5,0.002000932718190922,1.0420299556415933,0.3332141321551692,1.0,20.0,20000,2000,2000,20000,0
pairs,css,uniform,X,5,0.0023647386669529077,1.0420299556415933,0.3332141321551692,1.0,20.0,20000,2000,2000,20000,1
pairs,css,uniform,X,5,0.0027285446157148934,1.0420299556415933,0.3332141321551692,1.0,20.0,20000,2000,2000,20000,6
pairs,css,uniform,X,5,0.0030923505644768795,1.0420299556415933,0.3332141321551692,1.0,20.0,20000,2000,2000,20000,17
pairs,css,uniform,X,5,0.003456156513238865,1.0420299556415933,0.3332141321551692,1.0,20.0,20000,2000,2000,20000,56
pairs,css,uniform,X,5,0.0038199624620008504,1.0420299556415933,0.3332141321551692,1.0,20.0,20000,2000,2000,20000,124
pairs,css,uniform,X,5,0.004183768410762837,1.0420299556415933,0.3332141321551692,1.0,20.0,20000,2000,2000,20000,294
pairs,css,uniform,X,5,0.004547574359524823,1.0420299556415933,0.3332141321551692,1.0,20.0,20000,2000,2000,20000,552
pairs,css,uniform,X,5,0.004911380308286808,1.0420299556415933,0.3332141321551692,1.0,20.0,20000,2000,2000,20000,852
pairs,css,uniform,Z,3,0.004486757900434638,1.2380358769488056,0.4788736833686401,1.0,20.0,20000,2000,2000,20000,66
pairs,css,uniform,Z,3,0.005483815211642337,1.2380358769488056,0.4788736833686401,1.0,20.0,20000,2000,2000,20000,227
pairs,css,uniform,Z,3,0.006480872522850033,1.2380358769488056,0.4788736833686401,1.0,20.0,20000,2000,2000,20000,528
pairs,css,uniform,Z,3,0.00747792983405773,1.2380358769488056,0.4788736833686401,1.0,20.0,20000,2000,2000,20000,930
pairs,css,uniform,Z,3,0.008474987145265428,1.2380358769488056,0.4788736833686401,1.0,20.0,20000,2000,2000,20000,1613
pairs,css,uniform,Z,3,0.009472044456473127,1.2380358769488056,0.4788736833686401,1.0,20.0,20000,2000,2000,18000,2104
pairs,css,uniform,Z,3,0.010469101767680823,1.2380358769488056,0.4788736833686401,1.0,20.0,20000,2000,2000,14000,2161
pairs,css,uniform,Z,3,0.011466159078888519,1.2380358769488056,0.4788736833686401,1.0,20.0,20000,2000,2000,12000,2347
pairs,css,uniform,Z,3,0.012463216390096218,1.2380358769488056,0.4788736833686401,1.0,20.0,20000,2000,2000,10000,2430
pairs,css,uniform,Z,3,0.013460273701303916,1.2380358769488056,0.4788736833686401,1.0,20.0,20000,2000,2000,8000,2217
pairs,css,uniform,Z,5,0.004486757900434638,1.2380358769488056,0.4788736833686401,1.0,20.0,20000,2000,2000,20000,63
pairs,css,uniform,Z,5,0.005483815211642337,1.2380358769488056,0.4788736833686401,1.0,20.0,20000,2000,2000,20000,276
pairs,css,uniform,Z,5,0.006480872522850033,1.2380358769488056,0.4788736833686401,1.0,20.0,20000,2000,2000,20000,1028
pairs,css,uniform,Z,5,0.00747792983405773,1.2380358769488056,0.4788736833686401,1.0,20.0,20000,2000,2000,18000,2030
pairs,css,uniform,Z,5,0.008474987145265428,1.2380358769488056,0.4788736833686401,1.0,20.0,20000,2000,2000,12000,2369
pairs,css,uniform,Z,5,0.009472044456473127,1.2380358769488056,0.4788736833686401,1.0,20.0,20000,2000,2000,8000,2306
pairs,css,uniform,Z,5,0.010469101767680823,1.2380358769488056,0.4788736833686401,1.0,20.0,20000,2000,2000,6000,2113
pairs,css,uniform,Z,5,0.011466159078888519,1.2380358769488056,0.4788736833686401,1.0,20.0,20000,2000,2000,6000,2429
pairs,css,uniform,Z,5,0.012463216390096218,1.2380358769488056,0.4788736833686401,1.0,20.0,20000,2000,2000,6000,2750
pairs,css,uniform,X,3,0.0017947031601738554,1.2380358769488056,0.4788736833686401,1.0,20.0,20000,2000,2000,20000,0
pairs,css,uniform,X,3,0.0021935260846569346,1.2380358769488056,0.4788736833686401,1.0,20.0,20000,2000,2000,20000,2
pairs,css,uniform,X,3,0.0025923490091400133,1.2380358769488056,0.4788736833686401,1.0,20.0,20000,2000,2000,20000,7
pairs,css,uniform,X,3,0.002991171933623092,1.2380358769488056,0.4788736833686401,1.0,20.0,20000,2000,2000,20000,13
pairs,css,uniform,X,3,0.003389994858106171,1.2380358769488056,0.4788736833686401,1.0,20.0,20000,2000,2000,20000,44
pairs,css,uniform,X,3,0.0037888177825892507,1.2380358769488056,0.4788736833686401,1.0,20.0,20000,2000,2000,20000,72
pairs,css,uniform,X,3,0.004187640707072329,1.2380358769488056,0.4788736833686401,1.0,20.0,20000,2000,2000,20000,121
pairs,css,uniform,X,3,0.004586463631555408,1.2380358769488056,0.4788736833686401,1.0,20.0,20000,2000,2000,20000,177
pairs,css,uniform,X,3,0.004985286556038487,1.2380358769488056,0.4788736833686401,1.0,20.0,20000,2000,2000,20000,333
pairs,css,uniform,X,3,0.005384109480521567,1.2380358769488056,0.4788736833686401,1.0,20.0,20000,2000,2000,20000,449
pairs,css,uniform,X,5,0.0017947031601738554,1.2380358769488056,0.4788736833686401,1.0,20.0,20000,2000,2000,20000,0
pairs,css,uniform,X,5,0.0021935260846569346,1.2380358769488056,0.4788736833686401,1.0,20.0,20000,2000,2000,20000,0
pairs,css,uniform,X,5,0.0025923490091400133,1.2380358769488056,0.4788736833686401,1.0,20.0,20000,2000,2000,20000,0
pairs,css,uniform,X,5,0.002991171933623092,1.2380358769488056,0.4788736833686401,1.0,20.0,20000,2000,2000,20000,6
pairs,css,uniform,X,5,0.003389994858106171,1.2380358769488056,0.4788736833686401,1.0,20.0,20000,2000,2000,20000,17
pairs,css,uniform,X,5,0.0037888177825892507,1.2380358769488056,0.4788736833686401,1.0,20.0,20000,2000,2000,20000,37
pairs,css,uniform,X,5,0.004187640707072329,1.2380358769488056,0.4788736833686401,1.0,20.0,20000,2000,2000,20000,107
pairs,css,uniform,X,5,0.004586463631555408,1.2380358769488056,0.4788736833686401,1.0,20.0,20000,2000,2000,20000,262
pairs,css,uniform,X,5,0.004985286556038487,1.2380358769488056,0.4788736833686401,1.0,20.0,20000,2000,2000,20000,486
pairs,css,uniform,X,5,0.005384109480521567,1.2380358769488056,0.4788736833686401,1.0,20.0,20000,2000,2000,20000,792
pairs,css,uniform,Z,3,0.005035461924560648,1.3835080671058153,0.8042150832594621,1.0,20.0,20000,2000,2000,20000,70
pairs,css,uniform,Z,3,0.006154453463351904,1.3835080671058153,0.8042150832594621,1.0,20.0,20000,2000,2000,20000,244
pairs,css,uniform,Z,3,0.007273445002143159,1.3835080671058153,0.8042150832594621,1.0,20.0,20000,2000,2000,20000,476
pairs,css,uniform,Z,3,0.008392436540934413,1.3835080671058153,0.8042150832594621,1.0,20.0,20000,2000,2000,20000,928
pairs,css,uniform,Z,3,0.00951142807972567,1.3835080671058153,0.8042150832594621,1.0,20.0,20000,2000,2000,20000,1611
pairs,css,uniform,Z,3,0.010630419618516926,1.3835080671058153,0.8042150832594621,1.0,20.0,20000,2000,2000,18000,2060
pairs,css,uniform,Z,3,0.011749411157308178,1.3835080671058153,0.8042150832594621,1.0,20.0,20000,2000,2000,14000,2257
pairs,css,uniform,Z,3,0.012868402696099436,1.3835080671058153,0.8042150832594621,1.0,20.0,20000,2000,2000,10000,2026
pairs,css,uniform,Z,3,0.01398739423489069,1.3835080671058153,0.8042150832594621,1.0,20.0,20000,2000,2000,10000,2436
pairs,css,uniform,Z,3,0.015106385773681947,1.3835080671058153,0.8042150832594621,1.0,20.0,20000,2000,2000,8000,2343
pairs,css,uniform,Z,5,0.005035461924560648,1.3835080671058153,0.8042150832594621,1.0,20.0,20000,2000,2000,20000,62
pairs,css,uniform,Z,5,0.006154453463351904,1.3835080671058153,0.8042150832594621,1.0,20.0,20000,2000,2000,20000,285
pairs,css,uniform,Z,5,0.007273445002143159,1.3835080671058153,0.8042150832594621,1.0,20.0,20000,2000,2000,20000,994
pairs,css,uniform,Z,5,0.008392436540934413,1.3835080671058153,0.8042150832594621,1.0,20.0,20000,2000,2000,18000,2039
pairs,css,uniform,Z,5,0.00951142807972567,1.3835080671058153,0.8042150832594621,1.0,20.0,20000,2000,2000,12000,2391
pairs,css,uniform,Z,5,0.010630419618516926,1.3835080671058153,0.8042150832594621,1.0,20.0,20000,2000,2000,8000,2326
pairs,css,uniform,Z,5,0.011749411157308178,1.3835080671058153,0.8042150832594621,1.0,20.0,20000,2000,2000,6000,2158
pairs,css,uniform,Z,5,0.012868402696099436,1.3835080671058153,0.8042150832594621,1.0,20.0,20000,2000,2000,6000,2519
pairs,css,uniform,Z,5,0.01398739423489069,1.3835080671058153,0.8042150832594621,1.0,20.0,20000,2000,2000,6000,2705
pairs,css,uniform,X,3,0.0020141847698242595,1.3835080671058153,0.8042150832594621,1.0,20.0,20000,2000,2000,20000,3
pairs,css,uniform,X,3,0.0024617813853407616,1.3835080671058153,0.8042150832594621,1.0,20.0,20000,2000,2000,20000,2
pairs,css,uniform,X,3,0.0029093780008572637,1.3835080671058153,0.8042150832594621,1.0,20.0,20000,2000,2000,20000,5
pairs,css,uniform,X,3,0.0033569746163737654,1.3835080671058153,0.8042150832594621,1.0,20.0,20000,2000,2000,20000,30
pairs,css,uniform,X,3,0.003804571231890268,1.3835080671058153,0.8042150832594621,1.0,20.0,20000,2000,2000,20000,40
pairs,css,uniform,X,3,0.00425216784740677,1.3835080671058153,0.8042150832594621,1.0,20.0,20000,2000,2000,20000,72
pairs,css,uniform,X,3,0.004699764462923271,1.3835080671058153,0.8042150832594621,1.0,20.0,20000,2000,2000,20000,109
pairs,css,uniform,X,3,0.005147361078439774,1.3835080671058153,0.8042150832594621,1.0,20.0,20000,2000,2000,20000,179
pairs,css,uniform,X,3,0.005594957693956276,1.3835080671058153,0.8042150832594621,1.0,20.0,20000,2000,2000,20000,290
pairs,css,uniform,X,3,0.0060425543094727785,1.3835080671058153,0.8042150832594621,1.0,20.0,20000,2000,2000,20000,417
pairs,css,uniform,X,5,0.0020141847698242595,1.3835080671058153,0.8042150832594621,1.0,20.0,20000,2000,2000,20000,0
pairs,css,uniform,X,5,0.0024617813853407616,1.3835080671058153,0.8042150832594621,1.0,20.0,20000,2000,2000,20000,1
pairs,css,uniform,X,5,0.0029093780008572637,1.3835080671058153,0.8042150832594621,1.0,20.0,20000,2000,2000,20000,1
pairs,css,uniform,X,5,0.0033569746163737654,1.3835080671058153,0.8042150832594621,1.0,20.0,20000,2000,2000,20000,5
pairs,css,uniform,X,5,0.003804571231890268,1.3835080671058153,0.8042150832594621,1.0,20.0,20000,2000,2000,20000,17
pairs,css,uniform,X,5,0.00425216784740677,1.3835080671058153,0.8042150832594621,1.0,20.0,20000,2000,2000,20000,42
pairs,css,uniform,X,5,0.004699764462923271,1.3835080671058153,0.8042150832594621,1.0,20.0,20000,2000,2000,20000,81
pairs,css,uniform,X,5,0.005147361078439774,1.3835080671058153,0.8042150832594621,1.0,20.0,20000,2000,2000,20000,201
pairs,css,uniform,X,5,0.005594957693956276,1.3835080671058153,0.8042150832594621,1.0,20.0,20000,2000,2000,20000,440
pairs,css,uniform,X,5,0.0060425543094727785,1.3835080671058153,0.8042150832594621,1.0,20.0,20000,2000,2000,20000,707
pairs,css,uniform,Z,3,0.002277745951756424,1.451921143342372,1.5707963267948966,1.0,20.0,20000,2000,2000,20000,0
pairs,css,uniform,Z,3,0.0027839117188134073,1.451921143342372,1.5707963267948966,1.0,20.0,20000,2000,2000,20000,2
pairs,css,uniform,Z,3,0.00329007748587039,1.451921143342372,1.5707963267948966,1.0,20.0,20000,2000,2000,20000,2
pairs,css,uniform,Z,3,0.003796243252927373,1.451921143342372,1.5707963267948966,1.0,20.0,20000,2000,2000,20000,9
pairs,css,uniform,Z,3,0.004302409019984356,1.451921143342372,1.5707963267948966,1.0,20.0,20000,2000,2000,20000,21
pairs,css,uniform,Z,3,0.00480857478704134,1.451921143342372,1.5707963267948966,1.0,20.0,20000,2000,2000,20000,42
pairs,css,uniform,Z,3,0.005314740554098322,1.451921143342372,1.5707963267948966,1.0,20.0,20000,2000,2000,20000,71
pairs,css,uniform,Z,3,0.005820906321155305,1.451921143342372,1.5707963267948966,1.0,20.0,20000,2000,2000,20000,81
pairs,css,uniform,Z,3,0.006327072088212289,1.451921143342372,1.5707963267948966,1.0,20.0,20000,2000,2000,20000,139
pairs,css,uniform,Z,3,0.006833237855269272,1.451921143342372,1.5707963267948966,1.0,20.0,20000,2000,2000,20000,250
pairs,css,uniform,Z,5,0.002277745951756424,1.451921143342372,1.5707963267948966,1.0,20.0,20000,2000,2000,20000,0
pairs,css,uniform,Z,5,0.0027839117188134073,1.451921143342372,1.5707963267948966,1.0,20.0,20000,2000,2000,20000,0
pairs,css,uniform,Z,5,0.00329007748587039,1.451921143342372,1.5707963267948966,1.0,20.0,20000,2000,2000,20000,1
pairs,css,uniform,Z,5,0.003796243252927373,1.451921143342372,1.5707963267948966,1.0,20.0,20000,2000,2000,20000,1
pairs,css,uniform,Z,5,0.004302409019984356,1.451921143342372,1.5707963267948966,1.0,20.0,20000,2000,2000,20000,4
pairs,css,uniform,Z,5,0.00480857478704134,1.451921143342372,1.5707963267948966,1.0,20.0,20000,2000,2000,20000,12
pairs,css,uniform,Z,5,0.005314740554098322,1.451921143342372,1.5707963267948966,1.0,20.0,20000,2000,2000,20000,28
pairs,css,uniform,Z,5,0.005820906321155305,1.451921143342372,1.5707963267948966,1.0,20.0,20000,2000,2000,20000,63
pairs,css,uniform,Z,5,0.006327072088212289,1.451921143342372,1.5707963267948966,1.0,20.0,20000,2000,2000,20000,152
pairs,css,uniform,Z,5,0.006833237855269272,1.451921143342372,1.5707963267948966,1.0,20.0,20000,2000,2000,20000,278
pairs,css,uniform,X,3,0.002277745951756424,1.451921143342372,1.5707963267948966,1.0,20.0,20000,2000,2000,20000,2
pairs,css,uniform,X,3,0.0027839117188134073,1.451921143342372,1.5707963267948966,1.0,20.0,20000,2000,2000,20000,4
pairs,css,uniform,X,3,0.00329007748587039,1.451921143342372,1.5707963267948966,1.0,20.0,20000,2000,2000,20000,4
pairs,css,uniform,X,3,0.003796243252927373,1.451921143342372,1.5707963267948966,1.0,20.0,20000,2000,2000,20000,9
pairs,css,uniform,X,3,0.004302409019984356,1.451921143342372,1.5707963267948966,1.0,20.0,20000,2000,2000,20000,46
pairs,css,uniform,X,3,0.00480857478704134,1.451921143342372,1.5707963267948966,1.0,20.0,20000,2000,2000,20000,65
pairs,css,uniform,X,3,0.005314740554098322,1.451921143342372,1.5707963267948966,1.0,20.0,20000,2000,2000,20000,85
pairs,css,uniform,X,3,0.005820906321155305,1.451921143342372,1.5707963267948966,1.0,20.0,20000,2000,2000,20000,171
pairs,css,uniform,X,3,0.006327072088212289,1.451921143342372,1.5707963267948966,1.0,20.0,20000,2000,2000,20000,284
pairs,css,uniform,X,3,0.006833237855269272,1.451921143342372,1.5707963267948966,1.0,20.0,20000,2000,2000,20000,382
pairs,css,uniform,X,5,0.002277745951756424,1.451921143342372,1.5707963267948966,1.0,20.0,20000,2000,2000,20000,0
pairs,css,uniform,X,5,0.0027839117188134073,1.451921143342372,1.5707963267948966,1.0,20.0,20000,2000,2000,20000,0
pairs,css,uniform,X,5,0.00329007748587039,1.451921143342372,1.5707963267948966,1.0,20.0,20000,2000,2000,20000,0
pairs,css,uniform,X,5,0.003796243252927373,1.451921143342372,1.5707963267948966,1.0,20.0,20000,2000,2000,20000,2
pairs,css,uniform,X,5,0.004302409019984356,1.451921143342372,1.5707963267948966,1.0,20.0,20000,2000,2000,20000,14
pairs,css,uniform,X,5,0.00480857478704134,1.451921143342372,1.5707963267948966,1.0,20.0,20000,2000,2000,20000,37
pairs,css,uniform,X,5,0.005314740554098322,1.451921143342372,1.5707963267948966,1.0,20.0,20000,2000,2000,20000,75
pairs,css,uniform,X,5,0.005820906321155305,1.451921143342372,1.5707963267948966,1.0,20.0,20000,2000,2000,20000,175
pairs,css,uniform,X,5,0.006327072088212289,1.451921143342372,1.5707963267948966,1.0,20.0,20000,2000,2000,20000,331
pairs,css,uniform,X,5,0.006833237855269272,1.451921143342372,1.5707963267948966,1.0,20.0,20000,2000,2000,20000,558
pairs,css,uniform,Z,3,0.004748765644256982,0.0,0.28840294394124144,1.0,20.0,20000,2000,2000,20000,30
pairs,css,uniform,Z,3,0.005804046898536312,0.0,0.28840294394124144,1.0,20.0,20000,2000,2000,20000,97
pairs,css,uniform,Z,3,0.006859328152815642,0.0,0.28840294394124144,1.0,20.0,20000,2000,2000,20000,234
pairs,css,uniform,Z,3,0.00791460940709497,0.0,0.28840294394124144,1.0,20.0,20000,2000,2000,20000,514
pairs,css,uniform,Z,3,0.0089698906613743,0.0,0.28840294394124144,1.0,20.0,20000,2000,2000,20000,880
pairs,css,uniform,Z,3,0.01002517191565363,0.0,0.28840294394124144,1.0,20.0,20000,2000,2000,20000,1296
pairs,css,uniform,Z,3,0.011080453169932957,0.0,0.28840294394124144,1.0,20.0,20000,2000,2000,20000,2048
pairs,css,uniform,Z,3,0.012135734424212287,0.0,0.28840294394124144,1.0,20.0,20000,2000,2000,16000,2132
pairs,css,uniform,Z,3,0.013191015678491616,0.0,0.28840294394124144,1.0,20.0,20000,2000,2000,12000,2008
pairs,css,uniform,Z,3,0.014246296932770948,0.0,0.28840294394124144,1.0,20.0,20000,2000,2000,10000,2080
pairs,css,uniform,Z,5,0.004748765644256982,0.0,0.28840294394124144,1.0,20.0,20000,2000,2000,20000,13
pairs,css,uniform,Z,5,0.005804046898536312,0.0,0.28840294394124144,1.0,20.0,20000,2000,2000,20000,80
pairs,css,uniform,Z,5,0.006859328152815642,0.0,0.28840294394124144,1.0,20.0,20000,2000,2000,20000,345
pairs,css,uniform,Z,5,0.00791460940709497,0.0,0.28840294394124144,1.0,20.0,20000,2000,2000,20000,957
pairs,css,uniform,Z,5,0.0089698906613743,0.0,0.28840294394124144,1.0,20.0,20000,2000,2000,20000,1992
pairs,css,uniform,Z,5,0.01002517191565363,0.0,0.28840294394124144,1.0,20.0,20000,2000,2000,12000,2095
pairs,css,uniform,Z,5,0.011080453169932957,0.0,0.28840294394124144,1.0,20.0,20000,2000,2000,10000,2429
pairs,css,uniform,Z,5,0.012135734424212287,0.0,0.28840294394124144,1.0,20.0,20000,2000,2000,8000,2505
pairs,css,uniform,Z,5,0.013191015678491616,0.0,0.28840294394124144,1.0,20.0,20000,2000,2000,6000,2299
pairs,css,uniform,Z,5,0.014246296932770948,0.0,0.28840294394124144,1.0,20.0,20000,2000,2000,6000,2561
pairs,css,uniform,X,3,0.001899506257702793,0.0,0.28840294394124144,1.0,20.0,20000,2000,2000,20000,3
pairs,css,uniform,X,3,0.002321618759414525,0.0,0.28840294394124144,1.0,20.0,20000,2000,2000,20000,10
pairs,css,uniform,X,3,0.0027437312611262566,0.0,0.28840294394124144,1.0,20.0,20000,2000,2000,20000,13
pairs,css,uniform,X,3,0.003165843762837988,0.0,0.28840294394124144,1.0,20.0,20000,2000,2000,20000,28
pairs,css,uniform,X,3,0.00358795626454972,0.0,0.28840294394124144,1.0,20.0,20000,2000,2000,20000,79
pairs,css,uniform,X,3,0.004010068766261452,0.0,0.28840294394124144,1.0,20.0,20000,2000,2000,20000,106
pairs,css,uniform,X,3,0.004432181267973183,0.0,0.28840294394124144,1.0,20.0,20000,2000,2000,20000,211
pairs,css,uniform,X,3,0.004854293769684915,0.0,0.28840294394124144,1.0,20.0,20000,2000,2000,20000,304
pairs,css,uniform,X,3,0.0052764062713966465,0.0,0.28840294394124144,1.0,20.0,20000,2000,2000,20000,491
pairs,css,uniform,X,3,0.005698518773108379,0.0,0.28840294394124144,1.0,20.0,20000,2000,2000,20000,623
pairs,css,uniform,X,5,0.001899506257702793,0.0,0.28840294394124144,1.0,20.0,20000,2000,2000,20000,0
pairs,css,uniform,X,5,0.002321618759414525,0.0,0.28840294394124144,1.0,20.0,20000,2000,2000,20000,0
pairs,css,uniform,X,5,0.0027437312611262566,0.0,0.28840294394124144,1.0,20.0,20000,2000,2000,20000,4
pairs,css,uniform,X,5,0.003165843762837988,0.0,0.28840294394124144,1.0,20.0,20000,2000,2000,20000,6
pairs,css,uniform,X,5,0.00358795626454972,0.0,0.28840294394124144,1.0,20.0,20000,2000,2000,20000,39
pairs,css,uniform,X,5,0.004010068766261452,0.0,0.28840294394124144,1.0,20.0,20000,2000,2000,20000,111
pairs,css,uniform,X,5,0.004432181267973183,0.0,0.28840294394124144,1.0,20.0,20000,2000,2000,20000,256
pairs,css,uniform,X,5,0.004854293769684915,0.0,0.28840294394124144,1.0,20.0,20000,2000,2000,20000,468
pairs,css,uniform,X,5,0.0052764062713966465,0.0,0.28840294394124144,1.0,20.0,20000,2000,2000,20000,897
pairs,css,uniform,X,5,0.005698518773108379,0.0,0.28840294394124144,1.0,20.0,20000,2000,2000,20000,1396
pairs,css,uniform,Z,3,0.004189442715930219,0.16951382325708264,0.3332141321551691,1.0,20.0,20000,2000,2000,20000,33
pairs,css,uniform,Z,3,0.005120429986136934,0.16951382325708264,0.3332141321551691,1.0,20.0,20000,2000,2000,20000,122
pairs,css,uniform,Z,3,0.006051417256343649,0.16951382325708264,0.3332141321551691,1.0,20.0,20000,2000,2000,20000,264
pairs,css,uniform,Z,3,0.006982404526550364,0.16951382325708264,0.3332141321551691,1.0,20.0,20000,2000,2000,20000,491
pairs,css,uniform,Z,3,0.00791339179675708,0.16951382325708264,0.3332141321551691,1.0,20.0,20000,2000,2000,20000,892
pairs,css,uniform,Z,3,0.008844379066963795,0.16951382325708264,0.3332141321551691,1.0,20.0,20000,2000,2000,20000,1389
pairs,css,uniform,Z,3,0.009775366337170507,0.16951382325708264,0.3332141321551691,1.0,20.0,20000,2000,2000,20000,1952
pairs,css,uniform,Z,3,0.010706353607377223,0.16951382325708264,0.3332141321551691,1.0,20.0,20000,2000,2000,16000,2100
pairs,css,uniform,Z,3,0.01163734087758394,0.16951382325708264,0.3332141321551691,1.0,20.0,20000,2000,2000,12000,2009
pairs,css,uniform,Z,3,0.012568328147790657,0.16951382325708264,0.3332141321551691,1.0,20.0,20000,2000,2000,10000,2138
pairs,css,uniform,Z,5,0.004189442715930219,0.16951382325708264,0.3332141321551691,1.0,20.0,20000,2000,2000,20000,14
pairs,css,uniform,Z,5,0.005120429986136934,0.16951382325708264,0.3332141321551691,1.0,20.0,20000,2000,2000,20000,83
pairs,css,uniform,Z,5,0.006051417256343649,0.16951382325708264,0.3332141321551691,1.0,20.0,20000,2000,2000,20000,370
pairs,css,uniform,Z,5,0.006982404526550364,0.16951382325708264,0.3332141321551691,1.0,20.0,20000,2000,2000,20000,998
pairs,css,uniform,Z,5,0.00791339179675708,0.16951382325708264,0.3332141321551691,1.0,20.0,20000,2000,2000,20000,2045
pairs,css,uniform,Z,5,0.008844379066963795,0.16951382325708264,0.3332141321551691,1.0,20.0,20000,2000,2000,12000,2043
pairs,css,uniform,Z,5,0.009775366337170507,0.16951382325708264,0.3332141321551691,1.0,20.0,20000,2000,2000,8000,2025
pairs,css,uniform,Z,5,0.010706353607377223,0.16951382325708264,0.3332141321551691,1.0,20.0,20000,2000,2000,6000,2015
pairs,css,uniform,Z,5,0.01163734087758394,0.16951382325708264,0.3332141321551691,1.0,20.0,20000,2000,2000,6000,2293
pairs,css,uniform,Z,5,0.012568328147790657,0.16951382325708264,0.3332141321551691,1.0,20.0,20000,2000,2000,6000,2497
pairs,css,uniform,X,3,0.0016757770863720875,0.16951382325708264,0.3332141321551691,1.0,20.0,20000,2000,2000,20000,3
pairs,css,uniform,X,3,0.002048171994454774,0.16951382325708264,0.3332141321551691,1.0,20.0,20000,2000,2000,20000,4
pairs,css,uniform,X,3,0.0024205669025374596,0.16951382325708264,0.3332141321551691,1.0,20.0,20000,2000,2000,20000,19
pairs,css,uniform,X,3,0.0027929618106201457,0.16951382325708264,0.3332141321551691,1.0,20.0,20000,2000,2000,20000,26
pairs,css,uniform,X,3,0.003165356718702832,0.16951382325708264,0.3332141321551691,1.0,20.0,20000,2000,2000,20000,67
pairs,css,uniform,X,3,0.003537751626785518,0.16951382325708264,0.3332141321551691,1.0,20.0,20000,2000,2000,20000,121
pairs,css,uniform,X,3,0.003910146534868203,0.16951382325708264,0.3332141321551691,1.0,20.0,20000,2000,2000,20000,174
pairs,css,uniform,X,3,0.0042825414429508895,0.16951382325708264,0.3332141321551691,1.0,20.0,20000,2000,2000,20000,264
pairs,css,uniform,X,3,0.0046549363510335765,0.16951382325708264,0.3332141321551691,1.0,20.0,20000,2000,2000,20000,419
pairs,css,uniform,X,3,0.005027331259116263,0.16951382325708264,0.3332141321551691,1.0,20.0,20000,2000,2000,20000,578
pairs,css,uniform,X,5,0.0016757770863720875,0.16951382325708264,0.3332141321551691,1.0,20.0,20000,2000,2000,20000,0
pairs,css,uniform,X,5,0.002048171994454774,0.16951382325708264,0.3332141321551691,1.0,20.0,20000,2000,2000,20000,0
pairs,css,uniform,X,5,0.0024205669025374596,0.16951382325708264,0.3332141321551691,1.0,20.0,20000,2000,2000,20000,3
pairs,css,uniform,X,5,0.0027929618106201457,0.16951382325708264,0.3332141321551691,1.0,20.0,20000,2000,2000,20000,9
pairs,css,uniform,X,5,0.003165356718702832,0.16951382325708264,0.3332141321551691,1.0,20.0,20000,2000,2000,20000,32
pairs,css,uniform,X,5,0.003537751626785518,0.16951382325708264,0.3332141321551691,1.0,20.0,20000,2000,2000,20000,108
pairs,css,uniform,X,5,0.003910146534868203,0.16951382325708264,0.3332141321551691,1.0,20.0,20000,2000,2000,20000,204
pairs,css,uniform,X,5,0.0042825414429508895,0.16951382325708264,0.3332141321551691,1.0,20.0,20000,2000,2000,20000,410
pairs,css,uniform,X,5,0.0046549363510335765,0.16951382325708264,0.3332141321551691,1.0,20.0,20000,2000,2000,20000,746
pairs,css,uniform,X,5,0.005027331259116263,0.16951382325708264,0.3332141321551691,1.0,20.0,20000,2000,2000,20000,1251
pairs,css,uniform,Z,3,0.003794353653180079,0.3817433920536666,0.39366364888498107,1.0,20.0,20000,2000,2000,20000,47
pairs,css,uniform,Z,3,0.004637543353886764,0.3817433920536666,0.39366364888498107,1.0,20.0,20000,2000,2000,20000,96
pairs,css,uniform,Z,3,0.005480733054593448,0.3817433920536666,0.39366364888498107,1.0,20.0,20000,2000,2000,20000,268
pairs,css,uniform,Z,3,0.0063239227553001315,0.3817433920536666,0.39366364888498107,1.0,20.0,20000,2000,2000,20000,501
pairs,css,uniform,Z,3,0.007167112456006815,0.3817433920536666,0.39366364888498107,1.0,20.0,20000,2000,2000,20000,932
pairs,css,uniform,Z,3,0.0080103021567135,0.3817433920536666,0.39366364888498107,1.0,20.0,20000,2000,2000,20000,1468
pairs,css,uniform,Z,3,0.008853491857420183,0.3817433920536666,0.39366364888498107,1.0,20.0,20000,2000,2000,20000,2029
pairs,css,uniform,Z,3,0.009696681558126868,0.3817433920536666,0.39366364888498107,1.0,20.0,20000,2000,2000,16000,2219
pairs,css,uniform,Z,3,0.010539871258833553,0.3817433920536666,0.39366364888498107,1.0,20.0,20000,2000,2000,12000,2063
pairs,css,uniform,Z,3,0.011383060959540238,0.3817433920536666,0.39366364888498107,1.0,20.0,20000,2000,2000,10000,2066
pairs,css,uniform,Z,5,0.003794353653180079,0.3817433920536666,0.39366364888498107,1.0,20.0,20000,2000,2000,20000,13
pairs,css,uniform,Z,5,0.004637543353886764,0.3817433920536666,0.39366364888498107,1.0,20.0,20000,2000,2000,20000,108
pairs,css,uniform,Z,5,0.005480733054593448,0.3817433920536666,0.39366364888498107,1.0,20.0,20000,2000,2000,20000,369
pairs,css,uniform,Z,5,0.0063239227553001315,0.3817433920536666,0.39366364888498107,1.0,20.0,20000,2000,2000,20000,984
pairs,css,uniform,Z,5,0.007167112456006815,0.3817433920536666,0.39366364888498107,1.0,20.0,20000,2000,2000,20000,2086
pairs,css,uniform,Z,5,0.0080103021567135,0.3817433920536666,0.39366364888498107,1.0,20.0,20000,2000,2000,12000,2160
pairs,css,uniform,Z,5,0.008853491857420183,0.3817433920536666,0.39366364888498107,1.0,20.0,20000,2000,2000,8000,2092
pairs,css,uniform,Z,5,0.009696681558126868,0.3817433920536666,0.39366364888498107,1.0,20.0,20000,2000,2000,8000,2604
pairs,css,uniform,Z,5,0.010539871258833553,0.3817433920536666,0.39366364888498107,1.0,20.0,20000,2000,2000,6000,2204
pairs,css,uniform,Z,5,0.011383060959540238,0.3817433920536666,0.39366364888498107,1.0,20.0,20000,2000,2000,6000,2570
pairs,css,uniform,X,3,0.0015177414612720316,0.3817433920536666,0.39366364888498107,1.0,20.0,20000,2000,2000,20000,0
pairs,css,uniform,X,3,0.0018550173415547053,0.3817433920536666,0.39366364888498107,1.0,20.0,20000,2000,2000,20000,7
pairs,css,uniform,X,3,0.002192293221837379,0.3817433920536666,0.39366364888498107,1.0,20.0,20000,2000,2000,20000,10
pairs,css,uniform,X,3,0.0025295691021200526,0.3817433920536666,0.39366364888498107,1.0,20.0,20000,2000,2000,20000,26
pairs,css,uniform,X,3,0.0028668449824027263,0.3817433920536666,0.39366364888498107,1.0,20.0,20000,2000,2000,20000,60
pairs,css,uniform,X,3,0.0032041208626854,0.3817433920536666,0.39366364888498107,1.0,20.0,20000,2000,2000,20000,106
pairs,css,uniform,X,3,0.0035413967429680734,0.3817433920536666,0.39366364888498107,1.0,20.0,20000,2000,2000,20000,175
pairs,css,uniform,X,3,0.003878672623250747,0.3817433920536666,0.39366364888498107,1.0,20.0,20000,2000,2000,20000,262
pairs,css,uniform,X,3,0.004215948503533421,0.3817433920536666,0.39366364888498107,1.0,20.0,20000,2000,2000,20000,431
pairs,css,uniform,X,3,0.004553224383816095,0.3817433920536666,0.39366364888498107,1.0,20.0,20000,2000,2000,20000,554
pairs,css,uniform,X,5,0.0015177414612720316,0.3817433920536666,0.39366364888498107,1.0,20.0,20000,2000,2000,20000,0
pairs,css,uniform,X,5,0.0018550173415547053,0.3817433920536666,0.39366364888498107,1.0,20.0,20000,2000,2000,20000,0
pairs,css,uniform,X,5,0.002192293221837379,0.3817433920536666,0.39366364888498107,1.0,20.0,20000,2000,2000,20000,3
pairs,css,uniform,X,5,0.0025295691021200526,0.3817433920536666,0.39366364888498107,1.0,20.0,20000,2000,2000,20000,11
pairs,css,uniform,X,5,0.0028668449824027263,0.3817433920536666,0.39366364888498107,1.0,20.0,20000,2000,2000,20000,22
pairs,css,uniform,X,5,0.0032041208626854,0.3817433920536666,0.39366364888498107,1.0,20.0,20000,2000,2000,20000,66
pairs,css,uniform,X,5,0.0035413967429680734,0.3817433920536666,0.39366364888498107,1.0,20.0,20000,2000,2000,20000,178
pairs,css,uniform,X,5,0.003878672623250747,0.3817433920536666,0.39366364888498107,1.0,20.0,20000,2000,2000,20000,340
pairs,css,uniform,X,5,0.004215948503533421,0.3817433920536666,0.39366364888498107,1.0,20.0,20000,2000,2000,20000,682
pairs,css,uniform,X,5,0.004553224383816095,0.3817433920536666,0.39366364888498107,1.0,20.0,20000,2000,2000,20000,1171
pairs,css,uniform,Z,3,0.00361771243607009,0.6262286327001811,0.47887368336864,1.0,20.0,20000,2000,2000,20000,47
pairs,css,uniform,Z,3,0.0044216485329745545,0.6262286327001811,0.47887368336864,1.0,20.0,20000,2000,2000,20000,95
pairs,css,uniform,Z,3,0.005225584629879019,0.6262286327001811,0.47887368336864,1.0,20.0,20000,2000,2000,20000,272
pairs,css,uniform,Z,3,0.006029520726783482,0.6262286327001811,0.47887368336864,1.0,20.0,20000,2000,2000,20000,528
pairs,css,uniform,Z,3,0.006833456823687948,0.6262286327001811,0.47887368336864,1.0,20.0,20000,2000,2000,20000,891
pairs,css,uniform,Z,3,0.007637392920592413,0.6262286327001811,0.47887368336864,1.0,20.0,20000,2000,2000,20000,1412
pairs,css,uniform,Z,3,0.008441329017496876,0.6262286327001811,0.47887368336864,1.0,20.0,20000,2000,2000,20000,2040
pairs,css,uniform,Z,3,0.009245265114401342,0.6262286327001811,0.47887368336864,1.0,20.0,20000,2000,2000,16000,2070
pairs,css,uniform,Z,3,0.010049201211305805,0.6262286327001811,0.47887368336864,1.0,20.0,20000,2000,2000,12000,2103
pairs,css,uniform,Z,3,0.01085313730821027,0.6262286327001811,0.47887368336864,1.0,20.0,20000,2000,2000,10000,2083
pairs,css,uniform,Z,5,0.00361771243607009,0.6262286327001811,0.47887368336864,1.0,20.0,20000,2000,2000,20000,19
pairs,css,uniform,Z,5,0.0044216485329745545,0.6262286327001811,0.47887368336864,1.0,20.0,20000,2000,2000,20000,97
pairs,css,uniform,Z,5,0.005225584629879019,0.6262286327001811,0.47887368336864,1.0,20.0,20000,2000,2000,20000,402
pairs,css,uniform,Z,5,0.006029520726783482,0.6262286327001811,0.47887368336864,1.0,20.0,20000,2000,2000,20000,1113
pairs,css,uniform,Z,5,0.006833456823687948,0.6262286327001811,0.47887368336864,1.0,20.0,20000,2000,2000,20000,2197
pairs,css,uniform,Z,5,0.007637392920592413,0.6262286327001811,0.47887368336864,1.0,20.0,20000,2000,2000,12000,2236
pairs,css,uniform,Z,5,0.008441329017496876,0.6262286327001811,0.47887368336864,1.0,20.0,20000,2000,2000,8000,2063
pairs,css,uniform,Z,5,0.009245265114401342,0.6262286327001811,0.47887368336864,1.0,20.0,20000,2000,2000,8000,2602
pairs,css,uniform,Z,5,0.010049201211305805,0.6262286327001811,0.47887368336864,1.0,20.0,20000,2000,2000,6000,2345
pairs,css,uniform,Z,5,0.01085313730821027,0.6262286327001811,0.47887368336864,1.0,20.0,20000,2000,2000,6000,2583
pairs,css,uniform,X,3,0.001447084974428036,0.6262286327001811,0.47887368336864,1.0,20.0,20000,2000,2000,20000,3
pairs,css,uniform,X,3,0.0017686594131898219,0.6262286327001811,0.47887368336864,1.0,20.0,20000,2000,2000,20000,5
pairs,css,uniform,X,3,0.0020902338519516077,0.6262286327001811,0.47887368336864,1.0,20.0,20000,2000,2000,20000,11
pairs,css,uniform,X,3,0.002411808290713393,0.6262286327001811,0.47887368336864,1.0,20.0,20000,2000,2000,20000,25
pairs,css,uniform,X,3,0.002733382729475179,0.6262286327001811,0.47887368336864,1.0,20.0,20000,2000,2000,20000,62
pairs,css,uniform,X,3,0.0030549571682369652,0.6262286327001811,0.47887368336864,1.0,20.0,20000,2000,2000,20000,123
pairs,css,uniform,X,3,0.00337653160699875,0.6262286327001811,0.47887368336864,1.0,20.0,20000,2000,2000,20000,153
pairs,css,uniform,X,3,0.0036981060457605365,0.6262286327001811,0.47887368336864,1.0,20.0,20000,2000,2000,20000,231
pairs,css,uniform,X,3,0.004019680484522322,0.6262286327001811,0.47887368336864,1.0,20.0,20000,2000,2000,20000,358
pairs,css,uniform,X,3,0.004341254923284108,0.6262286327001811,0.47887368336864,1.0,20.0,20000,2000,2000,20000,511
pairs,css,uniform,X,5,0.001447084974428036,0.6262286327001811,0.47887368336864,1.0,20.0,20000,2000,2000,20000,2
pairs,css,uniform,X,5,0.0017686594131898219,0.6262286327001811,0.47887368336864,1.0,20.0,20000,2000,2000,20000,0
pairs,css,uniform,X,5,0.0020902338519516077,0.6262286327001811,0.47887368336864,1.0,20.0,20000,2000,2000,20000,2
pairs,css,uniform,X,5,0.002411808290713393,0.6262286327001811,0.47887368336864,1.0,20.0,20000,2000,2000,20000,5
pairs,css,uniform,X,5,0.002733382729475179,0.6262286327001811,0.47887368336864,1.0,20.0,20000,2000,2000,20000,18
pairs,css,uniform,X,5,0.0030549571682369652,0.6262286327001811,0.47887368336864,1.0,20.0,20000,2000,2000,20000,65
pairs,css,uniform,X,5,0.00337653160699875,0.6262286327001811,0.47887368336864,1.0,20.0,20000,2000,2000,20000,150
pairs,css,uniform,X,5,0.0036981060457605365,0.6262286327001811,0.47887368336864,1.0,20.0,20000,2000,2000,20000,324
pairs,css,uniform,X,5,0.004019680484522322,0.6262286327001811,0.47887368336864,1.0,20.0,20000,2000,2000,20000,565
pairs,css,uniform,X,5,0.004341254923284108,0.6262286327001811,0.47887368336864,1.0,20.0,20000,2000,2000,20000,945
pairs,css,uniform,Z,3,0.003691016275248088,0.8724987458397486,0.605498986837471,1.0,20.0,20000,2000,2000,20000,32
pairs,css,uniform,Z,3,0.0045112421141921075,0.8724987458397486,0.605498986837471,1.0,20.0,20000,2000,2000,20000,103
pairs,css,uniform,Z,3,0.005331467953136127,0.8724987458397486,0.605498986837471,1.0,20.0,20000,2000,2000,20000,265
pairs,css,uniform,Z,3,0.006151693792080146,0.8724987458397486,0.605498986837471,1.0,20.0,20000,2000,2000,20000,573
pairs,css,uniform,Z,3,0.006971919631024166,0.8724987458397486,0.605498986837471,1.0,20.0,20000,2000,2000,20000,922
pairs,css,uniform,Z,3,0.007792145469968186,0.8724987458397486,0.605498986837471,1.0,20.0,20000,2000,2000,20000,1477
pairs,css,uniform,Z,3,0.008612371308912204,0.8724987458397486,0.605498986837471,1.0,20.0,20000,2000,2000,20000,2088
pairs,css,uniform,Z,3,0.009432597147856225,0.8724987458397486,0.605498986837471,1.0,20.0,20000,2000,2000,16000,2233
pairs,css,uniform,Z,3,0.010252822986800244,0.8724987458397486,0.605498986837471,1.0,20.0,20000,2000,2000,12000,2209
pairs,css,uniform,Z,3,0.011073048825744265,0.8724987458397486,0.605498986837471,1.0,20.0,20000,2000,2000,10000,2187
pairs,css,uniform,Z,5,0.003691016275248088,0.8724987458397486,0.605498986837471,1.0,20.0,20000,2000,2000,20000,12
pairs,css,uniform,Z,5,0.0045112421141921075,0.8724987458397486,0.605498986837471,1.0,20.0,20000,2000,2000,20000,110
pairs,css,uniform,Z,5,0.005331467953136127,0.8724987458397486,0.605498986837471,1.0,20.0,20000,2000,2000,20000,427
pairs,css,uniform,Z,5,0.006151693792080146,0.8724987458397486,0.605498986837471,1.0,20.0,20000,2000,2000,20000,1055
pairs,css,uniform,Z,5,0.006971919631024166,0.8724987458397486,0.605498986837471,1.0,20.0,20000,2000,2000,20000,2174
pairs,css,uniform,Z,5,0.007792145469968186,0.8724987458397486,0.605498986837471,1.0,20.0,20000,2000,2000,12000,2202
pairs,css,uniform,Z,5,0.008612371308912204,0.8724987458397486,0.605498986837471,1.0,20.0,20000,2000,2000,8000,2130
pairs,css,uniform,Z,5,0.009432597147856225,0.8724987458397486,0.605498986837471,1.0,20.0,20000,2000,2000,8000,2670
pairs,css,uniform,Z,5,0.010252822986800244,0.8724987458397486,0.605498986837471,1.0,20.0,20000,2000,2000,6000,2398
pairs,css,uniform,Z,5,0.011073048825744265,0.8724987458397486,0.605498986837471,1.0,20.0,20000,2000,2000,6000,2593
pairs,css,uniform,X,3,0.0014764065100992352,0.8724987458397486,0.605498986837471,1.0,20.0,20000,2000,2000,20000,1
pairs,css,uniform,X,3,0.001804496845676843,0.8724987458397486,0.605498986837471,1.0,20.0,20000,2000,2000,20000,7
pairs,css,uniform,X,3,0.0021325871812544507,0.8724987458397486,0.605498986837471,1.0,20.0,20000,2000,2000,20000,10
pairs,css,uniform,X,3,0.0024606775168320586,0.8724987458397486,0.605498986837471,1.0,20.0,20000,2000,2000,20000,24
pairs,css,uniform,X,3,0.0027887678524096664,0.8724987458397486,0.605498986837471,1.0,20.0,20000,2000,2000,20000,48
pairs,css,uniform,X,3,0.0031168581879872743,0.8724987458397486,0.605498986837471,1.0,20.0,20000,2000,2000,20000,85
pairs,css,uniform,X,3,0.0034449485235648817,0.8724987458397486,0.605498986837471,1.0,20.0,20000,2000,2000,20000,151
pairs,css,uniform,X,3,0.0037730388591424896,0.8724987458397486,0.605498986837471,1.0,20.0,20000,2000,2000,20000,219
pairs,css,uniform,X,3,0.004101129194720098,0.8724987458397486,0.605498986837471,1.0,20.0,20000,2000,2000,20000,346
pairs,css,uniform,X,3,0.004429219530297706,0.8724987458397486,0.605498986837471,1.0,20.0,20000,2000,2000,20000,479
pairs,css,uniform,X,5,0.0014764065100992352,0.8724987458397486,0.605498986837471,1.0,20.0,20000,2000,2000,20000,0
pairs,css,uniform,X,5,0.001804496845676843,0.8724987458397486,0.605498986837471,1.0,20.0,20000,2000,2000,20000,1
pairs,css,uniform,X,5,0.0021325871812544507,0.8724987458397486,0.605498986837471,1.0,20.0,20000,2000,2000,20000,2
pairs,css,uniform,X,5,0.0024606775168320586,0.8724987458397486,0.605498986837471,1.0,20.0,20000,2000,2000,20000,8
pairs,css,uniform,X,5,0.0027887678524096664,0.8724987458397486,0.605498986837471,1.0,20.0,20000,2000,2000,20000,16
pairs,css,uniform,X,5,0.0031168581879872743,0.8724987458397486,0.605498986837471,1.0,20.0,20000,2000,2000,20000,45
pairs,css,uniform,X,5,0.0034449485235648817,0.8724987458397486,0.605498986837471,1.0,20.0,20000,2000,2000,20000,136
pairs,css,uniform,X,5,0.0037730388591424896,0.8724987458397486,0.605498986837471,1.0,20.0,20000,2000,2000,20000,292
pairs,css,uniform,X,5,0.004101129194720098,0.8724987458397486,0.605498986837471,1.0,20.0,20000,2000,2000,20000,560
pairs,css,uniform,X,5,0.004429219530297706,0.8724987458397486,0.605498986837471,1.0,20.0,20000,2000,2000,20000,956
pairs,css,uniform,Z,3,0.0016002196483008838,1.0829492172884392,0.8042150832594623,1.0,20.0,20000,2000,2000,20000,0
pairs,css,uniform,Z,3,0.001955824014589969,1.0829492172884392,0.8042150832594623,1.0,20.0,20000,2000,2000,20000,2
pairs,css,uniform,Z,3,0.0023114283808790543,1.0829492172884392,0.8042150832594623,1.0,20.0,20000,2000,2000,20000,1
pairs,css,uniform,Z,3,0.0026670327471681396,1.0829492172884392,0.8042150832594623,1.0,20.0,20000,2000,2000,20000,6
pairs,css,uniform,Z,3,0.003022637113457225,1.0829492172884392,0.8042150832594623,1.0,20.0,20000,2000,2000,20000,13
pairs,css,uniform,Z,3,0.0033782414797463105,1.0829492172884392,0.8042150832594623,1.0,20.0,20000,2000,2000,20000,15
pairs,css,uniform,Z,3,0.0037338458460353953,1.0829492172884392,0.8042150832594623,1.0,20.0,20000,2000,2000,20000,32
pairs,css,uniform,Z,3,0.004089450212324481,1.0829492172884392,0.8042150832594623,1.0,20.0,20000,2000,2000,20000,58
pairs,css,uniform,Z,3,0.004445054578613566,1.0829492172884392,0.8042150832594623,1.0,20.0,20000,2000,2000,20000,64
pairs,css,uniform,Z,3,0.004800658944902652,1.0829492172884392,0.8042150832594623,1.0,20.0,20000,2000,2000,20000,122
pairs,css,uniform,Z,5,0.0016002196483008838,1.0829492172884392,0.8042150832594623,1.0,20.0,20000,2000,2000,20000,0
pairs,css,uniform,Z,5,0.001955824014589969,1.0829492172884392,0.8042150832594623,1.0,20.0,20000,2000,2000,20000,0
pairs,css,uniform,Z,5,0.0023114283808790543,1.0829492172884392,0.8042150832594623,1.0,20.0,20000,2000,2000,20000,0
pairs,css,uniform,Z,5,0.0026670327471681396,1.0829492172884392,0.8042150832594623,1.0,20.0,20000,2000,2000,20000,0
pairs,css,uniform,Z,5,0.003022637113457225,1.0829492172884392,0.8042150832594623,1.0,20.0,20000,2000,2000,20000,3
pairs,css,uniform,Z,5,0.0033782414797463105,1.0829492172884392,0.8042150832594623,1.0,20.0,20000,2000,2000,20000,5
pairs,css,uniform,Z,5,0.0037338458460353953,1.0829492172884392,0.8042150832594623,1.0,20.0,20000,2000,2000,20000,11
pairs,css,uniform,Z,5,0.004089450212324481,1.0829492172884392,0.8042150832594623,1.0,20.0,20000,2000,2000,20000,18
pairs,css,uniform,Z,5,0.004445054578613566,1.0829492172884392,0.8042150832594623,1.0,20.0,20000,2000,2000,20000,65
pairs,css,uniform,Z,5,0.004800658944902652,1.0829492172884392,0.8042150832594623,1.0,20.0,20000,2000,2000,20000,93
pairs,css,uniform,X,3,0.0016002196483008838,1.0829492172884392,0.8042150832594623,1.0,20.0,20000,2000,2000,20000,2
pairs,css,uniform,X,3,0.001955824014589969,1.0829492172884392,0.8042150832594623,1.0,20.0,20000,2000,2000,20000,6
pairs,css,uniform,X,3,0.0023114283808790543,1.0829492172884392,0.8042150832594623,1.0,20.0,20000,2000,2000,20000,11
pairs,css,uniform,X,3,0.0026670327471681396,1.0829492172884392,0.8042150832594623,1.0,20.0,20000,2000,2000,20000,28
pairs,css,uniform,X,3,0.003022637113457225,1.0829492172884392,0.8042150832594623,1.0,20.0,20000,2000,2000,20000,40
pairs,css,uniform,X,3,0.0033782414797463105,1.0829492172884392,0.8042150832594623,1.0,20.0,20000,2000,2000,20000,68
pairs,css,uniform,X,3,0.0037338458460353953,1.0829492172884392,0.8042150832594623,1.0,20.0,20000,2000,2000,20000,130
pairs,css,uniform,X,3,0.004089450212324481,1.0829492172884392,0.8042150832594623,1.0,20.0,20000,2000,2000,20000,224
pairs,css,uniform,X,3,0.004445054578613566,1.0829492172884392,0.8042150832594623,1.0,20.0,20000,2000,2000,20000,313
pairs,css,uniform,X,3,0.004800658944902652,1.0829492172884392,0.8042150832594623,1.0,20.0,20000,2000,2000,20000,469
pairs,css,uniform,X,5,0.0016002196483008838,1.0829492172884392,0.8042150832594623,1.0,20.0,20000,2000,2000,20000,0
pairs,css,uniform,X,5,0.001955824014589969,1.0829492172884392,0.8042150832594623,1.0,20.0,20000,2000,2000,20000,0
pairs,css,uniform,X,5,0.0023114283808790543,1.0829492172884392,0.8042150832594623,1.0,20.0,20000,2000,2000,20000,2
pairs,css,uniform,X,5,0.0026670327471681396,1.0829492172884392,0.8042150832594623,1.0,20.0,20000,2000,2000,20000,4
pairs,css,uniform,X,5,0.003022637113457225,1.0829492172884392,0.8042150832594623,1.0,20.0,20000,2000,2000,20000,21
pairs,css,uniform,X,5,0.0033782414797463105,1.0829492172884392,0.8042150832594623,1.0,20.0,20000,2000,2000,20000,43
pairs,css,uniform,X,5,0.0037338458460353953,1.0829492172884392,0.8042150832594623,1.0,20.0,20000,2000,2000,20000,89
pairs,css,uniform,X,5,0.004089450212324481,1.0829492172884392,0.8042150832594623,1.0,20.0,20000,2000,2000,20000,239
pairs,css,uniform,X,5,0.004445054578613566,1.0829492172884392,0.8042150832594623,1.0,20.0,20000,2000,2000,20000,439
pairs,css,uniform,X,5,0.004800658944902652,1.0829492172884392,0.8042150832594623,1.0,20.0,20000,2000,2000,20000,805
pairs,css,uniform,Z,3,0.0017991206581132332,1.2310029800135314,1.1220348322199216,1.0,20.0,20000,2000,2000,20000,0
pairs,css,uniform,Z,3,0.002198925248805063,1.2310029800135314,1.1220348322199216,1.0,20.0,20000,2000,2000,20000,0
pairs,css,uniform,Z,3,0.0025987298394968923,1.2310029800135314,1.1220348322199216,1.0,20.0,20000,2000,2000,20000,3
pairs,css,uniform,Z,3,0.0029985344301887216,1.2310029800135314,1.1220348322199216,1.0,20.0,20000,2000,2000,20000,5
pairs,css,uniform,Z,3,0.0033983390208805514,1.2310029800135314,1.1220348322199216,1.0,20.0,20000,2000,2000,20000,3
pairs,css,uniform,Z,3,0.003798143611572381,1.2310029800135314,1.1220348322199216,1.0,20.0,20000,2000,2000,20000,23
pairs,css,uniform,Z,3,0.0041979482022642105,1.2310029800135314,1.1220348322199216,1.0,20.0,20000,2000,2000,20000,37
pairs,css,uniform,Z,3,0.00459775279295604,1.2310029800135314,1.1220348322199216,1.0,20.0,20000,2000,2000,20000,58
pairs,css,uniform,Z,3,0.00499755738364787,1.2310029800135314,1.1220348322199216,1.0,20.0,20000,2000,2000,20000,72
pairs,css,uniform,Z,3,0.005397361974339699,1.2310029800135314,1.1220348322199216,1.0,20.0,20000,2000,2000,20000,128
pairs,css,uniform,Z,5,0.0017991206581132332,1.2310029800135314,1.1220348322199216,1.0,20.0,20000,2000,2000,20000,0
pairs,css,uniform,Z,5,0.002198925248805063,1.2310029800135314,1.1220348322199216,1.0,20.0,20000,2000,2000,20000,0
pairs,css,uniform,Z,5,0.0025987298394968923,1.2310029800135314,1.1220348322199216,1.0,20.0,20000,2000,2000,20000,0
pairs,css,uniform,Z,5,0.0029985344301887216,1.2310029800135314,1.1220348322199216,1.0,20.0,20000,2000,2000,20000,2
pairs,css,uniform,Z,5,0.0033983390208805514,1.2310029800135314,1.1220348322199216,1.0,20.0,20000,2000,2000,20000,3
pairs,css,uniform,Z,5,0.003798143611572381,1.2310029800135314,1.1220348322199216,1.0,20.0,20000,2000,2000,20000,2
pairs,css,uniform,Z,5,0.0041979482022642105,1.2310029800135314,1.1220348322199216,1.0,20.0,20000,2000,2000,20000,14
pairs,css,uniform,Z,5,0.00459775279295604,1.2310029800135314,1.1220348322199216,1.0,20.0,20000,2000,2000,20000,25
pairs,css,uniform,Z,5,0.00499755738364787,1.2310029800135314,1.1220348322199216,1.0,20.0,20000,2000,2000,20000,48
pairs,css,uniform,Z,5,0.005397361974339699,1.2310029800135314,1.1220348322199216,1.0,20.0,20000,2000,2000,20000,81
pairs,css,uniform,X,3,0.0017991206581132332,1.2310029800135314,1.1220348322199216,1.0,20.0,20000,2000,2000,20000,1
pairs,css,uniform,X,3,0.002198925248805063,1.2310029800135314,1.1220348322199216,1.0,20.0,20000,2000,2000,20000,1
pairs,css,uniform,X,3,0.0025987298394968923,1.2310029800135314,1.1220348322199216,1.0,20.0,20000,2000,2000,20000,5
pairs,css,uniform,X,3,0.0029985344301887216,1.2310029800135314,1.1220348322199216,1.0,20.0,20000,2000,2000,20000,13
pairs,css,uniform,X,3,0.0033983390208805514,1.2310029800135314,1.1220348322199216,1.0,20.0,20000,2000,2000,20000,39
pairs,css,uniform,X,3,0.003798143611572381,1.2310029800135314,1.1220348322199216,1.0,20.0,20000,2000,2000,20000,58
pairs,css,uniform,X,3,0.0041979482022642105,1.2310029800135314,1.1220348322199216,1.0,20.0,20000,2000,2000,20000,114
pairs,css,uniform,X,3,0.00459775279295604,1.2310029800135314,1.1220348322199216,1.0,20.0,20000,2000,2000,20000,187
pairs,css,uniform,X,3,0.00499755738364787,1.2310029800135314,1.1220348322199216,1.0,20.0,20000,2000,2000,20000,312
pairs,css,uniform,X,3,0.005397361974339699,1.2310029800135314,1.1220348322199216,1.0,20.0,20000,2000,2000,20000,382
pairs,css,uniform,X,5,0.0017991206581132332,1.2310029800135314,1.1220348322199216,1.0,20.0,20000,2000,2000,20000,0
pairs,css,uniform,X,5,0.002198925248805063,1.2310029800135314,1.1220348322199216,1.0,20.0,20000,2000,2000,20000,0
pairs,css,uniform,X,5,0.0025987298394968923,1.2310029800135314,1.1220348322199216,1.0,20.0,20000,2000,2000,20000,2
pairs,css,uniform,X,5,0.0029985344301887216,1.2310029800135314,1.1220348322199216,1.0,20.0,20000,2000,2000,20000,5
pairs,css,uniform,X,5,0.0033983390208805514,1.2310029800135314,1.1220348322199216,1.0,20.0,20000,2000,2000,20000,18
pairs,css,uniform,X,5,0.003798143611572381,1.2310029800135314,1.1220348322199216,1.0,20.0,20000,2000,2000,20000,40
pairs,css,uniform,X,5,0.0041979482022642105,1.2310029800135314,1.1220348322199216,1.0,20.0,20000,2000,2000,20000,98
pairs,css,uniform,X,5,0.00459775279295604,1.2310029800135314,1.1220348322199216,1.0,20.0,20000,2000,2000,20000,197
pairs,css,uniform,X,5,0.00499755738364787,1.2310029800135314,1.1220348322199216,1.0,20.0,20000,2000,2000,20000,417
pairs,css,uniform,X,5,0.005397361974339699,1.2310029800135314,1.1220348322199216,1.0,20.0,20000,2000,2000,20000,646
pairs,css,uniform,Z,3,0.005128457883460294,1.3042887030668793,1.5707963267948961,1.0,20.0,20000,2000,2000,20000,37
pairs,css,uniform,Z,3,0.006268115190895915,1.3042887030668793,1.5707963267948961,1.0,20.0,20000,2000,2000,20000,134
pairs,css,uniform,Z,3,0.007407772498331535,1.3042887030668793,1.5707963267948961,1.0,20.0,20000,2000,2000,20000,307
pairs,css,uniform,Z,3,0.008547429805767155,1.3042887030668793,1.5707963267948961,1.0,20.0,20000,2000,2000,20000,576
pairs,css,uniform,Z,3,0.009687087113202776,1.3042887030668793,1.5707963267948961,1.0,20.0,20000,2000,2000,20000,988
pairs,css,uniform,Z,3,0.010826744420638398,1.3042887030668793,1.5707963267948961,1.0,20.0,20000,2000,2000,20000,1573
pairs,css,uniform,Z,3,0.011966401728074018,1.3042887030668793,1.5707963267948961,1.0,20.0,20000,2000,2000,20000,2175
pairs,css,uniform,Z,3,0.013106059035509637,1.3042887030668793,1.5707963267948961,1.0,20.0,20000,2000,2000,16000,2267
pairs,css,uniform,Z,3,0.01424571634294526,1.3042887030668793,1.5707963267948961,1.0,20.0,20000,2000,2000,12000,2214
pairs,css,uniform,Z,3,0.01538537365038088,1.3042887030668793,1.5707963267948961,1.0,20.0,20000,2000,2000,10000,2246
pairs,css,uniform,Z,5,0.005128457883460294,1.3042887030668793,1.5707963267948961,1.0,20.0,20000,2000,2000,20000,16
pairs,css,uniform,Z,5,0.006268115190895915,1.3042887030668793,1.5707963267948961,1.0,20.0,20000,2000,2000,20000,124
pairs,css,uniform,Z,5,0.007407772498331535,1.3042887030668793,1.5707963267948961,1.0,20.0,20000,2000,2000,20000,438
pairs,css,uniform,Z,5,0.008547429805767155,1.3042887030668793,1.5707963267948961,1.0,20.0,20000,2000,2000,20000,1157
pairs,css,uniform,Z,5,0.009687087113202776,1.3042887030668793,1.5707963267948961,1.0,20.0,20000,2000,2000,18000,2068
pairs,css,uniform,Z,5,0.010826744420638398,1.3042887030668793,1.5707963267948961,1.0,20.0,20000,2000,2000,12000,2341
pairs,css,uniform,Z,5,0.011966401728074018,1.3042887030668793,1.5707963267948961,1.0,20.0,20000,2000,2000,8000,2147
pairs,css,uniform,Z,5,0.013106059035509637,1.3042887030668793,1.5707963267948961,1.0,20.0,20000,2000,2000,6000,2010
pairs,css,uniform,Z,5,0.01424571634294526,1.3042887030668793,1.5707963267948961,1.0,20.0,20000,2000,2000,6000,2359
pairs,css,uniform,Z,5,0.01538537365038088,1.3042887030668793,1.5707963267948961,1.0,20.0,20000,2000,2000,6000,2610
pairs,css,uniform,X,3,0.0020513831533841174,1.3042887030668793,1.5707963267948961,1.0,20.0,20000,2000,2000,20000,1
pairs,css,uniform,X,3,0.002507246076358366,1.3042887030668793,1.5707963267948961,1.0,20.0,20000,2000,2000,20000,6
pairs,css,uniform,X,3,0.002963108999332614,1.3042887030668793,1.5707963267948961,1.0,20.0,20000,2000,2000,20000,3
pairs,css,uniform,X,3,0.003418971922306862,1.3042887030668793,1.5707963267948961,1.0,20.0,20000,2000,2000,20000,15
pairs,css,uniform,X,3,0.0038748348452811105,1.3042887030668793,1.5707963267948961,1.0,20.0,20000,2000,2000,20000,40
pairs,css,uniform,X,3,0.004330697768255359,1.3042887030668793,1.5707963267948961,1.0,20.0,20000,2000,2000,20000,66
pairs,css,uniform,X,3,0.004786560691229607,1.3042887030668793,1.5707963267948961,1.0,20.0,20000,2000,2000,20000,112
pairs,css,uniform,X,3,0.005242423614203855,1.3042887030668793,1.5707963267948961,1.0,20.0,20000,2000,2000,20000,174
pairs,css,uniform,X,3,0.0056982865371781035,1.3042887030668793,1.5707963267948961,1.0,20.0,20000,2000,2000,20000,229
pairs,css,uniform,X,3,0.006154149460152352,1.3042887030668793,1.5707963267948961,1.0,20.0,20000,2000,2000,20000,379
pairs,css,uniform,X,5,0.0020513831533841174,1.3042887030668793,1.5707963267948961,1.0,20.0,20000,2000,2000,20000,0
pairs,css,uniform,X,5,0.002507246076358366,1.3042887030668793,1.5707963267948961,1.0,20.0,20000,2000,2000,20000,0
pairs,css,uniform,X,5,0.002963108999332614,1.3042887030668793,1.5707963267948961,1.0,20.0,20000,2000,2000,20000,1
pairs,css,uniform,X,5,0.003418971922306862,1.3042887030668793,1.5707963267948961,1.0,20.0,20000,2000,2000,20000,3
pairs,css,uniform,X,5,0.0038748348452811105,1.3042887030668793,1.5707963267948961,1.0,20.0,20000,2000,2000,20000,9
pairs,css,uniform,X,5,0.004330697768255359,1.3042887030668793,1.5707963267948961,1.0,20.0,20000,2000,2000,20000,23
pairs,css,uniform,X,5,0.004786560691229607,1.3042887030668793,1.5707963267948961,1.0,20.0,20000,2000,2000,20000,74
pairs,css,uniform,X,5,0.005242423614203855,1.3042887030668793,1.5707963267948961,1.0,20.0,20000,2000,2000,20000,164
pairs,css,uniform,X,5,0.0056982865371781035,1.3042887030668793,1.5707963267948961,1.0,20.0,20000,2000,2000,20000,348
pairs,css,uniform,X,5,0.006154149460152352,1.3042887030668793,1.5707963267948961,1.0,20.0,20000,2000,2000,20000,606
pairs,css,uniform,Z,3,0.0043968427279086585,0.0,0.47887368336864006,1.0,20.0,20000,2000,2000,20000,15
pairs,css,uniform,Z,3,0.005373918889666139,0.0,0.47887368336864006,1.0,20.0,20000,2000,2000,20000,58
pairs,css,uniform,Z,3,0.006350995051423617,0.0,0.47887368336864006,1.0,20.0,20000,2000,2000,20000,122
pairs,css,uniform,Z,3,0.007328071213181096,0.0,0.47887368336864006,1.0,20.0,20000,2000,2000,20000,218
pairs,css,uniform,Z,3,0.008305147374938576,0.0,0.47887368336864006,1.0,20.0,20000,2000,2000,20000,457
pairs,css,uniform,Z,3,0.009282223536696057,0.0,0.47887368336864006,1.0,20.0,20000,2000,2000,20000,765
pairs,css,uniform,Z,3,0.010259299698453534,0.0,0.47887368336864006,1.0,20.0,20000,2000,2000,20000,1106
pairs,css,uniform,Z,3,0.011236375860211015,0.0,0.47887368336864006,1.0,20.0,20000,2000,2000,20000,1723
pairs,css,uniform,Z,3,0.012213452021968496,0.0,0.47887368336864006,1.0,20.0,20000,2000,2000,20000,2195
pairs,css,uniform,Z,3,0.013190528183725974,0.0,0.47887368336864006,1.0,20.0,20000,2000,2000,16000,2200
pairs,css,uniform,Z,5,0.0043968427279086585,0.0,0.47887368336864006,1.0,20.0,20000,2000,2000,20000,3
pairs,css,uniform,Z,5,0.005373918889666139,0.0,0.47887368336864006,1.0,20.0,20000,2000,2000,20000,22
pairs,css,uniform,Z,5,0.006350995051423617,0.0,0.47887368336864006,1.0,20.0,20000,2000,2000,20000,94
pairs,css,uniform,Z,5,0.007328071213181096,0.0,0.47887368336864006,1.0,20.0,20000,2000,2000,20000,296
pairs,css,uniform,Z,5,0.008305147374938576,0.0,0.47887368336864006,1.0,20.0,20000,2000,2000,20000,789
pairs,css,uniform,Z,5,0.009282223536696057,0.0,0.47887368336864006,1.0,20.0,20000,2000,2000,20000,1619
pairs,css,uniform,Z,5,0.010259299698453534,0.0,0.47887368336864006,1.0,20.0,20000,2000,2000,16000,2266
pairs,css,uniform,Z,5,0.011236375860211015,0.0,0.47887368336864006,1.0,20.0,20000,2000,2000,10000,2043
pairs,css,uniform,Z,5,0.012213452021968496,0.0,0.47887368336864006,1.0,20.0,20000,2000,2000,8000,2190
pairs,css,uniform,Z,5,0.013190528183725974,0.0,0.47887368336864006,1.0,20.0,20000,2000,2000,8000,2601
pairs,css,uniform,X,3,0.0017587370911634633,0.0,0.47887368336864006,1.0,20.0,20000,2000,2000,20000,2
pairs,css,uniform,X,3,0.0021495675558664555,0.0,0.47887368336864006,1.0,20.0,20000,2000,2000,20000,5
pairs,css,uniform,X,3,0.002540398020569447,0.0,0.47887368336864006,1.0,20.0,20000,2000,2000,20000,22
pairs,css,uniform,X,3,0.0029312284852724387,0.0,0.47887368336864006,1.0,20.0,20000,2000,2000,20000,35
pairs,css,uniform,X,3,0.0033220589499754305,0.0,0.47887368336864006,1.0,20.0,20000,2000,2000,20000,49
pairs,css,uniform,X,3,0.0037128894146784227,0.0,0.47887368336864006,1.0,20.0,20000,2000,2000,20000,108
pairs,css,uniform,X,3,0.004103719879381414,0.0,0.47887368336864006,1.0,20.0,20000,2000,2000,20000,160
pairs,css,uniform,X,3,0.004494550344084406,0.0,0.47887368336864006,1.0,20.0,20000,2000,2000,20000,322
pairs,css,uniform,X,3,0.004885380808787398,0.0,0.47887368336864006,1.0,20.0,20000,2000,2000,20000,402
pairs,css,uniform,X,3,0.0052762112734903895,0.0,0.47887368336864006,1.0,20.0,20000,2000,2000,20000,622
pairs,css,uniform,X,5,0.0017587370911634633,0.0,0.47887368336864006,1.0,20.0,20000,2000,2000,20000,0
pairs,css,uniform,X,5,0.0021495675558664555,0.0,0.47887368336864006,1.0,20.0,20000,2000,2000,20000,0
pairs,css,uniform,X,5,0.002540398020569447,0.0,0.47887368336864006,1.0,20.0,20000,2000,2000,20000,3
pairs,css,uniform,X,5,0.0029312284852724387,0.0,0.47887368336864006,1.0,20.0,20000,2000,2000,20000,7
pairs,css,uniform,X,5,0.0033220589499754305,0.0,0.47887368336864006,1.0,20.0,20000,2000,2000,20000,30
pairs,css,uniform,X,5,0.0037128894146784227,0.0,0.47887368336864006,1.0,20.0,20000,2000,2000,20000,81
pairs,css,uniform,X,5,0.004103719879381414,0.0,0.47887368336864006,1.0,20.0,20000,2000,2000,20000,206
pairs,css,uniform,X,5,0.004494550344084406,0.0,0.47887368336864006,1.0,20.0,20000,2000,2000,20000,437
pairs,css,uniform,X,5,0.004885380808787398,0.0,0.47887368336864006,1.0,20.0,20000,2000,2000,20000,729
pairs,css,uniform,X,5,0.0052762112734903895,0.0,0.47887368336864006,1.0,20.0,20000,2000,2000,20000,1187
pairs,css,uniform,Z,3,0.003896005824620393,0.1824194809521739,0.5571714275977808,1.0,20.0,20000,2000,2000,20000,10
pairs,css,uniform,Z,3,0.004761784896758259,0.1824194809521739,0.5571714275977808,1.0,20.0,20000,2000,2000,20000,42
pairs,css,uniform,Z,3,0.005627563968896123,0.1824194809521739,0.5571714275977808,1.0,20.0,20000,2000,2000,20000,134
pairs,css,uniform,Z,3,0.006493343041033988,0.1824194809521739,0.5571714275977808,1.0,20.0,20000,2000,2000,20000,235
pairs,css,uniform,Z,3,0.007359122113171853,0.1824194809521739,0.5571714275977808,1.0,20.0,20000,2000,2000,20000,482
pairs,css,uniform,Z,3,0.008224901185309719,0.1824194809521739,0.5571714275977808,1.0,20.0,20000,2000,2000,20000,791
pairs,css,uniform,Z,3,0.009090680257447583,0.1824194809521739,0.5571714275977808,1.0,20.0,20000,2000,2000,20000,1205
pairs,css,uniform,Z,3,0.00995645932958545,0.1824194809521739,0.5571714275977808,1.0,20.0,20000,2000,2000,20000,1633
pairs,css,uniform,Z,3,0.010822238401723314,0.1824194809521739,0.5571714275977808,1.0,20.0,20000,2000,2000,18000,2053
pairs,css,uniform,Z,3,0.01168801747386118,0.1824194809521739,0.5571714275977808,1.0,20.0,20000,2000,2000,14000,2031
pairs,css,uniform,Z,5,0.003896005824620393,0.1824194809521739,0.5571714275977808,1.0,20.0,20000,2000,2000,20000,6
pairs,css,uniform,Z,5,0.004761784896758259,0.1824194809521739,0.5571714275977808,1.0,20.0,20000,2000,2000,20000,20
pairs,css,uniform,Z,5,0.005627563968896123,0.1824194809521739,0.5571714275977808,1.0,20.0,20000,2000,2000,20000,101
pairs,css,uniform,Z,5,0.006493343041033988,0.1824194809521739,0.5571714275977808,1.0,20.0,20000,2000,2000,20000,382
pairs,css,uniform,Z,5,0.007359122113171853,0.1824194809521739,0.5571714275977808,1.0,20.0,20000,2000,2000,20000,903
pairs,css,uniform,Z,5,0.008224901185309719,0.1824194809521739,0.5571714275977808,1.0,20.0,20000,2000,2000,20000,1717
pairs,css,uniform,Z,5,0.009090680257447583,0.1824194809521739,0.5571714275977808,1.0,20.0,20000,2000,2000,16000,2182
pairs,css,uniform,Z,5,0.00995645932958545,0.1824194809521739,0.5571714275977808,1.0,20.0,20000,2000,2000,10000,2185
pairs,css,uniform,Z,5,0.010822238401723314,0.1824194809521739,0.5571714275977808,1.0,20.0,20000,2000,2000,8000,2203
pairs,css,uniform,Z,5,0.01168801747386118,0.1824194809521739,0.5571714275977808,1.0,20.0,20000,2000,2000,8000,2665
pairs,css,uniform,X,3,0.0015584023298481572,0.1824194809521739,0.5571714275977808,1.0,20.0,20000,2000,2000,20000,3
pairs,css,uniform,X,3,0.0019047139587033033,0.1824194809521739,0.5571714275977808,1.0,20.0,20000,2000,2000,20000,5
pairs,css,uniform,X,3,0.002251025587558449,0.1824194809521739,0.5571714275977808,1.0,20.0,20000,2000,2000,20000,10
pairs,css,uniform,X,3,0.0025973372164135953,0.1824194809521739,0.5571714275977808,1.0,20.0,20000,2000,2000,20000,31
pairs,css,uniform,X,3,0.0029436488452687414,0.1824194809521739,0.5571714275977808,1.0,20.0,20000,2000,2000,20000,58
pairs,css,uniform,X,3,0.0032899604741238875,0.1824194809521739,0.5571714275977808,1.0,20.0,20000,2000,2000,20000,83
pairs,css,uniform,X,3,0.003636272102979033,0.1824194809521739,0.5571714275977808,1.0,20.0,20000,2000,2000,20000,158
pairs,css,uniform,X,3,0.00398258373183418,0.1824194809521739,0.5571714275977808,1.0,20.0,20000,2000,2000,20000,264
pairs,css,uniform,X,3,0.004328895360689326,0.1824194809521739,0.5571714275977808,1.0,20.0,20000,2000,2000,20000,408
pairs,css,uniform,X,3,0.004675206989544472,0.1824194809521739,0.5571714275977808,1.0,20.0,20000,2000,2000,20000,535
pairs,css,uniform,X,5,0.0015584023298481572,0.1824194809521739,0.5571714275977808,1.0,20.0,20000,2000,2000,20000,0
pairs,css,uniform,X,5,0.0019047139587033033,0.1824194809521739,0.5571714275977808,1.0,20.0,20000,2000,2000,20000,0
pairs,css,uniform,X,5,0.002251025587558449,0.1824194809521739,0.5571714275977808,1.0,20.0,20000,2000,2000,20000,1
pairs,css,uniform,X,5,0.0025973372164135953,0.1824194809521739,0.5571714275977808,1.0,20.0,20000,2000,2000,20000,10
pairs,css,uniform,X,5,0.0029436488452687414,0.1824194809521739,0.5571714275977808,1.0,20.0,20000,2000,2000,20000,23
pairs,css,uniform,X,5,0.0032899604741238875,0.1824194809521739,0.5571714275977808,1.0,20.0,20000,2000,2000,20000,67
pairs,css,uniform,X,5,0.003636272102979033,0.1824194809521739,0.5571714275977808,1.0,20.0,20000,2000,2000,20000,184
pairs,css,uniform,X,5,0.00398258373183418,0.1824194809521739,0.5571714275977808,1.0,20.0,20000,2000,2000,20000,342
pairs,css,uniform,X,5,0.004328895360689326,0.1824194809521739,0.5571714275977808,1.0,20.0,20000,2000,2000,20000,630
pairs,css,uniform,X,5,0.004675206989544472,0.1824194809521739,0.5571714275977808,1.0,20.0,20000,2000,2000,20000,1107
pairs,css,uniform,Z,3,0.0035875522360439196,0.40499441083896726,0.6616611901293883,1.0,20.0,20000,2000,2000,20000,22
pairs,css,uniform,Z,3,0.004384786066275902,0.40499441083896726,0.6616611901293883,1.0,20.0,20000,2000,2000,20000,53
pairs,css,uniform,Z,3,0.005182019896507883,0.40499441083896726,0.6616611901293883,1.0,20.0,20000,2000,2000,20000,155
pairs,css,uniform,Z,3,0.005979253726739865,0.40499441083896726,0.6616611901293883,1.0,20.0,20000,2000,2000,20000,248
pairs,css,uniform,Z,3,0.006776487556971847,0.40499441083896726,0.6616611901293883,1.0,20.0,20000,2000,2000,20000,497
pairs,css,uniform,Z,3,0.00757372138720383,0.40499441083896726,0.6616611901293883,1.0,20.0,20000,2000,2000,20000,800
pairs,css,uniform,Z,3,0.008370955217435812,0.40499441083896726,0.6616611901293883,1.0,20.0,20000,2000,2000,20000,1173
pairs,css,uniform,Z,3,0.009168189047667794,0.40499441083896726,0.6616611901293883,1.0,20.0,20000,2000,2000,20000,1641
pairs,css,uniform,Z,3,0.009965422877899775,0.40499441083896726,0.6616611901293883,1.0,20.0,20000,2000,2000,18000,2017
pairs,css,uniform,Z,3,0.010762656708131757,0.40499441083896726,0.6616611901293883,1.0,20.0,20000,2000,2000,14000,2018
pairs,css,uniform,Z,5,0.0035875522360439196,0.40499441083896726,0.6616611901293883,1.0,20.0,20000,2000,2000,20000,3
pairs,css,uniform,Z,5,0.004384786066275902,0.40499441083896726,0.6616611901293883,1.0,20.0,20000,2000,2000,20000,25
pairs,css,uniform,Z,5,0.005182019896507883,0.40499441083896726,0.6616611901293883,1.0,20.0,20000,2000,2000,20000,116
pairs,css,uniform,Z,5,0.005979253726739865,0.40499441083896726,0.6616611901293883,1.0,20.0,20000,2000,2000,20000,353
pairs,css,uniform,Z,5,0.006776487556971847,0.40499441083896726,0.6616611901293883,1.0,20.0,20000,2000,2000,20000,829
pairs,css,uniform,Z,5,0.00757372138720383,0.40499441083896726,0.6616611901293883,1.0,20.0,20000,2000,2000,20000,1788
pairs,css,uniform,Z,5,0.008370955217435812,0.40499441083896726,0.6616611901293883,1.0,20.0,20000,2000,2000,14000,2000
pairs,css,uniform,Z,5,0.009168189047667794,0.40499441083896726,0.6616611901293883,1.0,20.0,20000,2000,2000,10000,2100
pairs,css,uniform,Z,5,0.009965422877899775,0.40499441083896726,0.6616611901293883,1.0,20.0,20000,2000,2000,8000,2123
pairs,css,uniform,Z,5,0.010762656708131757,0.40499441083896726,0.6616611901293883,1.0,20.0,20000,2000,2000,6000,2035
pairs,css,uniform,X,3,0.0014350208944175677,0.40499441083896726,0.6616611901293883,1.0,20.0,20000,2000,2000,20000,0
pairs,css,uniform,X,3,0.0017539144265103607,0.40499441083896726,0.6616611901293883,1.0,20.0,20000,2000,2000,20000,3
pairs,css,uniform,X,3,0.0020728079586031533,0.40499441083896726,0.6616611901293883,1.0,20.0,20000,2000,2000,20000,13
pairs,css,uniform,X,3,0.002391701490695946,0.40499441083896726,0.6616611901293883,1.0,20.0,20000,2000,2000,20000,21
pairs,css,uniform,X,3,0.002710595022788739,0.40499441083896726,0.6616611901293883,1.0,20.0,20000,2000,2000,20000,57
pairs,css,uniform,X,3,0.003029488554881532,0.40499441083896726,0.6616611901293883,1.0,20.0,20000,2000,2000,20000,107
pairs,css,uniform,X,3,0.0033483820869743245,0.40499441083896726,0.6616611901293883,1.0,20.0,20000,2000,2000,20000,150
pairs,css,uniform,X,3,0.0036672756190671172,0.40499441083896726,0.6616611901293883,1.0,20.0,20000,2000,2000,20000,268
pairs,css,uniform,X,3,0.0039861691511599105,0.40499441083896726,0.6616611901293883,1.0,20.0,20000,2000,2000,20000,360
pairs,css,uniform,X,3,0.004305062683252703,0.40499441083896726,0.6616611901293883,1.0,20.0,20000,2000,2000,20000,507
pairs,css,uniform,X,5,0.0014350208944175677,0.40499441083896726,0.6616611901293883,1.0,20.0,20000,2000,2000,20000,0
pairs,css,uniform,X,5,0.0017539144265103607,0.40499441083896726,0.6616611901293883,1.0,20.0,20000,2000,2000,20000,0
pairs,css,uniform,X,5,0.0020728079586031533,0.40499441083896726,0.6616611901293883,1.0,20.0,20000,2000,2000,20000,1
pairs,css,uniform,X,5,0.002391701490695946,0.40499441083896726,0.6616611901293883,1.0,20.0,20000,2000,2000,20000,14
pairs,css,uniform,X,5,0.002710595022788739,0.40499441083896726,0.6616611901293883,1.0,20.0,20000,2000,2000,20000,22
pairs,css,uniform,X,5,0.003029488554881532,0.40499441083896726,0.6616611901293883,1.0,20.0,20000,2000,2000,20000,65
pairs,css,uniform,X,5,0.0033483820869743245,0.40499441083896726,0.6616611901293883,1.0,20.0,20000,2000,2000,20000,139
pairs,css,uniform,X,5,0.0036672756190671172,0.40499441083896726,0.6616611901293883,1.0,20.0,20000,2000,2000,20000,312
pairs,css,uniform,X,5,0.0039861691511599105,0.40499441083896726,0.6616611901293883,1.0,20.0,20000,2000,2000,20000,594
pairs,css,uniform,X,5,0.004305062683252703,0.40499441083896726,0.6616611901293883,1.0,20.0,20000,2000,2000,20000,963
pairs,css,uniform,Z,3,0.0035223905173285865,0.6459457180469874,0.8042150832594622,1.0,20.0,20000,2000,2000,20000,19
pairs,css,uniform,Z,3,0.004305143965623828,0.6459457180469874,0.8042150832594622,1.0,20.0,20000,2000,2000,20000,49
pairs,css,uniform,Z,3,0.005087897413919069,0.6459457180469874,0.8042150832594622,1.0,20.0,20000,2000,2000,20000,138
pairs,css,uniform,Z,3,0.00587065086221431,0.6459457180469874,0.8042150832594622,1.0,20.0,20000,2000,2000,20000,271
pairs,css,uniform,Z,3,0.006653404310509552,0.6459457180469874,0.8042150832594622,1.0,20.0,20000,2000,2000,20000,494
pairs,css,uniform,Z,3,0.007436157758804793,0.6459457180469874,0.8042150832594622,1.0,20.0,20000,2000,2000,20000,780
pairs,css,uniform,Z,3,0.008218911207100034,0.6459457180469874,0.8042150832594622,1.0,20.0,20000,2000,2000,20000,1248
pairs,css,uniform,Z,3,0.009001664655395276,0.6459457180469874,0.8042150832594622,1.0,20.0,20000,2000,2000,20000,1714
pairs,css,uniform,Z,3,0.009784418103690516,0.6459457180469874,0.8042150832594622,1.0,20.0,20000,2000,2000,18000,2009
pairs,css,uniform,Z,3,0.010567171551985758,0.6459457180469874,0.8042150832594622,1.0,20.0,20000,2000,2000,14000,2049
pairs,css,uniform,Z,5,0.0035223905173285865,0.6459457180469874,0.8042150832594622,1.0,20.0,20000,2000,2000,20000,8
pairs,css,uniform,Z,5,0.004305143965623828,0.6459457180469874,0.8042150832594622,1.0,20.0,20000,2000,2000,20000,30
pairs,css,uniform,Z,5,0.005087897413919069,0.6459457180469874,0.8042150832594622,1.0,20.0,20000,2000,2000,20000,113
pairs,css,uniform,Z,5,0.00587065086221431,0.6459457180469874,0.8042150832594622,1.0,20.0,20000,2000,2000,20000,378
pairs,css,uniform,Z,5,0.006653404310509552,0.6459457180469874,0.8042150832594622,1.0,20.0,20000,2000,2000,20000,952
pairs,css,uniform,Z,5,0.007436157758804793,0.6459457180469874,0.8042150832594622,1.0,20.0,20000,2000,2000,20000,1809
pairs,css,uniform,Z,5,0.008218911207100034,0.6459457180469874,0.8042150832594622,1.0,20.0,20000,2000,2000,14000,2188
pairs,css,uniform,Z,5,0.009001664655395276,0.6459457180469874,0.8042150832594622,1.0,20.0,20000,2000,2000,10000,2174
pairs,css,uniform,Z,5,0.009784418103690516,0.6459457180469874,0.8042150832594622,1.0,20.0,20000,2000,2000,8000,2256
pairs,css,uniform,Z,5,0.010567171551985758,0.6459457180469874,0.8042150832594622,1.0,20.0,20000,2000,2000,6000,2022
pairs,css,uniform,X,3,0.0014089562069314345,0.6459457180469874,0.8042150832594622,1.0,20.0,20000,2000,2000,20000,0
pairs,css,uniform,X,3,0.0017220575862495313,0.6459457180469874,0.8042150832594622,1.0,20.0,20000,2000,2000,20000,3
pairs,css,uniform,X,3,0.0020351589655676276,0.6459457180469874,0.8042150832594622,1.0,20.0,20000,2000,2000,20000,12
pairs,css,uniform,X,3,0.002348260344885724,0.6459457180469874,0.8042150832594622,1.0,20.0,20000,2000,2000,20000,20
pairs,css,uniform,X,3,0.0026613617242038207,0.6459457180469874,0.8042150832594622,1.0,20.0,20000,2000,2000,20000,44
pairs,css,uniform,X,3,0.0029744631035219173,0.6459457180469874,0.8042150832594622,1.0,20.0,20000,2000,2000,20000,96
pairs,css,uniform,X,3,0.0032875644828400134,0.6459457180469874,0.8042150832594622,1.0,20.0,20000,2000,2000,20000,137
pairs,css,uniform,X,3,0.00360066586215811,0.6459457180469874,0.8042150832594622,1.0,20.0,20000,2000,2000,20000,247
pairs,css,uniform,X,3,0.0039137672414762065,0.6459457180469874,0.8042150832594622,1.0,20.0,20000,2000,2000,20000,348
pairs,css,uniform,X,3,0.004226868620794303,0.6459457180469874,0.8042150832594622,1.0,20.0,20000,2000,2000,20000,523
pairs,css,uniform,X,5,0.0014089562069314345,0.6459457180469874,0.8042150832594622,1.0,20.0,20000,2000,2000,20000,0
pairs,css,uniform,X,5,0.0017220575862495313,0.6459457180469874,0.8042150832594622,1.0,20.0,20000,2000,2000,20000,2
pairs,css,uniform,X,5,0.0020351589655676276,0.6459457180469874,0.8042150832594622,1.0,20.0,20000,2000,2000,20000,0
pairs,css,uniform,X,5,0.002348260344885724,0.6459457180469874,0.8042150832594622,1.0,20.0,20000,2000,2000,20000,8
pairs,css,uniform,X,5,0.0026613617242038207,0.6459457180469874,0.8042150832594622,1.0,20.0,20000,2000,2000,20000,18
pairs,css,uniform,X,5,0.0029744631035219173,0.6459457180469874,0.8042150832594622,1.0,20.0,20000,2000,2000,20000,56
pairs,css,uniform,X,5,0.0032875644828400134,0.6459457180469874,0.8042150832594622,1.0,20.0,20000,2000,2000,20000,130
pairs,css,uniform,X,5,0.00360066586215811,0.6459457180469874,0.8042150832594622,1.0,20.0,20000,2000,2000,20000,261
pairs,css,uniform,X,5,0.0039137672414762065,0.6459457180469874,0.8042150832594622,1.0,20.0,20000,2000,2000,20000,537
pairs,css,uniform,X,5,0.004226868620794303,0.6459457180469874,0.8042150832594622,1.0,20.0,20000,2000,2000,20000,866
pairs,css,uniform,Z,3,0.0037133506589256933,0.8653634844909508,1.0000386946334834,1.0,20.0,20000,2000,2000,20000,22
pairs,css,uniform,Z,3,0.0045385396942425145,0.8653634844909508,1.0000386946334834,1.0,20.0,20000,2000,2000,20000,57
pairs,css,uniform,Z,3,0.005363728729559335,0.8653634844909508,1.0000386946334834,1.0,20.0,20000,2000,2000,20000,129
pairs,css,uniform,Z,3,0.006188917764876155,0.8653634844909508,1.0000386946334834,1.0,20.0,20000,2000,2000,20000,281
pairs,css,uniform,Z,3,0.007014106800192975,0.8653634844909508,1.0000386946334834,1.0,20.0,20000,2000,2000,20000,519
pairs,css,uniform,Z,3,0.007839295835509796,0.8653634844909508,1.0000386946334834,1.0,20.0,20000,2000,2000,20000,781
pairs,css,uniform,Z,3,0.008664484870826616,0.8653634844909508,1.0000386946334834,1.0,20.0,20000,2000,2000,20000,1262
pairs,css,uniform,Z,3,0.009489673906143437,0.8653634844909508,1.0000386946334834,1.0,20.0,20000,2000,2000,20000,1756
pairs,css,uniform,Z,3,0.010314862941460258,0.8653634844909508,1.0000386946334834,1.0,20.0,20000,2000,2000,18000,2088
pairs,css,uniform,Z,3,0.011140051976777079,0.8653634844909508,1.0000386946334834,1.0,20.0,20000,2000,2000,14000,2033
pairs,css,uniform,Z,5,0.0037133506589256933,0.8653634844909508,1.0000386946334834,1.0,20.0,20000,2000,2000,20000,1
pairs,css,uniform,Z,5,0.0045385396942425145,0.8653634844909508,1.0000386946334834,1.0,20.0,20000,2000,2000,20000,31
pairs,css,uniform,Z,5,0.005363728729559335,0.8653634844909508,1.0000386946334834,1.0,20.0,20000,2000,2000,20000,146
pairs,css,uniform,Z,5,0.006188917764876155,0.8653634844909508,1.0000386946334834,1.0,20.0,20000,2000,2000,20000,409
pairs,css,uniform,Z,5,0.007014106800192975,0.8653634844909508,1.0000386946334834,1.0,20.0,20000,2000,2000,20000,908
pairs,css,uniform,Z,5,0.007839295835509796,0.8653634844909508,1.0000386946334834,1.0,20.0,20000,2000,2000,20000,1853
pairs,css,uniform,Z,5,0.008664484870826616,0.8653634844909508,1.0000386946334834,1.0,20.0,20000,2000,2000,14000,2137
pairs,css,uniform,Z,5,0.009489673906143437,0.8653634844909508,1.0000386946334834,1.0,20.0,20000,2000,2000,10000,2195
pairs,css,uniform,Z,5,0.010314862941460258,0.8653634844909508,1.0000386946334834,1.0,20.0,20000,2000,2000,8000,2285
pairs,css,uniform,Z,5,0.011140051976777079,0.8653634844909508,1.0000386946334834,1.0,20.0,20000,2000,2000,6000,2096
pairs,css,uniform,X,3,0.0014853402635702773,0.8653634844909508,1.0000386946334834,1.0,20.0,20000,2000,2000,20000,0
pairs,css,uniform,X,3,0.0018154158776970057,0.8653634844909508,1.0000386946334834,1.0,20.0,20000,2000,2000,20000,6
pairs,css,uniform,X,3,0.002145491491823734,0.8653634844909508,1.0000386946334834,1.0,20.0,20000,2000,2000,20000,13
pairs,css,uniform,X,3,0.002475567105950462,0.8653634844909508,1.0000386946334834,1.0,20.0,20000,2000,2000,20000,19
pairs,css,uniform,X,3,0.0028056427200771903,0.8653634844909508,1.0000386946334834,1.0,20.0,20000,2000,2000,20000,47
pairs,css,uniform,X,3,0.003135718334203919,0.8653634844909508,1.0000386946334834,1.0,20.0,20000,2000,2000,20000,77
pairs,css,uniform,X,3,0.0034657939483306466,0.8653634844909508,1.0000386946334834,1.0,20.0,20000,2000,2000,20000,139
pairs,css,uniform,X,3,0.003795869562457375,0.8653634844909508,1.0000386946334834,1.0,20.0,20000,2000,2000,20000,182
pairs,css,uniform,X,3,0.004125945176584103,0.8653634844909508,1.0000386946334834,1.0,20.0,20000,2000,2000,20000,298
pairs,css,uniform,X,3,0.004456020790710832,0.8653634844909508,1.0000386946334834,1.0,20.0,20000,2000,2000,20000,462
pairs,css,uniform,X,5,0.0014853402635702773,0.8653634844909508,1.0000386946334834,1.0,20.0,20000,2000,2000,20000,1
pairs,css,uniform,X,5,0.0018154158776970057,0.8653634844909508,1.0000386946334834,1.0,20.0,20000,2000,2000,20000,0
pairs,css,uniform,X,5,0.002145491491823734,0.8653634844909508,1.0000386946334834,1.0,20.0,20000,2000,2000,20000,1
pairs,css,uniform,X,5,0.002475567105950462,0.8653634844909508,1.0000386946334834,1.0,20.0,20000,2000,2000,20000,9
pairs,css,uniform,X,5,0.0028056427200771903,0.8653634844909508,1.0000386946334834,1.0,20.0,20000,2000,2000,20000,12
pairs,css,uniform,X,5,0.003135718334203919,0.8653634844909508,1.0000386946334834,1.0,20.0,20000,2000,2000,20000,50
pairs,css,uniform,X,5,0.0034657939483306466,0.8653634844909508,1.0000386946334834,1.0,20.0,20000,2000,2000,20000,106
pairs,css,uniform,X,5,0.003795869562457375,0.8653634844909508,1.0000386946334834,1.0,20.0,20000,2000,2000,20000,252
pairs,css,uniform,X,5,0.004125945176584103,0.8653634844909508,1.0000386946334834,1.0,20.0,20000,2000,2000,20000,497
pairs,css,uniform,X,5,0.004456020790710832,0.8653634844909508,1.0000386946334834,1.0,20.0,20000,2000,2000,20000,744
pairs,css,uniform,Z,3,0.0041250146090742925,1.0288193585074403,1.2601693227839645,1.0,20.0,20000,2000,2000,20000,19
pairs,css,uniform,Z,3,0.005041684522201912,1.0288193585074403,1.2601693227839645,1.0,20.0,20000,2000,2000,20000,57
pairs,css,uniform,Z,3,0.005958354435329533,1.0288193585074403,1.2601693227839645,1.0,20.0,20000,2000,2000,20000,144
pairs,css,uniform,Z,3,0.006875024348457153,1.0288193585074403,1.2601693227839645,1.0,20.0,20000,2000,2000,20000,289
pairs,css,uniform,Z,3,0.007791694261584773,1.0288193585074403,1.2601693227839645,1.0,20.0,20000,2000,2000,20000,513
pairs,css,uniform,Z,3,0.008708364174712395,1.0288193585074403,1.2601693227839645,1.0,20.0,20000,2000,2000,20000,860
pairs,css,uniform,Z,3,0.009625034087840014,1.0288193585074403,1.2601693227839645,1.0,20.0,20000,2000,2000,20000,1314
pairs,css,uniform,Z,3,0.010541704000967635,1.0288193585074403,1.2601693227839645,1.0,20.0,20000,2000,2000,20000,1739
pairs,css,uniform,Z,3,0.011458373914095255,1.0288193585074403,1.2601693227839645,1.0,20.0,20000,2000,2000,18000,2117
pairs,css,uniform,Z,3,0.012375043827222876,1.0288193585074403,1.2601693227839645,1.0,20.0,20000,2000,2000,14000,2085
pairs,css,uniform,Z,5,0.0041250146090742925,1.0288193585074403,1.2601693227839645,1.0,20.0,20000,2000,2000,20000,2
pairs,css,uniform,Z,5,0.005041684522201912,1.0288193585074403,1.2601693227839645,1.0,20.0,20000,2000,2000,20000,39
pairs,css,uniform,Z,5,0.005958354435329533,1.0288193585074403,1.2601693227839645,1.0,20.0,20000,2000,2000,20000,128
pairs,css,uniform,Z,5,0.006875024348457153,1.0288193585074403,1.2601693227839645,1.0,20.0,20000,2000,2000,20000,462
pairs,css,uniform,Z,5,0.007791694261584773,1.0288193585074403,1.2601693227839645,1.0,20.0,20000,2000,2000,20000,1027
pairs,css,uniform,Z,5,0.008708364174712395,1.0288193585074403,1.2601693227839645,1.0,20.0,20000,2000,2000,20000,1917
pairs,css,uniform,Z,5,0.009625034087840014,1.0288193585074403,1.2601693227839645,1.0,20.0,20000,2000,2000,14000,2139
pairs,css,uniform,Z,5,0.010541704000967635,1.0288193585074403,1.2601693227839645,1.0,20.0,20000,2000,2000,10000,2230
pairs,css,uniform,Z,5,0.011458373914095255,1.0288193585074403,1.2601693227839645,1.0,20.0,20000,2000,2000,8000,2353
pairs,css,uniform,Z,5,0.012375043827222876,1.0288193585074403,1.2601693227839645,1.0,20.0,20000,2000,2000,6000,2107
pairs,css,uniform,X,3,0.0016500058436297168,1.0288193585074403,1.2601693227839645,1.0,20.0,20000,2000,2000,20000,3
pairs,css,uniform,X,3,0.002016673808880765,1.0288193585074403,1.2601693227839645,1.0,20.0,20000,2000,2000,20000,4
pairs,css,uniform,X,3,0.002383341774131813,1.0288193585074403,1.2601693227839645,1.0,20.0,20000,2000,2000,20000,8
pairs,css,uniform,X,3,0.0027500097393828612,1.0288193585074403,1.2601693227839645,1.0,20.0,20000,2000,2000,20000,20
pairs,css,uniform,X,3,0.0031166777046339094,1.0288193585074403,1.2601693227839645,1.0,20.0,20000,2000,2000,20000,43
pairs,css,uniform,X,3,0.003483345669884958,1.0288193585074403,1.2601693227839645,1.0,20.0,20000,2000,2000,20000,90
pairs,css,uniform,X,3,0.0038500136351360056,1.0288193585074403,1.2601693227839645,1.0,20.0,20000,2000,2000,20000,117
pairs,css,uniform,X,3,0.004216681600387054,1.0288193585074403,1.2601693227839645,1.0,20.0,20000,2000,2000,20000,189
pairs,css,uniform,X,3,0.004583349565638102,1.0288193585074403,1.2601693227839645,1.0,20.0,20000,2000,2000,20000,292
pairs,css,uniform,X,3,0.0049500175308891505,1.0288193585074403,1.2601693227839645,1.0,20.0,20000,2000,2000,20000,443
pairs,css,uniform,X,5,0.0016500058436297168,1.0288193585074403,1.2601693227839645,1.0,20.0,20000,2000,2000,20000,0
pairs,css,uniform,X,5,0.002016673808880765,1.0288193585074403,1.2601693227839645,1.0,20.0,20000,2000,2000,20000,0
pairs,css,uniform,X,5,0.002383341774131813,1.0288193585074403,1.2601693227839645,1.0,20.0,20000,2000,2000,20000,2
pairs,css,uniform,X,5,0.0027500097393828612,1.0288193585074403,1.2601693227839645,1.0,20.0,20000,2000,2000,20000,7
pairs,css,uniform,X,5,0.0031166777046339094,1.0288193585074403,1.2601693227839645,1.0,20.0,20000,2000,2000,20000,15
pairs,css,uniform,X,5,0.003483345669884958,1.0288193585074403,1.2601693227839645,1.0,20.0,20000,2000,2000,20000,45
pairs,css,uniform,X,5,0.0038500136351360056,1.0288193585074403,1.2601693227839645,1.0,20.0,20000,2000,2000,20000,94
pairs,css,uniform,X,5,0.004216681600387054,1.0288193585074403,1.2601693227839645,1.0,20.0,20000,2000,2000,20000,200
pairs,css,uniform,X,5,0.004583349565638102,1.0288193585074403,1.2601693227839645,1.0,20.0,20000,2000,2000,20000,412
pairs,css,uniform,X,5,0.0049500175308891505,1.0288193585074403,1.2601693227839645,1.0,20.0,20000,2000,2000,20000,723
pairs,css,uniform,Z,3,0.001879895834704198,1.1251039566475658,1.5707963267948963,1.0,20.0,20000,2000,2000,20000,0
pairs,css,uniform,Z,3,0.0022976504646384645,1.1251039566475658,1.5707963267948963,1.0,20.0,20000,2000,2000,20000,1
pairs,css,uniform,Z,3,0.0027154050945727305,1.1251039566475658,1.5707963267948963,1.0,20.0,20000,2000,2000,20000,0
pairs,css,uniform,Z,3,0.0031331597245069964,1.1251039566475658,1.5707963267948963,1.0,20.0,20000,2000,2000,20000,5
pairs,css,uniform,Z,3,0.003550914354441263,1.1251039566475658,1.5707963267948963,1.0,20.0,20000,2000,2000,20000,4
pairs,css,uniform,Z,3,0.003968668984375529,1.1251039566475658,1.5707963267948963,1.0,20.0,20000,2000,2000,20000,9
pairs,css,uniform,Z,3,0.004386423614309795,1.1251039566475658,1.5707963267948963,1.0,20.0,20000,2000,2000,20000,9
pairs,css,uniform,Z,3,0.004804178244244062,1.1251039566475658,1.5707963267948963,1.0,20.0,20000,2000,2000,20000,22
pairs,css,uniform,Z,3,0.005221932874178328,1.1251039566475658,1.5707963267948963,1.0,20.0,20000,2000,2000,20000,38
pairs,css,uniform,Z,3,0.0056396875041125945,1.1251039566475658,1.5707963267948963,1.0,20.0,20000,2000,2000,20000,61
pairs,css,uniform,Z,5,0.001879895834704198,1.1251039566475658,1.5707963267948963,1.0,20.0,20000,2000,2000,20000,0
pairs,css,uniform,Z,5,0.0022976504646384645,1.1251039566475658,1.5707963267948963,1.0,20.0,20000,2000,2000,20000,1
pairs,css,uniform,Z,5,0.0027154050945727305,1.1251039566475658,1.5707963267948963,1.0,20.0,20000,2000,2000,20000,0
pairs,css,uniform,Z,5,0.0031331597245069964,1.1251039566475658,1.5707963267948963,1.0,20.0,20000,2000,2000,20000,0
pairs,css,uniform,Z,5,0.003550914354441263,1.1251039566475658,1.5707963267948963,1.0,20.0,20000,2000,2000,20000,0
pairs,css,uniform,Z,5,0.003968668984375529,1.1251039566475658,1.5707963267948963,1.0,20.0,20000,2000,2000,20000,0
pairs,css,uniform,Z,5,0.004386423614309795,1.1251039566475658,1.5707963267948963,1.0,20.0,20000,2000,2000,20000,4
pairs,css,uniform,Z,5,0.004804178244244062,1.1251039566475658,1.5707963267948963,1.0,20.0,20000,2000,2000,20000,7
pairs,css,uniform,Z,5,0.005221932874178328,1.1251039566475658,1.5707963267948963,1.0,20.0,20000,2000,2000,20000,18
pairs,css,uniform,Z,5,0.0056396875041125945,1.1251039566475658,1.5707963267948963,1.0,20.0,20000,2000,2000,20000,32
pairs,css,uniform,X,3,0.001879895834704198,1.1251039566475658,1.5707963267948963,1.0,20.0,20000,2000,2000,20000,0
pairs,css,uniform,X,3,0.0022976504646384645,1.1251039566475658,1.5707963267948963,1.0,20.0,20000,2000,2000,20000,3
pairs,css,uniform,X,3,0.0027154050945727305,1.1251039566475658,1.5707963267948963,1.0,20.0,20000,2000,2000,20000,6
pairs,css,uniform,X,3,0.0031331597245069964,1.1251039566475658,1.5707963267948963,1.0,20.0,20000,2000,2000,20000,18
pairs,css,uniform,X,3,0.003550914354441263,1.1251039566475658,1.5707963267948963,1.0,20.0,20000,2000,2000,20000,36
pairs,css,uniform,X,3,0.003968668984375529,1.1251039566475658,1.5707963267948963,1.0,20.0,20000,2000,2000,20000,62
pairs,css,uniform,X,3,0.004386423614309795,1.1251039566475658,1.5707963267948963,1.0,20.0,20000,2000,2000,20000,101
pairs,css,uniform,X,3,0.004804178244244062,1.1251039566475658,1.5707963267948963,1.0,20.0,20000,2000,2000,20000,157
pairs,css,uniform,X,3,0.005221932874178328,1.1251039566475658,1.5707963267948963,1.0,20.0,20000,2000,2000,20000,239
pairs,css,uniform,X,3,0.0056396875041125945,1.1251039566475658,1.5707963267948963,1.0,20.0,20000,2000,2000,20000,362
pairs,css,uniform,X,5,0.001879895834704198,1.1251039566475658,1.5707963267948963,1.0,20.0,20000,2000,2000,20000,0
pairs,css,uniform,X,5,0.0022976504646384645,1.1251039566475658,1.5707963267948963,1.0,20.0,20000,2000,2000,20000,0
pairs,css,uniform,X,5,0.0027154050945727305,1.1251039566475658,1.5707963267948963,1.0,20.0,20000,2000,2000,20000,0
pairs,css,uniform,X,5,0.0031331597245069964,1.1251039566475658,1.5707963267948963,1.0,20.0,20000,2000,2000,20000,7
pairs,css,uniform,X,5,0.003550914354441263,1.1251039566475658,1.5707963267948963,1.0,20.0,20000,2000,2000,20000,13
pairs,css,uniform,X,5,0.003968668984375529,1.1251039566475658,1.5707963267948963,1.0,20.0,20000,2000,2000,20000,34
pairs,css,uniform,X,5,0.004386423614309795,1.1251039566475658,1.5707963267948963,1.0,20.0,20000,2000,2000,20000,88
pairs,css,uniform,X,5,0.004804178244244062,1.1251039566475658,1.5707963267948963,1.0,20.0,20000,2000,2000,20000,192
pairs,css,uniform,X,5,0.005221932874178328,1.1251039566475658,1.5707963267948963,1.0,20.0,20000,2000,2000,20000,347
pairs,css,uniform,X,5,0.0056396875041125945,1.1251039566475658,1.5707963267948963,1.0,20.0,20000,2000,2000,20000,575
pairs,css,uniform,Z,3,0.004227503537988467,0.0,0.6931751523671893,1.0,20.0,20000,2000,2000,20000,7
pairs,css,uniform,Z,3,0.0051669487686525715,0.0,0.6931751523671893,1.0,20.0,20000,2000,2000,20000,19
pairs,css,uniform,Z,3,0.0061063939993166744,0.0,0.6931751523671893,1.0,20.0,20000,2000,2000,20000,48
pairs,css,uniform,Z,3,0.007045839229980777,0.0,0.6931751523671893,1.0,20.0,20000,2000,2000,20000,120
pairs,css,uniform,Z,3,0.007985284460644882,0.0,0.6931751523671893,1.0,20.0,20000,2000,2000,20000,193
pairs,css,uniform,Z,3,0.008924729691308987,0.0,0.6931751523671893,1.0,20.0,20000,2000,2000,20000,323
pairs,css,uniform,Z,3,0.009864174921973088,0.0,0.6931751523671893,1.0,20.0,20000,2000,2000,20000,546
pairs,css,uniform,Z,3,0.010803620152637194,0.0,0.6931751523671893,1.0,20.0,20000,2000,2000,20000,834
pairs,css,uniform,Z,3,0.011743065383301297,0.0,0.6931751523671893,1.0,20.0,20000,2000,2000,20000,1140
pairs,css,uniform,Z,3,0.012682510613965402,0.0,0.6931751523671893,1.0,20.0,20000,2000,2000,20000,1533
pairs,css,uniform,Z,5,0.004227503537988467,0.0,0.6931751523671893,1.0,20.0,20000,2000,2000,20000,2
pairs,css,uniform,Z,5,0.0051669487686525715,0.0,0.6931751523671893,1.0,20.0,20000,2000,2000,20000,3
pairs,css,uniform,Z,5,0.0061063939993166744,0.0,0.6931751523671893,1.0,20.0,20000,2000,2000,20000,17
pairs,css,uniform,Z,5,0.007045839229980777,0.0,0.6931751523671893,1.0,20.0,20000,2000,2000,20000,86
pairs,css,uniform,Z,5,0.007985284460644882,0.0,0.6931751523671893,1.0,20.0,20000,2000,2000,20000,232
pairs,css,uniform,Z,5,0.008924729691308987,0.0,0.6931751523671893,1.0,20.0,20000,2000,2000,20000,535
pairs,css,uniform,Z,5,0.009864174921973088,0.0,0.6931751523671893,1.0,20.0,20000,2000,2000,20000,1067
pairs,css,uniform,Z,5,0.010803620152637194,0.0,0.6931751523671893,1.0,20.0,20000,2000,2000,20000,1861
pairs,css,uniform,Z,5,0.011743065383301297,0.0,0.6931751523671893,1.0,20.0,20000,2000,2000,16000,2279
pairs,css,uniform,Z,5,0.012682510613965402,0.0,0.6931751523671893,1.0,20.0,20000,2000,2000,12000,2368
pairs,css,uniform,X,3,0.0016910014151953869,0.0,0.6931751523671893,1.0,20.0,20000,2000,2000,20000,0
pairs,css,uniform,X,3,0.0020667795074610284,0.0,0.6931751523671893,1.0,20.0,20000,2000,2000,20000,4
pairs,css,uniform,X,3,0.00244255759972667,0.0,0.6931751523671893,1.0,20.0,20000,2000,2000,20000,14
pairs,css,uniform,X,3,0.002818335691992311,0.0,0.6931751523671893,1.0,20.0,20000,2000,2000,20000,30
pairs,css,uniform,X,3,0.003194113784257953,0.0,0.6931751523671893,1.0,20.0,20000,2000,2000,20000,62
pairs,css,uniform,X,3,0.0035698918765235945,0.0,0.6931751523671893,1.0,20.0,20000,2000,2000,20000,107
pairs,css,uniform,X,3,0.003945669968789235,0.0,0.6931751523671893,1.0,20.0,20000,2000,2000,20000,167
pairs,css,uniform,X,3,0.004321448061054878,0.0,0.6931751523671893,1.0,20.0,20000,2000,2000,20000,255
pairs,css,uniform,X,3,0.004697226153320519,0.0,0.6931751523671893,1.0,20.0,20000,2000,2000,20000,426
pairs,css,uniform,X,3,0.005073004245586161,0.0,0.6931751523671893,1.0,20.0,20000,2000,2000,20000,553
pairs,css,uniform,X,5,0.0016910014151953869,0.0,0.6931751523671893,1.0,20.0,20000,2000,2000,20000,0
pairs,css,uniform,X,5,0.0020667795074610284,0.0,0.6931751523671893,1.0,20.0,20000,2000,2000,20000,0
pairs,css,uniform,X,5,0.00244255759972667,0.0,0.6931751523671893,1.0,20.0,20000,2000,2000,20000,4
pairs,css,uniform,X,5,0.002818335691992311,0.0,0.6931751523671893,1.0,20.0,20000,2000,2000,20000,10
pairs,css,uniform,X,5,0.003194113784257953,0.0,0.6931751523671893,1.0,20.0,20000,2000,2000,20000,18
pairs,css,uniform,X,5,0.0035698918765235945,0.0,0.6931751523671893,1.0,20.0,20000,2000,2000,20000,72
pairs,css,uniform,X,5,0.003945669968789235,0.0,0.6931751523671893,1.0,20.0,20000,2000,2000,20000,164
pairs,css,uniform,X,5,0.004321448061054878,0.0,0.6931751523671893,1.0,20.0,20000,2000,2000,20000,346
pairs,css,uniform,X,5,0.004697226153320519,0.0,0.6931751523671893,1.0,20.0,20000,2000,2000,20000,631
pairs,css,uniform,X,5,0.005073004245586161,0.0,0.6931751523671893,1.0,20.0,20000,2000,2000,20000,1079
pairs,css,uniform,Z,3,0.0038163335625630563,0.18627197997374365,0.8042150832594622,1.0,20.0,20000,2000,2000,20000,7
pairs,css,uniform,Z,3,0.00466440768757707,0.18627197997374365,0.8042150832594622,1.0,20.0,20000,2000,2000,20000,24
pairs,css,uniform,Z,3,0.005512481812591082,0.18627197997374365,0.8042150832594622,1.0,20.0,20000,2000,2000,20000,45
pairs,css,uniform,Z,3,0.006360555937605094,0.18627197997374365,0.8042150832594622,1.0,20.0,20000,2000,2000,20000,121
pairs,css,uniform,Z,3,0.007208630062619107,0.18627197997374365,0.8042150832594622,1.0,20.0,20000,2000,2000,20000,223
pairs,css,uniform,Z,3,0.008056704187633119,0.18627197997374365,0.8042150832594622,1.0,20.0,20000,2000,2000,20000,361
pairs,css,uniform,Z,3,0.00890477831264713,0.18627197997374365,0.8042150832594622,1.0,20.0,20000,2000,2000,20000,569
pairs,css,uniform,Z,3,0.009752852437661143,0.18627197997374365,0.8042150832594622,1.0,20.0,20000,2000,2000,20000,839
pairs,css,uniform,Z,3,0.010600926562675157,0.18627197997374365,0.8042150832594622,1.0,20.0,20000,2000,2000,20000,1223
pairs,css,uniform,Z,3,0.011449000687689169,0.18627197997374365,0.8042150832594622,1.0,20.0,20000,2000,2000,20000,1623
pairs,css,uniform,Z,5,0.0038163335625630563,0.18627197997374365,0.8042150832594622,1.0,20.0,20000,2000,2000,20000,1
pairs,css,uniform,Z,5,0.00466440768757707,0.18627197997374365,0.8042150832594622,1.0,20.0,20000,2000,2000,20000,6
pairs,css,uniform,Z,5,0.005512481812591082,0.18627197997374365,0.8042150832594622,1.0,20.0,20000,2000,2000,20000,33
pairs,css,uniform,Z,5,0.006360555937605094,0.18627197997374365,0.8042150832594622,1.0,20.0,20000,2000,2000,20000,98
pairs,css,uniform,Z,5,0.007208630062619107,0.18627197997374365,0.8042150832594622,1.0,20.0,20000,2000,2000,20000,246
pairs,css,uniform,Z,5,0.008056704187633119,0.18627197997374365,0.8042150832594622,1.0,20.0,20000,2000,2000,20000,566
pairs,css,uniform,Z,5,0.00890477831264713,0.18627197997374365,0.8042150832594622,1.0,20.0,20000,2000,2000,20000,1123
pairs,css,uniform,Z,5,0.009752852437661143,0.18627197997374365,0.8042150832594622,1.0,20.0,20000,2000,2000,20000,1981
pairs,css,uniform,Z,5,0.010600926562675157,0.18627197997374365,0.8042150832594622,1.0,20.0,20000,2000,2000,14000,2058
pairs,css,uniform,Z,5,0.011449000687689169,0.18627197997374365,0.8042150832594622,1.0,20.0,20000,2000,2000,10000,2065
pairs,css,uniform,X,3,0.0015265334250252225,0.18627197997374365,0.8042150832594622,1.0,20.0,20000,2000,2000,20000,3
pairs,css,uniform,X,3,0.0018657630750308278,0.18627197997374365,0.8042150832594622,1.0,20.0,20000,2000,2000,20000,6
pairs,css,uniform,X,3,0.0022049927250364326,0.18627197997374365,0.8042150832594622,1.0,20.0,20000,2000,2000,20000,12
pairs,css,uniform,X,3,0.0025442223750420374,0.18627197997374365,0.8042150832594622,1.0,20.0,20000,2000,2000,20000,11
pairs,css,uniform,X,3,0.0028834520250476427,0.18627197997374365,0.8042150832594622,1.0,20.0,20000,2000,2000,20000,47
pairs,css,uniform,X,3,0.0032226816750532475,0.18627197997374365,0.8042150832594622,1.0,20.0,20000,2000,2000,20000,84
pairs,css,uniform,X,3,0.0035619113250588523,0.18627197997374365,0.8042150832594622,1.0,20.0,20000,2000,2000,20000,120
pairs,css,uniform,X,3,0.003901140975064457,0.18627197997374365,0.8042150832594622,1.0,20.0,20000,2000,2000,20000,267
pairs,css,uniform,X,3,0.004240370625070063,0.18627197997374365,0.8042150832594622,1.0,20.0,20000,2000,2000,20000,384
pairs,css,uniform,X,3,0.004579600275075668,0.18627197997374365,0.8042150832594622,1.0,20.0,20000,2000,2000,20000,510
pairs,css,uniform,X,5,0.0015265334250252225,0.18627197997374365,0.8042150832594622,1.0,20.0,20000,2000,2000,20000,0
pairs,css,uniform,X,5,0.0018657630750308278,0.18627197997374365,0.8042150832594622,1.0,20.0,20000,2000,2000,20000,0
pairs,css,uniform,X,5,0.0022049927250364326,0.18627197997374365,0.8042150832594622,1.0,20.0,20000,2000,2000,20000,2
pairs,css,uniform,X,5,0.0025442223750420374,0.18627197997374365,0.8042150832594622,1.0,20.0,20000,2000,2000,20000,8
pairs,css,uniform,X,5,0.0028834520250476427,0.18627197997374365,0.8042150832594622,1.0,20.0,20000,2000,2000,20000,23
pairs,css,uniform,X,5,0.0032226816750532475,0.18627197997374365,0.8042150832594622,1.0,20.0,20000,2000,2000,20000,62
pairs,css,uniform,X,5,0.0035619113250588523,0.18627197997374365,0.8042150832594622,1.0,20.0,20000,2000,2000,20000,144
pairs,css,uniform,X,5,0.003901140975064457,0.18627197997374365,0.8042150832594622,1.0,20.0,20000,2000,2000,20000,324
pairs,css,uniform,X,5,0.004240370625070063,0.18627197997374365,0.8042150832594622,1.0,20.0,20000,2000,2000,20000,618
pairs,css,uniform,X,5,0.004579600275075668,0.18627197997374365,0.8042150832594622,1.0,20.0,20000,2000,2000,20000,964
pairs,css,uniform,Z,3,0.003619675649438824,0.40119299266337055,0.9452649597270956,1.0,20.0,20000,2000,2000,20000,7
pairs,css,uniform,Z,3,0.004424048015980785,0.40119299266337055,0.9452649597270956,1.0,20.0,20000,2000,2000,20000,18
pairs,css,uniform,Z,3,0.005228420382522745,0.40119299266337055,0.9452649597270956,1.0,20.0,20000,2000,2000,20000,66
pairs,css,uniform,Z,3,0.0060327927490647065,0.40119299266337055,0.9452649597270956,1.0,20.0,20000,2000,2000,20000,123
pairs,css,uniform,Z,3,0.0068371651156066676,0.40119299266337055,0.9452649597270956,1.0,20.0,20000,2000,2000,20000,221
pairs,css,uniform,Z,3,0.007641537482148629,0.40119299266337055,0.9452649597270956,1.0,20.0,20000,2000,2000,20000,402
pairs,css,uniform,Z,3,0.008445909848690588,0.40119299266337055,0.9452649597270956,1.0,20.0,20000,2000,2000,20000,640
pairs,css,uniform,Z,3,0.009250282215232549,0.40119299266337055,0.9452649597270956,1.0,20.0,20000,2000,2000,20000,859
pairs,css,uniform,Z,3,0.010054654581774512,0.40119299266337055,0.9452649597270956,1.0,20.0,20000,2000,2000,20000,1249
pairs,css,uniform,Z,3,0.010859026948316471,0.40119299266337055,0.9452649597270956,1.0,20.0,20000,2000,2000,20000,1690
pairs,css,uniform,Z,5,0.003619675649438824,0.40119299266337055,0.9452649597270956,1.0,20.0,20000,2000,2000,20000,2
pairs,css,uniform,Z,5,0.004424048015980785,0.40119299266337055,0.9452649597270956,1.0,20.0,20000,2000,2000,20000,3
pairs,css,uniform,Z,5,0.005228420382522745,0.40119299266337055,0.9452649597270956,1.0,20.0,20000,2000,2000,20000,24
pairs,css,uniform,Z,5,0.0060327927490647065,0.40119299266337055,0.9452649597270956,1.0,20.0,20000,2000,2000,20000,99
pairs,css,uniform,Z,5,0.0068371651156066676,0.40119299266337055,0.9452649597270956,1.0,20.0,20000,2000,2000,20000,297
pairs,css,uniform,Z,5,0.007641537482148629,0.40119299266337055,0.9452649597270956,1.0,20.0,20000,2000,2000,20000,602
pairs,css,uniform,Z,5,0.008445909848690588,0.40119299266337055,0.9452649597270956,1.0,20.0,20000,2000,2000,20000,1223
pairs,css,uniform,Z,5,0.009250282215232549,0.40119299266337055,0.9452649597270956,1.0,20.0,20000,2000,2000,20000,2035
pairs,css,uniform,Z,5,0.010054654581774512,0.40119299266337055,0.9452649597270956,1.0,20.0,20000,2000,2000,14000,2041
pairs,css,uniform,Z,5,0.010859026948316471,0.40119299266337055,0.9452649597270956,1.0,20.0,20000,2000,2000,10000,2050
pairs,css,uniform,X,3,0.0014478702597755296,0.40119299266337055,0.9452649597270956,1.0,20.0,20000,2000,2000,20000,0
pairs,css,uniform,X,3,0.001769619206392314,0.40119299266337055,0.9452649597270956,1.0,20.0,20000,2000,2000,20000,4
pairs,css,uniform,X,3,0.002091368153009098,0.40119299266337055,0.9452649597270956,1.0,20.0,20000,2000,2000,20000,6
pairs,css,uniform,X,3,0.0024131170996258824,0.40119299266337055,0.9452649597270956,1.0,20.0,20000,2000,2000,20000,18
pairs,css,uniform,X,3,0.002734866046242667,0.40119299266337055,0.9452649597270956,1.0,20.0,20000,2000,2000,20000,55
pairs,css,uniform,X,3,0.0030566149928594514,0.40119299266337055,0.9452649597270956,1.0,20.0,20000,2000,2000,20000,84
pairs,css,uniform,X,3,0.003378363939476235,0.40119299266337055,0.9452649597270956,1.0,20.0,20000,2000,2000,20000,148
pairs,css,uniform,X,3,0.00370011288609302,0.40119299266337055,0.9452649597270956,1.0,20.0,20000,2000,2000,20000,248
pairs,css,uniform,X,3,0.004021861832709805,0.40119299266337055,0.9452649597270956,1.0,20.0,20000,2000,2000,20000,325
pairs,css,uniform,X,3,0.004343610779326589,0.40119299266337055,0.9452649597270956,1.0,20.0,20000,2000,2000,20000,449
pairs,css,uniform,X,5,0.0014478702597755296,0.40119299266337055,0.9452649597270956,1.0,20.0,20000,2000,2000,20000,0
pairs,css,uniform,X,5,0.001769619206392314,0.40119299266337055,0.9452649597270956,1.0,20.0,20000,2000,2000,20000,0
pairs,css,uniform,X,5,0.002091368153009098,0.40119299266337055,0.9452649597270956,1.0,20.0,20000,2000,2000,20000,3
pairs,css,uniform,X,5,0.0024131170996258824,0.40119299266337055,0.9452649597270956,1.0,20.0,20000,2000,2000,20000,8
pairs,css,uniform,X,5,0.002734866046242667,0.40119299266337055,0.9452649597270956,1.0,20.0,20000,2000,2000,20000,18
pairs,css,uniform,X,5,0.0030566149928594514,0.40119299266337055,0.9452649597270956,1.0,20.0,20000,2000,2000,20000,57
pairs,css,uniform,X,5,0.003378363939476235,0.40119299266337055,0.9452649597270956,1.0,20.0,20000,2000,2000,20000,108
pairs,css,uniform,X,5,0.00370011288609302,0.40119299266337055,0.9452649597270956,1.0,20.0,20000,2000,2000,20000,286
pairs,css,uniform,X,5,0.004021861832709805,0.40119299266337055,0.9452649597270956,1.0,20.0,20000,2000,2000,20000,505
pairs,css,uniform,X,5,0.004343610779326589,0.40119299266337055,0.9452649597270956,1.0,20.0,20000,2000,2000,20000,877
pairs,css,uniform,Z,3,0.0014688627439153291,0.6155450577119123,1.1220348322199218,1.0,20.0,20000,2000,2000,20000,0
pairs,css,uniform,Z,3,0.0017952766870076246,0.6155450577119123,1.1220348322199218,1.0,20.0,20000,2000,2000,20000,0
pairs,css,uniform,Z,3,0.0021216906300999196,0.6155450577119123,1.1220348322199218,1.0,20.0,20000,2000,2000,20000,0
pairs,css,uniform,Z,3,0.002448104573192215,0.6155450577119123,1.1220348322199218,1.0,20.0,20000,2000,2000,20000,0
pairs,css,uniform,Z,3,0.0027745185162845105,0.6155450577119123,1.1220348322199218,1.0,20.0,20000,2000,2000,20000,1
pairs,css,uniform,Z,3,0.003100932459376806,0.6155450577119123,1.1220348322199218,1.0,20.0,20000,2000,2000,20000,4
pairs,css,uniform,Z,3,0.003427346402469101,0.6155450577119123,1.1220348322199218,1.0,20.0,20000,2000,2000,20000,4
pairs,css,uniform,Z,3,0.0037537603455613964,0.6155450577119123,1.1220348322199218,1.0,20.0,20000,2000,2000,20000,9
pairs,css,uniform,Z,3,0.004080174288653692,0.6155450577119123,1.1220348322199218,1.0,20.0,20000,2000,2000,20000,13
pairs,css,uniform,Z,3,0.004406588231745987,0.6155450577119123,1.1220348322199218,1.0,20.0,20000,2000,2000,20000,18
pairs,css,uniform,Z,5,0.0014688627439153291,0.6155450577119123,1.1220348322199218,1.0,20.0,20000,2000,2000,20000,0
pairs,css,uniform,Z,5,0.0017952766870076246,0.6155450577119123,1.1220348322199218,1.0,20.0,20000,2000,2000,20000,0
pairs,css,uniform,Z,5,0.0021216906300999196,0.6155450577119123,1.1220348322199218,1.0,20.0,20000,2000,2000,20000,0
pairs,css,uniform,Z,5,0.002448104573192215,0.6155450577119123,1.1220348322199218,1.0,20.0,20000,2000,2000,20000,0
pairs,css,uniform,Z,5,0.0027745185162845105,0.6155450577119123,1.1220348322199218,1.0,20.0,20000,2000,2000,20000,1
pairs,css,uniform,Z,5,0.003100932459376806,0.6155450577119123,1.1220348322199218,1.0,20.0,20000,2000,2000,20000,0
pairs,css,uniform,Z,5,0.003427346402469101,0.6155450577119123,1.1220348322199218,1.0,20.0,20000,2000,2000,20000,0
pairs,css,uniform,Z,5,0.0037537603455613964,0.6155450577119123,1.1220348322199218,1.0,20.0,20000,2000,2000,20000,0
pairs,css,uniform,Z,5,0.004080174288653692,0.6155450577119123,1.1220348322199218,1.0,20.0,20000,2000,2000,20000,2
pairs,css,uniform,Z,5,0.004406588231745987,0.6155450577119123,1.1220348322199218,1.0,20.0,20000,2000,2000,20000,6
pairs,css,uniform,X,3,0.0014688627439153291,0.6155450577119123,1.1220348322199218,1.0,20.0,20000,2000,2000,20000,0
pairs,css,uniform,X,3,0.0017952766870076246,0.6155450577119123,1.1220348322199218,1.0,20.0,20000,2000,2000,20000,1
pairs,css,uniform,X,3,0.0021216906300999196,0.6155450577119123,1.1220348322199218,1.0,20.0,20000,2000,2000,20000,11
pairs,css,uniform,X,3,0.002448104573192215,0.6155450577119123,1.1220348322199218,1.0,20.0,20000,2000,2000,20000,21
pairs,css,uniform,X,3,0.0027745185162845105,0.6155450577119123,1.1220348322199218,1.0,20.0,20000,2000,2000,20000,53
pairs,css,uniform,X,3,0.003100932459376806,0.6155450577119123,1.1220348322199218,1.0,20.0,20000,2000,2000,20000,74
pairs,css,uniform,X,3,0.003427346402469101,0.6155450577119123,1.1220348322199218,1.0,20.0,20000,2000,2000,20000,113
pairs,css,uniform,X,3,0.0037537603455613964,0.6155450577119123,1.1220348322199218,1.0,20.0,20000,2000,2000,20000,207
pairs,css,uniform,X,3,0.004080174288653692,0.6155450577119123,1.1220348322199218,1.0,20.0,20000,2000,2000,20000,345
pairs,css,uniform,X,3,0.004406588231745987,0.6155450577119123,1.1220348322199218,1.0,20.0,20000,2000,2000,20000,436
pairs,css,uniform,X,5,0.0014688627439153291,0.6155450577119123,1.1220348322199218,1.0,20.0,20000,2000,2000,20000,0
pairs,css,uniform,X,5,0.0017952766870076246,0.6155450577119123,1.1220348322199218,1.0,20.0,20000,2000,2000,20000,0
pairs,css,uniform,X,5,0.0021216906300999196,0.6155450577119123,1.1220348322199218,1.0,20.0,20000,2000,2000,20000,1
pairs,css,uniform,X,5,0.002448104573192215,0.6155450577119123,1.1220348322199218,1.0,20.0,20000,2000,2000,20000,11
pairs,css,uniform,X,5,0.0027745185162845105,0.6155450577119123,1.1220348322199218,1.0,20.0,20000,2000,2000,20000,13
pairs,css,uniform,X,5,0.003100932459376806,0.6155450577119123,1.1220348322199218,1.0,20.0,20000,2000,2000,20000,44
pairs,css,uniform,X,5,0.003427346402469101,0.6155450577119123,1.1220348322199218,1.0,20.0,20000,2000,2000,20000,123
pairs,css,uniform,X,5,0.0037537603455613964,0.6155450577119123,1.1220348322199218,1.0,20.0,20000,2000,2000,20000,228
pairs,css,uniform,X,5,0.004080174288653692,0.6155450577119123,1.1220348322199218,1.0,20.0,20000,2000,2000,20000,407
pairs,css,uniform,X,5,0.004406588231745987,0.6155450577119123,1.1220348322199218,1.0,20.0,20000,2000,2000,20000,746
pairs,css,uniform,Z,3,0.003963893849234036,0.7940671661495697,1.334528855604604,1.0,20.0,20000,2000,2000,20000,7
pairs,css,uniform,Z,3,0.004844759149063822,0.7940671661495697,1.334528855604604,1.0,20.0,20000,2000,2000,20000,20
pairs,css,uniform,Z,3,0.005725624448893607,0.7940671661495697,1.334528855604604,1.0,20.0,20000,2000,2000,20000,70
pairs,css,uniform,Z,3,0.006606489748723392,0.7940671661495697,1.334528855604604,1.0,20.0,20000,2000,2000,20000,127
pairs,css,uniform,Z,3,0.007487355048553178,0.7940671661495697,1.334528855604604,1.0,20.0,20000,2000,2000,20000,213
pairs,css,uniform,Z,3,0.008368220348382964,0.7940671661495697,1.334528855604604,1.0,20.0,20000,2000,2000,20000,381
pairs,css,uniform,Z,3,0.009249085648212748,0.7940671661495697,1.334528855604604,1.0,20.0,20000,2000,2000,20000,599
pairs,css,uniform,Z,3,0.010129950948042536,0.7940671661495697,1.334528855604604,1.0,20.0,20000,2000,2000,20000,937
pairs,css,uniform,Z,3,0.01101081624787232,0.7940671661495697,1.334528855604604,1.0,20.0,20000,2000,2000,20000,1342
pairs,css,uniform,Z,3,0.011891681547702107,0.7940671661495697,1.334528855604604,1.0,20.0,20000,2000,2000,20000,1663
pairs,css,uniform,Z,5,0.003963893849234036,0.7940671661495697,1.334528855604604,1.0,20.0,20000,2000,2000,20000,0
pairs,css,uniform,Z,5,0.004844759149063822,0.7940671661495697,1.334528855604604,1.0,20.0,20000,2000,2000,20000,3
pairs,css,uniform,Z,5,0.005725624448893607,0.7940671661495697,1.334528855604604,1.0,20.0,20000,2000,2000,20000,22
pairs,css,uniform,Z,5,0.006606489748723392,0.7940671661495697,1.334528855604604,1.0,20.0,20000,2000,2000,20000,117
pairs,css,uniform,Z,5,0.007487355048553178,0.7940671661495697,1.334528855604604,1.0,20.0,20000,2000,2000,20000,284
pairs,css,uniform,Z,5,0.008368220348382964,0.7940671661495697,1.334528855604604,1.0,20.0,20000,2000,2000,20000,687
pairs,css,uniform,Z,5,0.009249085648212748,0.7940671661495697,1.334528855604604,1.0,20.0,20000,2000,2000,20000,1232
pairs,css,uniform,Z,5,0.010129950948042536,0.7940671661495697,1.334528855604604,1.0,20.0,20000,2000,2000,20000,2121
pairs,css,uniform,Z,5,0.01101081624787232,0.7940671661495697,1.334528855604604,1.0,20.0,20000,2000,2000,14000,2230
pairs,css,uniform,Z,5,0.011891681547702107,0.7940671661495697,1.334528855604604,1.0,20.0,20000,2000,2000,10000,2175
pairs,css,uniform,X,3,0.0015855575396936143,0.7940671661495697,1.334528855604604,1.0,20.0,20000,2000,2000,20000,2
pairs,css,uniform,X,3,0.0019379036596255286,0.7940671661495697,1.334528855604604,1.0,20.0,20000,2000,2000,20000,4
pairs,css,uniform,X,3,0.0022902497795574427,0.7940671661495697,1.334528855604604,1.0,20.0,20000,2000,2000,20000,5
pairs,css,uniform,X,3,0.002642595899489357,0.7940671661495697,1.334528855604604,1.0,20.0,20000,2000,2000,20000,15
pairs,css,uniform,X,3,0.0029949420194212715,0.7940671661495697,1.334528855604604,1.0,20.0,20000,2000,2000,20000,46
pairs,css,uniform,X,3,0.0033472881393531856,0.7940671661495697,1.334528855604604,1.0,20.0,20000,2000,2000,20000,62
pairs,css,uniform,X,3,0.0036996342592850993,0.7940671661495697,1.334528855604604,1.0,20.0,20000,2000,2000,20000,142
pairs,css,uniform,X,3,0.004051980379217014,0.7940671661495697,1.334528855604604,1.0,20.0,20000,2000,2000,20000,195
pairs,css,uniform,X,3,0.004404326499148928,0.7940671661495697,1.334528855604604,1.0,20.0,20000,2000,2000,20000,286
pairs,css,uniform,X,3,0.004756672619080843,0.7940671661495697,1.334528855604604,1.0,20.0,20000,2000,2000,20000,390
pairs,css,uniform,X,5,0.0015855575396936143,0.7940671661495697,1.334528855604604,1.0,20.0,20000,2000,2000,20000,0
pairs,css,uniform,X,5,0.0019379036596255286,0.7940671661495697,1.334528855604604,1.0,20.0,20000,2000,2000,20000,0
pairs,css,uniform,X,5,0.0022902497795574427,0.7940671661495697,1.334528855604604,1.0,20.0,20000,2000,2000,20000,1
pairs,css,uniform,X,5,0.002642595899489357,0.7940671661495697,1.334528855604604,1.0,20.0,20000,2000,2000,20000,3
pairs,css,uniform,X,5,0.0029949420194212715,0.7940671661495697,1.334528855604604,1.0,20.0,20000,2000,2000,20000,14
pairs,css,uniform,X,5,0.0033472881393531856,0.7940671661495697,1.334528855604604,1.0,20.0,20000,2000,2000,20000,36
pairs,css,uniform,X,5,0.0036996342592850993,0.7940671661495697,1.334528855604604,1.0,20.0,20000,2000,2000,20000,73
pairs,css,uniform,X,5,0.004051980379217014,0.7940671661495697,1.334528855604604,1.0,20.0,20000,2000,2000,20000,191
pairs,css,uniform,X,5,0.004404326499148928,0.7940671661495697,1.334528855604604,1.0,20.0,20000,2000,2000,20000,376
pairs,css,uniform,X,5,0.004756672619080843,0.7940671661495697,1.334528855604604,1.0,20.0,20000,2000,2000,20000,669
pairs,css,uniform,Z,3,0.004448056557920022,0.9181394215449988,1.5707963267948966,1.0,20.0,20000,2000,2000,20000,8
pairs,css,uniform,Z,3,0.005436513570791139,0.9181394215449988,1.5707963267948966,1.0,20.0,20000,2000,2000,20000,30
pairs,css,uniform,Z,3,0.006424970583662255,0.9181394215449988,1.5707963267948966,1.0,20.0,20000,2000,2000,20000,60
pairs,css,uniform,Z,3,0.00741342759653337,0.9181394215449988,1.5707963267948966,1.0,20.0,20000,2000,2000,20000,135
pairs,css,uniform,Z,3,0.008401884609404487,0.9181394215449988,1.5707963267948966,1.0,20.0,20000,2000,2000,20000,274
pairs,css,uniform,Z,3,0.009390341622275603,0.9181394215449988,1.5707963267948966,1.0,20.0,20000,2000,2000,20000,439
pairs,css,uniform,Z,3,0.010378798635146716,0.9181394215449988,1.5707963267948966,1.0,20.0,20000,2000,2000,20000,567
pairs,css,uniform,Z,3,0.011367255648017834,0.9181394215449988,1.5707963267948966,1.0,20.0,20000,2000,2000,20000,946
pairs,css,uniform,Z,3,0.01235571266088895,0.9181394215449988,1.5707963267948966,1.0,20.0,20000,2000,2000,20000,1276
pairs,css,uniform,Z,3,0.013344169673760068,0.9181394215449988,1.5707963267948966,1.0,20.0,20000,2000,2000,20000,1724
pairs,css,uniform,Z,5,0.004448056557920022,0.9181394215449988,1.5707963267948966,1.0,20.0,20000,2000,2000,20000,1
pairs,css,uniform,Z,5,0.005436513570791139,0.9181394215449988,1.5707963267948966,1.0,20.0,20000,2000,2000,20000,10
pairs,css,uniform,Z,5,0.006424970583662255,0.9181394215449988,1.5707963267948966,1.0,20.0,20000,2000,2000,20000,28
pairs,css,uniform,Z,5,0.00741342759653337,0.9181394215449988,1.5707963267948966,1.0,20.0,20000,2000,2000,20000,113
pairs,css,uniform,Z,5,0.008401884609404487,0.9181394215449988,1.5707963267948966,1.0,20.0,20000,2000,2000,20000,324
pairs,css,uniform,Z,5,0.009390341622275603,0.9181394215449988,1.5707963267948966,1.0,20.0,20000,2000,2000,20000,665
pairs,css,uniform,Z,5,0.010378798635146716,0.9181394215449988,1.5707963267948966,1.0,20.0,20000,2000,2000,20000,1288
pairs,css,uniform,Z,5,0.011367255648017834,0.9181394215449988,1.5707963267948966,1.0,20.0,20000,2000,2000,20000,2189
pairs,css,uniform,Z,5,0.01235571266088895,0.9181394215449988,1.5707963267948966,1.0,20.0,20000,2000,2000,14000,2281
pairs,css,uniform,Z,5,0.013344169673760068,0.9181394215449988,1.5707963267948966,1.0,20.0,20000,2000,2000,10000,2163
pairs,css,uniform,X,3,0.001779222623168009,0.9181394215449988,1.5707963267948966,1.0,20.0,20000,2000,2000,20000,2
pairs,css,uniform,X,3,0.0021746054283164557,0.9181394215449988,1.5707963267948966,1.0,20.0,20000,2000,2000,20000,2
pairs,css,uniform,X,3,0.002569988233464902,0.9181394215449988,1.5707963267948966,1.0,20.0,20000,2000,2000,20000,5
pairs,css,uniform,X,3,0.002965371038613348,0.9181394215449988,1.5707963267948966,1.0,20.0,20000,2000,2000,20000,19
pairs,css,uniform,X,3,0.0033607538437617946,0.9181394215449988,1.5707963267948966,1.0,20.0,20000,2000,2000,20000,37
pairs,css,uniform,X,3,0.0037561366489102413,0.9181394215449988,1.5707963267948966,1.0,20.0,20000,2000,2000,20000,72
pairs,css,uniform,X,3,0.004151519454058687,0.9181394215449988,1.5707963267948966,1.0,20.0,20000,2000,2000,20000,128
pairs,css,uniform,X,3,0.004546902259207133,0.9181394215449988,1.5707963267948966,1.0,20.0,20000,2000,2000,20000,205
pairs,css,uniform,X,3,0.00494228506435558,0.9181394215449988,1.5707963267948966,1.0,20.0,20000,2000,2000,20000,244
pairs,css,uniform,X,3,0.005337667869504027,0.9181394215449988,1.5707963267948966,1.0,20.0,20000,2000,2000,20000,421
pairs,css,uniform,X,5,0.001779222623168009,0.9181394215449988,1.5707963267948966,1.0,20.0,20000,2000,2000,20000,0
pairs,css,uniform,X,5,0.0021746054283164557,0.9181394215449988,1.5707963267948966,1.0,20.0,20000,2000,2000,20000,0
pairs,css,uniform,X,5,0.002569988233464902,0.9181394215449988,1.5707963267948966,1.0,20.0,20000,2000,2000,20000,1
pairs,css,uniform,X,5,0.002965371038613348,0.9181394215449988,1.5707963267948966,1.0,20.0,20000,2000,2000,20000,9
pairs,css,uniform,X,5,0.0033607538437617946,0.9181394215449988,1.5707963267948966,1.0,20.0,20000,2000,2000,20000,8
pairs,css,uniform,X,5,0.0037561366489102413,0.9181394215449988,1.5707963267948966,1.0,20.0,20000,2000,2000,20000,35
pairs,css,uniform,X,5,0.004151519454058687,0.9181394215449988,1.5707963267948966,1.0,20.0,20000,2000,2000,20000,76
pairs,css,uniform,X,5,0.004546902259207133,0.9181394215449988,1.5707963267948966,1.0,20.0,20000,2000,2000,20000,190
pairs,css,uniform,X,5,0.00494228506435558,0.9181394215449988,1.5707963267948966,1.0,20.0,20000,2000,2000,20000,374
pairs,css,uniform,X,5,0.005337667869504027,0.9181394215449988,1.5707963267948966,1.0,20.0,20000,2000,2000,20000,606
pairs,css,uniform,Z,3,0.004262564452685812,0.0,0.9143379506527596,1.0,20.0,20000,2000,2000,20000,1
pairs,css,uniform,Z,3,0.005209800997727105,0.0,0.9143379506527596,1.0,20.0,20000,2000,2000,20000,5
pairs,css,uniform,Z,3,0.006157037542768395,0.0,0.9143379506527596,1.0,20.0,20000,2000,2000,20000,18
pairs,css,uniform,Z,3,0.007104274087809687,0.0,0.9143379506527596,1.0,20.0,20000,2000,2000,20000,47
pairs,css,uniform,Z,3,0.00805151063285098,0.0,0.9143379506527596,1.0,20.0,20000,2000,2000,20000,65
pairs,css,uniform,Z,3,0.008998747177892272,0.0,0.9143379506527596,1.0,20.0,20000,2000,2000,20000,128
pairs,css,uniform,Z,3,0.00994598372293356,0.0,0.9143379506527596,1.0,20.0,20000,2000,2000,20000,221
pairs,css,uniform,Z,3,0.010893220267974853,0.0,0.9143379506527596,1.0,20.0,20000,2000,2000,20000,316
pairs,css,uniform,Z,3,0.011840456813016147,0.0,0.9143379506527596,1.0,20.0,20000,2000,2000,20000,479
pairs,css,uniform,Z,3,0.012787693358057437,0.0,0.9143379506527596,1.0,20.0,20000,2000,2000,20000,674
pairs,css,uniform,Z,5,0.004262564452685812,0.0,0.9143379506527596,1.0,20.0,20000,2000,2000,20000,0
pairs,css,uniform,Z,5,0.005209800997727105,0.0,0.9143379506527596,1.0,20.0,20000,2000,2000,20000,0
pairs,css,uniform,Z,5,0.006157037542768395,0.0,0.9143379506527596,1.0,20.0,20000,2000,2000,20000,4
pairs,css,uniform,Z,5,0.007104274087809687,0.0,0.9143379506527596,1.0,20.0,20000,2000,2000,20000,14
pairs,css,uniform,Z,5,0.00805151063285098,0.0,0.9143379506527596,1.0,20.0,20000,2000,2000,20000,44
pairs,css,uniform,Z,5,0.008998747177892272,0.0,0.9143379506527596,1.0,20.0,20000,2000,2000,20000,111
pairs,css,uniform,Z,5,0.00994598372293356,0.0,0.9143379506527596,1.0,20.0,20000,2000,2000,20000,259
pairs,css,uniform,Z,5,0.010893220267974853,0.0,0.9143379506527596,1.0,20.0,20000,2000,2000,20000,527
pairs,css,uniform,Z,5,0.011840456813016147,0.0,0.9143379506527596,1.0,20.0,20000,2000,2000,20000,964
pairs,css,uniform,Z,5,0.012787693358057437,0.0,0.9143379506527596,1.0,20.0,20000,2000,2000,20000,1455
pairs,css,uniform,X,3,0.001705025781074325,0.0,0.9143379506527596,1.0,20.0,20000,2000,2000,20000,2
pairs,css,uniform,X,3,0.002083920399090842,0.0,0.9143379506527596,1.0,20.0,20000,2000,2000,20000,2
pairs,css,uniform,X,3,0.002462815017107358,0.0,0.9143379506527596,1.0,20.0,20000,2000,2000,20000,6
pairs,css,uniform,X,3,0.002841709635123875,0.0,0.9143379506527596,1.0,20.0,20000,2000,2000,20000,25
pairs,css,uniform,X,3,0.0032206042531403916,0.0,0.9143379506527596,1.0,20.0,20000,2000,2000,20000,44
pairs,css,uniform,X,3,0.0035994988711569084,0.0,0.9143379506527596,1.0,20.0,20000,2000,2000,20000,81
pairs,css,uniform,X,3,0.003978393489173424,0.0,0.9143379506527596,1.0,20.0,20000,2000,2000,20000,155
pairs,css,uniform,X,3,0.004357288107189941,0.0,0.9143379506527596,1.0,20.0,20000,2000,2000,20000,218
pairs,css,uniform,X,3,0.0047361827252064585,0.0,0.9143379506527596,1.0,20.0,20000,2000,2000,20000,355
pairs,css,uniform,X,3,0.005115077343222975,0.0,0.9143379506527596,1.0,20.0,20000,2000,2000,20000,501
pairs,css,uniform,X,5,0.001705025781074325,0.0,0.9143379506527596,1.0,20.0,20000,2000,2000,20000,0
pairs,css,uniform,X,5,0.002083920399090842,0.0,0.9143379506527596,1.0,20.0,20000,2000,2000,20000,0
pairs,css,uniform,X,5,0.002462815017107358,0.0,0.9143379506527596,1.0,20.0,20000,2000,2000,20000,1
pairs,css,uniform,X,5,0.002841709635123875,0.0,0.9143379506527596,1.0,20.0,20000,2000,2000,20000,6
pairs,css,uniform,X,5,0.0032206042531403916,0.0,0.9143379506527596,1.0,20.0,20000,2000,2000,20000,15
pairs,css,uniform,X,5,0.0035994988711569084,0.0,0.9143379506527596,1.0,20.0,20000,2000,2000,20000,48
pairs,css,uniform,X,5,0.003978393489173424,0.0,0.9143379506527596,1.0,20.0,20000,2000,2000,20000,142
pairs,css,uniform,X,5,0.004357288107189941,0.0,0.9143379506527596,1.0,20.0,20000,2000,2000,20000,270
pairs,css,uniform,X,5,0.0047361827252064585,0.0,0.9143379506527596,1.0,20.0,20000,2000,2000,20000,541
pairs,css,uniform,X,5,0.005115077343222975,0.0,0.9143379506527596,1.0,20.0,20000,2000,2000,20000,966
pairs,css,uniform,Z,3,0.0039633384533582765,0.17928644101688088,1.0468346997081117,1.0,20.0,20000,2000,2000,20000,3
pairs,css,uniform,Z,3,0.004844080331882337,0.17928644101688088,1.0468346997081117,1.0,20.0,20000,2000,2000,20000,8
pairs,css,uniform,Z,3,0.005724822210406399,0.17928644101688088,1.0468346997081117,1.0,20.0,20000,2000,2000,20000,17
pairs,css,uniform,Z,3,0.006605564088930459,0.17928644101688088,1.0468346997081117,1.0,20.0,20000,2000,2000,20000,30
pairs,css,uniform,Z,3,0.007486305967454521,0.17928644101688088,1.0468346997081117,1.0,20.0,20000,2000,2000,20000,89
pairs,css,uniform,Z,3,0.008367047845978583,0.17928644101688088,1.0468346997081117,1.0,20.0,20000,2000,2000,20000,143
pairs,css,uniform,Z,3,0.009247789724502643,0.17928644101688088,1.0468346997081117,1.0,20.0,20000,2000,2000,20000,238
pairs,css,uniform,Z,3,0.010128531603026705,0.17928644101688088,1.0468346997081117,1.0,20.0,20000,2000,2000,20000,319
pairs,css,uniform,Z,3,0.011009273481550766,0.17928644101688088,1.0468346997081117,1.0,20.0,20000,2000,2000,20000,517
pairs,css,uniform,Z,3,0.011890015360074828,0.17928644101688088,1.0468346997081117,1.0,20.0,20000,2000,2000,20000,701
pairs,css,uniform,Z,5,0.0039633384533582765,0.17928644101688088,1.0468346997081117,1.0,20.0,20000,2000,2000,20000,1
pairs,css,uniform,Z,5,0.004844080331882337,0.17928644101688088,1.0468346997081117,1.0,20.0,20000,2000,2000,20000,1
pairs,css,uniform,Z,5,0.005724822210406399,0.17928644101688088,1.0468346997081117,1.0,20.0,20000,2000,2000,20000,1
pairs,css,uniform,Z,5,0.006605564088930459,0.17928644101688088,1.0468346997081117,1.0,20.0,20000,2000,2000,20000,22
pairs,css,uniform,Z,5,0.007486305967454521,0.17928644101688088,1.0468346997081117,1.0,20.0,20000,2000,2000,20000,41
pairs,css,uniform,Z,5,0.008367047845978583,0.17928644101688088,1.0468346997081117,1.0,20.0,20000,2000,2000,20000,104
pairs,css,uniform,Z,5,0.009247789724502643,0.17928644101688088,1.0468346997081117,1.0,20.0,20000,2000,2000,20000,255
pairs,css,uniform,Z,5,0.010128531603026705,0.17928644101688088,1.0468346997081117,1.0,20.0,20000,2000,2000,20000,529
pairs,css,uniform,Z,5,0.011009273481550766,0.17928644101688088,1.0468346997081117,1.0,20.0,20000,2000,2000,20000,1007
pairs,css,uniform,Z,5,0.011890015360074828,0.17928644101688088,1.0468346997081117,1.0,20.0,20000,2000,2000,20000,1538
pairs,css,uniform,X,3,0.0015853353813433104,0.17928644101688088,1.0468346997081117,1.0,20.0,20000,2000,2000,20000,1
pairs,css,uniform,X,3,0.001937632132752935,0.17928644101688088,1.0468346997081117,1.0,20.0,20000,2000,2000,20000,3
pairs,css,uniform,X,3,0.0022899288841625597,0.17928644101688088,1.0468346997081117,1.0,20.0,20000,2000,2000,20000,8
pairs,css,uniform,X,3,0.0026422256355721836,0.17928644101688088,1.0468346997081117,1.0,20.0,20000,2000,2000,20000,26
pairs,css,uniform,X,3,0.0029945223869818085,0.17928644101688088,1.0468346997081117,1.0,20.0,20000,2000,2000,20000,47
pairs,css,uniform,X,3,0.0033468191383914333,0.17928644101688088,1.0468346997081117,1.0,20.0,20000,2000,2000,20000,96
pairs,css,uniform,X,3,0.0036991158898010573,0.17928644101688088,1.0468346997081117,1.0,20.0,20000,2000,2000,20000,155
pairs,css,uniform,X,3,0.004051412641210682,0.17928644101688088,1.0468346997081117,1.0,20.0,20000,2000,2000,20000,192
pairs,css,uniform,X,3,0.0044037093926203065,0.17928644101688088,1.0468346997081117,1.0,20.0,20000,2000,2000,20000,345
pairs,css,uniform,X,3,0.004756006144029931,0.17928644101688088,1.0468346997081117,1.0,20.0,20000,2000,2000,20000,486
pairs,css,uniform,X,5,0.0015853353813433104,0.17928644101688088,1.0468346997081117,1.0,20.0,20000,2000,2000,20000,0
pairs,css,uniform,X,5,0.001937632132752935,0.17928644101688088,1.0468346997081117,1.0,20.0,20000,2000,2000,20000,1
pairs,css,uniform,X,5,0.0022899288841625597,0.17928644101688088,1.0468346997081117,1.0,20.0,20000,2000,2000,20000,2
pairs,css,uniform,X,5,0.0026422256355721836,0.17928644101688088,1.0468346997081117,1.0,20.0,20000,2000,2000,20000,5
pairs,css,uniform,X,5,0.0029945223869818085,0.17928644101688088,1.0468346997081117,1.0,20.0,20000,2000,2000,20000,20
pairs,css,uniform,X,5,0.0033468191383914333,0.17928644101688088,1.0468346997081117,1.0,20.0,20000,2000,2000,20000,59
pairs,css,uniform,X,5,0.0036991158898010573,0.17928644101688088,1.0468346997081117,1.0,20.0,20000,2000,2000,20000,146
pairs,css,uniform,X,5,0.004051412641210682,0.17928644101688088,1.0468346997081117,1.0,20.0,20000,2000,2000,20000,260
pairs,css,uniform,X,5,0.0044037093926203065,0.17928644101688088,1.0468346997081117,1.0,20.0,20000,2000,2000,20000,525
pairs,css,uniform,X,5,0.004756006144029931,0.17928644101688088,1.0468346997081117,1.0,20.0,20000,2000,2000,20000,853
pairs,css,uniform,Z,3,0.003884801401331986,0.3724143144492311,1.203093476410036,1.0,20.0,20000,2000,2000,20000,2
pairs,css,uniform,Z,3,0.0047480906016279835,0.3724143144492311,1.203093476410036,1.0,20.0,20000,2000,2000,20000,9
pairs,css,uniform,Z,3,0.00561137980192398,0.3724143144492311,1.203093476410036,1.0,20.0,20000,2000,2000,20000,22
pairs,css,uniform,Z,3,0.0064746690022199765,0.3724143144492311,1.203093476410036,1.0,20.0,20000,2000,2000,20000,43
pairs,css,uniform,Z,3,0.007337958202515974,0.3724143144492311,1.203093476410036,1.0,20.0,20000,2000,2000,20000,79
pairs,css,uniform,Z,3,0.008201247402811971,0.3724143144492311,1.203093476410036,1.0,20.0,20000,2000,2000,20000,135
pairs,css,uniform,Z,3,0.009064536603107968,0.3724143144492311,1.203093476410036,1.0,20.0,20000,2000,2000,20000,251
pairs,css,uniform,Z,3,0.009927825803403964,0.3724143144492311,1.203093476410036,1.0,20.0,20000,2000,2000,20000,378
pairs,css,uniform,Z,3,0.010791115003699961,0.3724143144492311,1.203093476410036,1.0,20.0,20000,2000,2000,20000,542
pairs,css,uniform,Z,3,0.01165440420399596,0.3724143144492311,1.203093476410036,1.0,20.0,20000,2000,2000,20000,798
pairs,css,uniform,Z,5,0.003884801401331986,0.3724143144492311,1.203093476410036,1.0,20.0,20000,2000,2000,20000,0
pairs,css,uniform,Z,5,0.0047480906016279835,0.3724143144492311,1.203093476410036,1.0,20.0,20000,2000,2000,20000,1
pairs,css,uniform,Z,5,0.00561137980192398,0.3724143144492311,1.203093476410036,1.0,20.0,20000,2000,2000,20000,5
pairs,css,uniform,Z,5,0.0064746690022199765,0.3724143144492311,1.203093476410036,1.0,20.0,20000,2000,2000,20000,24
pairs,css,uniform,Z,5,0.007337958202515974,0.3724143144492311,1.203093476410036,1.0,20.0,20000,2000,2000,20000,47
pairs,css,uniform,Z,5,0.008201247402811971,0.3724143144492311,1.203093476410036,1.0,20.0,20000,2000,2000,20000,119
pairs,css,uniform,Z,5,0.009064536603107968,0.3724143144492311,1.203093476410036,1.0,20.0,20000,2000,2000,20000,272
pairs,css,uniform,Z,5,0.009927825803403964,0.3724143144492311,1.203093476410036,1.0,20.0,20000,2000,2000,20000,614
pairs,css,uniform,Z,5,0.010791115003699961,0.3724143144492311,1.203093476410036,1.0,20.0,20000,2000,2000,20000,1019
pairs,css,uniform,Z,5,0.01165440420399596,0.3724143144492311,1.203093476410036,1.0,20.0,20000,2000,2000,20000,1619
pairs,css,uniform,X,3,0.0015539205605327945,0.3724143144492311,1.203093476410036,1.0,20.0,20000,2000,2000,20000,2
pairs,css,uniform,X,3,0.0018992362406511935,0.3724143144492311,1.203093476410036,1.0,20.0,20000,2000,2000,20000,5
pairs,css,uniform,X,3,0.002244551920769592,0.3724143144492311,1.203093476410036,1.0,20.0,20000,2000,2000,20000,14
pairs,css,uniform,X,3,0.0025898676008879904,0.3724143144492311,1.203093476410036,1.0,20.0,20000,2000,2000,20000,19
pairs,css,uniform,X,3,0.0029351832810063897,0.3724143144492311,1.203093476410036,1.0,20.0,20000,2000,2000,20000,54
pairs,css,uniform,X,3,0.0032804989611247884,0.3724143144492311,1.203093476410036,1.0,20.0,20000,2000,2000,20000,61
pairs,css,uniform,X,3,0.003625814641243187,0.3724143144492311,1.203093476410036,1.0,20.0,20000,2000,2000,20000,127
pairs,css,uniform,X,3,0.003971130321361586,0.3724143144492311,1.203093476410036,1.0,20.0,20000,2000,2000,20000,197
pairs,css,uniform,X,3,0.004316446001479984,0.3724143144492311,1.203093476410036,1.0,20.0,20000,2000,2000,20000,321
pairs,css,uniform,X,3,0.004661761681598384,0.3724143144492311,1.203093476410036,1.0,20.0,20000,2000,2000,20000,447
pairs,css,uniform,X,5,0.0015539205605327945,0.3724143144492311,1.203093476410036,1.0,20.0,20000,2000,2000,20000,0
pairs,css,uniform,X,5,0.0018992362406511935,0.3724143144492311,1.203093476410036,1.0,20.0,20000,2000,2000,20000,0
pairs,css,uniform,X,5,0.002244551920769592,0.3724143144492311,1.203093476410036,1.0,20.0,20000,2000,2000,20000,1
pairs,css,uniform,X,5,0.0025898676008879904,0.3724143144492311,1.203093476410036,1.0,20.0,20000,2000,2000,20000,6
pairs,css,uniform,X,5,0.0029351832810063897,0.3724143144492311,1.203093476410036,1.0,20.0,20000,2000,2000,20000,20
pairs,css,uniform,X,5,0.0032804989611247884,0.3724143144492311,1.203093476410036,1.0,20.0,20000,2000,2000,20000,50
pairs,css,uniform,X,5,0.003625814641243187,0.3724143144492311,1.203093476410036,1.0,20.0,20000,2000,2000,20000,116
pairs,css,uniform,X,5,0.003971130321361586,0.3724143144492311,1.203093476410036,1.0,20.0,20000,2000,2000,20000,204
pairs,css,uniform,X,5,0.004316446001479984,0.3724143144492311,1.203093476410036,1.0,20.0,20000,2000,2000,20000,397
pairs,css,uniform,X,5,0.004661761681598384,0.3724143144492311,1.203093476410036,1.0,20.0,20000,2000,2000,20000,718
pairs,css,uniform,Z,3,0.004039844849628322,0.5525400769852933,1.3805151877333202,1.0,20.0,20000,2000,2000,20000,2
pairs,css,uniform,Z,3,0.004937588149545726,0.5525400769852933,1.3805151877333202,1.0,20.0,20000,2000,2000,20000,11
pairs,css,uniform,Z,3,0.005835331449463131,0.5525400769852933,1.3805151877333202,1.0,20.0,20000,2000,2000,20000,14
pairs,css,uniform,Z,3,0.0067330747493805345,0.5525400769852933,1.3805151877333202,1.0,20.0,20000,2000,2000,20000,46
pairs,css,uniform,Z,3,0.00763081804929794,0.5525400769852933,1.3805151877333202,1.0,20.0,20000,2000,2000,20000,86
pairs,css,uniform,Z,3,0.008528561349215345,0.5525400769852933,1.3805151877333202,1.0,20.0,20000,2000,2000,20000,130
pairs,css,uniform,Z,3,0.009426304649132747,0.5525400769852933,1.3805151877333202,1.0,20.0,20000,2000,2000,20000,241
pairs,css,uniform,Z,3,0.010324047949050154,0.5525400769852933,1.3805151877333202,1.0,20.0,20000,2000,2000,20000,396
pairs,css,uniform,Z,3,0.01122179124896756,0.5525400769852933,1.3805151877333202,1.0,20.0,20000,2000,2000,20000,546
pairs,css,uniform,Z,3,0.012119534548884965,0.5525400769852933,1.3805151877333202,1.0,20.0,20000,2000,2000,20000,770
pairs,css,uniform,Z,5,0.004039844849628322,0.5525400769852933,1.3805151877333202,1.0,20.0,20000,2000,2000,20000,0
pairs,css,uniform,Z,5,0.004937588149545726,0.5525400769852933,1.3805151877333202,1.0,20.0,20000,2000,2000,20000,2
pairs,css,uniform,Z,5,0.005835331449463131,0.5525400769852933,1.3805151877333202,1.0,20.0,20000,2000,2000,20000,2
pairs,css,uniform,Z,5,0.0067330747493805345,0.5525400769852933,1.3805151877333202,1.0,20.0,20000,2000,2000,20000,14
pairs,css,uniform,Z,5,0.00763081804929794,0.5525400769852933,1.3805151877333202,1.0,20.0,20000,2000,2000,20000,48
pairs,css,uniform,Z,5,0.008528561349215345,0.5525400769852933,1.3805151877333202,1.0,20.0,20000,2000,2000,20000,125
pairs,css,uniform,Z,5,0.009426304649132747,0.5525400769852933,1.3805151877333202,1.0,20.0,20000,2000,2000,20000,314
pairs,css,uniform,Z,5,0.010324047949050154,0.5525400769852933,1.3805151877333202,1.0,20.0,20000,2000,2000,20000,571
pairs,css,uniform,Z,5,0.01122179124896756,0.5525400769852933,1.3805151877333202,1.0,20.0,20000,2000,2000,20000,1036
pairs,css,uniform,Z,5,0.012119534548884965,0.5525400769852933,1.3805151877333202,1.0,20.0,20000,2000,2000,20000,1659
pairs,css,uniform,X,3,0.0016159379398513285,0.5525400769852933,1.3805151877333202,1.0,20.0,20000,2000,2000,20000,0
pairs,css,uniform,X,3,0.0019750352598182906,0.5525400769852933,1.3805151877333202,1.0,20.0,20000,2000,2000,20000,3
pairs,css,uniform,X,3,0.0023341325797852524,0.5525400769852933,1.3805151877333202,1.0,20.0,20000,2000,2000,20000,5
pairs,css,uniform,X,3,0.002693229899752214,0.5525400769852933,1.3805151877333202,1.0,20.0,20000,2000,2000,20000,15
pairs,css,uniform,X,3,0.003052327219719176,0.5525400769852933,1.3805151877333202,1.0,20.0,20000,2000,2000,20000,34
pairs,css,uniform,X,3,0.003411424539686138,0.5525400769852933,1.3805151877333202,1.0,20.0,20000,2000,2000,20000,70
pairs,css,uniform,X,3,0.0037705218596530993,0.5525400769852933,1.3805151877333202,1.0,20.0,20000,2000,2000,20000,119
pairs,css,uniform,X,3,0.004129619179620061,0.5525400769852933,1.3805151877333202,1.0,20.0,20000,2000,2000,20000,185
pairs,css,uniform,X,3,0.004488716499587024,0.5525400769852933,1.3805151877333202,1.0,20.0,20000,2000,2000,20000,285
pairs,css,uniform,X,3,0.004847813819553986,0.5525400769852933,1.3805151877333202,1.0,20.0,20000,2000,2000,20000,419
pairs,css,uniform,X,5,0.0016159379398513285,0.5525400769852933,1.3805151877333202,1.0,20.0,20000,2000,2000,20000,0
pairs,css,uniform,X,5,0.0019750352598182906,0.5525400769852933,1.3805151877333202,1.0,20.0,20000,2000,2000,20000,0
pairs,css,uniform,X,5,0.0023341325797852524,0.5525400769852933,1.3805151877333202,1.0,20.0,20000,2000,2000,20000,0
pairs,css,uniform,X,5,0.002693229899752214,0.5525400769852933,1.3805151877333202,1.0,20.0,20000,2000,2000,20000,2
pairs,css,uniform,X,5,0.003052327219719176,0.5525400769852933,1.3805151877333202,1.0,20.0,20000,2000,2000,20000,16
pairs,css,uniform,X,5,0.003411424539686138,0.5525400769852933,1.3805151877333202,1.0,20.0,20000,2000,2000,20000,31
pairs,css,uniform,X,5,0.0037705218596530993,0.5525400769852933,1.3805151877333202,1.0,20.0,20000,2000,2000,20000,93
pairs,css,uniform,X,5,0.004129619179620061,0.5525400769852933,1.3805151877333202,1.0,20.0,20000,2000,2000,20000,183
pairs,css,uniform,X,5,0.004488716499587024,0.5525400769852933,1.3805151877333202,1.0,20.0,20000,2000,2000,20000,389
pairs,css,uniform,X,5,0.004847813819553986,0.5525400769852933,1.3805151877333202,1.0,20.0,20000,2000,2000,20000,676
pairs,css,uniform,Z,3,0.004403867066533788,0.697046612462319,1.5707963267948966,1.0,20.0,20000,2000,2000,20000,2
pairs,css,uniform,Z,3,0.005382504192430185,0.697046612462319,1.5707963267948966,1.0,20.0,20000,2000,2000,20000,9
pairs,css,uniform,Z,3,0.006361141318326582,0.697046612462319,1.5707963267948966,1.0,20.0,20000,2000,2000,20000,18
pairs,css,uniform,Z,3,0.007339778444222979,0.697046612462319,1.5707963267948966,1.0,20.0,20000,2000,2000,20000,46
pairs,css,uniform,Z,3,0.008318415570119376,0.697046612462319,1.5707963267948966,1.0,20.0,20000,2000,2000,20000,74
pairs,css,uniform,Z,3,0.009297052696015773,0.697046612462319,1.5707963267948966,1.0,20.0,20000,2000,2000,20000,138
pairs,css,uniform,Z,3,0.01027568982191217,0.697046612462319,1.5707963267948966,1.0,20.0,20000,2000,2000,20000,240
pairs,css,uniform,Z,3,0.011254326947808568,0.697046612462319,1.5707963267948966,1.0,20.0,20000,2000,2000,20000,369
pairs,css,uniform,Z,3,0.012232964073704965,0.697046612462319,1.5707963267948966,1.0,20.0,20000,2000,2000,20000,533
pairs,css,uniform,Z,3,0.013211601199601363,0.697046612462319,1.5707963267948966,1.0,20.0,20000,2000,2000,20000,772
pairs,css,uniform,Z,5,0.004403867066533788,0.697046612462319,1.5707963267948966,1.0,20.0,20000,2000,2000,20000,0
pairs,css,uniform,Z,5,0.005382504192430185,0.697046612462319,1.5707963267948966,1.0,20.0,20000,2000,2000,20000,0
pairs,css,uniform,Z,5,0.006361141318326582,0.697046612462319,1.5707963267948966,1.0,20.0,20000,2000,2000,20000,3
pairs,css,uniform,Z,5,0.007339778444222979,0.697046612462319,1.5707963267948966,1.0,20.0,20000,2000,2000,20000,13
pairs,css,uniform,Z,5,0.008318415570119376,0.697046612462319,1.5707963267948966,1.0,20.0,20000,2000,2000,20000,62
pairs,css,uniform,Z,5,0.009297052696015773,0.697046612462319,1.5707963267948966,1.0,20.0,20000,2000,2000,20000,143
pairs,css,uniform,Z,5,0.01027568982191217,0.697046612462319,1.5707963267948966,1.0,20.0,20000,2000,2000,20000,339
pairs,css,uniform,Z,5,0.011254326947808568,0.697046612462319,1.5707963267948966,1.0,20.0,20000,2000,2000,20000,616
pairs,css,uniform,Z,5,0.012232964073704965,0.697046612462319,1.5707963267948966,1.0,20.0,20000,2000,2000,20000,1086
pairs,css,uniform,Z,5,0.013211601199601363,0.697046612462319,1.5707963267948966,1.0,20.0,20000,2000,2000,20000,1672
pairs,css,uniform,X,3,0.001761546826613515,0.697046612462319,1.5707963267948966,1.0,20.0,20000,2000,2000,20000,0
pairs,css,uniform,X,3,0.002153001676972074,0.697046612462319,1.5707963267948966,1.0,20.0,20000,2000,2000,20000,5
pairs,css,uniform,X,3,0.0025444565273306328,0.697046612462319,1.5707963267948966,1.0,20.0,20000,2000,2000,20000,7
pairs,css,uniform,X,3,0.0029359113776891914,0.697046612462319,1.5707963267948966,1.0,20.0,20000,2000,2000,20000,26
pairs,css,uniform,X,3,0.0033273662280477504,0.697046612462319,1.5707963267948966,1.0,20.0,20000,2000,2000,20000,33
pairs,css,uniform,X,3,0.0037188210784063094,0.697046612462319,1.5707963267948966,1.0,20.0,20000,2000,2000,20000,71
pairs,css,uniform,X,3,0.004110275928764868,0.697046612462319,1.5707963267948966,1.0,20.0,20000,2000,2000,20000,125
pairs,css,uniform,X,3,0.004501730779123427,0.697046612462319,1.5707963267948966,1.0,20.0,20000,2000,2000,20000,165
pairs,css,uniform,X,3,0.004893185629481986,0.697046612462319,1.5707963267948966,1.0,20.0,20000,2000,2000,20000,280
pairs,css,uniform,X,3,0.005284640479840545,0.697046612462319,1.5707963267948966,1.0,20.0,20000,2000,2000,20000,381
pairs,css,uniform,X,5,0.001761546826613515,0.697046612462319,1.5707963267948966,1.0,20.0,20000,2000,2000,20000,0
pairs,css,uniform,X,5,0.002153001676972074,0.697046612462319,1.5707963267948966,1.0,20.0,20000,2000,2000,20000,0
pairs,css,uniform,X,5,0.0025444565273306328,0.697046612462319,1.5707963267948966,1.0,20.0,20000,2000,2000,20000,0
pairs,css,uniform,X,5,0.0029359113776891914,0.697046612462319,1.5707963267948966,1.0,20.0,20000,2000,2000,20000,0
pairs,css,uniform,X,5,0.0033273662280477504,0.697046612462319,1.5707963267948966,1.0,20.0,20000,2000,2000,20000,12
pairs,css,uniform,X,5,0.0037188210784063094,0.697046612462319,1.5707963267948966,1.0,20.0,20000,2000,2000,20000,26
pairs,css,uniform,X,5,0.004110275928764868,0.697046612462319,1.5707963267948966,1.0,20.0,20000,2000,2000,20000,79
pairs,css,uniform,X,5,0.004501730779123427,0.697046612462319,1.5707963267948966,1.0,20.0,20000,2000,2000,20000,187
pairs,css,uniform,X,5,0.004893185629481986,0.697046612462319,1.5707963267948966,1.0,20.0,20000,2000,2000,20000,350
pairs,css,uniform,X,5,0.005284640479840545,0.697046612462319,1.5707963267948966,1.0,20.0,20000,2000,2000,20000,569
pairs,css,uniform,Z,3,0.011243118623949031,0.0,1.1220348322199218,1.0,20.0,20000,2000,2000,20000,90
pairs,css,uniform,Z,3,0.013741589429271039,0.0,1.1220348322199218,1.0,20.0,20000,2000,2000,20000,229
pairs,css,uniform,Z,3,0.016240060234593044,0.0,1.1220348322199218,1.0,20.0,20000,2000,2000,20000,501
pairs,css,uniform,Z,3,0.01873853103991505,0.0,1.1220348322199218,1.0,20.0,20000,2000,2000,20000,929
pairs,css,uniform,Z,3,0.02123700184523706,0.0,1.1220348322199218,1.0,20.0,20000,2000,2000,20000,1543
pairs,css,uniform,Z,3,0.023735472650559065,0.0,1.1220348322199218,1.0,20.0,20000,2000,2000,18000,2027
pairs,css,uniform,Z,3,0.02623394345588107,0.0,1.1220348322199218,1.0,20.0,20000,2000,2000,14000,2225
pairs,css,uniform,Z,3,0.028732414261203078,0.0,1.1220348322199218,1.0,20.0,20000,2000,2000,10000,2026
pairs,css,uniform,Z,3,0.03123088506652508,0.0,1.1220348322199218,1.0,20.0,20000,2000,2000,8000,2011
pairs,css,uniform,Z,3,0.0337293558718471,0.0,1.1220348322199218,1.0,20.0,20000,2000,2000,8000,2284
pairs,css,uniform,Z,5,0.011243118623949031,0.0,1.1220348322199218,1.0,20.0,20000,2000,2000,20000,58
pairs,css,uniform,Z,5,0.013741589429271039,0.0,1.1220348322199218,1.0,20.0,20000,2000,2000,20000,301
pairs,css,uniform,Z,5,0.016240060234593044,0.0,1.1220348322199218,1.0,20.0,20000,2000,2000,20000,994
pairs,css,uniform,Z,5,0.01873853103991505,0.0,1.1220348322199218,1.0,20.0,20000,2000,2000,18000,2032
pairs,css,uniform,Z,5,0.02123700184523706,0.0,1.1220348322199218,1.0,20.0,20000,2000,2000,10000,2012
pairs,css,uniform,Z,5,0.023735472650559065,0.0,1.1220348322199218,1.0,20.0,20000,2000,2000,8000,2315
pairs,css,uniform,Z,5,0.02623394345588107,0.0,1.1220348322199218,1.0,20.0,20000,2000,2000,6000,2168
pairs,css,uniform,Z,5,0.028732414261203078,0.0,1.1220348322199218,1.0,20.0,20000,2000,2000,6000,2492
pairs,css,uniform,Z,5,0.03123088506652508,0.0,1.1220348322199218,1.0,20.0,20000,2000,2000,6000,2705
pairs,css,uniform,X,3,0.001798898979831845,0.0,1.1220348322199218,1.0,20.0,20000,2000,2000,20000,1
pairs,css,uniform,X,3,0.002198654308683366,0.0,1.1220348322199218,1.0,20.0,20000,2000,2000,20000,8
pairs,css,uniform,X,3,0.002598409637534887,0.0,1.1220348322199218,1.0,20.0,20000,2000,2000,20000,7
pairs,css,uniform,X,3,0.002998164966386408,0.0,1.1220348322199218,1.0,20.0,20000,2000,2000,20000,21
pairs,css,uniform,X,3,0.003397920295237929,0.0,1.1220348322199218,1.0,20.0,20000,2000,2000,20000,49
pairs,css,uniform,X,3,0.0037976756240894506,0.0,1.1220348322199218,1.0,20.0,20000,2000,2000,20000,70
pairs,css,uniform,X,3,0.004197430952940971,0.0,1.1220348322199218,1.0,20.0,20000,2000,2000,20000,122
pairs,css,uniform,X,3,0.004597186281792493,0.0,1.1220348322199218,1.0,20.0,20000,2000,2000,20000,229
pairs,css,uniform,X,3,0.004996941610644013,0.0,1.1220348322199218,1.0,20.0,20000,2000,2000,20000,330
pairs,css,uniform,X,3,0.005396696939495535,0.0,1.1220348322199218,1.0,20.0,20000,2000,2000,20000,456
pairs,css,uniform,X,5,0.001798898979831845,0.0,1.1220348322199218,1.0,20.0,20000,2000,2000,20000,0
pairs,css,uniform,X,5,0.002198654308683366,0.0,1.1220348322199218,1.0,20.0,20000,2000,2000,20000,0
pairs,css,uniform,X,5,0.002598409637534887,0.0,1.1220348322199218,1.0,20.0,20000,2000,2000,20000,0
pairs,css,uniform,X,5,0.002998164966386408,0.0,1.1220348322199218,1.0,20.0,20000,2000,2000,20000,5
pairs,css,uniform,X,5,0.003397920295237929,0.0,1.1220348322199218,1.0,20.0,20000,2000,2000,20000,5
pairs,css,uniform,X,5,0.0037976756240894506,0.0,1.1220348322199218,1.0,20.0,20000,2000,2000,20000,61
pairs,css,uniform,X,5,0.004197430952940971,0.0,1.1220348322199218,1.0,20.0,20000,2000,2000,20000,126
pairs,css,uniform,X,5,0.004597186281792493,0.0,1.1220348322199218,1.0,20.0,20000,2000,2000,20000,269
pairs,css,uniform,X,5,0.004996941610644013,0.0,1.1220348322199218,1.0,20.0,20000,2000,2000,20000,479
pairs,css,uniform,X,5,0.005396696939495535,0.0,1.1220348322199218,1.0,20.0,20000,2000,2000,20000,833
pairs,css,uniform,Z,3,0.010784772508856367,0.1645776301127531,1.2601693227839645,1.0,20.0,20000,2000,2000,20000,80
pairs,css,uniform,Z,3,0.01318138862193556,0.1645776301127531,1.2601693227839645,1.0,20.0,20000,2000,2000,20000,244
pairs,css,uniform,Z,3,0.015578004735014753,0.1645776301127531,1.2601693227839645,1.0,20.0,20000,2000,2000,20000,568
pairs,css,uniform,Z,3,0.017974620848093946,0.1645776301127531,1.2601693227839645,1.0,20.0,20000,2000,2000,20000,1057
pairs,css,uniform,Z,3,0.020371236961173135,0.1645776301127531,1.2601693227839645,1.0,20.0,20000,2000,2000,20000,1635
pairs,css,uniform,Z,3,0.022767853074252328,0.1645776301127531,1.2601693227839645,1.0,20.0,20000,2000,2000,18000,2113
pairs,css,uniform,Z,3,0.02516446918733152,0.1645776301127531,1.2601693227839645,1.0,20.0,20000,2000,2000,14000,2253
pairs,css,uniform,Z,3,0.027561085300410716,0.1645776301127531,1.2601693227839645,1.0,20.0,20000,2000,2000,10000,2043
pairs,css,uniform,Z,3,0.029957701413489905,0.1645776301127531,1.2601693227839645,1.0,20.0,20000,2000,2000,8000,2017
pairs,css,uniform,Z,3,0.0323543175265691,0.1645776301127531,1.2601693227839645,1.0,20.0,20000,2000,2000,8000,2365
pairs,css,uniform,Z,5,0.010784772508856367,0.1645776301127531,1.2601693227839645,1.0,20.0,20000,2000,2000,20000,67
pairs,css,uniform,Z,5,0.01318138862193556,0.1645776301127531,1.2601693227839645,1.0,20.0,20000,2000,2000,20000,318
pairs,css,uniform,Z,5,0.015578004735014753,0.1645776301127531,1.2601693227839645,1.0,20.0,20000,2000,2000,20000,1006
pairs,css,uniform,Z,5,0.017974620848093946,0.1645776301127531,1.2601693227839645,1.0,20.0,20000,2000,2000,18000,2142
pairs,css,uniform,Z,5,0.020371236961173135,0.1645776301127531,1.2601693227839645,1.0,20.0,20000,2000,2000,10000,2090
pairs,css,uniform,Z,5,0.022767853074252328,0.1645776301127531,1.2601693227839645,1.0,20.0,20000,2000,2000,8000,2332
pairs,css,uniform,Z,5,0.02516446918733152,0.1645776301127531,1.2601693227839645,1.0,20.0,20000,2000,2000,6000,2208
pairs,css,uniform,Z,5,0.027561085300410716,0.1645776301127531,1.2601693227839645,1.0,20.0,20000,2000,2000,6000,2488
pairs,css,uniform,Z,5,0.029957701413489905,0.1645776301127531,1.2601693227839645,1.0,20.0,20000,2000,2000,6000,2796
pairs,css,uniform,X,3,0.0017255636014170187,0.1645776301127531,1.2601693227839645,1.0,20.0,20000,2000,2000,20000,0
pairs,css,uniform,X,3,0.0021090221795096896,0.1645776301127531,1.2601693227839645,1.0,20.0,20000,2000,2000,20000,2
pairs,css,uniform,X,3,0.0024924807576023602,0.1645776301127531,1.2601693227839645,1.0,20.0,20000,2000,2000,20000,5
pairs,css,uniform,X,3,0.002875939335695031,0.1645776301127531,1.2601693227839645,1.0,20.0,20000,2000,2000,20000,19
pairs,css,uniform,X,3,0.003259397913787702,0.1645776301127531,1.2601693227839645,1.0,20.0,20000,2000,2000,20000,33
pairs,css,uniform,X,3,0.0036428564918803727,0.1645776301127531,1.2601693227839645,1.0,20.0,20000,2000,2000,20000,65
pairs,css,uniform,X,3,0.004026315069973043,0.1645776301127531,1.2601693227839645,1.0,20.0,20000,2000,2000,20000,127
pairs,css,uniform,X,3,0.0044097736480657145,0.1645776301127531,1.2601693227839645,1.0,20.0,20000,2000,2000,20000,210
pairs,css,uniform,X,3,0.004793232226158385,0.1645776301127531,1.2601693227839645,1.0,20.0,20000,2000,2000,20000,280
pairs,css,uniform,X,3,0.005176690804251056,0.1645776301127531,1.2601693227839645,1.0,20.0,20000,2000,2000,20000,410
pairs,css,uniform,X,5,0.0017255636014170187,0.1645776301127531,1.2601693227839645,1.0,20.0,20000,2000,2000,20000,0
pairs,css,uniform,X,5,0.0021090221795096896,0.1645776301127531,1.2601693227839645,1.0,20.0,20000,2000,2000,20000,0
pairs,css,uniform,X,5,0.0024924807576023602,0.1645776301127531,1.2601693227839645,1.0,20.0,20000,2000,2000,20000,1
pairs,css,uniform,X,5,0.002875939335695031,0.1645776301127531,1.2601693227839645,1.0,20.0,20000,2000,2000,20000,3
pairs,css,uniform,X,5,0.003259397913787702,0.1645776301127531,1.2601693227839645,1.0,20.0,20000,2000,2000,20000,9
pairs,css,uniform,X,5,0.0036428564918803727,0.1645776301127531,1.2601693227839645,1.0,20.0,20000,2000,2000,20000,50
pairs,css,uniform,X,5,0.004026315069973043,0.1645776301127531,1.2601693227839645,1.0,20.0,20000,2000,2000,20000,88
pairs,css,uniform,X,5,0.0044097736480657145,0.1645776301127531,1.2601693227839645,1.0,20.0,20000,2000,2000,20000,204
pairs,css,uniform,X,5,0.004793232226158385,0.1645776301127531,1.2601693227839645,1.0,20.0,20000,2000,2000,20000,437
pairs,css,uniform,X,5,0.005176690804251056,0.1645776301127531,1.2601693227839645,1.0,20.0,20000,2000,2000,20000,730
pairs,css,uniform,Z,3,0.004340440232084239,0.3317186375739035,1.4116443291899383,1.0,20.0,20000,2000,2000,20000,0
pairs,css,uniform,Z,3,0.005304982505880737,0.3317186375739035,1.4116443291899383,1.0,20.0,20000,2000,2000,20000,1
pairs,css,uniform,Z,3,0.0062695247796772345,0.3317186375739035,1.4116443291899383,1.0,20.0,20000,2000,2000,20000,5
pairs,css,uniform,Z,3,0.007234067053473732,0.3317186375739035,1.4116443291899383,1.0,20.0,20000,2000,2000,20000,8
pairs,css,uniform,Z,3,0.008198609327270229,0.3317186375739035,1.4116443291899383,1.0,20.0,20000,2000,2000,20000,16
pairs,css,uniform,Z,3,0.009163151601066727,0.3317186375739035,1.4116443291899383,1.0,20.0,20000,2000,2000,20000,41
pairs,css,uniform,Z,3,0.010127693874863224,0.3317186375739035,1.4116443291899383,1.0,20.0,20000,2000,2000,20000,68
pairs,css,uniform,Z,3,0.01109223614865972,0.3317186375739035,1.4116443291899383,1.0,20.0,20000,2000,2000,20000,114
pairs,css,uniform,Z,3,0.01205677842245622,0.3317186375739035,1.4116443291899383,1.0,20.0,20000,2000,2000,20000,149
pairs,css,uniform,Z,3,0.013021320696252718,0.3317186375739035,1.4116443291899383,1.0,20.0,20000,2000,2000,20000,251
pairs,css,uniform,Z,5,0.004340440232084239,0.3317186375739035,1.4116443291899383,1.0,20.0,20000,2000,2000,20000,0
pairs,css,uniform,Z,5,0.005304982505880737,0.3317186375739035,1.4116443291899383,1.0,20.0,20000,2000,2000,20000,0
pairs,css,uniform,Z,5,0.0062695247796772345,0.3317186375739035,1.4116443291899383,1.0,20.0,20000,2000,2000,20000,0
pairs,css,uniform,Z,5,0.007234067053473732,0.3317186375739035,1.4116443291899383,1.0,20.0,20000,2000,2000,20000,1
pairs,css,uniform,Z,5,0.008198609327270229,0.3317186375739035,1.4116443291899383,1.0,20.0,20000,2000,2000,20000,4
pairs,css,uniform,Z,5,0.009163151601066727,0.3317186375739035,1.4116443291899383,1.0,20.0,20000,2000,2000,20000,10
pairs,css,uniform,Z,5,0.010127693874863224,0.3317186375739035,1.4116443291899383,1.0,20.0,20000,2000,2000,20000,56
pairs,css,uniform,Z,5,0.01109223614865972,0.3317186375739035,1.4116443291899383,1.0,20.0,20000,2000,2000,20000,81
pairs,css,uniform,Z,5,0.01205677842245622,0.3317186375739035,1.4116443291899383,1.0,20.0,20000,2000,2000,20000,184
pairs,css,uniform,Z,5,0.013021320696252718,0.3317186375739035,1.4116443291899383,1.0,20.0,20000,2000,2000,20000,301
pairs,css,uniform,X,3,0.0017361760928336957,0.3317186375739035,1.4116443291899383,1.0,20.0,20000,2000,2000,20000,3
pairs,css,uniform,X,3,0.002121993002352295,0.3317186375739035,1.4116443291899383,1.0,20.0,20000,2000,2000,20000,1
pairs,css,uniform,X,3,0.0025078099118708936,0.3317186375739035,1.4116443291899383,1.0,20.0,20000,2000,2000,20000,7
pairs,css,uniform,X,3,0.0028936268213894927,0.3317186375739035,1.4116443291899383,1.0,20.0,20000,2000,2000,20000,10
pairs,css,uniform,X,3,0.003279443730908092,0.3317186375739035,1.4116443291899383,1.0,20.0,20000,2000,2000,20000,37
pairs,css,uniform,X,3,0.003665260640426691,0.3317186375739035,1.4116443291899383,1.0,20.0,20000,2000,2000,20000,70
pairs,css,uniform,X,3,0.004051077549945289,0.3317186375739035,1.4116443291899383,1.0,20.0,20000,2000,2000,20000,107
pairs,css,uniform,X,3,0.004436894459463888,0.3317186375739035,1.4116443291899383,1.0,20.0,20000,2000,2000,20000,160
pairs,css,uniform,X,3,0.004822711368982488,0.3317186375739035,1.4116443291899383,1.0,20.0,20000,2000,2000,20000,294
pairs,css,uniform,X,3,0.005208528278501087,0.3317186375739035,1.4116443291899383,1.0,20.0,20000,2000,2000,20000,412
pairs,css,uniform,X,5,0.0017361760928336957,0.3317186375739035,1.4116443291899383,1.0,20.0,20000,2000,2000,20000,0
pairs,css,uniform,X,5,0.002121993002352295,0.3317186375739035,1.4116443291899383,1.0,20.0,20000,2000,2000,20000,0
pairs,css,uniform,X,5,0.0025078099118708936,0.3317186375739035,1.4116443291899383,1.0,20.0,20000,2000,2000,20000,1
pairs,css,uniform,X,5,0.0028936268213894927,0.3317186375739035,1.4116443291899383,1.0,20.0,20000,2000,2000,20000,4
pairs,css,uniform,X,5,0.003279443730908092,0.3317186375739035,1.4116443291899383,1.0,20.0,20000,2000,2000,20000,10
pairs,css,uniform,X,5,0.003665260640426691,0.3317186375739035,1.4116443291899383,1.0,20.0,20000,2000,2000,20000,39
pairs,css,uniform,X,5,0.004051077549945289,0.3317186375739035,1.4116443291899383,1.0,20.0,20000,2000,2000,20000,85
pairs,css,uniform,X,5,0.004436894459463888,0.3317186375739035,1.4116443291899383,1.0,20.0,20000,2000,2000,20000,182
pairs,css,uniform,X,5,0.004822711368982488,0.3317186375739035,1.4116443291899383,1.0,20.0,20000,2000,2000,20000,355
pairs,css,uniform,X,5,0.005208528278501087,0.3317186375739035,1.4116443291899383,1.0,20.0,20000,2000,2000,20000,655
pairs,css,uniform,Z,3,0.011432974835727479,0.48209976219968337,1.5707963267948966,1.0,20.0,20000,2000,2000,20000,94
pairs,css,uniform,Z,3,0.013973635910333584,0.48209976219968337,1.5707963267948966,1.0,20.0,20000,2000,2000,20000,258
pairs,css,uniform,Z,3,0.01651429698493969,0.48209976219968337,1.5707963267948966,1.0,20.0,20000,2000,2000,20000,620
pairs,css,uniform,Z,3,0.019054958059545796,0.48209976219968337,1.5707963267948966,1.0,20.0,20000,2000,2000,20000,1038
pairs,css,uniform,Z,3,0.0215956191341519,0.48209976219968337,1.5707963267948966,1.0,20.0,20000,2000,2000,20000,1765
pairs,css,uniform,Z,3,0.024136280208758014,0.48209976219968337,1.5707963267948966,1.0,20.0,20000,2000,2000,16000,2004
pairs,css,uniform,Z,3,0.02667694128336411,0.48209976219968337,1.5707963267948966,1.0,20.0,20000,2000,2000,14000,2321
pairs,css,uniform,Z,3,0.029217602357970225,0.48209976219968337,1.5707963267948966,1.0,20.0,20000,2000,2000,10000,2154
pairs,css,uniform,Z,3,0.031758263432576324,0.48209976219968337,1.5707963267948966,1.0,20.0,20000,2000,2000,8000,2048
pairs,css,uniform,Z,3,0.034298924507182436,0.48209976219968337,1.5707963267948966,1.0,20.0,20000,2000,2000,8000,2454
pairs,css,uniform,Z,5,0.011432974835727479,0.48209976219968337,1.5707963267948966,1.0,20.0,20000,2000,2000,20000,61
pairs,css,uniform,Z,5,0.013973635910333584,0.48209976219968337,1.5707963267948966,1.0,20.0,20000,2000,2000,20000,395
pairs,css,uniform,Z,5,0.01651429698493969,0.48209976219968337,1.5707963267948966,1.0,20.0,20000,2000,2000,20000,1126
pairs,css,uniform,Z,5,0.019054958059545796,0.48209976219968337,1.5707963267948966,1.0,20.0,20000,2000,2000,16000,2040
pairs,css,uniform,Z,5,0.0215956191341519,0.48209976219968337,1.5707963267948966,1.0,20.0,20000,2000,2000,10000,2210
pairs,css,uniform,Z,5,0.024136280208758014,0.48209976219968337,1.5707963267948966,1.0,20.0,20000,2000,2000,8000,2463
pairs,css,uniform,Z,5,0.02667694128336411,0.48209976219968337,1.5707963267948966,1.0,20.0,20000,2000,2000,6000,2262
pairs,css,uniform,Z,5,0.029217602357970225,0.48209976219968337,1.5707963267948966,1.0,20.0,20000,2000,2000,6000,2550
pairs,css,uniform,Z,5,0.031758263432576324,0.48209976219968337,1.5707963267948966,1.0,20.0,20000,2000,2000,6000,2760
pairs,css,uniform,X,3,0.0018292759737163966,0.48209976219968337,1.5707963267948966,1.0,20.0,20000,2000,2000,20000,0
pairs,css,uniform,X,3,0.0022357817456533737,0.48209976219968337,1.5707963267948966,1.0,20.0,20000,2000,2000,20000,0
pairs,css,uniform,X,3,0.0026422875175903505,0.48209976219968337,1.5707963267948966,1.0,20.0,20000,2000,2000,20000,4
pairs,css,uniform,X,3,0.003048793289527327,0.48209976219968337,1.5707963267948966,1.0,20.0,20000,2000,2000,20000,17
pairs,css,uniform,X,3,0.0034552990614643043,0.48209976219968337,1.5707963267948966,1.0,20.0,20000,2000,2000,20000,29
pairs,css,uniform,X,3,0.003861804833401282,0.48209976219968337,1.5707963267948966,1.0,20.0,20000,2000,2000,20000,48
pairs,css,uniform,X,3,0.004268310605338258,0.48209976219968337,1.5707963267948966,1.0,20.0,20000,2000,2000,20000,103
pairs,css,uniform,X,3,0.004674816377275235,0.48209976219968337,1.5707963267948966,1.0,20.0,20000,2000,2000,20000,157
pairs,css,uniform,X,3,0.005081322149212212,0.48209976219968337,1.5707963267948966,1.0,20.0,20000,2000,2000,20000,226
pairs,css,uniform,X,3,0.00548782792114919,0.48209976219968337,1.5707963267948966,1.0,20.0,20000,2000,2000,20000,381
pairs,css,uniform,X,5,0.0018292759737163966,0.48209976219968337,1.5707963267948966,1.0,20.0,20000,2000,2000,20000,0
pairs,css,uniform,X,5,0.0022357817456533737,0.48209976219968337,1.5707963267948966,1.0,20.0,20000,2000,2000,20000,0
pairs,css,uniform,X,5,0.0026422875175903505,0.48209976219968337,1.5707963267948966,1.0,20.0,20000,2000,2000,20000,0
pairs,css,uniform,X,5,0.003048793289527327,0.48209976219968337,1.5707963267948966,1.0,20.0,20000,2000,2000,20000,4
pairs,css,uniform,X,5,0.0034552990614643043,0.48209976219968337,1.5707963267948966,1.0,20.0,20000,2000,2000,20000,9
pairs,css,uniform,X,5,0.003861804833401282,0.48209976219968337,1.5707963267948966,1.0,20.0,20000,2000,2000,20000,35
pairs,css,uniform,X,5,0.004268310605338258,0.48209976219968337,1.5707963267948966,1.0,20.0,20000,2000,2000,20000,70
pairs,css,uniform,X,5,0.004674816377275235,0.48209976219968337,1.5707963267948966,1.0,20.0,20000,2000,2000,20000,154
pairs,css,uniform,X,5,0.005081322149212212,0.48209976219968337,1.5707963267948966,1.0,20.0,20000,2000,2000,20000,344
pairs,css,uniform,X,5,0.00548782792114919,0.48209976219968337,1.5707963267948966,1.0,20.0,20000,2000,2000,20000,598
pairs,css,uniform,Z,3,0.004902970823088171,0.0,1.3022821802049775,1.0,20.0,20000,2000,2000,20000,0
pairs,css,uniform,Z,3,0.005992519894885543,0.0,1.3022821802049775,1.0,20.0,20000,2000,2000,20000,1
pairs,css,uniform,Z,3,0.007082068966682913,0.0,1.3022821802049775,1.0,20.0,20000,2000,2000,20000,0
pairs,css,uniform,Z,3,0.008171618038480285,0.0,1.3022821802049775,1.0,20.0,20000,2000,2000,20000,5
pairs,css,uniform,Z,3,0.009261167110277656,0.0,1.3022821802049775,1.0,20.0,20000,2000,2000,20000,1
pairs,css,uniform,Z,3,0.010350716182075028,0.0,1.3022821802049775,1.0,20.0,20000,2000,2000,20000,3
pairs,css,uniform,Z,3,0.011440265253872399,0.0,1.3022821802049775,1.0,20.0,20000,2000,2000,20000,13
pairs,css,uniform,Z,3,0.01252981432566977,0.0,1.3022821802049775,1.0,20.0,20000,2000,2000,20000,11
pairs,css,uniform,Z,3,0.013619363397467141,0.0,1.3022821802049775,1.0,20.0,20000,2000,2000,20000,18
pairs,css,uniform,Z,3,0.014708912469264514,0.0,1.3022821802049775,1.0,20.0,20000,2000,2000,20000,31
pairs,css,uniform,Z,5,0.004902970823088171,0.0,1.3022821802049775,1.0,20.0,20000,2000,2000,20000,0
pairs,css,uniform,Z,5,0.005992519894885543,0.0,1.3022821802049775,1.0,20.0,20000,2000,2000,20000,0
pairs,css,uniform,Z,5,0.007082068966682913,0.0,1.3022821802049775,1.0,20.0,20000,2000,2000,20000,0
pairs,css,uniform,Z,5,0.008171618038480285,0.0,1.3022821802049775,1.0,20.0,20000,2000,2000,20000,0
pairs,css,uniform,Z,5,0.009261167110277656,0.0,1.3022821802049775,1.0,20.0,20000,2000,2000,20000,1
pairs,css,uniform,Z,5,0.010350716182075028,0.0,1.3022821802049775,1.0,20.0,20000,2000,2000,20000,0
pairs,css,uniform,Z,5,0.011440265253872399,0.0,1.3022821802049775,1.0,20.0,20000,2000,2000,20000,1
pairs,css,uniform,Z,5,0.01252981432566977,0.0,1.3022821802049775,1.0,20.0,20000,2000,2000,20000,1
pairs,css,uniform,Z,5,0.013619363397467141,0.0,1.3022821802049775,1.0,20.0,20000,2000,2000,20000,7
pairs,css,uniform,Z,5,0.014708912469264514,0.0,1.3022821802049775,1.0,20.0,20000,2000,2000,20000,8
pairs,css,uniform,X,3,0.0019611883292352684,0.0,1.3022821802049775,1.0,20.0,20000,2000,2000,20000,2
pairs,css,uniform,X,3,0.0023970079579542173,0.0,1.3022821802049775,1.0,20.0,20000,2000,2000,20000,4
pairs,css,uniform,X,3,0.0028328275866731653,0.0,1.3022821802049775,1.0,20.0,20000,2000,2000,20000,7
pairs,css,uniform,X,3,0.003268647215392114,0.0,1.3022821802049775,1.0,20.0,20000,2000,2000,20000,17
pairs,css,uniform,X,3,0.0037044668441110623,0.0,1.3022821802049775,1.0,20.0,20000,2000,2000,20000,31
pairs,css,uniform,X,3,0.004140286472830011,0.0,1.3022821802049775,1.0,20.0,20000,2000,2000,20000,69
pairs,css,uniform,X,3,0.004576106101548959,0.0,1.3022821802049775,1.0,20.0,20000,2000,2000,20000,102
pairs,css,uniform,X,3,0.005011925730267907,0.0,1.3022821802049775,1.0,20.0,20000,2000,2000,20000,190
pairs,css,uniform,X,3,0.005447745358986856,0.0,1.3022821802049775,1.0,20.0,20000,2000,2000,20000,289
pairs,css,uniform,X,3,0.005883564987705805,0.0,1.3022821802049775,1.0,20.0,20000,2000,2000,20000,433
pairs,css,uniform,X,5,0.0019611883292352684,0.0,1.3022821802049775,1.0,20.0,20000,2000,2000,20000,0
pairs,css,uniform,X,5,0.0023970079579542173,0.0,1.3022821802049775,1.0,20.0,20000,2000,2000,20000,1
pairs,css,uniform,X,5,0.0028328275866731653,0.0,1.3022821802049775,1.0,20.0,20000,2000,2000,20000,0
pairs,css,uniform,X,5,0.003268647215392114,0.0,1.3022821802049775,1.0,20.0,20000,2000,2000,20000,4
pairs,css,uniform,X,5,0.0037044668441110623,0.0,1.3022821802049775,1.0,20.0,20000,2000,2000,20000,7
pairs,css,uniform,X,5,0.004140286472830011,0.0,1.3022821802049775,1.0,20.0,20000,2000,2000,20000,25
pairs,css,uniform,X,5,0.004576106101548959,0.0,1.3022821802049775,1.0,20.0,20000,2000,2000,20000,99
pairs,css,uniform,X,5,0.005011925730267907,0.0,1.3022821802049775,1.0,20.0,20000,2000,2000,20000,198
pairs,css,uniform,X,5,0.005447745358986856,0.0,1.3022821802049775,1.0,20.0,20000,2000,2000,20000,405
pairs,css,uniform,X,5,0.005883564987705805,0.0,1.3022821802049775,1.0,20.0,20000,2000,2000,20000,703
pairs,css,uniform,Z,3,0.012059664030787834,0.14704507253162505,1.4340750766062733,1.0,20.0,20000,2000,2000,20000,12
pairs,css,uniform,Z,3,0.01473958937096291,0.14704507253162505,1.4340750766062733,1.0,20.0,20000,2000,2000,20000,50
pairs,css,uniform,Z,3,0.017419514711137986,0.14704507253162505,1.4340750766062733,1.0,20.0,20000,2000,2000,20000,119
pairs,css,uniform,Z,3,0.020099440051313054,0.14704507253162505,1.4340750766062733,1.0,20.0,20000,2000,2000,20000,222
pairs,css,uniform,Z,3,0.022779365391488133,0.14704507253162505,1.4340750766062733,1.0,20.0,20000,2000,2000,20000,432
pairs,css,uniform,Z,3,0.025459290731663208,0.14704507253162505,1.4340750766062733,1.0,20.0,20000,2000,2000,20000,646
pairs,css,uniform,Z,3,0.028139216071838277,0.14704507253162505,1.4340750766062733,1.0,20.0,20000,2000,2000,20000,1009
pairs,css,uniform,Z,3,0.030819141412013352,0.14704507253162505,1.4340750766062733,1.0,20.0,20000,2000,2000,20000,1413
pairs,css,uniform,Z,3,0.033499066752188424,0.14704507253162505,1.4340750766062733,1.0,20.0,20000,2000,2000,20000,2004
pairs,css,uniform,Z,3,0.036178992092363506,0.14704507253162505,1.4340750766062733,1.0,20.0,20000,2000,2000,16000,2043
pairs,css,uniform,Z,5,0.012059664030787834,0.14704507253162505,1.4340750766062733,1.0,20.0,20000,2000,2000,20000,2
pairs,css,uniform,Z,5,0.01473958937096291,0.14704507253162505,1.4340750766062733,1.0,20.0,20000,2000,2000,20000,25
pairs,css,uniform,Z,5,0.017419514711137986,0.14704507253162505,1.4340750766062733,1.0,20.0,20000,2000,2000,20000,96
pairs,css,uniform,Z,5,0.020099440051313054,0.14704507253162505,1.4340750766062733,1.0,20.0,20000,2000,2000,20000,261
pairs,css,uniform,Z,5,0.022779365391488133,0.14704507253162505,1.4340750766062733,1.0,20.0,20000,2000,2000,20000,680
pairs,css,uniform,Z,5,0.025459290731663208,0.14704507253162505,1.4340750766062733,1.0,20.0,20000,2000,2000,20000,1366
pairs,css,uniform,Z,5,0.028139216071838277,0.14704507253162505,1.4340750766062733,1.0,20.0,20000,2000,2000,18000,2146
pairs,css,uniform,Z,5,0.030819141412013352,0.14704507253162505,1.4340750766062733,1.0,20.0,20000,2000,2000,12000,2064
pairs,css,uniform,Z,5,0.033499066752188424,0.14704507253162505,1.4340750766062733,1.0,20.0,20000,2000,2000,10000,2427
pairs,css,uniform,Z,5,0.036178992092363506,0.14704507253162505,1.4340750766062733,1.0,20.0,20000,2000,2000,8000,2399
pairs,css,uniform,X,3,0.0019295462449260535,0.14704507253162505,1.4340750766062733,1.0,20.0,20000,2000,2000,20000,1
pairs,css,uniform,X,3,0.0023583342993540655,0.14704507253162505,1.4340750766062733,1.0,20.0,20000,2000,2000,20000,3
pairs,css,uniform,X,3,0.0027871223537820774,0.14704507253162505,1.4340750766062733,1.0,20.0,20000,2000,2000,20000,10
pairs,css,uniform,X,3,0.0032159104082100888,0.14704507253162505,1.4340750766062733,1.0,20.0,20000,2000,2000,20000,17
pairs,css,uniform,X,3,0.003644698462638101,0.14704507253162505,1.4340750766062733,1.0,20.0,20000,2000,2000,20000,29
pairs,css,uniform,X,3,0.004073486517066113,0.14704507253162505,1.4340750766062733,1.0,20.0,20000,2000,2000,20000,65
pairs,css,uniform,X,3,0.004502274571494124,0.14704507253162505,1.4340750766062733,1.0,20.0,20000,2000,2000,20000,106
pairs,css,uniform,X,3,0.004931062625922136,0.14704507253162505,1.4340750766062733,1.0,20.0,20000,2000,2000,20000,179
pairs,css,uniform,X,3,0.005359850680350148,0.14704507253162505,1.4340750766062733,1.0,20.0,20000,2000,2000,20000,288
pairs,css,uniform,X,3,0.005788638734778161,0.14704507253162505,1.4340750766062733,1.0,20.0,20000,2000,2000,20000,389
pairs,css,uniform,X,5,0.0019295462449260535,0.14704507253162505,1.4340750766062733,1.0,20.0,20000,2000,2000,20000,0
pairs,css,uniform,X,5,0.0023583342993540655,0.14704507253162505,1.4340750766062733,1.0,20.0,20000,2000,2000,20000,0
pairs,css,uniform,X,5,0.0027871223537820774,0.14704507253162505,1.4340750766062733,1.0,20.0,20000,2000,2000,20000,0
pairs,css,uniform,X,5,0.0032159104082100888,0.14704507253162505,1.4340750766062733,1.0,20.0,20000,2000,2000,20000,4
pairs,css,uniform,X,5,0.003644698462638101,0.14704507253162505,1.4340750766062733,1.0,20.0,20000,2000,2000,20000,9
pairs,css,uniform,X,5,0.004073486517066113,0.14704507253162505,1.4340750766062733,1.0,20.0,20000,2000,2000,20000,21
pairs,css,uniform,X,5,0.004502274571494124,0.14704507253162505,1.4340750766062733,1.0,20.0,20000,2000,2000,20000,98
pairs,css,uniform,X,5,0.004931062625922136,0.14704507253162505,1.4340750766062733,1.0,20.0,20000,2000,2000,20000,174
pairs,css,uniform,X,5,0.005359850680350148,0.14704507253162505,1.4340750766062733,1.0,20.0,20000,2000,2000,20000,326
pairs,css,uniform,X,5,0.005788638734778161,0.14704507253162505,1.4340750766062733,1.0,20.0,20000,2000,2000,20000,602
pairs,css,uniform,Z,3,0.012335231617366865,0.29055623244354517,1.5707963267948966,1.0,20.0,20000,2000,2000,20000,20
pairs,css,uniform,Z,3,0.015076394199003947,0.29055623244354517,1.5707963267948966,1.0,20.0,20000,2000,2000,20000,52
pairs,css,uniform,Z,3,0.017817556780641026,0.29055623244354517,1.5707963267948966,1.0,20.0,20000,2000,2000,20000,119
pairs,css,uniform,Z,3,0.020558719362278106,0.29055623244354517,1.5707963267948966,1.0,20.0,20000,2000,2000,20000,231
pairs,css,uniform,Z,3,0.023299881943915187,0.29055623244354517,1.5707963267948966,1.0,20.0,20000,2000,2000,20000,416
pairs,css,uniform,Z,3,0.02604104452555227,0.29055623244354517,1.5707963267948966,1.0,20.0,20000,2000,2000,20000,664
pairs,css,uniform,Z,3,0.028782207107189345,0.29055623244354517,1.5707963267948966,1.0,20.0,20000,2000,2000,20000,1076
pairs,css,uniform,Z,3,0.031523369688826436,0.29055623244354517,1.5707963267948966,1.0,20.0,20000,2000,2000,20000,1476
pairs,css,uniform,Z,3,0.03426453227046351,0.29055623244354517,1.5707963267948966,1.0,20.0,20000,2000,2000,20000,2006
pairs,css,uniform,Z,3,0.0370056948521006,0.29055623244354517,1.5707963267948966,1.0,20.0,20000,2000,2000,16000,2098
pairs,css,uniform,Z,5,0.012335231617366865,0.29055623244354517,1.5707963267948966,1.0,20.0,20000,2000,2000,20000,7
pairs,css,uniform,Z,5,0.015076394199003947,0.29055623244354517,1.5707963267948966,1.0,20.0,20000,2000,2000,20000,6
pairs,css,uniform,Z,5,0.017817556780641026,0.29055623244354517,1.5707963267948966,1.0,20.0,20000,2000,2000,20000,94
pairs,css,uniform,Z,5,0.020558719362278106,0.29055623244354517,1.5707963267948966,1.0,20.0,20000,2000,2000,20000,304
pairs,css,uniform,Z,5,0.023299881943915187,0.29055623244354517,1.5707963267948966,1.0,20.0,20000,2000,2000,20000,780
pairs,css,uniform,Z,5,0.02604104452555227,0.29055623244354517,1.5707963267948966,1.0,20.0,20000,2000,2000,20000,1477
pairs,css,uniform,Z,5,0.028782207107189345,0.29055623244354517,1.5707963267948966,1.0,20.0,20000,2000,2000,18000,2166
pairs,css,uniform,Z,5,0.031523369688826436,0.29055623244354517,1.5707963267948966,1.0,20.0,20000,2000,2000,12000,2318
pairs,css,uniform,Z,5,0.03426453227046351,0.29055623244354517,1.5707963267948966,1.0,20.0,20000,2000,2000,8000,2049
pairs,css,uniform,Z,5,0.0370056948521006,0.29055623244354517,1.5707963267948966,1.0,20.0,20000,2000,2000,8000,2537
pairs,css,uniform,X,3,0.0019736370587786984,0.29055623244354517,1.5707963267948966,1.0,20.0,20000,2000,2000,20000,1
pairs,css,uniform,X,3,0.0024122230718406313,0.29055623244354517,1.5707963267948966,1.0,20.0,20000,2000,2000,20000,3
pairs,css,uniform,X,3,0.0028508090849025643,0.29055623244354517,1.5707963267948966,1.0,20.0,20000,2000,2000,20000,5
pairs,css,uniform,X,3,0.003289395097964497,0.29055623244354517,1.5707963267948966,1.0,20.0,20000,2000,2000,20000,16
pairs,css,uniform,X,3,0.0037279811110264302,0.29055623244354517,1.5707963267948966,1.0,20.0,20000,2000,2000,20000,29
pairs,css,uniform,X,3,0.004166567124088363,0.29055623244354517,1.5707963267948966,1.0,20.0,20000,2000,2000,20000,67
pairs,css,uniform,X,3,0.004605153137150295,0.29055623244354517,1.5707963267948966,1.0,20.0,20000,2000,2000,20000,104
pairs,css,uniform,X,3,0.005043739150212229,0.29055623244354517,1.5707963267948966,1.0,20.0,20000,2000,2000,20000,178
pairs,css,uniform,X,3,0.005482325163274162,0.29055623244354517,1.5707963267948966,1.0,20.0,20000,2000,2000,20000,263
pairs,css,uniform,X,3,0.005920911176336095,0.29055623244354517,1.5707963267948966,1.0,20.0,20000,2000,2000,20000,337
pairs,css,uniform,X,5,0.0019736370587786984,0.29055623244354517,1.5707963267948966,1.0,20.0,20000,2000,2000,20000,0
pairs,css,uniform,X,5,0.0024122230718406313,0.29055623244354517,1.5707963267948966,1.0,20.0,20000,2000,2000,20000,0
pairs,css,uniform,X,5,0.0028508090849025643,0.29055623244354517,1.5707963267948966,1.0,20.0,20000,2000,2000,20000,2
pairs,css,uniform,X,5,0.003289395097964497,0.29055623244354517,1.5707963267948966,1.0,20.0,20000,2000,2000,20000,2
pairs,css,uniform,X,5,0.0037279811110264302,0.29055623244354517,1.5707963267948966,1.0,20.0,20000,2000,2000,20000,15
pairs,css,uniform,X,5,0.004166567124088363,0.29055623244354517,1.5707963267948966,1.0,20.0,20000,2000,2000,20000,34
pairs,css,uniform,X,5,0.004605153137150295,0.29055623244354517,1.5707963267948966,1.0,20.0,20000,2000,2000,20000,66
pairs,css,uniform,X,5,0.005043739150212229,0.29055623244354517,1.5707963267948966,1.0,20.0,20000,2000,2000,20000,175
pairs,css,uniform,X,5,0.005482325163274162,0.29055623244354517,1.5707963267948966,1.0,20.0,20000,2000,2000,20000,308
pairs,css,uniform,X,5,0.005920911176336095,0.29055623244354517,1.5707963267948966,1.0,20.0,20000,2000,2000,20000,528
pairs,css,uniform,Z,3,0.013604025259369785,0.0,1.4509907229424142,1.0,20.0,20000,2000,2000,20000,1
pairs,css,uniform,Z,3,0.016627141983674185,0.0,1.4509907229424142,1.0,20.0,20000,2000,2000,20000,1
pairs,css,uniform,Z,3,0.01965025870797858,0.0,1.4509907229424142,1.0,20.0,20000,2000,2000,20000,4
pairs,css,uniform,Z,3,0.022673375432282972,0.0,1.4509907229424142,1.0,20.0,20000,2000,2000,20000,11
pairs,css,uniform,Z,3,0.025696492156587373,0.0,1.4509907229424142,1.0,20.0,20000,2000,2000,20000,33
pairs,css,uniform,Z,3,0.02871960888089177,0.0,1.4509907229424142,1.0,20.0,20000,2000,2000,20000,37
pairs,css,uniform,Z,3,0.03174272560519616,0.0,1.4509907229424142,1.0,20.0,20000,2000,2000,20000,72
pairs,css,uniform,Z,3,0.034765842329500564,0.0,1.4509907229424142,1.0,20.0,20000,2000,2000,20000,127
pairs,css,uniform,Z,3,0.037788959053804964,0.0,1.4509907229424142,1.0,20.0,20000,2000,2000,20000,175
pairs,css,uniform,Z,3,0.04081207577810936,0.0,1.4509907229424142,1.0,20.0,20000,2000,2000,20000,247
pairs,css,uniform,Z,5,0.013604025259369785,0.0,1.4509907229424142,1.0,20.0,20000,2000,2000,20000,0
pairs,css,uniform,Z,5,0.016627141983674185,0.0,1.4509907229424142,1.0,20.0,20000,2000,2000,20000,0
pairs,css,uniform,Z,5,0.01965025870797858,0.0,1.4509907229424142,1.0,20.0,20000,2000,2000,20000,0
pairs,css,uniform,Z,5,0.022673375432282972,0.0,1.4509907229424142,1.0,20.0,20000,2000,2000,20000,0
pairs,css,uniform,Z,5,0.025696492156587373,0.0,1.4509907229424142,1.0,20.0,20000,2000,2000,20000,3
pairs,css,uniform,Z,5,0.02871960888089177,0.0,1.4509907229424142,1.0,20.0,20000,2000,2000,20000,19
pairs,css,uniform,Z,5,0.03174272560519616,0.0,1.4509907229424142,1.0,20.0,20000,2000,2000,20000,40
pairs,css,uniform,Z,5,0.034765842329500564,0.0,1.4509907229424142,1.0,20.0,20000,2000,2000,20000,111
pairs,css,uniform,Z,5,0.037788959053804964,0.0,1.4509907229424142,1.0,20.0,20000,2000,2000,20000,215
pairs,css,uniform,Z,5,0.04081207577810936,0.0,1.4509907229424142,1.0,20.0,20000,2000,2000,20000,352
pairs,css,uniform,X,3,0.002176644041499166,0.0,1.4509907229424142,1.0,20.0,20000,2000,2000,20000,0
pairs,css,uniform,X,3,0.0026603427173878696,0.0,1.4509907229424142,1.0,20.0,20000,2000,2000,20000,4
pairs,css,uniform,X,3,0.003144041393276573,0.0,1.4509907229424142,1.0,20.0,20000,2000,2000,20000,10
pairs,css,uniform,X,3,0.003627740069165276,0.0,1.4509907229424142,1.0,20.0,20000,2000,2000,20000,16
pairs,css,uniform,X,3,0.00411143874505398,0.0,1.4509907229424142,1.0,20.0,20000,2000,2000,20000,26
pairs,css,uniform,X,3,0.0045951374209426835,0.0,1.4509907229424142,1.0,20.0,20000,2000,2000,20000,52
pairs,css,uniform,X,3,0.005078836096831386,0.0,1.4509907229424142,1.0,20.0,20000,2000,2000,20000,106
pairs,css,uniform,X,3,0.00556253477272009,0.0,1.4509907229424142,1.0,20.0,20000,2000,2000,20000,177
pairs,css,uniform,X,3,0.006046233448608794,0.0,1.4509907229424142,1.0,20.0,20000,2000,2000,20000,242
pairs,css,uniform,X,3,0.006529932124497498,0.0,1.4509907229424142,1.0,20.0,20000,2000,2000,20000,408
pairs,css,uniform,X,5,0.002176644041499166,0.0,1.4509907229424142,1.0,20.0,20000,2000,2000,20000,0
pairs,css,uniform,X,5,0.0026603427173878696,0.0,1.4509907229424142,1.0,20.0,20000,2000,2000,20000,0
pairs,css,uniform,X,5,0.003144041393276573,0.0,1.4509907229424142,1.0,20.0,20000,2000,2000,20000,1
pairs,css,uniform,X,5,0.003627740069165276,0.0,1.4509907229424142,1.0,20.0,20000,2000,2000,20000,4
pairs,css,uniform,X,5,0.00411143874505398,0.0,1.4509907229424142,1.0,20.0,20000,2000,2000,20000,20
pairs,css,uniform,X,5,0.0045951374209426835,0.0,1.4509907229424142,1.0,20.0,20000,2000,2000,20000,37
pairs,css,uniform,X,5,0.005078836096831386,0.0,1.4509907229424142,1.0,20.0,20000,2000,2000,20000,77
pairs,css,uniform,X,5,0.00556253477272009,0.0,1.4509907229424142,1.0,20.0,20000,2000,2000,20000,186
pairs,css,uniform,X,5,0.006046233448608794,0.0,1.4509907229424142,1.0,20.0,20000,2000,2000,20000,348
pairs,css,uniform,X,5,0.006529932124497498,0.0,1.4509907229424142,1.0,20.0,20000,2000,2000,20000,620
pairs,css,uniform,Z,3,0.01362159529945956,0.13008194090628575,1.5707963267948966,1.0,20.0,20000,2000,2000,20000,1
pairs,css,uniform,Z,3,0.01664861647711724,0.13008194090628575,1.5707963267948966,1.0,20.0,20000,2000,2000,20000,5
pairs,css,uniform,Z,3,0.019675637654774918,0.13008194090628575,1.5707963267948966,1.0,20.0,20000,2000,2000,20000,3
pairs,css,uniform,Z,3,0.022702658832432596,0.13008194090628575,1.5707963267948966,1.0,20.0,20000,2000,2000,20000,17
pairs,css,uniform,Z,3,0.025729680010090277,0.13008194090628575,1.5707963267948966,1.0,20.0,20000,2000,2000,20000,39
pairs,css,uniform,Z,3,0.02875670118774796,0.13008194090628575,1.5707963267948966,1.0,20.0,20000,2000,2000,20000,67
pairs,css,uniform,Z,3,0.03178372236540563,0.13008194090628575,1.5707963267948966,1.0,20.0,20000,2000,2000,20000,104
pairs,css,uniform,Z,3,0.034810743543063315,0.13008194090628575,1.5707963267948966,1.0,20.0,20000,2000,2000,20000,163
pairs,css,uniform,Z,3,0.037837764720721,0.13008194090628575,1.5707963267948966,1.0,20.0,20000,2000,2000,20000,238
pairs,css,uniform,Z,3,0.04086478589837868,0.13008194090628575,1.5707963267948966,1.0,20.0,20000,2000,2000,20000,320
pairs,css,uniform,Z,5,0.01362159529945956,0.13008194090628575,1.5707963267948966,1.0,20.0,20000,2000,2000,20000,0
pairs,css,uniform,Z,5,0.01664861647711724,0.13008194090628575,1.5707963267948966,1.0,20.0,20000,2000,2000,20000,1
pairs,css,uniform,Z,5,0.019675637654774918,0.13008194090628575,1.5707963267948966,1.0,20.0,20000,2000,2000,20000,0
pairs,css,uniform,Z,5,0.022702658832432596,0.13008194090628575,1.5707963267948966,1.0,20.0,20000,2000,2000,20000,1
pairs,css,uniform,Z,5,0.025729680010090277,0.13008194090628575,1.5707963267948966,1.0,20.0,20000,2000,2000,20000,8
pairs,css,uniform,Z,5,0.02875670118774796,0.13008194090628575,1.5707963267948966,1.0,20.0,20000,2000,2000,20000,20
pairs,css,uniform,Z,5,0.03178372236540563,0.13008194090628575,1.5707963267948966,1.0,20.0,20000,2000,2000,20000,69
pairs,css,uniform,Z,5,0.034810743543063315,0.13008194090628575,1.5707963267948966,1.0,20.0,20000,2000,2000,20000,142
pairs,css,uniform,Z,5,0.037837764720721,0.13008194090628575,1.5707963267948966,1.0,20.0,20000,2000,2000,20000,285
pairs,css,uniform,Z,5,0.04086478589837868,0.13008194090628575,1.5707963267948966,1.0,20.0,20000,2000,2000,20000,473
pairs,css,uniform,X,3,0.0021794552479135294,0.13008194090628575,1.5707963267948966,1.0,20.0,20000,2000,2000,20000,0
pairs,css,uniform,X,3,0.0026637786363387585,0.13008194090628575,1.5707963267948966,1.0,20.0,20000,2000,2000,20000,1
pairs,css,uniform,X,3,0.0031481020247639867,0.13008194090628575,1.5707963267948966,1.0,20.0,20000,2000,2000,20000,3
pairs,css,uniform,X,3,0.0036324254131892154,0.13008194090628575,1.5707963267948966,1.0,20.0,20000,2000,2000,20000,15
pairs,css,uniform,X,3,0.004116748801614444,0.13008194090628575,1.5707963267948966,1.0,20.0,20000,2000,2000,20000,24
pairs,css,uniform,X,3,0.0046010721900396736,0.13008194090628575,1.5707963267948966,1.0,20.0,20000,2000,2000,20000,50
pairs,css,uniform,X,3,0.005085395578464901,0.13008194090628575,1.5707963267948966,1.0,20.0,20000,2000,2000,20000,88
pairs,css,uniform,X,3,0.00556971896689013,0.13008194090628575,1.5707963267948966,1.0,20.0,20000,2000,2000,20000,163
pairs,css,uniform,X,3,0.0060540423553153595,0.13008194090628575,1.5707963267948966,1.0,20.0,20000,2000,2000,20000,218
pairs,css,uniform,X,3,0.006538365743740588,0.13008194090628575,1.5707963267948966,1.0,20.0,20000,2000,2000,20000,330
pairs,css,uniform,X,5,0.0021794552479135294,0.13008194090628575,1.5707963267948966,1.0,20.0,20000,2000,2000,20000,0
pairs,css,uniform,X,5,0.0026637786363387585,0.13008194090628575,1.5707963267948966,1.0,20.0,20000,2000,2000,20000,0
pairs,css,uniform,X,5,0.0031481020247639867,0.13008194090628575,1.5707963267948966,1.0,20.0,20000,2000,2000,20000,2
pairs,css,uniform,X,5,0.0036324254131892154,0.13008194090628575,1.5707963267948966,1.0,20.0,20000,2000,2000,20000,3
pairs,css,uniform,X,5,0.004116748801614444,0.13008194090628575,1.5707963267948966,1.0,20.0,20000,2000,2000,20000,11
pairs,css,uniform,X,5,0.0046010721900396736,0.13008194090628575,1.5707963267948966,1.0,20.0,20000,2000,2000,20000,24
pairs,css,uniform,X,5,0.005085395578464901,0.13008194090628575,1.5707963267948966,1.0,20.0,20000,2000,2000,20000,67
pairs,css,uniform,X,5,0.00556971896689013,0.13008194090628575,1.5707963267948966,1.0,20.0,20000,2000,2000,20000,144
pairs,css,uniform,X,5,0.0060540423553153595,0.13008194090628575,1.5707963267948966,1.0,20.0,20000,2000,2000,20000,300
pairs,css,uniform,X,5,0.006538365743740588,0.13008194090628575,1.5707963267948966,1.0,20.0,20000,2000,2000,20000,569
pairs,css,uniform,Z,3,0.037987059633750014,0.0,1.5707963267948966,1.0,20.0,20000,2000,2000,20000,0
pairs,css,uniform,Z,3,0.04642862844125002,0.0,1.5707963267948966,1.0,20.0,20000,2000,2000,20000,0
pairs,css,uniform,Z,3,0.05487019724875002,0.0,1.5707963267948966,1.0,20.0,20000,2000,2000,20000,1
pairs,css,uniform,Z,3,0.06331176605625002,0.0,1.5707963267948966,1.0,20.0,20000,2000,2000,20000,3
pairs,css,uniform,Z,3,0.07175333486375003,0.0,1.5707963267948966,1.0,20.0,20000,2000,2000,20000,3
pairs,css,uniform,Z,3,0.08019490367125003,0.0,1.5707963267948966,1.0,20.0,20000,2000,2000,20000,7
pairs,css,uniform,Z,3,0.08863647247875002,0.0,1.5707963267948966,1.0,20.0,20000,2000,2000,20000,13
pairs,css,uniform,Z,3,0.09707804128625001,0.0,1.5707963267948966,1.0,20.0,20000,2000,2000,20000,27
pairs,css,uniform,Z,3,0.10551961009375002,0.0,1.5707963267948966,1.0,20.0,20000,2000,2000,20000,66
pairs,css,uniform,Z,3,0.11396117890125002,0.0,1.5707963267948966,1.0,20.0,20000,2000,2000,20000,82
pairs,css,uniform,Z,5,0.037987059633750014,0.0,1.5707963267948966,1.0,20.0,20000,2000,2000,20000,0
pairs,css,uniform,Z,5,0.04642862844125002,0.0,1.5707963267948966,1.0,20.0,20000,2000,2000,20000,0
pairs,css,uniform,Z,5,0.05487019724875002,0.0,1.5707963267948966,1.0,20.0,20000,2000,2000,20000,0
pairs,css,uniform,Z,5,0.06331176605625002,0.0,1.5707963267948966,1.0,20.0,20000,2000,2000,20000,0
pairs,css,uniform,Z,5,0.07175333486375003,0.0,1.5707963267948966,1.0,20.0,20000,2000,2000,20000,2
pairs,css,uniform,Z,5,0.08019490367125003,0.0,1.5707963267948966,1.0,20.0,20000,2000,2000,20000,1
pairs,css,uniform,Z,5,0.08863647247875002,0.0,1.5707963267948966,1.0,20.0,20000,2000,2000,20000,3
pairs,css,uniform,Z,5,0.09707804128625001,0.0,1.5707963267948966,1.0,20.0,20000,2000,2000,20000,11
pairs,css,uniform,Z,5,0.10551961009375002,0.0,1.5707963267948966,1.0,20.0,20000,2000,2000,20000,24
pairs,css,uniform,Z,5,0.11396117890125002,0.0,1.5707963267948966,1.0,20.0,20000,2000,2000,20000,54
pairs,css,uniform,X,3,0.002431171816560001,0.0,1.5707963267948966,1.0,20.0,20000,2000,2000,20000,3
pairs,css,uniform,X,3,0.002971432220240001,0.0,1.5707963267948966,1.0,20.0,20000,2000,2000,20000,0
pairs,css,uniform,X,3,0.003511692623920001,0.0,1.5707963267948966,1.0,20.0,20000,2000,2000,20000,5
pairs,css,uniform,X,3,0.004051953027600001,0.0,1.5707963267948966,1.0,20.0,20000,2000,2000,20000,16
pairs,css,uniform,X,3,0.004592213431280002,0.0,1.5707963267948966,1.0,20.0,20000,2000,2000,20000,22
pairs,css,uniform,X,3,0.0051324738349600016,0.0,1.5707963267948966,1.0,20.0,20000,2000,2000,20000,57
pairs,css,uniform,X,3,0.0056727342386400014,0.0,1.5707963267948966,1.0,20.0,20000,2000,2000,20000,101
pairs,css,uniform,X,3,0.006212994642320001,0.0,1.5707963267948966,1.0,20.0,20000,2000,2000,20000,154
pairs,css,uniform,X,3,0.006753255046000002,0.0,1.5707963267948966,1.0,20.0,20000,2000,2000,20000,235
pairs,css,uniform,X,3,0.007293515449680002,0.0,1.5707963267948966,1.0,20.0,20000,2000,2000,20000,360
pairs,css,uniform,X,5,0.002431171816560001,0.0,1.5707963267948966,1.0,20.0,20000,2000,2000,20000,0
pairs,css,uniform,X,5,0.002971432220240001,0.0,1.5707963267948966,1.0,20.0,20000,2000,2000,20000,0
pairs,css,uniform,X,5,0.003511692623920001,0.0,1.5707963267948966,1.0,20.0,20000,2000,2000,20000,1
pairs,css,uniform,X,5,0.004051953027600001,0.0,1.5707963267948966,1.0,20.0,20000,2000,2000,20000,2
pairs,css,uniform,X,5,0.004592213431280002,0.0,1.5707963267948966,1.0,20.0,20000,2000,2000,20000,15
pairs,css,uniform,X,5,0.0051324738349600016,0.0,1.5707963267948966,1.0,20.0,20000,2000,2000,20000,26
pairs,css,uniform,X,5,0.0056727342386400014,0.0,1.5707963267948966,1.0,20.0,20000,2000,2000,20000,81
pairs,css,uniform,X,5,0.006212994642320001,0.0,1.5707963267948966,1.0,20.0,20000,2000,2000,20000,155
pairs,css,uniform,X,5,0.006753255046000002,0.0,1.5707963267948966,1.0,20.0,20000,2000,2000,20000,257
pairs,css,uniform,X,5,0.007293515449680002,0.0,1.5707963267948966,1.0,20.0,20000,2000,2000,20000,530
pairs,css,uniform,Z,3,0.016259423090236848,0.0,0.0,0.01,20.0,20000,2000,2000,20000,0
pairs,css,uniform,Z,3,0.032518846180473696,0.0,0.0,0.01,20.0,20000,2000,2000,20000,0
pairs,css,uniform,Z,3,0.04877826927071054,0.0,0.0,0.01,20.0,20000,2000,2000,20000,0
pairs,css,uniform,Z,3,0.06503769236094739,0.0,0.0,0.01,20.0,20000,2000,2000,20000,0
pairs,css,uniform,Z,3,0.08129711545118423,0.0,0.0,0.01,20.0,20000,2000,2000,20000,0
pairs,css,uniform,Z,3,0.09755653854142109,0.0,0.0,0.01,20.0,20000,2000,2000,20000,0
pairs,css,uniform,Z,3,0.11381596163165793,0.0,0.0,0.01,20.0,20000,2000,2000,20000,0
pairs,css,uniform,Z,3,0.13007538472189478,0.0,0.0,0.01,20.0,20000,2000,2000,20000,1
pairs,css,uniform,Z,3,0.14633480781213165,0.0,0.0,0.01,20.0,20000,2000,2000,20000,3
pairs,css,uniform,Z,5,0.016259423090236848,0.0,0.0,0.01,20.0,20000,2000,2000,20000,0
pairs,css,uniform,Z,5,0.032518846180473696,0.0,0.0,0.01,20.0,20000,2000,2000,20000,0
pairs,css,uniform,Z,5,0.04877826927071054,0.0,0.0,0.01,20.0,20000,2000,2000,20000,0
pairs,css,uniform,Z,5,0.06503769236094739,0.0,0.0,0.01,20.0,20000,2000,2000,20000,0
pairs,css,uniform,Z,5,0.08129711545118423,0.0,0.0,0.01,20.0,20000,2000,2000,20000,0
pairs,css,uniform,Z,5,0.09755653854142109,0.0,0.0,0.01,20.0,20000,2000,2000,20000,0
pairs,css,uniform,Z,5,0.11381596163165793,0.0,0.0,0.01,20.0,20000,2000,2000,20000,0
pairs,css,uniform,Z,5,0.13007538472189478,0.0,0.0,0.01,20.0,20000,2000,2000,20000,0
pairs,css,uniform,Z,5,0.14633480781213165,0.0,0.0,0.01,20.0,20000,2000,2000,20000,0
pairs,css,uniform,X,3,0.0026015076944378955,0.0,0.0,0.01,20.0,20000,2000,2000,20000,0
pairs,css,uniform,X,3,0.005203015388875791,0.0,0.0,0.01,20.0,20000,2000,2000,20000,1
pairs,css,uniform,X,3,0.007804523083313687,0.0,0.0,0.01,20.0,20000,2000,2000,20000,6
pairs,css,uniform,X,3,0.010406030777751582,0.0,0.0,0.01,20.0,20000,2000,2000,20000,29
pairs,css,uniform,X,3,0.01300753847218948,0.0,0.0,0.01,20.0,20000,2000,2000,20000,91
pairs,css,uniform,X,3,0.015609046166627375,0.0,0.0,0.01,20.0,20000,2000,2000,20000,226
pairs,css,uniform,X,3,0.01821055386106527,0.0,0.0,0.01,20.0,20000,2000,2000,20000,497
pairs,css,uniform,X,3,0.020812061555503164,0.0,0.0,0.01,20.0,20000,2000,2000,20000,898
pairs,css,uniform,X,3,0.023413569249941063,0.0,0.0,0.01,20.0,20000,2000,2000,20000,1428
pairs,css,uniform,X,5,0.0026015076944378955,0.0,0.0,0.01,20.0,20000,2000,2000,20000,0
pairs,css,uniform,X,5,0.005203015388875791,0.0,0.0,0.01,20.0,20000,2000,2000,20000,0
pairs,css,uniform,X,5,0.007804523083313687,0.0,0.0,0.01,20.0,20000,2000,2000,20000,1
pairs,css,uniform,X,5,0.010406030777751582,0.0,0.0,0.01,20.0,20000,2000,2000,20000,15
pairs,css,uniform,X,5,0.01300753847218948,0.0,0.0,0.01,20.0,20000,2000,2000,20000,75
pairs,css,uniform,X,5,0.015609046166627375,0.0,0.0,0.01,20.0,20000,2000,2000,20000,380
pairs,css,uniform,X,5,0.01821055386106527,0.0,0.0,0.01,20.0,20000,2000,2000,20000,1083
pairs,css,uniform,X,5,0.020812061555503164,0.0,0.0,0.01,20.0,20000,2000,2000,18000,2074
pairs,css,uniform,X,5,0.023413569249941063,0.0,0.0,0.01,20.0,20000,2000,2000,12000,2376
pairs,css,uniform,Z,3,0.006503769236094739,0.0,0.0,0.03162277660168379,20.0,20000,2000,2000,20000,0
pairs,css,uniform,Z,3,0.013007538472189478,0.0,0.0,0.03162277660168379,20.0,20000,2000,2000,20000,0
pairs,css,uniform,Z,3,0.019511307708284218,0.0,0.0,0.03162277660168379,20.0,20000,2000,2000,20000,0
pairs,css,uniform,Z,3,0.026015076944378955,0.0,0.0,0.03162277660168379,20.0,20000,2000,2000,20000,0
pairs,css,uniform,Z,3,0.032518846180473696,0.0,0.0,0.03162277660168379,20.0,20000,2000,2000,20000,0
pairs,css,uniform,Z,3,0.039022615416568436,0.0,0.0,0.03162277660168379,20.0,20000,2000,2000,20000,0
pairs,css,uniform,Z,3,0.04552638465266317,0.0,0.0,0.03162277660168379,20.0,20000,2000,2000,20000,3
pairs,css,uniform,Z,3,0.05203015388875791,0.0,0.0,0.03162277660168379,20.0,20000,2000,2000,20000,1
pairs,css,uniform,Z,3,0.05853392312485266,0.0,0.0,0.03162277660168379,20.0,20000,2000,2000,20000,9
pairs,css,uniform,Z,5,0.006503769236094739,0.0,0.0,0.03162277660168379,20.0,20000,2000,2000,20000,0
pairs,css,uniform,Z,5,0.013007538472189478,0.0,0.0,0.03162277660168379,20.0,20000,2000,2000,20000,0
pairs,css,uniform,Z,5,0.019511307708284218,0.0,0.0,0.03162277660168379,20.0,20000,2000,2000,20000,0
pairs,css,uniform,Z,5,0.026015076944378955,0.0,0.0,0.03162277660168379,20.0,20000,2000,2000,20000,0
pairs,css,uniform,Z,5,0.032518846180473696,0.0,0.0,0.03162277660168379,20.0,20000,2000,2000,20000,0
pairs,css,uniform,Z,5,0.039022615416568436,0.0,0.0,0.03162277660168379,20.0,20000,2000,2000,20000,0
pairs,css,uniform,Z,5,0.04552638465266317,0.0,0.0,0.03162277660168379,20.0,20000,2000,2000,20000,0
pairs,css,uniform,Z,5,0.05203015388875791,0.0,0.0,0.03162277660168379,20.0,20000,2000,2000,20000,1
pairs,css,uniform,Z,5,0.05853392312485266,0.0,0.0,0.03162277660168379,20.0,20000,2000,2000,20000,1
pairs,css,uniform,X,3,0.0026015076944378955,0.0,0.0,0.03162277660168379,20.0,20000,2000,2000,20000,0
pairs,css,uniform,X,3,0.005203015388875791,0.0,0.0,0.03162277660168379,20.0,20000,2000,2000,20000,0
pairs,css,uniform,X,3,0.007804523083313687,0.0,0.0,0.03162277660168379,20.0,20000,2000,2000,20000,10
pairs,css,uniform,X,3,0.010406030777751582,0.0,0.0,0.03162277660168379,20.0,20000,2000,2000,20000,41
pairs,css,uniform,X,3,0.01300753847218948,0.0,0.0,0.03162277660168379,20.0,20000,2000,2000,20000,145
pairs,css,uniform,X,3,0.015609046166627375,0.0,0.0,0.03162277660168379,20.0,20000,2000,2000,20000,373
pairs,css,uniform,X,3,0.01821055386106527,0.0,0.0,0.03162277660168379,20.0,20000,2000,2000,20000,734
pairs,css,uniform,X,3,0.020812061555503164,0.0,0.0,0.03162277660168379,20.0,20000,2000,2000,20000,1207
pairs,css,uniform,X,3,0.023413569249941063,0.0,0.0,0.03162277660168379,20.0,20000,2000,2000,20000,1738
pairs,css,uniform,X,5,0.0026015076944378955,0.0,0.0,0.03162277660168379,20.0,20000,2000,2000,20000,0
pairs,css,uniform,X,5,0.005203015388875791,0.0,0.0,0.03162277660168379,20.0,20000,2000,2000,20000,0
pairs,css,uniform,X,5,0.007804523083313687,0.0,0.0,0.03162277660168379,20.0,20000,2000,2000,20000,0
pairs,css,uniform,X,5,0.010406030777751582,0.0,0.0,0.03162277660168379,20.0,20000,2000,2000,20000,18
pairs,css,uniform,X,5,0.01300753847218948,0.0,0.0,0.03162277660168379,20.0,20000,2000,2000,20000,149
pairs,css,uniform,X,5,0.015609046166627375,0.0,0.0,0.03162277660168379,20.0,20000,2000,2000,20000,677
pairs,css,uniform,X,5,0.01821055386106527,0.0,0.0,0.03162277660168379,20.0,20000,2000,2000,20000,1712
pairs,css,uniform,X,5,0.020812061555503164,0.0,0.0,0.03162277660168379,20.0,20000,2000,2000,14000,2299
pairs,css,uniform,X,5,0.023413569249941063,0.0,0.0,0.03162277660168379,20.0,20000,2000,2000,10000,2473
pairs,css,uniform,Z,3,0.006503769236094739,0.0,0.0,0.1,20.0,20000,2000,2000,20000,0
pairs,css,uniform,Z,3,0.013007538472189478,0.0,0.0,0.1,20.0,20000,2000,2000,20000,0
pairs,css,uniform,Z,3,0.019511307708284218,0.0,0.0,0.1,20.0,20000,2000,2000,20000,11
pairs,css,uniform,Z,3,0.026015076944378955,0.0,0.0,0.1,20.0,20000,2000,2000,20000,43
pairs,css,uniform,Z,3,0.032518846180473696,0.0,0.0,0.1,20.0,20000,2000,2000,20000,133
pairs,css,uniform,Z,3,0.039022615416568436,0.0,0.0,0.1,20.0,20000,2000,2000,20000,354
pairs,css,uniform,Z,3,0.04552638465266317,0.0,0.0,0.1,20.0,20000,2000,2000,20000,695
pairs,css,uniform,Z,3,0.05203015388875791,0.0,0.0,0.1,20.0,20000,2000,2000,20000,1185
pairs,css,uniform,Z,3,0.05853392312485266,0.0,0.0,0.1,20.0,20000,2000,2000,20000,1901
pairs,css,uniform,Z,5,0.006503769236094739,0.0,0.0,0.1,20.0,20000,2000,2000,20000,0
pairs,css,uniform,Z,5,0.013007538472189478,0.0,0.0,0.1,20.0,20000,2000,2000,20000,0
pairs,css,uniform,Z,5,0.019511307708284218,0.0,0.0,0.1,20.0,20000,2000,2000,20000,0
pairs,css,uniform,Z,5,0.026015076944378955,0.0,0.0,0.1,20.0,20000,2000,2000,20000,14
pairs,css,uniform,Z,5,0.032518846180473696,0.0,0.0,0.1,20.0,20000,2000,2000,20000,132
pairs,css,uniform,Z,5,0.039022615416568436,0.0,0.0,0.1,20.0,20000,2000,2000,20000,531
pairs,css,uniform,Z,5,0.04552638465266317,0.0,0.0,0.1,20.0,20000,2000,2000,20000,1530
pairs,css,uniform,Z,5,0.05203015388875791,0.0,0.0,0.1,20.0,20000,2000,2000,14000,2015
pairs,css,uniform,Z,5,0.05853392312485266,0.0,0.0,0.1,20.0,20000,2000,2000,10000,2417
pairs,css,uniform,X,3,0.0026015076944378955,0.0,0.0,0.1,20.0,20000,2000,2000,20000,0
pairs,css,uniform,X,3,0.005203015388875791,0.0,0.0,0.1,20.0,20000,2000,2000,20000,3
pairs,css,uniform,X,3,0.007804523083313687,0.0,0.0,0.1,20.0,20000,2000,2000,20000,19
pairs,css,uniform,X,3,0.010406030777751582,0.0,0.0,0.1,20.0,20000,2000,2000,20000,119
pairs,css,uniform,X,3,0.01300753847218948,0.0,0.0,0.1,20.0,20000,2000,2000,20000,364
pairs,css,uniform,X,3,0.015609046166627375,0.0,0.0,0.1,20.0,20000,2000,2000,20000,748
pairs,css,uniform,X,3,0.01821055386106527,0.0,0.0,0.1,20.0,20000,2000,2000,20000,1606
pairs,css,uniform,X,3,0.020812061555503164,0.0,0.0,0.1,20.0,20000,2000,2000,18000,2181
pairs,css,uniform,X,3,0.023413569249941063,0.0,0.0,0.1,20.0,20000,2000,2000,14000,2318
pairs,css,uniform,X,5,0.0026015076944378955,0.0,0.0,0.1,20.0,20000,2000,2000,20000,0
pairs,css,uniform,X,5,0.005203015388875791,0.0,0.0,0.1,20.0,20000,2000,2000,20000,1
pairs,css,uniform,X,5,0.007804523083313687,0.0,0.0,0.1,20.0,20000,2000,2000,20000,9
pairs,css,uniform,X,5,0.010406030777751582,0.0,0.0,0.1,20.0,20000,2000,2000,20000,106
pairs,css,uniform,X,5,0.01300753847218948,0.0,0.0,0.1,20.0,20000,2000,2000,20000,639
pairs,css,uniform,X,5,0.015609046166627375,0.0,0.0,0.1,20.0,20000,2000,2000,20000,2067
pairs,css,uniform,X,5,0.01821055386106527,0.0,0.0,0.1,20.0,20000,2000,2000,10000,2048
pairs,css,uniform,X,5,0.020812061555503164,0.0,0.0,0.1,20.0,20000,2000,2000,8000,2461
pairs,css,uniform,X,5,0.023413569249941063,0.0,0.0,0.1,20.0,20000,2000,2000,6000,2308
pairs,css,uniform,Z,3,0.0026015076944378955,0.0,0.0,0.31622776601683794,20.0,20000,2000,2000,20000,0
pairs,css,uniform,Z,3,0.005203015388875791,0.0,0.0,0.31622776601683794,20.0,20000,2000,2000,20000,1
pairs,css,uniform,Z,3,0.007804523083313687,0.0,0.0,0.31622776601683794,20.0,20000,2000,2000,20000,8
pairs,css,uniform,Z,3,0.010406030777751582,0.0,0.0,0.31622776601683794,20.0,20000,2000,2000,20000,64
pairs,css,uniform,Z,3,0.01300753847218948,0.0,0.0,0.31622776601683794,20.0,20000,2000,2000,20000,187
pairs,css,uniform,Z,3,0.015609046166627375,0.0,0.0,0.31622776601683794,20.0,20000,2000,2000,20000,438
pairs,css,uniform,Z,3,0.01821055386106527,0.0,0.0,0.31622776601683794,20.0,20000,2000,2000,20000,856
pairs,css,uniform,Z,3,0.020812061555503164,0.0,0.0,0.31622776601683794,20.0,20000,2000,2000,20000,1498
pairs,css,uniform,Z,3,0.023413569249941063,0.0,0.0,0.31622776601683794,20.0,20000,2000,2000,18000,2059
pairs,css,uniform,Z,5,0.0026015076944378955,0.0,0.0,0.31622776601683794,20.0,20000,2000,2000,20000,0
pairs,css,uniform,Z,5,0.005203015388875791,0.0,0.0,0.31622776601683794,20.0,20000,2000,2000,20000,0
pairs,css,uniform,Z,5,0.007804523083313687,0.0,0.0,0.31622776601683794,20.0,20000,2000,2000,20000,1
pairs,css,uniform,Z,5,0.010406030777751582,0.0,0.0,0.31622776601683794,20.0,20000,2000,2000,20000,29
pairs,css,uniform,Z,5,0.01300753847218948,0.0,0.0,0.31622776601683794,20.0,20000,2000,2000,20000,171
pairs,css,uniform,Z,5,0.015609046166627375,0.0,0.0,0.31622776601683794,20.0,20000,2000,2000,20000,771
pairs,css,uniform,Z,5,0.01821055386106527,0.0,0.0,0.31622776601683794,20.0,20000,2000,2000,20000,1946
pairs,css,uniform,Z,5,0.020812061555503164,0.0,0.0,0.31622776601683794,20.0,20000,2000,2000,12000,2310
pairs,css,uniform,Z,5,0.023413569249941063,0.0,0.0,0.31622776601683794,20.0,20000,2000,2000,8000,2243
pairs,css,uniform,X,3,0.0010406030777751582,0.0,0.0,0.31622776601683794,20.0,20000,2000,2000,20000,0
pairs,css,uniform,X,3,0.0020812061555503165,0.0,0.0,0.31622776601683794,20.0,20000,2000,2000,20000,0
pairs,css,uniform,X,3,0.003121809233325475,0.0,0.0,0.31622776601683794,20.0,20000,2000,2000,20000,1
pairs,css,uniform,X,3,0.004162412311100633,0.0,0.0,0.31622776601683794,20.0,20000,2000,2000,20000,8
pairs,css,uniform,X,3,0.005203015388875792,0.0,0.0,0.31622776601683794,20.0,20000,2000,2000,20000,15
pairs,css,uniform,X,3,0.00624361846665095,0.0,0.0,0.31622776601683794,20.0,20000,2000,2000,20000,57
pairs,css,uniform,X,3,0.007284221544426107,0.0,0.0,0.31622776601683794,20.0,20000,2000,2000,20000,118
pairs,css,uniform,X,3,0.008324824622201266,0.0,0.0,0.31622776601683794,20.0,20000,2000,2000,20000,246
pairs,css,uniform,X,3,0.009365427699976425,0.0,0.0,0.31622776601683794,20.0,20000,2000,2000,20000,439
pairs,css,uniform,X,5,0.0010406030777751582,0.0,0.0,0.31622776601683794,20.0,20000,2000,2000,20000,0
pairs,css,uniform,X,5,0.0020812061555503165,0.0,0.0,0.31622776601683794,20.0,20000,2000,2000,20000,0
pairs,css,uniform,X,5,0.003121809233325475,0.0,0.0,0.31622776601683794,20.0,20000,2000,2000,20000,0
pairs,css,uniform,X,5,0.004162412311100633,0.0,0.0,0.31622776601683794,20.0,20000,2000,2000,20000,0
pairs,css,uniform,X,5,0.005203015388875792,0.0,0.0,0.31622776601683794,20.0,20000,2000,2000,20000,4
pairs,css,uniform,X,5,0.00624361846665095,0.0,0.0,0.31622776601683794,20.0,20000,2000,2000,20000,35
pairs,css,uniform,X,5,0.007284221544426107,0.0,0.0,0.31622776601683794,20.0,20000,2000,2000,20000,124
pairs,css,uniform,X,5,0.008324824622201266,0.0,0.0,0.31622776601683794,20.0,20000,2000,2000,20000,341
pairs,css,uniform,X,5,0.009365427699976425,0.0,0.0,0.31622776601683794,20.0,20000,2000,2000,20000,784
pairs,css,uniform,Z,3,0.0010406030777751582,0.0,0.0,1.0,20.0,20000,2000,2000,20000,0
pairs,css,uniform,Z,3,0.0020812061555503165,0.0,0.0,1.0,20.0,20000,2000,2000,20000,1
pairs,css,uniform,Z,3,0.003121809233325475,0.0,0.0,1.0,20.0,20000,2000,2000,20000,5
pairs,css,uniform,Z,3,0.004162412311100633,0.0,0.0,1.0,20.0,20000,2000,2000,20000,30
pairs,css,uniform,Z,3,0.005203015388875792,0.0,0.0,1.0,20.0,20000,2000,2000,20000,66
pairs,css,uniform,Z,3,0.00624361846665095,0.0,0.0,1.0,20.0,20000,2000,2000,20000,189
pairs,css,uniform,Z,3,0.007284221544426107,0.0,0.0,1.0,20.0,20000,2000,2000,20000,363
pairs,css,uniform,Z,3,0.008324824622201266,0.0,0.0,1.0,20.0,20000,2000,2000,20000,689
pairs,css,uniform,Z,3,0.009365427699976425,0.0,0.0,1.0,20.0,20000,2000,2000,20000,1141
pairs,css,uniform,Z,5,0.0010406030777751582,0.0,0.0,1.0,20.0,20000,2000,2000,20000,0
pairs,css,uniform,Z,5,0.0020812061555503165,0.0,0.0,1.0,20.0,20000,2000,2000,20000,0
pairs,css,uniform,Z,5,0.003121809233325475,0.0,0.0,1.0,20.0,20000,2000,2000,20000,0
pairs,css,uniform,Z,5,0.004162412311100633,0.0,0.0,1.0,20.0,20000,2000,2000,20000,3
pairs,css,uniform,Z,5,0.005203015388875792,0.0,0.0,1.0,20.0,20000,2000,2000,20000,32
pairs,css,uniform,Z,5,0.00624361846665095,0.0,0.0,1.0,20.0,20000,2000,2000,20000,174
pairs,css,uniform,Z,5,0.007284221544426107,0.0,0.0,1.0,20.0,20000,2000,2000,20000,582
pairs,css,uniform,Z,5,0.008324824622201266,0.0,0.0,1.0,20.0,20000,2000,2000,20000,1564
pairs,css,uniform,Z,5,0.009365427699976425,0.0,0.0,1.0,20.0,20000,2000,2000,16000,2179
pairs,css,uniform,X,3,0.0010406030777751582,0.0,0.0,1.0,20.0,20000,2000,2000,20000,0
pairs,css,uniform,X,3,0.0020812061555503165,0.0,0.0,1.0,20.0,20000,2000,2000,20000,0
pairs,css,uniform,X,3,0.003121809233325475,0.0,0.0,1.0,20.0,20000,2000,2000,20000,16
pairs,css,uniform,X,3,0.004162412311100633,0.0,0.0,1.0,20.0,20000,2000,2000,20000,61
pairs,css,uniform,X,3,0.005203015388875792,0.0,0.0,1.0,20.0,20000,2000,2000,20000,174
pairs,css,uniform,X,3,0.00624361846665095,0.0,0.0,1.0,20.0,20000,2000,2000,20000,430
pairs,css,uniform,X,3,0.007284221544426107,0.0,0.0,1.0,20.0,20000,2000,2000,20000,907
pairs,css,uniform,X,3,0.008324824622201266,0.0,0.0,1.0,20.0,20000,2000,2000,20000,1559
pairs,css,uniform,X,3,0.009365427699976425,0.0,0.0,1.0,20.0,20000,2000,2000,18000,2097
pairs,css,uniform,X,5,0.0010406030777751582,0.0,0.0,1.0,20.0,20000,2000,2000,20000,0
pairs,css,uniform,X,5,0.0020812061555503165,0.0,0.0,1.0,20.0,20000,2000,2000,20000,0
pairs,css,uniform,X,5,0.003121809233325475,0.0,0.0,1.0,20.0,20000,2000,2000,20000,2
pairs,css,uniform,X,5,0.004162412311100633,0.0,0.0,1.0,20.0,20000,2000,2000,20000,35
pairs,css,uniform,X,5,0.005203015388875792,0.0,0.0,1.0,20.0,20000,2000,2000,20000,225
pairs,css,uniform,X,5,0.00624361846665095,0.0,0.0,1.0,20.0,20000,2000,2000,20000,824
pairs,css,uniform,X,5,0.007284221544426107,0.0,0.0,1.0,20.0,20000,2000,2000,20000,2157
pairs,css,uniform,X,5,0.008324824622201266,0.0,0.0,1.0,20.0,20000,2000,2000,12000,2238
pairs,css,uniform,X,5,0.009365427699976425,0.0,0.0,1.0,20.0,20000,2000,2000,8000,2270
pairs,css,uniform,Z,3,0.0010406030777751582,0.0,0.0,3.1622776601683795,20.0,20000,2000,2000,20000,0
pairs,css,uniform,Z,3,0.0020812061555503165,0.0,0.0,3.1622776601683795,20.0,20000,2000,2000,20000,3
pairs,css,uniform,Z,3,0.003121809233325475,0.0,0.0,3.1622776601683795,20.0,20000,2000,2000,20000,36
pairs,css,uniform,Z,3,0.004162412311100633,0.0,0.0,3.1622776601683795,20.0,20000,2000,2000,20000,190
pairs,css,uniform,Z,3,0.005203015388875792,0.0,0.0,3.1622776601683795,20.0,20000,2000,2000,20000,554
pairs,css,uniform,Z,3,0.00624361846665095,0.0,0.0,3.1622776601683795,20.0,20000,2000,2000,20000,1203
pairs,css,uniform,Z,3,0.007284221544426107,0.0,0.0,3.1622776601683795,20.0,20000,2000,2000,20000,2148
pairs,css,uniform,Z,3,0.008324824622201266,0.0,0.0,3.1622776601683795,20.0,20000,2000,2000,14000,2282
pairs,css,uniform,Z,3,0.009365427699976425,0.0,0.0,3.1622776601683795,20.0,20000,2000,2000,10000,2235
pairs,css,uniform,Z,5,0.0010406030777751582,0.0,0.0,3.1622776601683795,20.0,20000,2000,2000,20000,0
pairs,css,uniform,Z,5,0.0020812061555503165,0.0,0.0,3.1622776601683795,20.0,20000,2000,2000,20000,1
pairs,css,uniform,Z,5,0.003121809233325475,0.0,0.0,3.1622776601683795,20.0,20000,2000,2000,20000,12
pairs,css,uniform,Z,5,0.004162412311100633,0.0,0.0,3.1622776601683795,20.0,20000,2000,2000,20000,224
pairs,css,uniform,Z,5,0.005203015388875792,0.0,0.0,3.1622776601683795,20.0,20000,2000,2000,20000,1154
pairs,css,uniform,Z,5,0.00624361846665095,0.0,0.0,3.1622776601683795,20.0,20000,2000,2000,14000,2143
pairs,css,uniform,Z,5,0.007284221544426107,0.0,0.0,3.1622776601683795,20.0,20000,2000,2000,8000,2150
pairs,css,uniform,Z,5,0.008324824622201266,0.0,0.0,3.1622776601683795,20.0,20000,2000,2000,6000,2183
pairs,css,uniform,Z,5,0.009365427699976425,0.0,0.0,3.1622776601683795,20.0,20000,2000,2000,6000,2567
pairs,css,uniform,X,3,0.0010406030777751582,0.0,0.0,3.1622776601683795,20.0,20000,2000,2000,20000,0
pairs,css,uniform,X,3,0.0020812061555503165,0.0,0.0,3.1622776601683795,20.0,20000,2000,2000,20000,5
pairs,css,uniform,X,3,0.003121809233325475,0.0,0.0,3.1622776601683795,20.0,20000,2000,2000,20000,68
pairs,css,uniform,X,3,0.004162412311100633,0.0,0.0,3.1622776601683795,20.0,20000,2000,2000,20000,266
pairs,css,uniform,X,3,0.005203015388875792,0.0,0.0,3.1622776601683795,20.0,20000,2000,2000,20000,772
pairs,css,uniform,X,3,0.00624361846665095,0.0,0.0,3.1622776601683795,20.0,20000,2000,2000,20000,1497
pairs,css,uniform,X,3,0.007284221544426107,0.0,0.0,3.1622776601683795,20.0,20000,2000,2000,16000,2072
pairs,css,uniform,X,3,0.008324824622201266,0.0,0.0,3.1622776601683795,20.0,20000,2000,2000,12000,2335
pairs,css,uniform,X,3,0.009365427699976425,0.0,0.0,3.1622776601683795,20.0,20000,2000,2000,8000,2021
pairs,css,uniform,X,5,0.0010406030777751582,0.0,0.0,3.1622776601683795,20.0,20000,2000,2000,20000,0
pairs,css,uniform,X,5,0.0020812061555503165,0.0,0.0,3.1622776601683795,20.0,20000,2000,2000,20000,0
pairs,css,uniform,X,5,0.003121809233325475,0.0,0.0,3.1622776601683795,20.0,20000,2000,2000,20000,25
pairs,css,uniform,X,5,0.004162412311100633,0.0,0.0,3.1622776601683795,20.0,20000,2000,2000,20000,387
pairs,css,uniform,X,5,0.005203015388875792,0.0,0.0,3.1622776601683795,20.0,20000,2000,2000,20000,1632
pairs,css,uniform,X,5,0.00624361846665095,0.0,0.0,3.1622776601683795,20.0,20000,2000,2000,10000,2059
pairs,css,uniform,X,5,0.007284221544426107,0.0,0.0,3.1622776601683795,20.0,20000,2000,2000,8000,2542
pairs,css,uniform,X,5,0.008324824622201266,0.0,0.0,3.1622776601683795,20.0,20000,2000,2000,6000,2488
pairs,css,uniform,X,5,0.009365427699976425,0.0,0.0,3.1622776601683795,20.0,20000,2000,2000,6000,2742
pairs,css,uniform,Z,3,0.0010406030777751582,0.0,0.0,10.0,20.0,20000,2000,2000,20000,0
pairs,css,uniform,Z,3,0.0020812061555503165,0.0,0.0,10.0,20.0,20000,2000,2000,20000,15
pairs,css,uniform,Z,3,0.003121809233325475,0.0,0.0,10.0,20.0,20000,2000,2000,20000,116
pairs,css,uniform,Z,3,0.004162412311100633,0.0,0.0,10.0,20.0,20000,2000,2000,20000,441
pairs,css,uniform,Z,3,0.005203015388875792,0.0,0.0,10.0,20.0,20000,2000,2000,20000,1149
pairs,css,uniform,Z,3,0.00624361846665095,0.0,0.0,10.0,20.0,20000,2000,2000,18000,2094
pairs,css,uniform,Z,3,0.007284221544426107,0.0,0.0,10.0,20.0,20000,2000,2000,12000,2211
pairs,css,uniform,Z,3,0.008324824622201266,0.0,0.0,10.0,20.0,20000,2000,2000,8000,2049
pairs,css,uniform,Z,3,0.009365427699976425,0.0,0.0,10.0,20.0,20000,2000,2000,8000,2578
pairs,css,uniform,Z,5,0.0010406030777751582,0.0,0.0,10.0,20.0,20000,2000,2000,20000,0
pairs,css,uniform,Z,5,0.0020812061555503165,0.0,0.0,10.0,20.0,20000,2000,2000,20000,1
pairs,css,uniform,Z,5,0.003121809233325475,0.0,0.0,10.0,20.0,20000,2000,2000,20000,88
pairs,css,uniform,Z,5,0.004162412311100633,0.0,0.0,10.0,20.0,20000,2000,2000,20000,901
pairs,css,uniform,Z,5,0.005203015388875792,0.0,0.0,10.0,20.0,20000,2000,2000,14000,2147
pairs,css,uniform,Z,5,0.00624361846665095,0.0,0.0,10.0,20.0,20000,2000,2000,8000,2364
pairs,css,uniform,Z,5,0.007284221544426107,0.0,0.0,10.0,20.0,20000,2000,2000,6000,2408
pairs,css,uniform,Z,5,0.008324824622201266,0.0,0.0,10.0,20.0,20000,2000,2000,6000,2817
pairs,css,uniform,X,3,0.0010406030777751582,0.0,0.0,10.0,20.0,20000,2000,2000,20000,0
pairs,css,uniform,X,3,0.0020812061555503165,0.0,0.0,10.0,20.0,20000,2000,2000,20000,14
pairs,css,uniform,X,3,0.003121809233325475,0.0,0.0,10.0,20.0,20000,2000,2000,20000,153
pairs,css,uniform,X,3,0.004162412311100633,0.0,0.0,10.0,20.0,20000,2000,2000,20000,495
pairs,css,uniform,X,3,0.005203015388875792,0.0,0.0,10.0,20.0,20000,2000,2000,20000,1317
pairs,css,uniform,X,3,0.00624361846665095,0.0,0.0,10.0,20.0,20000,2000,2000,16000,2091
pairs,css,uniform,X,3,0.007284221544426107,0.0,0.0,10.0,20.0,20000,2000,2000,12000,2286
pairs,css,uniform,X,3,0.008324824622201266,0.0,0.0,10.0,20.0,20000,2000,2000,8000,2196
pairs,css,uniform,X,3,0.009365427699976425,0.0,0.0,10.0,20.0,20000,2000,2000,6000,2061
pairs,css,uniform,X,5,0.0010406030777751582,0.0,0.0,10.0,20.0,20000,2000,2000,20000,0
pairs,css,uniform,X,5,0.0020812061555503165,0.0,0.0,10.0,20.0,20000,2000,2000,20000,1
pairs,css,uniform,X,5,0.003121809233325475,0.0,0.0,10.0,20.0,20000,2000,2000,20000,98
pairs,css,uniform,X,5,0.004162412311100633,0.0,0.0,10.0,20.0,20000,2000,2000,20000,981
pairs,css,uniform,X,5,0.005203015388875792,0.0,0.0,10.0,20.0,20000,2000,2000,12000,2040
pairs,css,uniform,X,5,0.00624361846665095,0.0,0.0,10.0,20.0,20000,2000,2000,8000,2448
pairs,css,uniform,X,5,0.007284221544426107,0.0,0.0,10.0,20.0,20000,2000,2000,6000,2480
pairs,css,uniform,X,5,0.008324824622201266,0.0,0.0,10.0,20.0,20000,2000,2000,6000,2731
pairs,css,uniform,Z,3,0.0010406030777751582,0.0,0.0,31.622776601683793,20.0,20000,2000,2000,20000,0
pairs,css,uniform,Z,3,0.0020812061555503165,0.0,0.0,31.622776601683793,20.0,20000,2000,2000,20000,21
pairs,css,uniform,Z,3,0.003121809233325475,0.0,0.0,31.622776601683793,20.0,20000,2000,2000,20000,146
pairs,css,uniform,Z,3,0.004162412311100633,0.0,0.0,31.622776601683793,20.0,20000,2000,2000,20000,632
pairs,css,uniform,Z,3,0.005203015388875792,0.0,0.0,31.622776601683793,20.0,20000,2000,2000,20000,1499
pairs,css,uniform,Z,3,0.00624361846665095,0.0,0.0,31.622776601683793,20.0,20000,2000,2000,16000,2281
pairs,css,uniform,Z,3,0.007284221544426107,0.0,0.0,31.622776601683793,20.0,20000,2000,2000,10000,2277
pairs,css,uniform,Z,3,0.008324824622201266,0.0,0.0,31.622776601683793,20.0,20000,2000,2000,8000,2350
pairs,css,uniform,Z,3,0.009365427699976425,0.0,0.0,31.622776601683793,20.0,20000,2000,2000,6000,2116
pairs,css,uniform,Z,5,0.0010406030777751582,0.0,0.0,31.622776601683793,20.0,20000,2000,2000,20000,0
pairs,css,uniform,Z,5,0.0020812061555503165,0.0,0.0,31.622776601683793,20.0,20000,2000,2000,20000,4
pairs,css,uniform,Z,5,0.003121809233325475,0.0,0.0,31.622776601683793,20.0,20000,2000,2000,20000,181
pairs,css,uniform,Z,5,0.004162412311100633,0.0,0.0,31.622776601683793,20.0,20000,2000,2000,20000,1282
pairs,css,uniform,Z,5,0.005203015388875792,0.0,0.0,31.622776601683793,20.0,20000,2000,2000,12000,2393
pairs,css,uniform,Z,5,0.00624361846665095,0.0,0.0,31.622776601683793,20.0,20000,2000,2000,8000,2681
pairs,css,uniform,Z,5,0.007284221544426107,0.0,0.0,31.622776601683793,20.0,20000,2000,2000,6000,2573
pairs,css,uniform,Z,5,0.008324824622201266,0.0,0.0,31.622776601683793,20.0,20000,2000,2000,6000,2918
pairs,css,uniform,X,3,0.0010406030777751582,0.0,0.0,31.622776601683793,20.0,20000,2000,2000,20000,0
pairs,css,uniform,X,3,0.0020812061555503165,0.0,0.0,31.622776601683793,20.0,20000,2000,2000,20000,17
pairs,css,uniform,X,3,0.003121809233325475,0.0,0.0,31.622776601683793,20.0,20000,2000,2000,20000,157
pairs,css,uniform,X,3,0.004162412311100633,0.0,0.0,31.622776601683793,20.0,20000,2000,2000,20000,643
pairs,css,uniform,X,3,0.005203015388875792,0.0,0.0,31.622776601683793,20.0,20000,2000,2000,20000,1601
pairs,css,uniform,X,3,0.00624361846665095,0.0,0.0,31.622776601683793,20.0,20000,2000,2000,14000,2089
pairs,css,uniform,X,3,0.007284221544426107,0.0,0.0,31.622776601683793,20.0,20000,2000,2000,10000,2199
pairs,css,uniform,X,3,0.008324824622201266,0.0,0.0,31.622776601683793,20.0,20000,2000,2000,8000,2401
pairs,css,uniform,X,3,0.009365427699976425,0.0,0.0,31.622776601683793,20.0,20000,2000,2000,6000,2139
pairs,css,uniform,X,5,0.0010406030777751582,0.0,0.0,31.622776601683793,20.0,20000,2000,2000,20000,0
pairs,css,uniform,X,5,0.0020812061555503165,0.0,0.0,31.622776601683793,20.0,20000,2000,2000,20000,0
pairs,css,uniform,X,5,0.003121809233325475,0.0,0.0,31.622776601683793,20.0,20000,2000,2000,20000,156
pairs,css,uniform,X,5,0.004162412311100633,0.0,0.0,31.622776601683793,20.0,20000,2000,2000,20000,1352
pairs,css,uniform,X,5,0.005203015388875792,0.0,0.0,31.622776601683793,20.0,20000,2000,2000,10000,2077
pairs,css,uniform,X,5,0.00624361846665095,0.0,0.0,31.622776601683793,20.0,20000,2000,2000,6000,2076
pairs,css,uniform,X,5,0.007284221544426107,0.0,0.0,31.622776601683793,20.0,20000,2000,2000,6000,2682
pairs,css,uniform,X,5,0.008324824622201266,0.0,0.0,31.622776601683793,20.0,20000,2000,2000,6000,2898
pairs,css,uniform,Z,3,0.0010406030777751582,0.0,0.0,100.0,20.0,20000,2000,2000,20000,0
pairs,css,uniform,Z,3,0.0020812061555503165,0.0,0.0,100.0,20.0,20000,2000,2000,20000,25
pairs,css,uniform,Z,3,0.003121809233325475,0.0,0.0,100.0,20.0,20000,2000,2000,20000,185
pairs,css,uniform,Z,3,0.004162412311100633,0.0,0.0,100.0,20.0,20000,2000,2000,20000,708
pairs,css,uniform,Z,3,0.005203015388875792,0.0,0.0,100.0,20.0,20000,2000,2000,20000,1686
pairs,css,uniform,Z,3,0.00624361846665095,0.0,0.0,100.0,20.0,20000,2000,2000,14000,2090
pairs,css,uniform,Z,3,0.007284221544426107,0.0,0.0,100.0,20.0,20000,2000,2000,10000,2330
pairs,css,uniform,Z,3,0.008324824622201266,0.0,0.0,100.0,20.0,20000,2000,2000,8000,2366
pairs,css,uniform,Z,3,0.009365427699976425,0.0,0.0,100.0,20.0,20000,2000,2000,6000,2156
pairs,css,uniform,Z,5,0.0010406030777751582,0.0,0.0,100.0,20.0,20000,2000,2000,20000,0
pairs,css,uniform,Z,5,0.0020812061555503165,0.0,0.0,100.0,20.0,20000,2000,2000,20000,3
pairs,css,uniform,Z,5,0.003121809233325475,0.0,0.0,100.0,20.0,20000,2000,2000,20000,175
pairs,css,uniform,Z,5,0.004162412311100633,0.0,0.0,100.0,20.0,20000,2000,2000,20000,1476
pairs,css,uniform,Z,5,0.005203015388875792,0.0,0.0,100.0,20.0,20000,2000,2000,10000,2095
pairs,css,uniform,Z,5,0.00624361846665095,0.0,0.0,100.0,20.0,20000,2000,2000,6000,2103
pairs,css,uniform,Z,5,0.007284221544426107,0.0,0.0,100.0,20.0,20000,2000,2000,6000,2627
pairs,css,uniform,Z,5,0.008324824622201266,0.0,0.0,100.0,20.0,20000,2000,2000,6000,2991
pairs,css,uniform,X,3,0.0010406030777751582,0.0,0.0,100.0,20.0,20000,2000,2000,20000,0
pairs,css,uniform,X,3,0.0020812061555503165,0.0,0.0,100.0,20.0,20000,2000,2000,20000,27
pairs,css,uniform,X,3,0.003121809233325475,0.0,0.0,100.0,20.0,20000,2000,2000,20000,181
pairs,css,uniform,X,3,0.004162412311100633,0.0,0.0,100.0,20.0,20000,2000,2000,20000,648
pairs,css,uniform,X,3,0.005203015388875792,0.0,0.0,100.0,20.0,20000,2000,2000,20000,1709
pairs,css,uniform,X,3,0.00624361846665095,0.0,0.0,100.0,20.0,20000,2000,2000,14000,2195
pairs,css,uniform,X,3,0.007284221544426107,0.0,0.0,100.0,20.0,20000,2000,2000,10000,2305
pairs,css,uniform,X,3,0.008324824622201266,0.0,0.0,100.0,20.0,20000,2000,2000,8000,2447
pairs,css,uniform,X,3,0.009365427699976425,0.0,0.0,100.0,20.0,20000,2000,2000,6000,2187
pairs,css,uniform,X,5,0.0010406030777751582,0.0,0.0,100.0,20.0,20000,2000,2000,20000,0
pairs,css,uniform,X,5,0.0020812061555503165,0.0,0.0,100.0,20.0,20000,2000,2000,20000,14
pairs,css,uniform,X,5,0.003121809233325475,0.0,0.0,100.0,20.0,20000,2000,2000,20000,193
pairs,css,uniform,X,5,0.004162412311100633,0.0,0.0,100.0,20.0,20000,2000,2000,20000,1515
pairs,css,uniform,X,5,0.005203015388875792,0.0,0.0,100.0,20.0,20000,2000,2000,10000,2234
pairs,css,uniform,X,5,0.00624361846665095,0.0,0.0,100.0,20.0,20000,2000,2000,6000,2131
pairs,css,uniform,X,5,0.007284221544426107,0.0,0.0,100.0,20.0,20000,2000,2000,6000,2662
pairs,css,uniform,X,5,0.008324824622201266,0.0,0.0,100.0,20.0,20000,2000,2000,6000,2903
pairs,css,uniform,Z,3,0.0010805208073600002,0.0,1.5707963267948966,1.0,0.01,20000,2000,2000,20000,0
pairs,css,uniform,Z,3,0.0021610416147200004,0.0,1.5707963267948966,1.0,0.01,20000,2000,2000,20000,1
pairs,css,uniform,Z,3,0.003241562422080001,0.0,1.5707963267948966,1.0,0.01,20000,2000,2000,20000,1
pairs,css,uniform,Z,3,0.004322083229440001,0.0,1.5707963267948966,1.0,0.01,20000,2000,2000,20000,23
pairs,css,uniform,Z,3,0.005402604036800002,0.0,1.5707963267948966,1.0,0.01,20000,2000,2000,20000,67
pairs,css,uniform,Z,3,0.006483124844160002,0.0,1.5707963267948966,1.0,0.01,20000,2000,2000,20000,152
pairs,css,uniform,Z,3,0.007563645651520002,0.0,1.5707963267948966,1.0,0.01,20000,2000,2000,20000,401
pairs,css,uniform,Z,3,0.008644166458880002,0.0,1.5707963267948966,1.0,0.01,20000,2000,2000,20000,767
pairs,css,uniform,Z,3,0.009724687266240003,0.0,1.5707963267948966,1.0,0.01,20000,2000,2000,20000,1265
pairs,css,uniform,Z,5,0.0010805208073600002,0.0,1.5707963267948966,1.0,0.01,20000,2000,2000,20000,0
pairs,css,uniform,Z,5,0.0021610416147200004,0.0,1.5707963267948966,1.0,0.01,20000,2000,2000,20000,0
pairs,css,uniform,Z,5,0.003241562422080001,0.0,1.5707963267948966,1.0,0.01,20000,2000,2000,20000,0
pairs,css,uniform,Z,5,0.004322083229440001,0.0,1.5707963267948966,1.0,0.01,20000,2000,2000,20000,8
pairs,css,uniform,Z,5,0.005402604036800002,0.0,1.5707963267948966,1.0,0.01,20000,2000,2000,20000,34
pairs,css,uniform,Z,5,0.006483124844160002,0.0,1.5707963267948966,1.0,0.01,20000,2000,2000,20000,209
pairs,css,uniform,Z,5,0.007563645651520002,0.0,1.5707963267948966,1.0,0.01,20000,2000,2000,20000,698
pairs,css,uniform,Z,5,0.008644166458880002,0.0,1.5707963267948966,1.0,0.01,20000,2000,2000,20000,1682
pairs,css,uniform,Z,5,0.009724687266240003,0.0,1.5707963267948966,1.0,0.01,20000,2000,2000,14000,2218
pairs,css,uniform,X,3,0.0027013020184000003,0.0,1.5707963267948966,1.0,0.01,20000,2000,2000,20000,0
pairs,css,uniform,X,3,0.005402604036800001,0.0,1.5707963267948966,1.0,0.01,20000,2000,2000,20000,3
pairs,css,uniform,X,3,0.008103906055200002,0.0,1.5707963267948966,1.0,0.01,20000,2000,2000,20000,20
pairs,css,uniform,X,3,0.010805208073600001,0.0,1.5707963267948966,1.0,0.01,20000,2000,2000,20000,100
pairs,css,uniform,X,3,0.013506510092000006,0.0,1.5707963267948966,1.0,0.01,20000,2000,2000,20000,285
pairs,css,uniform,X,3,0.016207812110400004,0.0,1.5707963267948966,1.0,0.01,20000,2000,2000,20000,665
pairs,css,uniform,X,3,0.018909114128800003,0.0,1.5707963267948966,1.0,0.01,20000,2000,2000,20000,1301
pairs,css,uniform,X,3,0.021610416147200003,0.0,1.5707963267948966,1.0,0.01,20000,2000,2000,20000,2099
pairs,css,uniform,X,3,0.02431171816560001,0.0,1.5707963267948966,1.0,0.01,20000,2000,2000,14000,2194
pairs,css,uniform,X,5,0.0027013020184000003,0.0,1.5707963267948966,1.0,0.01,20000,2000,2000,20000,0
pairs,css,uniform,X,5,0.005402604036800001,0.0,1.5707963267948966,1.0,0.01,20000,2000,2000,20000,0
pairs,css,uniform,X,5,0.008103906055200002,0.0,1.5707963267948966,1.0,0.01,20000,2000,2000,20000,2
pairs,css,uniform,X,5,0.010805208073600001,0.0,1.5707963267948966,1.0,0.01,20000,2000,2000,20000,70
pairs,css,uniform,X,5,0.013506510092000006,0.0,1.5707963267948966,1.0,0.01,20000,2000,2000,20000,392
pairs,css,uniform,X,5,0.016207812110400004,0.0,1.5707963267948966,1.0,0.01,20000,2000,2000,20000,1343
pairs,css,uniform,X,5,0.018909114128800003,0.0,1.5707963267948966,1.0,0.01,20000,2000,2000,14000,2204
pairs,css,uniform,X,5,0.021610416147200003,0.0,1.5707963267948966,1.0,0.01,20000,2000,2000,8000,2066
pairs,css,uniform,X,5,0.02431171816560001,0.0,1.5707963267948966,1.0,0.01,20000,2000,2000,6000,2170
pairs,css,uniform,Z,3,0.0010805208073600002,0.0,1.5707963267948966,1.0,0.03162277660168379,20000,2000,2000,20000,0
pairs,css,uniform,Z,3,0.0021610416147200004,0.0,1.5707963267948966,1.0,0.03162277660168379,20000,2000,2000,20000,0
pairs,css,uniform,Z,3,0.003241562422080001,0.0,1.5707963267948966,1.0,0.03162277660168379,20000,2000,2000,20000,2
pairs,css,uniform,Z,3,0.004322083229440001,0.0,1.5707963267948966,1.0,0.03162277660168379,20000,2000,2000,20000,18
pairs,css,uniform,Z,3,0.005402604036800002,0.0,1.5707963267948966,1.0,0.03162277660168379,20000,2000,2000,20000,47
pairs,css,uniform,Z,3,0.006483124844160002,0.0,1.5707963267948966,1.0,0.03162277660168379,20000,2000,2000,20000,192
pairs,css,uniform,Z,3,0.007563645651520002,0.0,1.5707963267948966,1.0,0.03162277660168379,20000,2000,2000,20000,394
pairs,css,uniform,Z,3,0.008644166458880002,0.0,1.5707963267948966,1.0,0.03162277660168379,20000,2000,2000,20000,693
pairs,css,uniform,Z,3,0.009724687266240003,0.0,1.5707963267948966,1.0,0.03162277660168379,20000,2000,2000,20000,1144
pairs,css,uniform,Z,5,0.0010805208073600002,0.0,1.5707963267948966,1.0,0.03162277660168379,20000,2000,2000,20000,0
pairs,css,uniform,Z,5,0.0021610416147200004,0.0,1.5707963267948966,1.0,0.03162277660168379,20000,2000,2000,20000,0
pairs,css,uniform,Z,5,0.003241562422080001,0.0,1.5707963267948966,1.0,0.03162277660168379,20000,2000,2000,20000,0
pairs,css,uniform,Z,5,0.004322083229440001,0.0,1.5707963267948966,1.0,0.03162277660168379,20000,2000,2000,20000,5
pairs,css,uniform,Z,5,0.005402604036800002,0.0,1.5707963267948966,1.0,0.03162277660168379,20000,2000,2000,20000,34
pairs,css,uniform,Z,5,0.006483124844160002,0.0,1.5707963267948966,1.0,0.03162277660168379,20000,2000,2000,20000,190
pairs,css,uniform,Z,5,0.007563645651520002,0.0,1.5707963267948966,1.0,0.03162277660168379,20000,2000,2000,20000,609
pairs,css,uniform,Z,5,0.008644166458880002,0.0,1.5707963267948966,1.0,0.03162277660168379,20000,2000,2000,20000,1466
pairs,css,uniform,Z,5,0.009724687266240003,0.0,1.5707963267948966,1.0,0.03162277660168379,20000,2000,2000,16000,2252
pairs,css,uniform,X,3,0.0027013020184000003,0.0,1.5707963267948966,1.0,0.03162277660168379,20000,2000,2000,20000,0
pairs,css,uniform,X,3,0.005402604036800001,0.0,1.5707963267948966,1.0,0.03162277660168379,20000,2000,2000,20000,0
pairs,css,uniform,X,3,0.008103906055200002,0.0,1.5707963267948966,1.0,0.03162277660168379,20000,2000,2000,20000,18
pairs,css,uniform,X,3,0.010805208073600001,0.0,1.5707963267948966,1.0,0.03162277660168379,20000,2000,2000,20000,78
pairs,css,uniform,X,3,0.013506510092000006,0.0,1.5707963267948966,1.0,0.03162277660168379,20000,2000,2000,20000,303
pairs,css,uniform,X,3,0.016207812110400004,0.0,1.5707963267948966,1.0,0.03162277660168379,20000,2000,2000,20000,723
pairs,css,uniform,X,3,0.018909114128800003,0.0,1.5707963267948966,1.0,0.03162277660168379,20000,2000,2000,20000,1347
pairs,css,uniform,X,3,0.021610416147200003,0.0,1.5707963267948966,1.0,0.03162277660168379,20000,2000,2000,18000,2045
pairs,css,uniform,X,3,0.02431171816560001,0.0,1.5707963267948966,1.0,0.03162277660168379,20000,2000,2000,12000,2042
pairs,css,uniform,X,5,0.0027013020184000003,0.0,1.5707963267948966,1.0,0.03162277660168379,20000,2000,2000,20000,0
pairs,css,uniform,X,5,0.005402604036800001,0.0,1.5707963267948966,1.0,0.03162277660168379,20000,2000,2000,20000,0
pairs,css,uniform,X,5,0.008103906055200002,0.0,1.5707963267948966,1.0,0.03162277660168379,20000,2000,2000,20000,4
pairs,css,uniform,X,5,0.010805208073600001,0.0,1.5707963267948966,1.0,0.03162277660168379,20000,2000,2000,20000,66
pairs,css,uniform,X,5,0.013506510092000006,0.0,1.5707963267948966,1.0,0.03162277660168379,20000,2000,2000,20000,432
pairs,css,uniform,X,5,0.016207812110400004,0.0,1.5707963267948966,1.0,0.03162277660168379,20000,2000,2000,20000,1533
pairs,css,uniform,X,5,0.018909114128800003,0.0,1.5707963267948966,1.0,0.03162277660168379,20000,2000,2000,12000,2018
pairs,css,uniform,X,5,0.021610416147200003,0.0,1.5707963267948966,1.0,0.03162277660168379,20000,2000,2000,8000,2243
pairs,css,uniform,X,5,0.02431171816560001,0.0,1.5707963267948966,1.0,0.03162277660168379,20000,2000,2000,6000,2195
pairs,css,uniform,Z,3,0.0010805208073600002,0.0,1.5707963267948966,1.0,0.1,20000,2000,2000,20000,0
pairs,css,uniform,Z,3,0.0021610416147200004,0.0,1.5707963267948966,1.0,0.1,20000,2000,2000,20000,0
pairs,css,uniform,Z,3,0.003241562422080001,0.0,1.5707963267948966,1.0,0.1,20000,2000,2000,20000,5
pairs,css,uniform,Z,3,0.004322083229440001,0.0,1.5707963267948966,1.0,0.1,20000,2000,2000,20000,8
pairs,css,uniform,Z,3,0.005402604036800002,0.0,1.5707963267948966,1.0,0.1,20000,2000,2000,20000,35
pairs,css,uniform,Z,3,0.006483124844160002,0.0,1.5707963267948966,1.0,0.1,20000,2000,2000,20000,124
pairs,css,uniform,Z,3,0.007563645651520002,0.0,1.5707963267948966,1.0,0.1,20000,2000,2000,20000,251
pairs,css,uniform,Z,3,0.008644166458880002,0.0,1.5707963267948966,1.0,0.1,20000,2000,2000,20000,511
pairs,css,uniform,Z,3,0.009724687266240003,0.0,1.5707963267948966,1.0,0.1,20000,2000,2000,20000,868
pairs,css,uniform,Z,5,0.0010805208073600002,0.0,1.5707963267948966,1.0,0.1,20000,2000,2000,20000,0
pairs,css,uniform,Z,5,0.0021610416147200004,0.0,1.5707963267948966,1.0,0.1,20000,2000,2000,20000,0
pairs,css,uniform,Z,5,0.003241562422080001,0.0,1.5707963267948966,1.0,0.1,20000,2000,2000,20000,0
pairs,css,uniform,Z,5,0.004322083229440001,0.0,1.5707963267948966,1.0,0.1,20000,2000,2000,20000,2
pairs,css,uniform,Z,5,0.005402604036800002,0.0,1.5707963267948966,1.0,0.1,20000,2000,2000,20000,15
pairs,css,uniform,Z,5,0.006483124844160002,0.0,1.5707963267948966,1.0,0.1,20000,2000,2000,20000,127
pairs,css,uniform,Z,5,0.007563645651520002,0.0,1.5707963267948966,1.0,0.1,20000,2000,2000,20000,361
pairs,css,uniform,Z,5,0.008644166458880002,0.0,1.5707963267948966,1.0,0.1,20000,2000,2000,20000,978
pairs,css,uniform,Z,5,0.009724687266240003,0.0,1.5707963267948966,1.0,0.1,20000,2000,2000,20000,2072
pairs,css,uniform,X,3,0.0027013020184000003,0.0,1.5707963267948966,1.0,0.1,20000,2000,2000,20000,0
pairs,css,uniform,X,3,0.005402604036800001,0.0,1.5707963267948966,1.0,0.1,20000,2000,2000,20000,1
pairs,css,uniform,X,3,0.008103906055200002,0.0,1.5707963267948966,1.0,0.1,20000,2000,2000,20000,22
pairs,css,uniform,X,3,0.010805208073600001,0.0,1.5707963267948966,1.0,0.1,20000,2000,2000,20000,124
pairs,css,uniform,X,3,0.013506510092000006,0.0,1.5707963267948966,1.0,0.1,20000,2000,2000,20000,406
pairs,css,uniform,X,3,0.016207812110400004,0.0,1.5707963267948966,1.0,0.1,20000,2000,2000,20000,910
pairs,css,uniform,X,3,0.018909114128800003,0.0,1.5707963267948966,1.0,0.1,20000,2000,2000,20000,1715
pairs,css,uniform,X,3,0.021610416147200003,0.0,1.5707963267948966,1.0,0.1,20000,2000,2000,16000,2161
pairs,css,uniform,X,3,0.02431171816560001,0.0,1.5707963267948966,1.0,0.1,20000,2000,2000,12000,2326
pairs,css,uniform,X,5,0.0027013020184000003,0.0,1.5707963267948966,1.0,0.1,20000,2000,2000,20000,0
pairs,css,uniform,X,5,0.005402604036800001,0.0,1.5707963267948966,1.0,0.1,20000,2000,2000,20000,0
pairs,css,uniform,X,5,0.008103906055200002,0.0,1.5707963267948966,1.0,0.1,20000,2000,2000,20000,5
pairs,css,uniform,X,5,0.010805208073600001,0.0,1.5707963267948966,1.0,0.1,20000,2000,2000,20000,120
pairs,css,uniform,X,5,0.013506510092000006,0.0,1.5707963267948966,1.0,0.1,20000,2000,2000,20000,688
pairs,css,uniform,X,5,0.016207812110400004,0.0,1.5707963267948966,1.0,0.1,20000,2000,2000,20000,2141
pairs,css,uniform,X,5,0.018909114128800003,0.0,1.5707963267948966,1.0,0.1,20000,2000,2000,10000,2130
pairs,css,uniform,X,5,0.021610416147200003,0.0,1.5707963267948966,1.0,0.1,20000,2000,2000,8000,2509
pairs,css,uniform,X,5,0.02431171816560001,0.0,1.5707963267948966,1.0,0.1,20000,2000,2000,6000,2446
pairs,css,uniform,Z,3,0.0010805208073600002,0.0,1.5707963267948966,1.0,0.31622776601683794,20000,2000,2000,20000,0
pairs,css,uniform,Z,3,0.0021610416147200004,0.0,1.5707963267948966,1.0,0.31622776601683794,20000,2000,2000,20000,0
pairs,css,uniform,Z,3,0.003241562422080001,0.0,1.5707963267948966,1.0,0.31622776601683794,20000,2000,2000,20000,1
pairs,css,uniform,Z,3,0.004322083229440001,0.0,1.5707963267948966,1.0,0.31622776601683794,20000,2000,2000,20000,2
pairs,css,uniform,Z,3,0.005402604036800002,0.0,1.5707963267948966,1.0,0.31622776601683794,20000,2000,2000,20000,10
pairs,css,uniform,Z,3,0.006483124844160002,0.0,1.5707963267948966,1.0,0.31622776601683794,20000,2000,2000,20000,39
pairs,css,uniform,Z,3,0.007563645651520002,0.0,1.5707963267948966,1.0,0.31622776601683794,20000,2000,2000,20000,100
pairs,css,uniform,Z,3,0.008644166458880002,0.0,1.5707963267948966,1.0,0.31622776601683794,20000,2000,2000,20000,208
pairs,css,uniform,Z,3,0.009724687266240003,0.0,1.5707963267948966,1.0,0.31622776601683794,20000,2000,2000,20000,384
pairs,css,uniform,Z,5,0.0010805208073600002,0.0,1.5707963267948966,1.0,0.31622776601683794,20000,2000,2000,20000,0
pairs,css,uniform,Z,5,0.0021610416147200004,0.0,1.5707963267948966,1.0,0.31622776601683794,20000,2000,2000,20000,0
pairs,css,uniform,Z,5,0.003241562422080001,0.0,1.5707963267948966,1.0,0.31622776601683794,20000,2000,2000,20000,0
pairs,css,uniform,Z,5,0.004322083229440001,0.0,1.5707963267948966,1.0,0.31622776601683794,20000,2000,2000,20000,0
pairs,css,uniform,Z,5,0.005402604036800002,0.0,1.5707963267948966,1.0,0.31622776601683794,20000,2000,2000,20000,3
pairs,css,uniform,Z,5,0.006483124844160002,0.0,1.5707963267948966,1.0,0.31622776601683794,20000,2000,2000,20000,25
pairs,css,uniform,Z,5,0.007563645651520002,0.0,1.5707963267948966,1.0,0.31622776601683794,20000,2000,2000,20000,80
pairs,css,uniform,Z,5,0.008644166458880002,0.0,1.5707963267948966,1.0,0.31622776601683794,20000,2000,2000,20000,280
pairs,css,uniform,Z,5,0.009724687266240003,0.0,1.5707963267948966,1.0,0.31622776601683794,20000,2000,2000,20000,630
pairs,css,uniform,X,3,0.0010805208073600002,0.0,1.5707963267948966,1.0,0.31622776601683794,20000,2000,2000,20000,0
pairs,css,uniform,X,3,0.0021610416147200004,0.0,1.5707963267948966,1.0,0.31622776601683794,20000,2000,2000,20000,0
pairs,css,uniform,X,3,0.003241562422080001,0.0,1.5707963267948966,1.0,0.31622776601683794,20000,2000,2000,20000,0
pairs,css,uniform,X,3,0.004322083229440001,0.0,1.5707963267948966,1.0,0.31622776601683794,20000,2000,2000,20000,1
pairs,css,uniform,X,3,0.005402604036800002,0.0,1.5707963267948966,1.0,0.31622776601683794,20000,2000,2000,20000,7
pairs,css,uniform,X,3,0.006483124844160002,0.0,1.5707963267948966,1.0,0.31622776601683794,20000,2000,2000,20000,16
pairs,css,uniform,X,3,0.007563645651520002,0.0,1.5707963267948966,1.0,0.31622776601683794,20000,2000,2000,20000,37
pairs,css,uniform,X,3,0.008644166458880002,0.0,1.5707963267948966,1.0,0.31622776601683794,20000,2000,2000,20000,68
pairs,css,uniform,X,3,0.009724687266240003,0.0,1.5707963267948966,1.0,0.31622776601683794,20000,2000,2000,20000,161
pairs,css,uniform,X,5,0.0010805208073600002,0.0,1.5707963267948966,1.0,0.31622776601683794,20000,2000,2000,20000,0
pairs,css,uniform,X,5,0.0021610416147200004,0.0,1.5707963267948966,1.0,0.31622776601683794,20000,2000,2000,20000,0
pairs,css,uniform,X,5,0.003241562422080001,0.0,1.5707963267948966,1.0,0.31622776601683794,20000,2000,2000,20000,0
pairs,css,uniform,X,5,0.004322083229440001,0.0,1.5707963267948966,1.0,0.31622776601683794,20000,2000,2000,20000,1
pairs,css,uniform,X,5,0.005402604036800002,0.0,1.5707963267948966,1.0,0.31622776601683794,20000,2000,2000,20000,0
pairs,css,uniform,X,5,0.006483124844160002,0.0,1.5707963267948966,1.0,0.31622776601683794,20000,2000,2000,20000,4
pairs,css,uniform,X,5,0.007563645651520002,0.0,1.5707963267948966,1.0,0.31622776601683794,20000,2000,2000,20000,13
pairs,css,uniform,X,5,0.008644166458880002,0.0,1.5707963267948966,1.0,0.31622776601683794,20000,2000,2000,20000,49
pairs,css,uniform,X,5,0.009724687266240003,0.0,1.5707963267948966,1.0,0.31622776601683794,20000,2000,2000,20000,132
pairs,css,uniform,Z,3,0.0027013020184000003,0.0,1.5707963267948966,1.0,1.0,20000,2000,2000,20000,0
pairs,css,uniform,Z,3,0.005402604036800001,0.0,1.5707963267948966,1.0,1.0,20000,2000,2000,20000,0
pairs,css,uniform,Z,3,0.008103906055200002,0.0,1.5707963267948966,1.0,1.0,20000,2000,2000,20000,14
pairs,css,uniform,Z,3,0.010805208073600001,0.0,1.5707963267948966,1.0,1.0,20000,2000,2000,20000,76
pairs,css,uniform,Z,3,0.013506510092000006,0.0,1.5707963267948966,1.0,1.0,20000,2000,2000,20000,245
pairs,css,uniform,Z,3,0.016207812110400004,0.0,1.5707963267948966,1.0,1.0,20000,2000,2000,20000,560
pairs,css,uniform,Z,3,0.018909114128800003,0.0,1.5707963267948966,1.0,1.0,20000,2000,2000,20000,1191
pairs,css,uniform,Z,3,0.021610416147200003,0.0,1.5707963267948966,1.0,1.0,20000,2000,2000,20000,2013
pairs,css,uniform,Z,3,0.02431171816560001,0.0,1.5707963267948966,1.0,1.0,20000,2000,2000,14000,2033
pairs,css,uniform,Z,5,0.0027013020184000003,0.0,1.5707963267948966,1.0,1.0,20000,2000,2000,20000,0
pairs,css,uniform,Z,5,0.005402604036800001,0.0,1.5707963267948966,1.0,1.0,20000,2000,2000,20000,0
pairs,css,uniform,Z,5,0.008103906055200002,0.0,1.5707963267948966,1.0,1.0,20000,2000,2000,20000,5
pairs,css,uniform,Z,5,0.010805208073600001,0.0,1.5707963267948966,1.0,1.0,20000,2000,2000,20000,47
pairs,css,uniform,Z,5,0.013506510092000006,0.0,1.5707963267948966,1.0,1.0,20000,2000,2000,20000,343
pairs,css,uniform,Z,5,0.016207812110400004,0.0,1.5707963267948966,1.0,1.0,20000,2000,2000,20000,1231
pairs,css,uniform,Z,5,0.018909114128800003,0.0,1.5707963267948966,1.0,1.0,20000,2000,2000,14000,2017
pairs,css,uniform,Z,5,0.021610416147200003,0.0,1.5707963267948966,1.0,1.0,20000,2000,2000,10000,2423
pairs,css,uniform,Z,5,0.02431171816560001,0.0,1.5707963267948966,1.0,1.0,20000,2000,2000,6000,2039
pairs,css,uniform,X,3,0.0010805208073600002,0.0,1.5707963267948966,1.0,1.0,20000,2000,2000,20000,0
pairs,css,uniform,X,3,0.0021610416147200004,0.0,1.5707963267948966,1.0,1.0,20000,2000,2000,20000,1
pairs,css,uniform,X,3,0.003241562422080001,0.0,1.5707963267948966,1.0,1.0,20000,2000,2000,20000,0
pairs,css,uniform,X,3,0.004322083229440001,0.0,1.5707963267948966,1.0,1.0,20000,2000,2000,20000,9
pairs,css,uniform,X,3,0.005402604036800002,0.0,1.5707963267948966,1.0,1.0,20000,2000,2000,20000,14
pairs,css,uniform,X,3,0.006483124844160002,0.0,1.5707963267948966,1.0,1.0,20000,2000,2000,20000,35
pairs,css,uniform,X,3,0.007563645651520002,0.0,1.5707963267948966,1.0,1.0,20000,2000,2000,20000,101
pairs,css,uniform,X,3,0.008644166458880002,0.0,1.5707963267948966,1.0,1.0,20000,2000,2000,20000,226
pairs,css,uniform,X,3,0.009724687266240003,0.0,1.5707963267948966,1.0,1.0,20000,2000,2000,20000,374
pairs,css,uniform,X,5,0.0010805208073600002,0.0,1.5707963267948966,1.0,1.0,20000,2000,2000,20000,0
pairs,css,uniform,X,5,0.0021610416147200004,0.0,1.5707963267948966,1.0,1.0,20000,2000,2000,20000,0
pairs,css,uniform,X,5,0.003241562422080001,0.0,1.5707963267948966,1.0,1.0,20000,2000,2000,20000,0
pairs,css,uniform,X,5,0.004322083229440001,0.0,1.5707963267948966,1.0,1.0,20000,2000,2000,20000,0
pairs,css,uniform,X,5,0.005402604036800002,0.0,1.5707963267948966,1.0,1.0,20000,2000,2000,20000,1
pairs,css,uniform,X,5,0.006483124844160002,0.0,1.5707963267948966,1.0,1.0,20000,2000,2000,20000,21
pairs,css,uniform,X,5,0.007563645651520002,0.0,1.5707963267948966,1.0,1.0,20000,2000,2000,20000,81
pairs,css,uniform,X,5,0.008644166458880002,0.0,1.5707963267948966,1.0,1.0,20000,2000,2000,20000,263
pairs,css,uniform,X,5,0.009724687266240003,0.0,1.5707963267948966,1.0,1.0,20000,2000,2000,20000,631
pairs,css,uniform,Z,3,0.006753255046,0.0,1.5707963267948966,1.0,3.1622776601683795,20000,2000,2000,20000,0
pairs,css,uniform,Z,3,0.013506510092,0.0,1.5707963267948966,1.0,3.1622776601683795,20000,2000,2000,20000,4
pairs,css,uniform,Z,3,0.020259765138000006,0.0,1.5707963267948966,1.0,3.1622776601683795,20000,2000,2000,20000,41
pairs,css,uniform,Z,3,0.027013020184,0.0,1.5707963267948966,1.0,3.1622776601683795,20000,2000,2000,20000,217
pairs,css,uniform,Z,3,0.03376627523000002,0.0,1.5707963267948966,1.0,3.1622776601683795,20000,2000,2000,20000,552
pairs,css,uniform,Z,3,0.04051953027600001,0.0,1.5707963267948966,1.0,3.1622776601683795,20000,2000,2000,20000,1280
pairs,css,uniform,Z,3,0.04727278532200001,0.0,1.5707963267948966,1.0,3.1622776601683795,20000,2000,2000,18000,2047
pairs,css,uniform,Z,3,0.054026040368,0.0,1.5707963267948966,1.0,3.1622776601683795,20000,2000,2000,12000,2154
pairs,css,uniform,Z,3,0.060779295414000026,0.0,1.5707963267948966,1.0,3.1622776601683795,20000,2000,2000,10000,2458
pairs,css,uniform,Z,5,0.006753255046,0.0,1.5707963267948966,1.0,3.1622776601683795,20000,2000,2000,20000,0
pairs,css,uniform,Z,5,0.013506510092,0.0,1.5707963267948966,1.0,3.1622776601683795,20000,2000,2000,20000,0
pairs,css,uniform,Z,5,0.020259765138000006,0.0,1.5707963267948966,1.0,3.1622776601683795,20000,2000,2000,20000,20
pairs,css,uniform,Z,5,0.027013020184,0.0,1.5707963267948966,1.0,3.1622776601683795,20000,2000,2000,20000,233
pairs,css,uniform,Z,5,0.03376627523000002,0.0,1.5707963267948966,1.0,3.1622776601683795,20000,2000,2000,20000,1185
pairs,css,uniform,Z,5,0.04051953027600001,0.0,1.5707963267948966,1.0,3.1622776601683795,20000,2000,2000,14000,2337
pairs,css,uniform,Z,5,0.04727278532200001,0.0,1.5707963267948966,1.0,3.1622776601683795,20000,2000,2000,8000,2241
pairs,css,uniform,Z,5,0.054026040368,0.0,1.5707963267948966,1.0,3.1622776601683795,20000,2000,2000,6000,2324
pairs,css,uniform,Z,5,0.060779295414000026,0.0,1.5707963267948966,1.0,3.1622776601683795,20000,2000,2000,6000,2642
pairs,css,uniform,X,3,0.0010805208073600002,0.0,1.5707963267948966,1.0,3.1622776601683795,20000,2000,2000,20000,0
pairs,css,uniform,X,3,0.0021610416147200004,0.0,1.5707963267948966,1.0,3.1622776601683795,20000,2000,2000,20000,0
pairs,css,uniform,X,3,0.003241562422080001,0.0,1.5707963267948966,1.0,3.1622776601683795,20000,2000,2000,20000,0
pairs,css,uniform,X,3,0.004322083229440001,0.0,1.5707963267948966,1.0,3.1622776601683795,20000,2000,2000,20000,16
pairs,css,uniform,X,3,0.005402604036800002,0.0,1.5707963267948966,1.0,3.1622776601683795,20000,2000,2000,20000,36
pairs,css,uniform,X,3,0.006483124844160002,0.0,1.5707963267948966,1.0,3.1622776601683795,20000,2000,2000,20000,114
pairs,css,uniform,X,3,0.007563645651520002,0.0,1.5707963267948966,1.0,3.1622776601683795,20000,2000,2000,20000,226
pairs,css,uniform,X,3,0.008644166458880002,0.0,1.5707963267948966,1.0,3.1622776601683795,20000,2000,2000,20000,442
pairs,css,uniform,X,3,0.009724687266240003,0.0,1.5707963267948966,1.0,3.1622776601683795,20000,2000,2000,20000,792
pairs,css,uniform,X,5,0.0010805208073600002,0.0,1.5707963267948966,1.0,3.1622776601683795,20000,2000,2000,20000,0
pairs,css,uniform,X,5,0.0021610416147200004,0.0,1.5707963267948966,1.0,3.1622776601683795,20000,2000,2000,20000,0
pairs,css,uniform,X,5,0.003241562422080001,0.0,1.5707963267948966,1.0,3.1622776601683795,20000,2000,2000,20000,0
pairs,css,uniform,X,5,0.004322083229440001,0.0,1.5707963267948966,1.0,3.1622776601683795,20000,2000,2000,20000,4
pairs,css,uniform,X,5,0.005402604036800002,0.0,1.5707963267948966,1.0,3.1622776601683795,20000,2000,2000,20000,16
pairs,css,uniform,X,5,0.006483124844160002,0.0,1.5707963267948966,1.0,3.1622776601683795,20000,2000,2000,20000,97
pairs,css,uniform,X,5,0.007563645651520002,0.0,1.5707963267948966,1.0,3.1622776601683795,20000,2000,2000,20000,295
pairs,css,uniform,X,5,0.008644166458880002,0.0,1.5707963267948966,1.0,3.1622776601683795,20000,2000,2000,20000,887
pairs,css,uniform,X,5,0.009724687266240003,0.0,1.5707963267948966,1.0,3.1622776601683795,20000,2000,2000,20000,1890
pairs,css,uniform,Z,3,0.016883137615000002,0.0,1.5707963267948966,1.0,10.0,20000,2000,2000,20000,0
pairs,css,uniform,Z,3,0.033766275230000004,0.0,1.5707963267948966,1.0,10.0,20000,2000,2000,20000,1
pairs,css,uniform,Z,3,0.05064941284500002,0.0,1.5707963267948966,1.0,10.0,20000,2000,2000,20000,26
pairs,css,uniform,Z,3,0.06753255046000001,0.0,1.5707963267948966,1.0,10.0,20000,2000,2000,20000,130
pairs,css,uniform,Z,3,0.08441568807500005,0.0,1.5707963267948966,1.0,10.0,20000,2000,2000,20000,480
pairs,css,uniform,Z,3,0.10129882569000004,0.0,1.5707963267948966,1.0,10.0,20000,2000,2000,20000,1089
pairs,css,uniform,Z,3,0.11818196330500003,0.0,1.5707963267948966,1.0,10.0,20000,2000,2000,20000,1897
pairs,css,uniform,Z,3,0.13506510092000001,0.0,1.5707963267948966,1.0,10.0,20000,2000,2000,14000,2138
pairs,css,uniform,Z,3,0.15194823853500006,0.0,1.5707963267948966,1.0,10.0,20000,2000,2000,10000,2122
pairs,css,uniform,Z,5,0.016883137615000002,0.0,1.5707963267948966,1.0,10.0,20000,2000,2000,20000,0
pairs,css,uniform,Z,5,0.033766275230000004,0.0,1.5707963267948966,1.0,10.0,20000,2000,2000,20000,1
pairs,css,uniform,Z,5,0.05064941284500002,0.0,1.5707963267948966,1.0,10.0,20000,2000,2000,20000,15
pairs,css,uniform,Z,5,0.06753255046000001,0.0,1.5707963267948966,1.0,10.0,20000,2000,2000,20000,141
pairs,css,uniform,Z,5,0.08441568807500005,0.0,1.5707963267948966,1.0,10.0,20000,2000,2000,20000,866
pairs,css,uniform,Z,5,0.10129882569000004,0.0,1.5707963267948966,1.0,10.0,20000,2000,2000,16000,2065
pairs,css,uniform,Z,5,0.11818196330500003,0.0,1.5707963267948966,1.0,10.0,20000,2000,2000,10000,2346
pairs,css,uniform,Z,5,0.13506510092000001,0.0,1.5707963267948966,1.0,10.0,20000,2000,2000,6000,2064
pairs,css,uniform,Z,5,0.15194823853500006,0.0,1.5707963267948966,1.0,10.0,20000,2000,2000,6000,2518
pairs,css,uniform,X,3,0.0010805208073600002,0.0,1.5707963267948966,1.0,10.0,20000,2000,2000,20000,0
pairs,css,uniform,X,3,0.0021610416147200004,0.0,1.5707963267948966,1.0,10.0,20000,2000,2000,20000,0
pairs,css,uniform,X,3,0.003241562422080001,0.0,1.5707963267948966,1.0,10.0,20000,2000,2000,20000,1
pairs,css,uniform,X,3,0.004322083229440001,0.0,1.5707963267948966,1.0,10.0,20000,2000,2000,20000,18
pairs,css,uniform,X,3,0.005402604036800002,0.0,1.5707963267948966,1.0,10.0,20000,2000,2000,20000,62
pairs,css,uniform,X,3,0.006483124844160002,0.0,1.5707963267948966,1.0,10.0,20000,2000,2000,20000,146
pairs,css,uniform,X,3,0.007563645651520002,0.0,1.5707963267948966,1.0,10.0,20000,2000,2000,20000,350
pairs,css,uniform,X,3,0.008644166458880002,0.0,1.5707963267948966,1.0,10.0,20000,2000,2000,20000,731
pairs,css,uniform,X,3,0.009724687266240003,0.0,1.5707963267948966,1.0,10.0,20000,2000,2000,20000,1190
pairs,css,uniform,X,5,0.0010805208073600002,0.0,1.5707963267948966,1.0,10.0,20000,2000,2000,20000,0
pairs,css,uniform,X,5,0.0021610416147200004,0.0,1.5707963267948966,1.0,10.0,20000,2000,2000,20000,0
pairs,css,uniform,X,5,0.003241562422080001,0.0,1.5707963267948966,1.0,10.0,20000,2000,2000,20000,1
pairs,css,uniform,X,5,0.004322083229440001,0.0,1.5707963267948966,1.0,10.0,20000,2000,2000,20000,4
pairs,css,uniform,X,5,0.005402604036800002,0.0,1.5707963267948966,1.0,10.0,20000,2000,2000,20000,35
pairs,css,uniform,X,5,0.006483124844160002,0.0,1.5707963267948966,1.0,10.0,20000,2000,2000,20000,200
pairs,css,uniform,X,5,0.007563645651520002,0.0,1.5707963267948966,1.0,10.0,20000,2000,2000,20000,600
pairs,css,uniform,X,5,0.008644166458880002,0.0,1.5707963267948966,1.0,10.0,20000,2000,2000,20000,1424
pairs,css,uniform,X,5,0.009724687266240003,0.0,1.5707963267948966,1.0,10.0,20000,2000,2000,16000,2205
pairs,css,uniform,Z,3,0.016883137615000002,0.0,1.5707963267948966,1.0,31.622776601683793,20000,2000,2000,20000,0
pairs,css,uniform,Z,3,0.033766275230000004,0.0,1.5707963267948966,1.0,31.622776601683793,20000,2000,2000,20000,0
pairs,css,uniform,Z,3,0.05064941284500002,0.0,1.5707963267948966,1.0,31.622776601683793,20000,2000,2000,20000,0
pairs,css,uniform,Z,3,0.06753255046000001,0.0,1.5707963267948966,1.0,31.622776601683793,20000,2000,2000,20000,0
pairs,css,uniform,Z,3,0.08441568807500005,0.0,1.5707963267948966,1.0,31.622776601683793,20000,2000,2000,20000,1
pairs,css,uniform,Z,3,0.10129882569000004,0.0,1.5707963267948966,1.0,31.622776601683793,20000,2000,2000,20000,1
pairs,css,uniform,Z,3,0.11818196330500003,0.0,1.5707963267948966,1.0,31.622776601683793,20000,2000,2000,20000,9
pairs,css,uniform,Z,3,0.13506510092000001,0.0,1.5707963267948966,1.0,31.622776601683793,20000,2000,2000,20000,14
pairs,css,uniform,Z,3,0.15194823853500006,0.0,1.5707963267948966,1.0,31.622776601683793,20000,2000,2000,20000,40
pairs,css,uniform,Z,5,0.016883137615000002,0.0,1.5707963267948966,1.0,31.622776601683793,20000,2000,2000,20000,0
pairs,css,uniform,Z,5,0.033766275230000004,0.0,1.5707963267948966,1.0,31.622776601683793,20000,2000,2000,20000,0
pairs,css,uniform,Z,5,0.05064941284500002,0.0,1.5707963267948966,1.0,31.622776601683793,20000,2000,2000,20000,0
pairs,css,uniform,Z,5,0.06753255046000001,0.0,1.5707963267948966,1.0,31.622776601683793,20000,2000,2000,20000,0
pairs,css,uniform,Z,5,0.08441568807500005,0.0,1.5707963267948966,1.0,31.622776601683793,20000,2000,2000,20000,0
pairs,css,uniform,Z,5,0.10129882569000004,0.0,1.5707963267948966,1.0,31.622776601683793,20000,2000,2000,20000,0
pairs,css,uniform,Z,5,0.11818196330500003,0.0,1.5707963267948966,1.0,31.622776601683793,20000,2000,2000,20000,0
pairs,css,uniform,Z,5,0.13506510092000001,0.0,1.5707963267948966,1.0,31.622776601683793,20000,2000,2000,20000,1
pairs,css,uniform,Z,5,0.15194823853500006,0.0,1.5707963267948966,1.0,31.622776601683793,20000,2000,2000,20000,10
pairs,css,uniform,X,3,0.0010805208073600002,0.0,1.5707963267948966,1.0,31.622776601683793,20000,2000,2000,20000,0
pairs,css,uniform,X,3,0.0021610416147200004,0.0,1.5707963267948966,1.0,31.622776601683793,20000,2000,2000,20000,1
pairs,css,uniform,X,3,0.003241562422080001,0.0,1.5707963267948966,1.0,31.622776601683793,20000,2000,2000,20000,5
pairs,css,uniform,X,3,0.004322083229440001,0.0,1.5707963267948966,1.0,31.622776601683793,20000,2000,2000,20000,29
pairs,css,uniform,X,3,0.005402604036800002,0.0,1.5707963267948966,1.0,31.622776601683793,20000,2000,2000,20000,78
pairs,css,uniform,X,3,0.006483124844160002,0.0,1.5707963267948966,1.0,31.622776601683793,20000,2000,2000,20000,204
pairs,css,uniform,X,3,0.007563645651520002,0.0,1.5707963267948966,1.0,31.622776601683793,20000,2000,2000,20000,432
pairs,css,uniform,X,3,0.008644166458880002,0.0,1.5707963267948966,1.0,31.622776601683793,20000,2000,2000,20000,775
pairs,css,uniform,X,3,0.009724687266240003,0.0,1.5707963267948966,1.0,31.622776601683793,20000,2000,2000,20000,1328
pairs,css,uniform,X,5,0.0010805208073600002,0.0,1.5707963267948966,1.0,31.622776601683793,20000,2000,2000,20000,0
pairs,css,uniform,X,5,0.0021610416147200004,0.0,1.5707963267948966,1.0,31.622776601683793,20000,2000,2000,20000,0
pairs,css,uniform,X,5,0.003241562422080001,0.0,1.5707963267948966,1.0,31.622776601683793,20000,2000,2000,20000,0
pairs,css,uniform,X,5,0.004322083229440001,0.0,1.5707963267948966,1.0,31.622776601683793,20000,2000,2000,20000,6
pairs,css,uniform,X,5,0.005402604036800002,0.0,1.5707963267948966,1.0,31.622776601683793,20000,2000,2000,20000,50
pairs,css,uniform,X,5,0.006483124844160002,0.0,1.5707963267948966,1.0,31.622776601683793,20000,2000,2000,20000,238
pairs,css,uniform,X,5,0.007563645651520002,0.0,1.5707963267948966,1.0,31.622776601683793,20000,2000,2000,20000,788
pairs,css,uniform,X,5,0.008644166458880002,0.0,1.5707963267948966,1.0,31.622776601683793,20000,2000,2000,20000,1749
pairs,css,uniform,X,5,0.009724687266240003,0.0,1.5707963267948966,1.0,31.622776601683793,20000,2000,2000,14000,2200
pairs,css,uniform,Z,3,0.016883137615000002,0.0,1.5707963267948966,1.0,100.0,20000,2000,2000,20000,0
pairs,css,uniform,Z,3,0.033766275230000004,0.0,1.5707963267948966,1.0,100.0,20000,2000,2000,20000,0
pairs,css,uniform,Z,3,0.05064941284500002,0.0,1.5707963267948966,1.0,100.0,20000,2000,2000,20000,0
pairs,css,uniform,Z,3,0.06753255046000001,0.0,1.5707963267948966,1.0,100.0,20000,2000,2000,20000,0
pairs,css,uniform,Z,3,0.08441568807500005,0.0,1.5707963267948966,1.0,100.0,20000,2000,2000,20000,0
pairs,css,uniform,Z,3,0.10129882569000004,0.0,1.5707963267948966,1.0,100.0,20000,2000,2000,20000,0
pairs,css,uniform,Z,3,0.11818196330500003,0.0,1.5707963267948966,1.0,100.0,20000,2000,2000,20000,0
pairs,css,uniform,Z,3,0.13506510092000001,0.0,1.5707963267948966,1.0,100.0,20000,2000,2000,20000,0
pairs,css,uniform,Z,3,0.15194823853500006,0.0,1.5707963267948966,1.0,100.0,20000,2000,2000,20000,0
pairs,css,uniform,Z,5,0.016883137615000002,0.0,1.5707963267948966,1.0,100.0,20000,2000,2000,20000,0
pairs,css,uniform,Z,5,0.033766275230000004,0.0,1.5707963267948966,1.0,100.0,20000,2000,2000,20000,0
pairs,css,uniform,Z,5,0.05064941284500002,0.0,1.5707963267948966,1.0,100.0,20000,2000,2000,20000,0
pairs,css,uniform,Z,5,0.06753255046000001,0.0,1.5707963267948966,1.0,100.0,20000,2000,2000,20000,0
pairs,css,uniform,Z,5,0.08441568807500005,0.0,1.5707963267948966,1.0,100.0,20000,2000,2000,20000,0
pairs,css,uniform,Z,5,0.10129882569000004,0.0,1.5707963267948966,1.0,100.0,20000,2000,2000,20000,0
pairs,css,uniform,Z,5,0.11818196330500003,0.0,1.5707963267948966,1.0,100.0,20000,2000,2000,20000,0
pairs,css,uniform,Z,5,0.13506510092000001,0.0,1.5707963267948966,1.0,100.0,20000,2000,2000,20000,0
pairs,css,uniform,Z,5,0.15194823853500006,0.0,1.5707963267948966,1.0,100.0,20000,2000,2000,20000,0
pairs,css,uniform,X,3,0.0010805208073600002,0.0,1.5707963267948966,1.0,100.0,20000,2000,2000,20000,0
pairs,css,uniform,X,3,0.0021610416147200004,0.0,1.5707963267948966,1.0,100.0,20000,2000,2000,20000,2
pairs,css,uniform,X,3,0.003241562422080001,0.0,1.5707963267948966,1.0,100.0,20000,2000,2000,20000,2
pairs,css,uniform,X,3,0.004322083229440001,0.0,1.5707963267948966,1.0,100.0,20000,2000,2000,20000,17
pairs,css,uniform,X,3,0.005402604036800002,0.0,1.5707963267948966,1.0,100.0,20000,2000,2000,20000,76
pairs,css,uniform,X,3,0.006483124844160002,0.0,1.5707963267948966,1.0,100.0,20000,2000,2000,20000,214
pairs,css,uniform,X,3,0.007563645651520002,0.0,1.5707963267948966,1.0,100.0,20000,2000,2000,20000,434
pairs,css,uniform,X,3,0.008644166458880002,0.0,1.5707963267948966,1.0,100.0,20000,2000,2000,20000,820
pairs,css,uniform,X,3,0.009724687266240003,0.0,1.5707963267948966,1.0,100.0,20000,2000,2000,20000,1311
pairs,css,uniform,X,5,0.0010805208073600002,0.0,1.5707963267948966,1.0,100.0,20000,2000,2000,20000,0
pairs,css,uniform,X,5,0.0021610416147200004,0.0,1.5707963267948966,1.0,100.0,20000,2000,2000,20000,0
pairs,css,uniform,X,5,0.003241562422080001,0.0,1.5707963267948966,1.0,100.0,20000,2000,2000,20000,0
pairs,css,uniform,X,5,0.004322083229440001,0.0,1.5707963267948966,1.0,100.0,20000,2000,2000,20000,3
pairs,css,uniform,X,5,0.005402604036800002,0.0,1.5707963267948966,1.0,100.0,20000,2000,2000,20000,57
pairs,css,uniform,X,5,0.006483124844160002,0.0,1.5707963267948966,1.0,100.0,20000,2000,2000,20000,253
pairs,css,uniform,X,5,0.007563645651520002,0.0,1.5707963267948966,1.0,100.0,20000,2000,2000,20000,811
pairs,css,uniform,X,5,0.008644166458880002,0.0,1.5707963267948966,1.0,100.0,20000,2000,2000,20000,1882
pairs,css,uniform,X,5,0.009724687266240003,0.0,1.5707963267948966,1.0,100.0,20000,2000,2000,14000,2296
