code,scheme,distance,eta,p,basis,noise,shots_max,max_errors,qubits,shots,errors
css,pairs,5,100.0,0.015,Z,spin,50000,500,1200,50000,25067
css,pairs,5,1000.0,0.015,Z,spin,50000,500,1200,50000,25174
css,pairs,5,30.0,0.015,Z,spin,50000,500,1200,50000,25066
css,method_a,5,100.0,0.015,Z,spin,50000,500,750,50000,24936
css,method_a,5,1000.0,0.015,Z,spin,50000,500,750,50000,25083
css,method_a,5,30.0,0.015,Z,spin,50000,500,750,50000,24857
css,pairs,5,10.0,0.015,Z,spin,50000,500,1200,50000,25117
css,method_a,5,10.0,0.015,Z,spin,50000,500,750,50000,25083
css,pairs,5,3.0,0.015,Z,spin,50000,500,1200,50000,24966
css,method_a,5,3.0,0.015,Z,spin,50000,500,750,50000,24975
css,method_b,5,30.0,0.015,Z,spin,50000,500,750,50000,24960
css,method_b,5,10.0,0.015,Z,spin,50000,500,750,50000,24965
css,method_b,5,3.0,0.015,Z,spin,50000,500,750,50000,24755
css,pairs,5,1.0,0.015,Z,spin,50000,500,1200,50000,24765
css,method_a,5,30.0,0.015,X,spin,50000,500,750,50000,24907
css,method_a,5,10.0,0.015,X,spin,50000,500,750,50000,25034
css,method_a,5,100.0,0.015,X,spin,50000,500,750,50000,24942
css,method_a,5,1000.0,0.015,X,spin,50000,500,750,50000,25099
css,pairs,5,100.0,0.015,X,spin,50000,500,1200,50000,24937
css,pairs,5,30.0,0.015,X,spin,50000,500,1200,50000,24913
css,pairs,5,1000.0,0.015,X,spin,50000,500,1200,50000,24961
css,method_a,5,3.0,0.015,X,spin,50000,500,750,50000,25125
css,pairs,5,10.0,0.015,X,spin,50000,500,1200,50000,24998
css,method_b,5,100.0,0.015,Z,spin,50000,500,750,50000,25104
css,method_b,5,1000.0,0.015,Z,spin,50000,500,750,50000,24896
css,pairs,5,0.5,0.015,Z,spin,50000,500,1200,50000,24981
css,pairs,5,0.5,0.015,X,spin,50000,500,1200,50000,25060
css,method_a,5,0.5,0.015,Z,spin,50000,500,750,50000,25104
css,method_a,5,0.5,0.015,X,spin,50000,500,750,50000,24868
css,method_a,5,1.0,0.015,X,spin,50000,500,750,50000,24888
css,method_c,5,30.0,0.015,Z,spin,50000,500,750,50000,24896
css,method_c,5,10.0,0.015,Z,spin,50000,500,750,50000,25052
css,method_c,5,3.0,0.015,Z,spin,50000,500,750,50000,24920
css,pairs,5,3.0,0.015,X,spin,50000,500,1200,50000,25118
css,method_c,5,100.0,0.015,Z,spin,50000,500,750,50000,24931
css,pairs,5,1.0,0.015,X,spin,50000,500,1200,50000,24971
css,method_b,5,10.0,0.015,X,spin,50000,500,750,50000,25070
css,method_c,5,1000.0,0.015,Z,spin,50000,500,750,50000,25076
css,method_b,5,3.0,0.015,X,spin,50000,500,750,50000,24948
css,method_b,5,1.0,0.015,Z,spin,50000,500,750,50000,25154
css,method_b,5,30.0,0.015,X,spin,50000,500,750,50000,25279
css,method_a,5,1.0,0.015,Z,spin,50000,500,750,50000,25065
x3z3,pairs,5,30.0,0.015,Z,spin,50000,500,1200,50000,24909
css,method_b,5,100.0,0.015,X,spin,50000,500,750,50000,25217
x3z3,pairs,5,10.0,0.015,Z,spin,50000,500,1200,50000,24929
x3z3,pairs,5,30.0,0.015,X,spin,50000,500,1200,50000,24890
css,method_b,5,1000.0,0.015,X,spin,50000,500,750,50000,25030
x3z3,pairs,5,10.0,0.015,X,spin,50000,500,1200,50000,24982
x3z3,pairs,5,100.0,0.015,Z,spin,50000,500,1200,50000,24974
x3z3,pairs,5,100.0,0.015,X,spin,50000,500,1200,50000,24888
x3z3,pairs,5,1000.0,0.015,Z,spin,50000,500,1200,50000,24932
x3z3,pairs,5,3.0,0.015,Z,spin,50000,500,1200,50000,24833
css,method_b,5,1.0,0.015,X,spin,50000,500,750,50000,25057
css,method_c,5,10.0,0.015,X,spin,50000,500,750,50000,24905
x3z3,pairs,5,3.0,0.015,X,spin,50000,500,1200,50000,25015
x3z3,pairs,5,1000.0,0.015,X,spin,50000,500,1200,50000,25178
x3z3,method_a,5,3.0,0.015,Z,spin,50000,500,750,50000,25146
x3z3,method_a,5,10.0,0.015,Z,spin,50000,500,750,50000,24904
x3z3,method_a,5,3.0,0.015,X,spin,50000,500,750,50000,25234
css,method_c,5,3.0,0.015,X,spin,50000,500,750,50000,25123
css,method_c,5,1000.0,0.015,X,spin,50000,500,750,50000,24914
css,method_c,5,100.0,0.015,X,spin,50000,500,750,50000,25049
css,method_c,5,30.0,0.015,X,spin,50000,500,750,50000,24883
css,method_c,5,1.0,0.015,Z,spin,50000,500,750,50000,24961
x3z3,method_a,5,10.0,0.015,X,spin,50000,500,750,50000,24939
x3z3,method_a,5,30.0,0.015,Z,spin,50000,500,750,50000,25128
x3z3,method_a,5,30.0,0.015,X,spin,50000,500,750,50000,25246
x3z3,method_a,5,100.0,0.015,Z,spin,50000,500,750,50000,25021
x3z3,method_a,5,100.0,0.015,X,spin,50000,500,750,50000,24948
x3z3,method_a,5,1000.0,0.015,Z,spin,50000,500,750,50000,24965
x3z3,pairs,5,1.0,0.015,X,spin,50000,500,1200,50000,25032
x3z3,pairs,5,0.5,0.015,Z,spin,50000,500,1200,50000,25141
x3z3,pairs,5,0.5,0.015,X,spin,50000,500,1200,50000,24988
x3z3,method_a,5,1000.0,0.015,X,spin,50000,500,750,50000,25053
x3z3,pairs,5,1.0,0.015,Z,spin,50000,500,1200,50000,25108
x3z3,method_a,5,1.0,0.015,X,spin,50000,500,750,50000,25000
x3z3,method_a,5,1.0,0.015,Z,spin,50000,500,750,50000,24918
x3z3,method_b,5,10.0,0.015,Z,spin,50000,500,750,50000,25083
x3z3,method_b,5,30.0,0.015,Z,spin,50000,500,750,50000,24803
x3z3,method_b,5,10.0,0.015,X,spin,50000,500,750,50000,24851
x3z3,method_b,5,30.0,0.015,X,spin,50000,500,750,50000,25160
x3z3,method_b,5,100.0,0.015,Z,spin,50000,500,750,50000,25062
x3z3,method_b,5,100.0,0.015,X,spin,50000,500,750,50000,25116
x3z3,method_b,5,1000.0,0.015,Z,spin,50000,500,750,50000,24912
x3z3,method_b,5,3.0,0.015,X,spin,50000,500,750,50000,24820
x3z3,method_b,5,3.0,0.015,Z,spin,50000,500,750,50000,24922
x3z3,method_b,5,1000.0,0.015,X,spin,50000,500,750,50000,24929
x3z3,method_c,5,10.0,0.015,Z,spin,50000,500,750,50000,24912
css,method_c,5,1.0,0.015,X,spin,50000,500,750,50000,25411
x3z3,method_c,5,10.0,0.015,X,spin,50000,500,750,50000,25101
x3z3,method_c,5,30.0,0.015,Z,spin,50000,500,750,50000,24847
x3z3,method_c,5,30.0,0.015,X,spin,50000,500,750,50000,24984
x3z3,method_c,5,100.0,0.015,Z,spin,50000,500,750,50000,24939
x3z3,method_c,5,100.0,0.015,X,spin,50000,500,750,50000,25204
x3z3,method_c,5,1000.0,0.015,Z,spin,50000,500,750,50000,24937
x3z3,method_c,5,3.0,0.015,Z,spin,50000,500,750,50000,25016
x3z3,method_c,5,3.0,0.015,X,spin,50000,500,750,50000,24881
x3z3,method_c,5,1000.0,0.015,X,spin,50000,500,750,50000,25264
css,method_b,5,0.5,0.015,Z,spin,50000,500,750,50000,25178
x3z3,method_a,5,0.5,0.015,X,spin,50000,500,750,50000,24949
x3z3,method_b,5,1.0,0.015,X,spin,50000,500,750,50000,25085
x3z3,method_b,5,1.0,0.015,Z,spin,50000,500,750,50000,24956
x3z3,method_a,5,0.5,0.015,Z,spin,50000,500,750,50000,24908
css,pairs,5,3.0,0.010130506142182251,Z,spin,50000,500,1200,50000,25241
css,pairs,5,100.0,0.010130506142182251,Z,spin,50000,500,1200,50000,25039
css,pairs,5,30.0,0.010130506142182251,Z,spin,50000,500,1200,50000,24940
css,pairs,5,10.0,0.010130506142182251,Z,spin,50000,500,1200,50000,24991
css,pairs,5,1000.0,0.010130506142182251,Z,spin,50000,500,1200,50000,25041
css,pairs,5,1.0,0.010130506142182251,Z,spin,50000,500,1200,50000,24984
x3z3,method_c,5,1.0,0.015,Z,spin,50000,500,750,50000,24730
x3z3,method_c,5,1.0,0.015,X,spin,50000,500,750,50000,25043
css,method_c,5,0.5,0.015,Z,spin,50000,500,750,50000,24980
css,pairs,5,0.5,0.010130506142182251,X,spin,50000,500,1200,50000,24890
css,pairs,5,0.5,0.010130506142182251,Z,spin,50000,500,1200,50000,24885
css,method_a,5,10.0,0.010130506142182251,Z,spin,50000,500,750,50000,24969
css,method_b,5,0.5,0.015,X,spin,50000,500,750,50000,25054
css,method_a,5,30.0,0.010130506142182251,Z,spin,50000,500,750,50000,24877
css,method_a,5,100.0,0.010130506142182251,Z,spin,50000,500,750,50000,25117
css,method_a,5,3.0,0.010130506142182251,Z,spin,50000,500,750,50000,25082
css,pairs,5,30.0,0.010130506142182251,X,spin,50000,500,1200,50000,24901
css,method_a,5,1000.0,0.010130506142182251,Z,spin,50000,500,750,50000,25034
css,pairs,5,100.0,0.010130506142182251,X,spin,50000,500,1200,50000,25029
css,pairs,5,1000.0,0.010130506142182251,X,spin,50000,500,1200,50000,25142
css,pairs,5,10.0,0.010130506142182251,X,spin,50000,500,1200,50000,25218
css,method_b,5,3.0,0.010130506142182251,Z,spin,50000,500,750,50000,24966
css,pairs,5,1.0,0.010130506142182251,X,spin,50000,500,1200,50000,24996
css,method_a,5,3.0,0.010130506142182251,X,spin,50000,500,750,50000,24921
css,method_a,5,10.0,0.010130506142182251,X,spin,50000,500,750,50000,24722
css,method_b,5,10.0,0.010130506142182251,Z,spin,50000,500,750,50000,25061
css,method_a,5,30.0,0.010130506142182251,X,spin,50000,500,750,50000,24741
css,pairs,5,3.0,0.010130506142182251,X,spin,50000,500,1200,50000,24854
css,method_b,5,30.0,0.010130506142182251,Z,spin,50000,500,750,50000,25074
css,method_b,5,100.0,0.010130506142182251,Z,spin,50000,500,750,50000,24991
css,method_a,5,1.0,0.010130506142182251,X,spin,50000,500,750,50000,24973
css,method_c,5,0.5,0.015,X,spin,50000,500,750,50000,24909
css,method_b,5,1000.0,0.010130506142182251,Z,spin,50000,500,750,50000,25116
css,method_a,5,0.5,0.010130506142182251,Z,spin,50000,500,750,50000,25010
css,method_a,5,100.0,0.010130506142182251,X,spin,50000,500,750,50000,25041
css,method_a,5,0.5,0.010130506142182251,X,spin,50000,500,750,50000,25162
css,method_a,5,1000.0,0.010130506142182251,X,spin,50000,500,750,50000,24969
css,method_c,5,10.0,0.010130506142182251,Z,spin,50000,500,750,50000,25067
css,method_c,5,3.0,0.010130506142182251,Z,spin,50000,500,750,50000,25147
css,method_b,5,1.0,0.010130506142182251,Z,spin,50000,500,750,50000,24900
x3z3,method_b,5,0.5,0.015,X,spin,50000,500,750,50000,25073
css,method_c,5,30.0,0.010130506142182251,Z,spin,50000,500,750,50000,25142
x3z3,method_b,5,0.5,0.015,Z,spin,50000,500,750,50000,25054
css,method_c,5,100.0,0.010130506142182251,Z,spin,50000,500,750,50000,24849
css,method_c,5,1000.0,0.010130506142182251,Z,spin,50000,500,750,50000,24763
css,method_a,5,1.0,0.010130506142182251,Z,spin,50000,500,750,50000,24999
x3z3,method_c,5,0.5,0.015,X,spin,50000,500,750,50000,24834
x3z3,method_c,5,0.5,0.015,Z,spin,50000,500,750,50000,24817
css,method_b,5,3.0,0.010130506142182251,X,spin,50000,500,750,50000,25017
css,method_b,5,30.0,0.010130506142182251,X,spin,50000,500,750,50000,25000
css,method_b,5,10.0,0.010130506142182251,X,spin,50000,500,750,50000,24744
css,method_b,5,100.0,0.010130506142182251,X,spin,50000,500,750,50000,25098
x3z3,pairs,5,10.0,0.010130506142182251,Z,spin,50000,500,1200,50000,24875
css,method_b,5,1.0,0.010130506142182251,X,spin,50000,500,750,50000,25004
x3z3,pairs,5,30.0,0.010130506142182251,Z,spin,50000,500,1200,50000,25030
x3z3,pairs,5,10.0,0.010130506142182251,X,spin,50000,500,1200,50000,25072
css,method_b,5,1000.0,0.010130506142182251,X,spin,50000,500,750,50000,25089
x3z3,pairs,5,30.0,0.010130506142182251,X,spin,50000,500,1200,50000,25025
x3z3,pairs,5,100.0,0.010130506142182251,Z,spin,50000,500,1200,50000,24751
x3z3,pairs,5,3.0,0.010130506142182251,X,spin,50000,500,1200,50000,25088
css,method_b,5,0.5,0.010130506142182251,Z,spin,50000,500,750,50000,25008
css,method_c,5,1.0,0.010130506142182251,Z,spin,50000,500,750,50000,25036
x3z3,pairs,5,3.0,0.010130506142182251,Z,spin,50000,500,1200,50000,24939
x3z3,pairs,5,100.0,0.010130506142182251,X,spin,50000,500,1200,50000,25183
x3z3,pairs,5,1000.0,0.010130506142182251,Z,spin,50000,500,1200,50000,25045
x3z3,pairs,5,1000.0,0.010130506142182251,X,spin,50000,500,1200,50000,24995
css,method_c,5,3.0,0.010130506142182251,X,spin,50000,500,750,50000,24915
css,method_c,5,10.0,0.010130506142182251,X,spin,50000,500,750,50000,24922
css,method_c,5,100.0,0.010130506142182251,X,spin,50000,500,750,50000,25020
css,method_c,5,30.0,0.010130506142182251,X,spin,50000,500,750,50000,25136
x3z3,method_a,5,10.0,0.010130506142182251,Z,spin,50000,500,750,50000,24931
x3z3,method_a,5,3.0,0.010130506142182251,Z,spin,50000,500,750,50000,24904
x3z3,method_a,5,100.0,0.010130506142182251,Z,spin,50000,500,750,50000,24858
x3z3,method_a,5,30.0,0.010130506142182251,Z,spin,50000,500,750,50000,24840
x3z3,pairs,5,1.0,0.010130506142182251,Z,spin,50000,500,1200,50000,24979
x3z3,method_a,5,30.0,0.010130506142182251,X,spin,50000,500,750,50000,25071
x3z3,method_a,5,100.0,0.010130506142182251,X,spin,50000,500,750,50000,24877
x3z3,method_a,5,3.0,0.010130506142182251,X,spin,50000,500,750,50000,25101
x3z3,pairs,5,1.0,0.010130506142182251,X,spin,50000,500,1200,50000,24824
x3z3,method_a,5,1000.0,0.010130506142182251,Z,spin,50000,500,750,50000,25063
x3z3,method_a,5,10.0,0.010130506142182251,X,spin,50000,500,750,50000,25235
x3z3,pairs,5,0.5,0.010130506142182251,Z,spin,50000,500,1200,50000,25037
x3z3,pairs,5,0.5,0.010130506142182251,X,spin,50000,500,1200,50000,24936
css,method_b,5,0.5,0.010130506142182251,X,spin,50000,500,750,50000,25258
x3z3,method_a,5,1000.0,0.010130506142182251,X,spin,50000,500,750,50000,25138
css,method_c,5,1000.0,0.010130506142182251,X,spin,50000,500,750,50000,25264
css,method_c,5,1.0,0.010130506142182251,X,spin,50000,500,750,50000,25136
css,method_c,5,0.5,0.010130506142182251,Z,spin,50000,500,750,50000,25055
x3z3,method_a,5,1.0,0.010130506142182251,Z,spin,50000,500,750,50000,25120
x3z3,method_b,5,30.0,0.010130506142182251,Z,spin,50000,500,750,50000,25074
x3z3,method_b,5,1000.0,0.010130506142182251,Z,spin,50000,500,750,50000,24786
x3z3,method_b,5,30.0,0.010130506142182251,X,spin,50000,500,750,50000,24774
x3z3,method_b,5,100.0,0.010130506142182251,Z,spin,50000,500,750,50000,24996
x3z3,method_b,5,1000.0,0.010130506142182251,X,spin,50000,500,750,50000,25017
x3z3,method_b,5,10.0,0.010130506142182251,Z,spin,50000,500,750,50000,25107
x3z3,method_a,5,1.0,0.010130506142182251,X,spin,50000,500,750,50000,24973
x3z3,method_b,5,100.0,0.010130506142182251,X,spin,50000,500,750,50000,25138
x3z3,method_b,5,10.0,0.010130506142182251,X,spin,50000,500,750,50000,25174
x3z3,method_b,5,3.0,0.010130506142182251,Z,spin,50000,500,750,50000,24808
x3z3,method_b,5,3.0,0.010130506142182251,X,spin,50000,500,750,50000,25031
x3z3,method_c,5,10.0,0.010130506142182251,Z,spin,50000,500,750,50000,25058
x3z3,method_c,5,10.0,0.010130506142182251,X,spin,50000,500,750,50000,25075
x3z3,method_c,5,3.0,0.010130506142182251,X,spin,50000,500,750,50000,24930
x3z3,method_c,5,30.0,0.010130506142182251,Z,spin,50000,500,750,50000,25008
x3z3,method_c,5,3.0,0.010130506142182251,Z,spin,50000,500,750,50000,25091
x3z3,method_c,5,1000.0,0.010130506142182251,Z,spin,50000,500,750,50000,25109
x3z3,method_c,5,1000.0,0.010130506142182251,X,spin,50000,500,750,50000,24877
x3z3,method_c,5,30.0,0.010130506142182251,X,spin,50000,500,750,50000,25189
x3z3,method_c,5,100.0,0.010130506142182251,Z,spin,50000,500,750,50000,25174
css,pairs,5,3.0,0.006841810313119493,Z,spin,50000,500,1200,50000,24972
x3z3,method_c,5,100.0,0.010130506142182251,X,spin,50000,500,750,50000,25080
css,method_c,5,0.5,0.010130506142182251,X,spin,50000,500,750,50000,24886
css,pairs,5,10.0,0.006841810313119493,Z,spin,50000,500,1200,50000,24897
x3z3,method_b,5,1.0,0.010130506142182251,Z,spin,50000,500,750,50000,24934
css,pairs,5,100.0,0.006841810313119493,Z,spin,50000,500,1200,50000,24002
css,pairs,5,1.0,0.006841810313119493,Z,spin,50000,500,1200,50000,25084
css,pairs,5,1000.0,0.006841810313119493,Z,spin,50000,500,1200,50000,23338
css,pairs,5,30.0,0.006841810313119493,Z,spin,50000,500,1200,50000,24198
x3z3,method_b,5,1.0,0.010130506142182251,X,spin,50000,500,750,50000,24960
x3z3,method_a,5,0.5,0.010130506142182251,Z,spin,50000,500,750,50000,24978
x3z3,method_c,5,1.0,0.010130506142182251,Z,spin,50000,500,750,50000,24991
x3z3,method_c,5,1.0,0.010130506142182251,X,spin,50000,500,750,50000,24938
x3z3,method_a,5,0.5,0.010130506142182251,X,spin,50000,500,750,50000,25100
css,pairs,5,0.5,0.006841810313119493,Z,spin,50000,500,1200,50000,25107
css,pairs,5,0.5,0.006841810313119493,X,spin,50000,500,1200,50000,25071
css,method_a,5,10.0,0.006841810313119493,Z,spin,50000,500,750,50000,24898
css,method_a,5,30.0,0.006841810313119493,Z,spin,50000,500,750,50000,24505
css,pairs,5,1.0,0.006841810313119493,X,spin,50000,500,1200,50000,25008
css,method_a,5,3.0,0.006841810313119493,Z,spin,50000,500,750,50000,24986
css,method_a,5,100.0,0.006841810313119493,Z,spin,50000,500,750,50000,24284
css,method_a,5,1000.0,0.006841810313119493,Z,spin,50000,500,750,50000,23222
css,pairs,5,10.0,0.006841810313119493,X,spin,50000,500,1200,50000,25093
css,pairs,5,100.0,0.006841810313119493,X,spin,50000,500,1200,50000,24892
css,pairs,5,1000.0,0.006841810313119493,X,spin,50000,500,1200,50000,25068
css,pairs,5,30.0,0.006841810313119493,X,spin,50000,500,1200,50000,25218
css,pairs,5,3.0,0.006841810313119493,X,spin,50000,500,1200,50000,24994
css,method_b,5,10.0,0.006841810313119493,Z,spin,50000,500,750,50000,24926
css,method_b,5,3.0,0.006841810313119493,Z,spin,50000,500,750,50000,25006
css,method_a,5,3.0,0.006841810313119493,X,spin,50000,500,750,50000,25004
x3z3,method_b,5,0.5,0.010130506142182251,Z,spin,50000,500,750,50000,25047
css,method_b,5,30.0,0.006841810313119493,Z,spin,50000,500,750,50000,24534
css,method_a,5,0.5,0.006841810313119493,X,spin,50000,500,750,50000,25003
css,method_a,5,0.5,0.006841810313119493,Z,spin,50000,500,750,50000,24826
x3z3,method_b,5,0.5,0.010130506142182251,X,spin,50000,500,750,50000,24990
css,method_a,5,1.0,0.006841810313119493,X,spin,50000,500,750,50000,24870
css,method_b,5,100.0,0.006841810313119493,Z,spin,50000,500,750,50000,23950
css,method_a,5,30.0,0.006841810313119493,X,spin,50000,500,750,50000,25080
css,method_a,5,10.0,0.006841810313119493,X,spin,50000,500,750,50000,25025
css,method_a,5,1.0,0.006841810313119493,Z,spin,50000,500,750,50000,25054
css,method_b,5,1000.0,0.006841810313119493,Z,spin,50000,500,750,50000,23198
css,method_a,5,100.0,0.006841810313119493,X,spin,50000,500,750,50000,25005
x3z3,method_c,5,0.5,0.010130506142182251,Z,spin,50000,500,750,50000,24856
css,method_b,5,1.0,0.006841810313119493,Z,spin,50000,500,750,50000,25001
css,method_a,5,1000.0,0.006841810313119493,X,spin,50000,500,750,50000,24958
x3z3,method_c,5,0.5,0.010130506142182251,X,spin,50000,500,750,50000,24884
css,method_c,5,3.0,0.006841810313119493,Z,spin,50000,500,750,50000,24781
css,method_c,5,30.0,0.006841810313119493,Z,spin,50000,500,750,50000,24550
css,method_b,5,10.0,0.006841810313119493,X,spin,50000,500,750,50000,24954
css,method_c,5,100.0,0.006841810313119493,Z,spin,50000,500,750,50000,23941
css,method_c,5,10.0,0.006841810313119493,Z,spin,50000,500,750,50000,25160
css,method_b,5,1.0,0.006841810313119493,X,spin,50000,500,750,50000,25156
css,method_c,5,1000.0,0.006841810313119493,Z,spin,50000,500,750,50000,23215
css,method_b,5,3.0,0.006841810313119493,X,spin,50000,500,750,50000,24884
css,method_b,5,30.0,0.006841810313119493,X,spin,50000,500,750,50000,24857
css,method_b,5,0.5,0.006841810313119493,Z,spin,50000,500,750,50000,24946
css,method_b,5,100.0,0.006841810313119493,X,spin,50000,500,750,50000,24907
x3z3,pairs,5,3.0,0.006841810313119493,Z,spin,50000,500,1200,50000,24774
x3z3,pairs,5,10.0,0.006841810313119493,Z,spin,50000,500,1200,50000,24977
css,method_b,5,1000.0,0.006841810313119493,X,spin,50000,500,750,50000,24942
x3z3,pairs,5,30.0,0.006841810313119493,Z,spin,50000,500,1200,50000,25051
x3z3,pairs,5,10.0,0.006841810313119493,X,spin,50000,500,1200,50000,24939
css,method_c,5,1.0,0.006841810313119493,Z,spin,50000,500,750,50000,25147
x3z3,pairs,5,100.0,0.006841810313119493,X,spin,50000,500,1200,50000,25134
x3z3,pairs,5,3.0,0.006841810313119493,X,spin,50000,500,1200,50000,24958
x3z3,pairs,5,100.0,0.006841810313119493,Z,spin,50000,500,1200,50000,24852
x3z3,pairs,5,30.0,0.006841810313119493,X,spin,50000,500,1200,50000,25198
css,method_b,5,0.5,0.006841810313119493,X,spin,50000,500,750,50000,24967
x3z3,pairs,5,1000.0,0.006841810313119493,X,spin,50000,500,1200,50000,24930
x3z3,pairs,5,1000.0,0.006841810313119493,Z,spin,50000,500,1200,50000,24956
x3z3,pairs,5,1.0,0.006841810313119493,X,spin,50000,500,1200,50000,24993
x3z3,pairs,5,1.0,0.006841810313119493,Z,spin,50000,500,1200,50000,24885
css,method_c,5,3.0,0.006841810313119493,X,spin,50000,500,750,50000,24932
x3z3,pairs,5,0.5,0.006841810313119493,X,spin,50000,500,1200,50000,24966
x3z3,pairs,5,0.5,0.006841810313119493,Z,spin,50000,500,1200,50000,25067
css,method_c,5,10.0,0.006841810313119493,X,spin,50000,500,750,50000,25014
css,method_c,5,100.0,0.006841810313119493,X,spin,50000,500,750,50000,24874
x3z3,method_a,5,30.0,0.006841810313119493,X,spin,50000,500,750,50000,24989
x3z3,method_a,5,10.0,0.006841810313119493,Z,spin,50000,500,750,50000,24949
x3z3,method_a,5,30.0,0.006841810313119493,Z,spin,50000,500,750,50000,25123
x3z3,method_a,5,100.0,0.006841810313119493,Z,spin,50000,500,750,50000,25053
x3z3,method_a,5,10.0,0.006841810313119493,X,spin,50000,500,750,50000,25007
x3z3,method_a,5,1000.0,0.006841810313119493,X,spin,50000,500,750,50000,25055
x3z3,method_a,5,100.0,0.006841810313119493,X,spin,50000,500,750,50000,25009
css,method_c,5,30.0,0.006841810313119493,X,spin,50000,500,750,50000,25005
x3z3,method_a,5,1000.0,0.006841810313119493,Z,spin,50000,500,750,50000,25080
css,method_c,5,1.0,0.006841810313119493,X,spin,50000,500,750,50000,25281
x3z3,method_a,5,3.0,0.006841810313119493,X,spin,50000,500,750,50000,24802
css,method_c,5,1000.0,0.006841810313119493,X,spin,50000,500,750,50000,24945
x3z3,method_a,5,3.0,0.006841810313119493,Z,spin,50000,500,750,50000,25127
css,method_c,5,0.5,0.006841810313119493,Z,spin,50000,500,750,50000,24981
x3z3,method_b,5,10.0,0.006841810313119493,Z,spin,50000,500,750,50000,25096
css,method_c,5,0.5,0.006841810313119493,X,spin,50000,500,750,50000,24851
x3z3,method_b,5,30.0,0.006841810313119493,X,spin,50000,500,750,50000,25041
x3z3,method_b,5,30.0,0.006841810313119493,Z,spin,50000,500,750,50000,24805
x3z3,method_b,5,3.0,0.006841810313119493,Z,spin,50000,500,750,50000,24956
x3z3,method_b,5,100.0,0.006841810313119493,Z,spin,50000,500,750,50000,24965
x3z3,method_b,5,1000.0,0.006841810313119493,X,spin,50000,500,750,50000,25015
x3z3,method_b,5,1000.0,0.006841810313119493,Z,spin,50000,500,750,50000,25128
x3z3,method_b,5,3.0,0.006841810313119493,X,spin,50000,500,750,50000,25175
x3z3,method_b,5,100.0,0.006841810313119493,X,spin,50000,500,750,50000,25039
x3z3,method_b,5,10.0,0.006841810313119493,X,spin,50000,500,750,50000,25061
x3z3,method_a,5,1.0,0.006841810313119493,Z,spin,50000,500,750,50000,25037
x3z3,method_c,5,30.0,0.006841810313119493,Z,spin,50000,500,750,50000,25044
x3z3,method_a,5,1.0,0.006841810313119493,X,spin,50000,500,750,50000,24979
x3z3,method_c,5,10.0,0.006841810313119493,Z,spin,50000,500,750,50000,24998
x3z3,method_c,5,10.0,0.006841810313119493,X,spin,50000,500,750,50000,24998
x3z3,method_c,5,3.0,0.006841810313119493,X,spin,50000,500,750,50000,24959
x3z3,method_c,5,3.0,0.006841810313119493,Z,spin,50000,500,750,50000,24932
x3z3,method_b,5,1.0,0.006841810313119493,X,spin,50000,500,750,50000,24954
css,pairs,5,10.0,0.004620733426713526,Z,spin,50000,500,1200,50000,20292
x3z3,method_b,5,1.0,0.006841810313119493,Z,spin,50000,500,750,50000,24907
x3z3,method_c,5,30.0,0.006841810313119493,X,spin,50000,500,750,50000,25071
x3z3,method_c,5,1000.0,0.006841810313119493,Z,spin,50000,500,750,50000,25082
css,pairs,5,100.0,0.004620733426713526,Z,spin,50000,500,1200,50000,10606
x3z3,method_c,5,100.0,0.006841810313119493,Z,spin,50000,500,750,50000,24916
css,pairs,5,30.0,0.004620733426713526,Z,spin,50000,500,1200,50000,14677
css,pairs,5,3.0,0.004620733426713526,Z,spin,50000,500,1200,50000,24296
x3z3,method_c,5,100.0,0.006841810313119493,X,spin,50000,500,750,50000,25064
x3z3,method_c,5,1000.0,0.006841810313119493,X,spin,50000,500,750,50000,24875
x3z3,method_a,5,0.5,0.006841810313119493,Z,spin,50000,500,750,50000,25007
css,pairs,5,1.0,0.004620733426713526,Z,spin,50000,500,1200,50000,25047
css,pairs,5,1000.0,0.004620733426713526,Z,spin,50000,500,1200,50000,8127
css,pairs,5,0.5,0.004620733426713526,Z,spin,50000,500,1200,50000,25077
x3z3,method_a,5,0.5,0.006841810313119493,X,spin,50000,500,750,50000,24933
css,pairs,5,0.5,0.004620733426713526,X,spin,50000,500,1200,50000,24904
x3z3,method_c,5,1.0,0.006841810313119493,Z,spin,50000,500,750,50000,24820
x3z3,method_c,5,1.0,0.006841810313119493,X,spin,50000,500,750,50000,25069
css,method_a,5,100.0,0.004620733426713526,Z,spin,50000,500,750,50000,11827
css,method_a,5,10.0,0.004620733426713526,Z,spin,50000,500,750,50000,22627
css,pairs,5,1.0,0.004620733426713526,X,spin,50000,500,1200,50000,24961
css,method_a,5,30.0,0.004620733426713526,Z,spin,50000,500,750,50000,17291
css,method_a,5,1000.0,0.004620733426713526,Z,spin,50000,500,750,50000,8399
css,method_a,5,3.0,0.004620733426713526,Z,spin,50000,500,750,50000,24878
css,pairs,5,10.0,0.004620733426713526,X,spin,50000,500,1200,50000,24964
css,pairs,5,30.0,0.004620733426713526,X,spin,50000,500,1200,50000,25001
css,pairs,5,3.0,0.004620733426713526,X,spin,50000,500,1200,50000,25061
css,pairs,5,100.0,0.004620733426713526,X,spin,50000,500,1200,50000,24939
css,method_b,5,30.0,0.004620733426713526,Z,spin,50000,500,750,50000,15846
css,method_b,5,3.0,0.004620733426713526,Z,spin,50000,500,750,50000,24525
css,pairs,5,1000.0,0.004620733426713526,X,spin,50000,500,1200,50000,25230
css,method_b,5,10.0,0.004620733426713526,Z,spin,50000,500,750,50000,21480
css,method_b,5,100.0,0.004620733426713526,Z,spin,50000,500,750,50000,11222
x3z3,method_b,5,0.5,0.006841810313119493,X,spin,50000,500,750,50000,24946
css,method_a,5,1.0,0.004620733426713526,Z,spin,50000,500,750,50000,25089
css,method_a,5,0.5,0.004620733426713526,Z,spin,50000,500,750,50000,24920
css,method_a,5,30.0,0.004620733426713526,X,spin,50000,500,750,50000,25070
x3z3,method_b,5,0.5,0.006841810313119493,Z,spin,50000,500,750,50000,25070
css,method_a,5,0.5,0.004620733426713526,X,spin,50000,500,750,50000,24926
css,method_b,5,1000.0,0.004620733426713526,Z,spin,50000,500,750,50000,8315
css,method_a,5,3.0,0.004620733426713526,X,spin,50000,500,750,50000,24957
css,method_b,5,1.0,0.004620733426713526,Z,spin,50000,500,750,50000,24788
css,method_a,5,1.0,0.004620733426713526,X,spin,50000,500,750,50000,25020
css,method_a,5,10.0,0.004620733426713526,X,spin,50000,500,750,50000,24990
css,method_a,5,1000.0,0.004620733426713526,X,spin,50000,500,750,50000,24954
css,method_a,5,100.0,0.004620733426713526,X,spin,50000,500,750,50000,24794
css,method_b,5,1.0,0.004620733426713526,X,spin,50000,500,750,50000,24927
css,method_c,5,10.0,0.004620733426713526,Z,spin,50000,500,750,50000,21556
css,method_c,5,3.0,0.004620733426713526,Z,spin,50000,500,750,50000,24839
css,method_c,5,30.0,0.004620733426713526,Z,spin,50000,500,750,50000,16057
css,method_c,5,100.0,0.004620733426713526,Z,spin,50000,500,750,50000,11445
css,method_b,5,0.5,0.004620733426713526,X,spin,50000,500,750,50000,24794
css,method_b,5,10.0,0.004620733426713526,X,spin,50000,500,750,50000,25011
css,method_b,5,0.5,0.004620733426713526,Z,spin,50000,500,750,50000,24972
css,method_b,5,3.0,0.004620733426713526,X,spin,50000,500,750,50000,24898
css,method_c,5,1000.0,0.004620733426713526,Z,spin,50000,500,750,50000,8305
css,method_b,5,30.0,0.004620733426713526,X,spin,50000,500,750,50000,24987
x3z3,method_c,5,0.5,0.006841810313119493,Z,spin,50000,500,750,50000,25069
css,method_b,5,100.0,0.004620733426713526,X,spin,50000,500,750,50000,24879
x3z3,method_c,5,0.5,0.006841810313119493,X,spin,50000,500,750,50000,24983
css,method_c,5,1.0,0.004620733426713526,Z,spin,50000,500,750,50000,24933
css,method_b,5,1000.0,0.004620733426713526,X,spin,50000,500,750,50000,25104
x3z3,pairs,5,1000.0,0.004620733426713526,X,spin,50000,500,1200,50000,24944
x3z3,pairs,5,100.0,0.004620733426713526,Z,spin,50000,500,1200,50000,24898
x3z3,pairs,5,30.0,0.004620733426713526,Z,spin,50000,500,1200,50000,25118
x3z3,pairs,5,10.0,0.004620733426713526,X,spin,50000,500,1200,50000,25037
x3z3,pairs,5,1.0,0.004620733426713526,Z,spin,50000,500,1200,50000,25030
x3z3,pairs,5,30.0,0.004620733426713526,X,spin,50000,500,1200,50000,24930
x3z3,pairs,5,100.0,0.004620733426713526,X,spin,50000,500,1200,50000,24881
x3z3,pairs,5,3.0,0.004620733426713526,X,spin,50000,500,1200,50000,25047
x3z3,pairs,5,3.0,0.004620733426713526,Z,spin,50000,500,1200,50000,24983
x3z3,pairs,5,1000.0,0.004620733426713526,Z,spin,50000,500,1200,50000,24890
css,method_c,5,3.0,0.004620733426713526,X,spin,50000,500,750,50000,25067
x3z3,pairs,5,0.5,0.004620733426713526,X,spin,50000,500,1200,50000,25067
x3z3,pairs,5,10.0,0.004620733426713526,Z,spin,50000,500,1200,50000,25062
x3z3,pairs,5,0.5,0.004620733426713526,Z,spin,50000,500,1200,50000,25072
x3z3,pairs,5,1.0,0.004620733426713526,X,spin,50000,500,1200,50000,25081
css,method_c,5,1.0,0.004620733426713526,X,spin,50000,500,750,50000,24978
css,method_c,5,100.0,0.004620733426713526,X,spin,50000,500,750,50000,24943
css,method_c,5,30.0,0.004620733426713526,X,spin,50000,500,750,50000,25128
css,method_c,5,0.5,0.004620733426713526,Z,spin,50000,500,750,50000,25056
css,method_c,5,10.0,0.004620733426713526,X,spin,50000,500,750,50000,25008
css,method_c,5,0.5,0.004620733426713526,X,spin,50000,500,750,50000,25005
css,method_c,5,1000.0,0.004620733426713526,X,spin,50000,500,750,50000,24933
x3z3,method_a,5,3.0,0.004620733426713526,Z,spin,50000,500,750,50000,24720
x3z3,method_a,5,30.0,0.004620733426713526,X,spin,50000,500,750,50000,24998
x3z3,method_a,5,10.0,0.004620733426713526,X,spin,50000,500,750,50000,24951
x3z3,method_a,5,100.0,0.004620733426713526,X,spin,50000,500,750,50000,24932
x3z3,method_a,5,30.0,0.004620733426713526,Z,spin,50000,500,750,50000,25004
x3z3,method_a,5,1000.0,0.004620733426713526,X,spin,50000,500,750,50000,25146
x3z3,method_a,5,3.0,0.004620733426713526,X,spin,50000,500,750,50000,24896
x3z3,method_a,5,1000.0,0.004620733426713526,Z,spin,50000,500,750,50000,25089
x3z3,method_a,5,100.0,0.004620733426713526,Z,spin,50000,500,750,50000,25331
x3z3,method_b,5,10.0,0.004620733426713526,Z,spin,50000,500,750,50000,24883
x3z3,method_a,5,10.0,0.004620733426713526,Z,spin,50000,500,750,50000,24807
x3z3,method_b,5,10.0,0.004620733426713526,X,spin,50000,500,750,50000,25012
x3z3,method_a,5,1.0,0.004620733426713526,Z,spin,50000,500,750,50000,24936
x3z3,method_b,5,30.0,0.004620733426713526,Z,spin,50000,500,750,50000,24979
x3z3,method_b,5,30.0,0.004620733426713526,X,spin,50000,500,750,50000,25016
x3z3,method_b,5,3.0,0.004620733426713526,X,spin,50000,500,750,50000,24919
x3z3,method_b,5,3.0,0.004620733426713526,Z,spin,50000,500,750,50000,24971
x3z3,method_a,5,1.0,0.004620733426713526,X,spin,50000,500,750,50000,24762
x3z3,method_b,5,100.0,0.004620733426713526,X,spin,50000,500,750,50000,24865
x3z3,method_b,5,100.0,0.004620733426713526,Z,spin,50000,500,750,50000,25018
x3z3,method_b,5,1000.0,0.004620733426713526,Z,spin,50000,500,750,50000,25192
x3z3,method_b,5,1000.0,0.004620733426713526,X,spin,50000,500,750,50000,24909
x3z3,method_b,5,1.0,0.004620733426713526,X,spin,50000,500,750,50000,25002
x3z3,method_a,5,0.5,0.004620733426713526,X,spin,50000,500,750,50000,24794
x3z3,method_a,5,0.5,0.004620733426713526,Z,spin,50000,500,750,50000,24967
x3z3,method_b,5,1.0,0.004620733426713526,Z,spin,50000,500,750,50000,25077
css,pairs,5,3.0,0.0031206912240472166,Z,spin,50000,500,1200,50000,15307
x3z3,method_c,5,10.0,0.004620733426713526,X,spin,50000,500,750,50000,25115
x3z3,method_c,5,10.0,0.004620733426713526,Z,spin,50000,500,750,50000,25131
x3z3,method_c,5,30.0,0.004620733426713526,Z,spin,50000,500,750,50000,24881
x3z3,method_c,5,100.0,0.004620733426713526,Z,spin,50000,500,750,50000,24974
css,pairs,5,1.0,0.0031206912240472166,Z,spin,50000,500,1200,50000,22952
css,pairs,5,10.0,0.0031206912240472166,Z,spin,50000,500,1200,50000,5491
x3z3,method_c,5,30.0,0.004620733426713526,X,spin,50000,500,750,50000,24954
css,pairs,5,0.5,0.0031206912240472166,Z,spin,50000,500,1200,50000,24363
x3z3,method_c,5,3.0,0.004620733426713526,Z,spin,50000,500,750,50000,25017
css,pairs,5,0.5,0.0031206912240472166,X,spin,50000,500,1200,50000,24547
x3z3,method_c,5,3.0,0.004620733426713526,X,spin,50000,500,750,50000,24833
css,pairs,5,30.0,0.0031206912240472166,Z,spin,50000,500,1200,50000,1880
x3z3,method_c,5,1000.0,0.004620733426713526,X,spin,50000,500,750,50000,24858
x3z3,method_c,5,1000.0,0.004620733426713526,Z,spin,50000,500,750,50000,24986
x3z3,method_c,5,100.0,0.004620733426713526,X,spin,50000,500,750,50000,25013
css,pairs,5,100.0,0.0031206912240472166,Z,spin,50000,500,1200,50000,808
css,pairs,5,1.0,0.0031206912240472166,X,spin,50000,500,1200,50000,24707
css,pairs,5,1000.0,0.0031206912240472166,Z,spin,50000,500,1200,50000,433
css,method_a,5,30.0,0.0031206912240472166,Z,spin,50000,500,750,50000,2972
css,pairs,5,3.0,0.0031206912240472166,X,spin,50000,500,1200,50000,24870
css,method_a,5,10.0,0.0031206912240472166,Z,spin,50000,500,750,50000,9030
css,pairs,5,10.0,0.0031206912240472166,X,spin,50000,500,1200,50000,24883
x3z3,method_b,5,0.5,0.004620733426713526,Z,spin,50000,500,750,50000,24865
css,method_a,5,1000.0,0.0031206912240472166,Z,spin,50000,500,750,50000,496
css,method_a,5,100.0,0.0031206912240472166,Z,spin,50000,500,750,50000,1157
x3z3,method_c,5,1.0,0.004620733426713526,X,spin,50000,500,750,50000,24828
x3z3,method_c,5,1.0,0.004620733426713526,Z,spin,50000,500,750,50000,25075
css,method_a,5,3.0,0.0031206912240472166,Z,spin,50000,500,750,50000,20787
x3z3,method_b,5,0.5,0.004620733426713526,X,spin,50000,500,750,50000,25055
css,pairs,5,100.0,0.0031206912240472166,X,spin,50000,500,1200,50000,24928
css,pairs,5,30.0,0.0031206912240472166,X,spin,50000,500,1200,50000,24861
css,method_b,5,10.0,0.0031206912240472166,Z,spin,50000,500,750,50000,7048
css,method_a,5,1.0,0.0031206912240472166,Z,spin,50000,500,750,50000,24694
css,method_b,5,30.0,0.0031206912240472166,Z,spin,50000,500,750,50000,2318
css,pairs,5,1000.0,0.0031206912240472166,X,spin,50000,500,1200,50000,24911
css,method_a,5,0.5,0.0031206912240472166,Z,spin,50000,500,750,50000,24882
css,method_b,5,1000.0,0.0031206912240472166,Z,spin,50000,500,750,50000,480
css,method_b,5,100.0,0.0031206912240472166,Z,spin,50000,500,750,50000,929
css,method_b,5,3.0,0.0031206912240472166,Z,spin,50000,500,750,50000,18272
css,method_a,5,0.5,0.0031206912240472166,X,spin,50000,500,750,50000,24880
css,method_b,5,1.0,0.0031206912240472166,Z,spin,50000,500,750,50000,24179
css,method_a,5,10.0,0.0031206912240472166,X,spin,50000,500,750,50000,25022
css,method_a,5,3.0,0.0031206912240472166,X,spin,50000,500,750,50000,24983
css,method_a,5,1.0,0.0031206912240472166,X,spin,50000,500,750,50000,24892
css,method_b,5,1.0,0.0031206912240472166,X,spin,50000,500,750,50000,24972
css,method_b,5,0.5,0.0031206912240472166,X,spin,50000,500,750,50000,24759
css,method_b,5,0.5,0.0031206912240472166,Z,spin,50000,500,750,50000,24749
css,method_c,5,10.0,0.0031206912240472166,Z,spin,50000,500,750,50000,7189
css,method_a,5,30.0,0.0031206912240472166,X,spin,50000,500,750,50000,24963
css,method_c,5,30.0,0.0031206912240472166,Z,spin,50000,500,750,50000,2445
css,method_a,5,100.0,0.0031206912240472166,X,spin,50000,500,750,50000,25068
css,method_b,5,3.0,0.0031206912240472166,X,spin,50000,500,750,50000,24957
x3z3,method_c,5,0.5,0.004620733426713526,Z,spin,50000,500,750,50000,24982
css,method_c,5,100.0,0.0031206912240472166,Z,spin,50000,500,750,50000,998
css,method_a,5,1000.0,0.0031206912240472166,X,spin,50000,500,750,50000,24858
x3z3,method_c,5,0.5,0.004620733426713526,X,spin,50000,500,750,50000,24987
css,method_c,5,1000.0,0.0031206912240472166,Z,spin,50000,500,750,50000,483
css,method_b,5,10.0,0.0031206912240472166,X,spin,50000,500,750,50000,24920
css,method_b,5,100.0,0.0031206912240472166,X,spin,50000,500,750,50000,24839
css,method_c,5,3.0,0.0031206912240472166,Z,spin,50000,500,750,50000,18337
css,method_b,5,30.0,0.0031206912240472166,X,spin,50000,500,750,50000,24978
css,method_c,5,1.0,0.0031206912240472166,Z,spin,50000,500,750,50000,24267
css,method_b,5,1000.0,0.0031206912240472166,X,spin,50000,500,750,50000,24806
css,method_c,5,0.5,0.0031206912240472166,Z,spin,50000,500,750,50000,24778
x3z3,pairs,5,1.0,0.0031206912240472166,Z,spin,50000,500,1200,50000,24084
css,method_c,5,10.0,0.0031206912240472166,X,spin,50000,500,750,50000,25012
css,method_c,5,0.5,0.0031206912240472166,X,spin,50000,500,750,50000,24797
x3z3,pairs,5,3.0,0.0031206912240472166,Z,spin,50000,500,1200,50000,23292
css,method_c,5,1.0,0.0031206912240472166,X,spin,50000,500,750,50000,24703
css,method_c,5,30.0,0.0031206912240472166,X,spin,50000,500,750,50000,25019
css,method_c,5,3.0,0.0031206912240472166,X,spin,50000,500,750,50000,25103
x3z3,pairs,5,1.0,0.0031206912240472166,X,spin,50000,500,1200,50000,24109
x3z3,pairs,5,0.5,0.0031206912240472166,Z,spin,50000,500,1200,50000,24286
css,method_c,5,100.0,0.0031206912240472166,X,spin,50000,500,750,50000,25095
x3z3,pairs,5,3.0,0.0031206912240472166,X,spin,50000,500,1200,50000,23442
x3z3,pairs,5,30.0,0.0031206912240472166,Z,spin,50000,500,1200,50000,21251
x3z3,pairs,5,30.0,0.0031206912240472166,X,spin,50000,500,1200,50000,21235
x3z3,pairs,5,10.0,0.0031206912240472166,Z,spin,50000,500,1200,50000,21828
x3z3,pairs,5,100.0,0.0031206912240472166,Z,spin,50000,500,1200,50000,20936
x3z3,pairs,5,100.0,0.0031206912240472166,X,spin,50000,500,1200,50000,20847
x3z3,pairs,5,10.0,0.0031206912240472166,X,spin,50000,500,1200,50000,21946
x3z3,pairs,5,1000.0,0.0031206912240472166,Z,spin,50000,500,1200,50000,20668
x3z3,pairs,5,0.5,0.0031206912240472166,X,spin,50000,500,1200,50000,24444
x3z3,pairs,5,1000.0,0.0031206912240472166,X,spin,50000,500,1200,50000,20766
css,method_c,5,1000.0,0.0031206912240472166,X,spin,50000,500,750,50000,24873
x3z3,method_a,5,3.0,0.0031206912240472166,X,spin,50000,500,750,50000,24366
x3z3,method_a,5,3.0,0.0031206912240472166,Z,spin,50000,500,750,50000,24648
x3z3,method_a,5,10.0,0.0031206912240472166,Z,spin,50000,500,750,50000,24053
x3z3,method_a,5,30.0,0.0031206912240472166,Z,spin,50000,500,750,50000,23549
x3z3,method_a,5,1.0,0.0031206912240472166,Z,spin,50000,500,750,50000,24934
x3z3,method_a,5,1000.0,0.0031206912240472166,Z,spin,50000,500,750,50000,23205
x3z3,method_a,5,30.0,0.0031206912240472166,X,spin,50000,500,750,50000,23663
x3z3,method_a,5,10.0,0.0031206912240472166,X,spin,50000,500,750,50000,24157
x3z3,method_b,5,1000.0,0.0031206912240472166,Z,spin,50000,500,750,50000,21751
x3z3,method_b,5,10.0,0.0031206912240472166,X,spin,50000,500,750,50000,23088
x3z3,method_a,5,1000.0,0.0031206912240472166,X,spin,50000,500,750,50000,23173
x3z3,method_a,5,0.5,0.0031206912240472166,Z,spin,50000,500,750,50000,24853
x3z3,method_a,5,0.5,0.0031206912240472166,X,spin,50000,500,750,50000,24744
x3z3,method_a,5,100.0,0.0031206912240472166,X,spin,50000,500,750,50000,23381
x3z3,method_a,5,100.0,0.0031206912240472166,Z,spin,50000,500,750,50000,23508
x3z3,method_b,5,100.0,0.0031206912240472166,X,spin,50000,500,750,50000,22024
x3z3,method_a,5,1.0,0.0031206912240472166,X,spin,50000,500,750,50000,25000
x3z3,method_b,5,3.0,0.0031206912240472166,X,spin,50000,500,750,50000,23953
x3z3,method_b,5,100.0,0.0031206912240472166,Z,spin,50000,500,750,50000,21786
x3z3,method_b,5,1.0,0.0031206912240472166,Z,spin,50000,500,750,50000,24686
x3z3,method_b,5,30.0,0.0031206912240472166,X,spin,50000,500,750,50000,22281
x3z3,method_b,5,30.0,0.0031206912240472166,Z,spin,50000,500,750,50000,22245
x3z3,method_b,5,10.0,0.0031206912240472166,Z,spin,50000,500,750,50000,22908
x3z3,method_b,5,3.0,0.0031206912240472166,Z,spin,50000,500,750,50000,24032
x3z3,method_b,5,1.0,0.0031206912240472166,X,spin,50000,500,750,50000,24517
x3z3,method_b,5,1000.0,0.0031206912240472166,X,spin,50000,500,750,50000,21695
x3z3,method_b,5,0.5,0.0031206912240472166,Z,spin,50000,500,750,50000,24681
css,pairs,5,0.5,0.0021076121075376403,X,spin,50000,500,1200,50000,15553
css,pairs,5,10.0,0.0021076121075376403,Z,spin,50000,500,1200,50000,326
x3z3,method_c,5,1.0,0.0031206912240472166,Z,spin,50000,500,750,50000,24702
css,pairs,5,1.0,0.0021076121075376403,Z,spin,50000,500,1200,50000,10308
css,pairs,5,3.0,0.0021076121075376403,Z,spin,50000,500,1200,50000,2480
x3z3,method_b,5,0.5,0.0031206912240472166,X,spin,50000,500,750,50000,24796
css,pairs,5,30.0,0.0021076121075376403,Z,spin,50000,500,1200,50000,63
css,pairs,5,100.0,0.0021076121075376403,Z,spin,50000,500,1200,50000,23
css,pairs,5,1000.0,0.0021076121075376403,Z,spin,50000,500,1200,50000,7
css,pairs,5,0.5,0.0021076121075376403,Z,spin,50000,500,1200,50000,15239
x3z3,method_c,5,10.0,0.0031206912240472166,Z,spin,50000,500,750,50000,22889
x3z3,method_c,5,30.0,0.0031206912240472166,Z,spin,50000,500,750,50000,22406
x3z3,method_c,5,3.0,0.0031206912240472166,Z,spin,50000,500,750,50000,24350
css,pairs,5,3.0,0.0021076121075376403,X,spin,50000,500,1200,50000,19357
css,pairs,5,1.0,0.0021076121075376403,X,spin,50000,500,1200,50000,17408
x3z3,method_c,5,10.0,0.0031206912240472166,X,spin,50000,500,750,50000,22980
x3z3,method_c,5,1000.0,0.0031206912240472166,X,spin,50000,500,750,50000,21827
x3z3,method_c,5,100.0,0.0031206912240472166,Z,spin,50000,500,750,50000,22038
css,pairs,5,10.0,0.0021076121075376403,X,spin,50000,500,1200,50000,20607
x3z3,method_c,5,100.0,0.0031206912240472166,X,spin,50000,500,750,50000,22035
x3z3,method_c,5,30.0,0.0031206912240472166,X,spin,50000,500,750,50000,22386
x3z3,method_c,5,0.5,0.0031206912240472166,X,spin,50000,500,750,50000,24676
x3z3,method_c,5,1000.0,0.0031206912240472166,Z,spin,50000,500,750,50000,21834
x3z3,method_c,5,3.0,0.0031206912240472166,X,spin,50000,500,750,50000,24112
css,pairs,5,30.0,0.0021076121075376403,X,spin,50000,500,1200,50000,20777
x3z3,method_c,5,0.5,0.0031206912240472166,Z,spin,50000,500,750,50000,24820
x3z3,method_c,5,1.0,0.0031206912240472166,X,spin,50000,500,750,50000,24651
css,pairs,5,100.0,0.0021076121075376403,X,spin,50000,500,1200,50000,21073
css,method_a,5,100.0,0.0021076121075376403,Z,spin,50000,500,750,50000,26
css,method_a,5,1000.0,0.0021076121075376403,Z,spin,50000,500,750,50000,11
css,method_a,5,10.0,0.0021076121075376403,Z,spin,50000,500,750,50000,730
css,method_a,5,30.0,0.0021076121075376403,Z,spin,50000,500,750,50000,132
css,method_a,5,3.0,0.0021076121075376403,Z,spin,50000,500,750,50000,6339
css,method_b,5,30.0,0.0021076121075376403,Z,spin,50000,500,750,50000,102
css,pairs,5,1000.0,0.0021076121075376403,X,spin,50000,500,1200,50000,21050
css,method_b,5,10.0,0.0021076121075376403,Z,spin,50000,500,750,50000,482
css,method_a,5,1.0,0.0021076121075376403,Z,spin,50000,500,750,50000,17490
css,method_a,5,0.5,0.0021076121075376403,X,spin,50000,500,750,50000,21575
css,method_a,5,0.5,0.0021076121075376403,Z,spin,50000,500,750,50000,21565
css,method_b,5,3.0,0.0021076121075376403,Z,spin,50000,500,750,50000,4109
css,method_b,5,100.0,0.0021076121075376403,Z,spin,50000,500,750,50000,23
css,method_a,5,1.0,0.0021076121075376403,X,spin,50000,500,750,50000,22323
css,method_a,5,3.0,0.0021076121075376403,X,spin,50000,500,750,50000,23305
css,method_b,5,1.0,0.0021076121075376403,Z,spin,50000,500,750,50000,14111
css,method_b,5,1000.0,0.0021076121075376403,Z,spin,50000,500,750,50000,8
css,method_a,5,30.0,0.0021076121075376403,X,spin,50000,500,750,50000,24188
css,method_b,5,3.0,0.0021076121075376403,X,spin,50000,500,750,50000,21277
css,method_b,5,0.5,0.0021076121075376403,Z,spin,50000,500,750,50000,18910
css,method_b,5,0.5,0.0021076121075376403,X,spin,50000,500,750,50000,19153
css,method_b,5,1.0,0.0021076121075376403,X,spin,50000,500,750,50000,19887
css,method_a,5,100.0,0.0021076121075376403,X,spin,50000,500,750,50000,24057
css,method_a,5,1000.0,0.0021076121075376403,X,spin,50000,500,750,50000,23945
css,method_a,5,10.0,0.0021076121075376403,X,spin,50000,500,750,50000,24101
css,method_b,5,30.0,0.0021076121075376403,X,spin,50000,500,750,50000,22083
css,method_b,5,10.0,0.0021076121075376403,X,spin,50000,500,750,50000,22092
css,method_c,5,10.0,0.0021076121075376403,Z,spin,50000,500,750,50000,511
css,method_c,5,3.0,0.0021076121075376403,Z,spin,50000,500,750,50000,4197
css,method_c,5,100.0,0.0021076121075376403,Z,spin,50000,500,750,50000,21
css,method_c,5,30.0,0.0021076121075376403,Z,spin,50000,500,750,50000,76
css,method_c,5,1000.0,0.0021076121075376403,Z,spin,50000,500,750,50000,5
css,method_b,5,100.0,0.0021076121075376403,X,spin,50000,500,750,50000,22335
css,method_c,5,1.0,0.0021076121075376403,Z,spin,50000,500,750,50000,14083
css,method_b,5,1000.0,0.0021076121075376403,X,spin,50000,500,750,50000,22450
css,method_c,5,10.0,0.0021076121075376403,X,spin,50000,500,750,50000,22227
css,method_c,5,0.5,0.0021076121075376403,X,spin,50000,500,750,50000,19226
css,method_c,5,3.0,0.0021076121075376403,X,spin,50000,500,750,50000,21330
css,method_c,5,1.0,0.0021076121075376403,X,spin,50000,500,750,50000,20019
css,method_c,5,0.5,0.0021076121075376403,Z,spin,50000,500,750,50000,18656
css,method_c,5,100.0,0.0021076121075376403,X,spin,50000,500,750,50000,22340
css,method_c,5,30.0,0.0021076121075376403,X,spin,50000,500,750,50000,22421
x3z3,pairs,5,0.5,0.0021076121075376403,X,spin,50000,500,1200,50000,15940
x3z3,pairs,5,0.5,0.0021076121075376403,Z,spin,50000,500,1200,50000,15743
x3z3,pairs,5,1.0,0.0021076121075376403,Z,spin,50000,500,1200,50000,14198
x3z3,pairs,5,30.0,0.0021076121075376403,Z,spin,50000,500,1200,50000,6745
x3z3,pairs,5,100.0,0.0021076121075376403,Z,spin,50000,500,1200,50000,6336
x3z3,pairs,5,10.0,0.0021076121075376403,Z,spin,50000,500,1200,50000,7981
css,method_c,5,1000.0,0.0021076121075376403,X,spin,50000,500,750,50000,22457
x3z3,pairs,5,3.0,0.0021076121075376403,X,spin,50000,500,1200,50000,10879
x3z3,pairs,5,10.0,0.0021076121075376403,X,spin,50000,500,1200,50000,7939
x3z3,pairs,5,1.0,0.0021076121075376403,X,spin,50000,500,1200,50000,14206
x3z3,pairs,5,1000.0,0.0021076121075376403,Z,spin,50000,500,1200,50000,6029
x3z3,pairs,5,1000.0,0.0021076121075376403,X,spin,50000,500,1200,50000,6053
x3z3,pairs,5,30.0,0.0021076121075376403,X,spin,50000,500,1200,50000,6756
x3z3,pairs,5,3.0,0.0021076121075376403,Z,spin,50000,500,1200,50000,10823
x3z3,pairs,5,100.0,0.0021076121075376403,X,spin,50000,500,1200,50000,6129
x3z3,method_a,5,1.0,0.0021076121075376403,Z,spin,50000,500,750,50000,20429
x3z3,method_a,5,10.0,0.0021076121075376403,Z,spin,50000,500,750,50000,13852
x3z3,method_a,5,30.0,0.0021076121075376403,Z,spin,50000,500,750,50000,11925
x3z3,method_a,5,1.0,0.0021076121075376403,X,spin,50000,500,750,50000,20490
x3z3,method_a,5,3.0,0.0021076121075376403,Z,spin,50000,500,750,50000,17365
x3z3,method_a,5,1000.0,0.0021076121075376403,Z,spin,50000,500,750,50000,10350
x3z3,method_a,5,10.0,0.0021076121075376403,X,spin,50000,500,750,50000,13566
x3z3,method_a,5,1000.0,0.0021076121075376403,X,spin,50000,500,750,50000,10497
x3z3,method_a,5,0.5,0.0021076121075376403,Z,spin,50000,500,750,50000,21494
x3z3,method_a,5,100.0,0.0021076121075376403,X,spin,50000,500,750,50000,10989
x3z3,method_a,5,30.0,0.0021076121075376403,X,spin,50000,500,750,50000,11725
x3z3,method_a,5,3.0,0.0021076121075376403,X,spin,50000,500,750,50000,17188
x3z3,method_a,5,100.0,0.0021076121075376403,Z,spin,50000,500,750,50000,10902
x3z3,method_b,5,30.0,0.0021076121075376403,Z,spin,50000,500,750,50000,8707
x3z3,method_a,5,0.5,0.0021076121075376403,X,spin,50000,500,750,50000,21633
x3z3,method_b,5,100.0,0.0021076121075376403,Z,spin,50000,500,750,50000,7922
x3z3,method_b,5,10.0,0.0021076121075376403,X,spin,50000,500,750,50000,10144
x3z3,method_b,5,3.0,0.0021076121075376403,X,spin,50000,500,750,50000,13733
x3z3,method_b,5,3.0,0.0021076121075376403,Z,spin,50000,500,750,50000,13834
x3z3,method_b,5,1000.0,0.0021076121075376403,Z,spin,50000,500,750,50000,7438
x3z3,method_b,5,30.0,0.0021076121075376403,X,spin,50000,500,750,50000,8629
x3z3,method_b,5,1000.0,0.0021076121075376403,X,spin,50000,500,750,50000,7489
x3z3,method_b,5,1.0,0.0021076121075376403,X,spin,50000,500,750,50000,17462
x3z3,method_b,5,100.0,0.0021076121075376403,X,spin,50000,500,750,50000,7829
x3z3,method_b,5,10.0,0.0021076121075376403,Z,spin,50000,500,750,50000,9976
x3z3,method_b,5,0.5,0.0021076121075376403,X,spin,50000,500,750,50000,19027
x3z3,method_b,5,0.5,0.0021076121075376403,Z,spin,50000,500,750,50000,19120
x3z3,method_b,5,1.0,0.0021076121075376403,Z,spin,50000,500,750,50000,17572
css,pairs,5,0.5,0.0014234118267165174,Z,spin,50000,500,1200,50000,2581
x3z3,method_c,5,10.0,0.0021076121075376403,X,spin,50000,500,750,50000,10128
css,pairs,5,1.0,0.0014234118267165174,Z,spin,50000,500,1200,50000,1051
x3z3,method_c,5,30.0,0.0021076121075376403,Z,spin,50000,500,750,50000,8586
x3z3,method_c,5,1.0,0.0021076121075376403,X,spin,50000,500,750,50000,17400
css,pairs,5,30.0,0.0014234118267165174,Z,spin,50000,500,1200,50000,0
x3z3,method_c,5,1000.0,0.0021076121075376403,Z,spin,50000,500,750,50000,7599
css,pairs,5,100.0,0.0014234118267165174,Z,spin,50000,500,1200,50000,0
x3z3,method_c,5,30.0,0.0021076121075376403,X,spin,50000,500,750,50000,8631
css,pairs,5,0.5,0.0014234118267165174,X,spin,50000,500,1200,50000,2779
css,pairs,5,1000.0,0.0014234118267165174,Z,spin,50000,500,1200,50000,0
x3z3,method_c,5,100.0,0.0021076121075376403,X,spin,50000,500,750,50000,7961
css,pairs,5,3.0,0.0014234118267165174,Z,spin,50000,500,1200,50000,101
css,pairs,5,10.0,0.0014234118267165174,Z,spin,50000,500,1200,50000,8
x3z3,method_c,5,1.0,0.0021076121075376403,Z,spin,50000,500,750,50000,17431
x3z3,method_c,5,3.0,0.0021076121075376403,X,spin,50000,500,750,50000,13737
css,pairs,5,1.0,0.0014234118267165174,X,spin,50000,500,1200,50000,3471
x3z3,method_c,5,3.0,0.0021076121075376403,Z,spin,50000,500,750,50000,13767
x3z3,method_c,5,100.0,0.0021076121075376403,Z,spin,50000,500,750,50000,7878
x3z3,method_c,5,10.0,0.0021076121075376403,Z,spin,50000,500,750,50000,10291
css,pairs,5,3.0,0.0014234118267165174,X,spin,50000,500,1200,50000,4992
x3z3,method_c,5,0.5,0.0021076121075376403,Z,spin,50000,500,750,50000,19100
x3z3,method_c,5,1000.0,0.0021076121075376403,X,spin,50000,500,750,50000,7559
css,pairs,5,1000.0,0.0014234118267165174,X,spin,50000,500,1200,50000,6828
css,pairs,5,10.0,0.0014234118267165174,X,spin,50000,500,1200,50000,6140
css,pairs,5,30.0,0.0014234118267165174,X,spin,50000,500,1200,50000,6627
x3z3,method_c,5,0.5,0.0021076121075376403,X,spin,50000,500,750,50000,19033
css,pairs,5,100.0,0.0014234118267165174,X,spin,50000,500,1200,50000,6632
css,method_a,5,3.0,0.0014234118267165174,Z,spin,50000,500,750,50000,461
css,method_a,5,30.0,0.0014234118267165174,Z,spin,50000,500,750,50000,0
css,method_a,5,10.0,0.0014234118267165174,Z,spin,50000,500,750,50000,22
css,method_b,5,10.0,0.0014234118267165174,Z,spin,50000,500,750,50000,11
css,method_b,5,3.0,0.0014234118267165174,Z,spin,50000,500,750,50000,236
css,method_a,5,1000.0,0.0014234118267165174,Z,spin,50000,500,750,50000,0
css,method_a,5,0.5,0.0014234118267165174,Z,spin,50000,500,750,50000,7359
css,method_a,5,100.0,0.0014234118267165174,Z,spin,50000,500,750,50000,1
css,method_a,5,1.0,0.0014234118267165174,Z,spin,50000,500,750,50000,3667
css,method_a,5,0.5,0.0014234118267165174,X,spin,50000,500,750,50000,7503
css,method_b,5,100.0,0.0014234118267165174,Z,spin,50000,500,750,50000,1
css,method_a,5,1.0,0.0014234118267165174,X,spin,50000,500,750,50000,8833
css,method_a,5,10.0,0.0014234118267165174,X,spin,50000,500,750,50000,12992
css,method_b,5,0.5,0.0014234118267165174,X,spin,50000,500,750,50000,4675
css,method_b,5,1.0,0.0014234118267165174,Z,spin,50000,500,750,50000,2174
css,method_b,5,0.5,0.0014234118267165174,Z,spin,50000,500,750,50000,4665
css,method_a,5,1000.0,0.0014234118267165174,X,spin,50000,500,750,50000,13777
css,method_a,5,100.0,0.0014234118267165174,X,spin,50000,500,750,50000,13880
css,method_b,5,30.0,0.0014234118267165174,Z,spin,50000,500,750,50000,1
css,method_b,5,1000.0,0.0014234118267165174,Z,spin,50000,500,750,50000,0
css,method_a,5,3.0,0.0014234118267165174,X,spin,50000,500,750,50000,11268
css,method_b,5,1.0,0.0014234118267165174,X,spin,50000,500,750,50000,5693
css,method_a,5,30.0,0.0014234118267165174,X,spin,50000,500,750,50000,13578
css,method_b,5,10.0,0.0014234118267165174,X,spin,50000,500,750,50000,8367
css,method_b,5,3.0,0.0014234118267165174,X,spin,50000,500,750,50000,7366
css,method_b,5,30.0,0.0014234118267165174,X,spin,50000,500,750,50000,8995
css,method_b,5,100.0,0.0014234118267165174,X,spin,50000,500,750,50000,8995
css,method_c,5,3.0,0.0014234118267165174,Z,spin,50000,500,750,50000,201
css,method_b,5,1000.0,0.0014234118267165174,X,spin,50000,500,750,50000,9314
css,method_c,5,10.0,0.0014234118267165174,Z,spin,50000,500,750,50000,19
css,method_c,5,30.0,0.0014234118267165174,Z,spin,50000,500,750,50000,1
css,method_c,5,100.0,0.0014234118267165174,Z,spin,50000,500,750,50000,1
css,method_c,5,1.0,0.0014234118267165174,Z,spin,50000,500,750,50000,2121
css,method_c,5,1000.0,0.0014234118267165174,Z,spin,50000,500,750,50000,0
css,method_c,5,0.5,0.0014234118267165174,Z,spin,50000,500,750,50000,4612
css,method_c,5,3.0,0.0014234118267165174,X,spin,50000,500,750,50000,7376
css,method_c,5,0.5,0.0014234118267165174,X,spin,50000,500,750,50000,4867
x3z3,pairs,5,10.0,0.0014234118267165174,Z,spin,50000,500,1200,50000,684
css,method_c,5,10.0,0.0014234118267165174,X,spin,50000,500,750,50000,8505
x3z3,pairs,5,3.0,0.0014234118267165174,X,spin,50000,500,1200,50000,1223
css,method_c,5,1000.0,0.0014234118267165174,X,spin,50000,500,750,50000,9020
css,method_c,5,30.0,0.0014234118267165174,X,spin,50000,500,750,50000,9002
x3z3,pairs,5,30.0,0.0014234118267165174,Z,spin,50000,500,1200,50000,518
x3z3,pairs,5,0.5,0.0014234118267165174,Z,spin,50000,500,1200,50000,2807
css,method_c,5,100.0,0.0014234118267165174,X,spin,50000,500,750,50000,9041
css,method_c,5,1.0,0.0014234118267165174,X,spin,50000,500,750,50000,5689
x3z3,pairs,5,3.0,0.0014234118267165174,Z,spin,50000,500,1200,50000,1180
x3z3,pairs,5,1.0,0.0014234118267165174,X,spin,50000,500,1200,50000,2070
x3z3,pairs,5,100.0,0.0014234118267165174,X,spin,50000,500,1200,50000,413
x3z3,pairs,5,30.0,0.0014234118267165174,X,spin,50000,500,1200,50000,494
x3z3,pairs,5,100.0,0.0014234118267165174,Z,spin,50000,500,1200,50000,446
x3z3,pairs,5,1000.0,0.0014234118267165174,Z,spin,50000,500,1200,50000,389
x3z3,pairs,5,1000.0,0.0014234118267165174,X,spin,50000,500,1200,50000,419
x3z3,pairs,5,1.0,0.0014234118267165174,Z,spin,50000,500,1200,50000,2096
x3z3,pairs,5,0.5,0.0014234118267165174,X,spin,50000,500,1200,50000,2830
x3z3,pairs,5,10.0,0.0014234118267165174,X,spin,50000,500,1200,50000,681
x3z3,method_a,5,10.0,0.0014234118267165174,Z,spin,50000,500,750,50000,1962
x3z3,method_a,5,0.5,0.0014234118267165174,Z,spin,50000,500,750,50000,7553
x3z3,method_a,5,3.0,0.0014234118267165174,Z,spin,50000,500,750,50000,3773
x3z3,method_a,5,1.0,0.0014234118267165174,Z,spin,50000,500,750,50000,6205
x3z3,method_a,5,100.0,0.0014234118267165174,Z,spin,50000,500,750,50000,1202
x3z3,method_a,5,1000.0,0.0014234118267165174,X,spin,50000,500,750,50000,1054
x3z3,method_a,5,1000.0,0.0014234118267165174,Z,spin,50000,500,750,50000,1069
x3z3,method_a,5,100.0,0.0014234118267165174,X,spin,50000,500,750,50000,1200
x3z3,method_a,5,3.0,0.0014234118267165174,X,spin,50000,500,750,50000,3740
x3z3,method_a,5,0.5,0.0014234118267165174,X,spin,50000,500,750,50000,7548
x3z3,method_a,5,10.0,0.0014234118267165174,X,spin,50000,500,750,50000,2032
x3z3,method_a,5,30.0,0.0014234118267165174,X,spin,50000,500,750,50000,1391
x3z3,method_a,5,30.0,0.0014234118267165174,Z,spin,50000,500,750,50000,1371
x3z3,method_b,5,3.0,0.0014234118267165174,X,spin,50000,500,750,50000,1997
x3z3,method_b,5,30.0,0.0014234118267165174,Z,spin,50000,500,750,50000,723
x3z3,method_b,5,30.0,0.0014234118267165174,X,spin,50000,500,750,50000,725
x3z3,method_b,5,1000.0,0.0014234118267165174,Z,spin,50000,500,750,50000,575
x3z3,method_a,5,1.0,0.0014234118267165174,X,spin,50000,500,750,50000,6219
x3z3,method_b,5,10.0,0.0014234118267165174,X,spin,50000,500,750,50000,1068
x3z3,method_b,5,100.0,0.0014234118267165174,X,spin,50000,500,750,50000,633
x3z3,method_b,5,0.5,0.0014234118267165174,X,spin,50000,500,750,50000,4766
x3z3,method_b,5,1000.0,0.0014234118267165174,X,spin,50000,500,750,50000,587
x3z3,method_b,5,100.0,0.0014234118267165174,Z,spin,50000,500,750,50000,587
x3z3,method_b,5,10.0,0.0014234118267165174,Z,spin,50000,500,750,50000,1051
x3z3,method_b,5,3.0,0.0014234118267165174,Z,spin,50000,500,750,50000,2066
x3z3,method_b,5,0.5,0.0014234118267165174,Z,spin,50000,500,750,50000,4822
x3z3,method_b,5,1.0,0.0014234118267165174,Z,spin,50000,500,750,50000,3774
x3z3,method_b,5,1.0,0.0014234118267165174,X,spin,50000,500,750,50000,3785
css,pairs,5,3.0,0.001,Z,spin,50000,500,1200,50000,3
css,pairs,5,10.0,0.001,Z,spin,50000,500,1200,50000,0
css,pairs,5,1.0,0.001,Z,spin,50000,500,1200,50000,56
css,pairs,5,1.0,0.001,X,spin,50000,500,1200,50000,252
css,pairs,5,0.5,0.001,Z,spin,50000,500,1200,50000,163
css,pairs,5,0.5,0.001,X,spin,50000,500,1200,50000,190
css,pairs,5,100.0,0.001,Z,spin,50000,500,1200,50000,0
css,pairs,5,3.0,0.001,X,spin,50000,500,1200,50000,421
x3z3,method_c,5,100.0,0.0014234118267165174,Z,spin,50000,500,750,50000,614
x3z3,method_c,5,30.0,0.0014234118267165174,Z,spin,50000,500,750,50000,720
x3z3,method_c,5,1000.0,0.0014234118267165174,X,spin,50000,500,750,50000,568
css,pairs,5,30.0,0.001,Z,spin,50000,500,1200,50000,0
css,pairs,5,10.0,0.001,X,spin,50000,500,1200,50000,595
x3z3,method_c,5,10.0,0.0014234118267165174,X,spin,50000,500,750,50000,1123
x3z3,method_c,5,10.0,0.0014234118267165174,Z,spin,50000,500,750,50000,1050
css,pairs,5,1000.0,0.001,X,spin,50000,500,1200,50000,728
x3z3,method_c,5,1000.0,0.0014234118267165174,Z,spin,50000,500,750,50000,557
x3z3,method_c,5,3.0,0.0014234118267165174,X,spin,50000,500,750,50000,1983
css,pairs,5,1000.0,0.001,Z,spin,50000,500,1200,50000,0
x3z3,method_c,5,1.0,0.0014234118267165174,Z,spin,50000,500,750,50000,3761
css,pairs,5,30.0,0.001,X,spin,50000,500,1200,50000,656
x3z3,method_c,5,30.0,0.0014234118267165174,X,spin,50000,500,750,50000,759
css,pairs,5,100.0,0.001,X,spin,50000,500,1200,50000,682
x3z3,method_c,5,3.0,0.0014234118267165174,Z,spin,50000,500,750,50000,2008
x3z3,method_c,5,0.5,0.0014234118267165174,Z,spin,50000,500,750,50000,4786
x3z3,method_c,5,100.0,0.0014234118267165174,X,spin,50000,500,750,50000,610
x3z3,method_c,5,1.0,0.0014234118267165174,X,spin,50000,500,750,50000,3734
x3z3,method_c,5,0.5,0.0014234118267165174,X,spin,50000,500,750,50000,4911
css,method_a,5,3.0,0.001,Z,spin,50000,500,750,50000,17
css,method_a,5,10.0,0.001,X,spin,50000,500,750,50000,2277
css,method_a,5,10.0,0.001,Z,spin,50000,500,750,50000,0
css,method_a,5,1.0,0.001,Z,spin,50000,500,750,50000,289
css,method_a,5,30.0,0.001,Z,spin,50000,500,750,50000,0
css,method_a,5,1.0,0.001,X,spin,50000,500,750,50000,1163
css,method_a,5,0.5,0.001,X,spin,50000,500,750,50000,874
css,method_a,5,100.0,0.001,Z,spin,50000,500,750,50000,0
css,method_a,5,1000.0,0.001,Z,spin,50000,500,750,50000,0
css,method_b,5,1.0,0.001,Z,spin,50000,500,750,50000,123
css,method_b,5,3.0,0.001,Z,spin,50000,500,750,50000,10
css,method_b,5,0.5,0.001,X,spin,50000,500,750,50000,433
css,method_b,5,10.0,0.001,Z,spin,50000,500,750,50000,0
css,method_b,5,30.0,0.001,Z,spin,50000,500,750,50000,0
css,method_a,5,30.0,0.001,X,spin,50000,500,750,50000,2536
css,method_a,5,0.5,0.001,Z,spin,50000,500,750,50000,808
css,method_b,5,3.0,0.001,X,spin,50000,500,750,50000,801
css,method_a,5,3.0,0.001,X,spin,50000,500,750,50000,1769
css,method_a,5,100.0,0.001,X,spin,50000,500,750,50000,2630
css,method_b,5,0.5,0.001,Z,spin,50000,500,750,50000,388
css,method_a,5,1000.0,0.001,X,spin,50000,500,750,50000,2573
css,method_b,5,1000.0,0.001,Z,spin,50000,500,750,50000,0
css,method_b,5,100.0,0.001,Z,spin,50000,500,750,50000,0
css,method_b,5,100.0,0.001,X,spin,50000,500,750,50000,1128
css,method_b,5,1000.0,0.001,X,spin,50000,500,750,50000,1143
css,method_b,5,1.0,0.001,X,spin,50000,500,750,50000,515
css,method_c,5,10.0,0.001,Z,spin,50000,500,750,50000,0
css,method_c,5,100.0,0.001,Z,spin,50000,500,750,50000,0
css,method_b,5,10.0,0.001,X,spin,50000,500,750,50000,1027
css,method_b,5,30.0,0.001,X,spin,50000,500,750,50000,1149
css,method_c,5,0.5,0.001,X,spin,50000,500,750,50000,413
css,method_c,5,0.5,0.001,Z,spin,50000,500,750,50000,359
css,method_c,5,1.0,0.001,Z,spin,50000,500,750,50000,101
css,method_c,5,30.0,0.001,X,spin,50000,500,750,50000,1093
css,method_c,5,100.0,0.001,X,spin,50000,500,750,50000,1155
css,method_c,5,1.0,0.001,X,spin,50000,500,750,50000,546
css,method_c,5,30.0,0.001,Z,spin,50000,500,750,50000,0
css,method_c,5,10.0,0.001,X,spin,50000,500,750,50000,1033
css,method_c,5,1000.0,0.001,Z,spin,50000,500,750,50000,0
css,method_c,5,3.0,0.001,Z,spin,50000,500,750,50000,8
css,method_c,5,1000.0,0.001,X,spin,50000,500,750,50000,1275
x3z3,pairs,5,30.0,0.001,X,spin,50000,500,1200,50000,24
css,method_c,5,3.0,0.001,X,spin,50000,500,750,50000,809
x3z3,pairs,5,1.0,0.001,X,spin,50000,500,1200,50000,142
x3z3,pairs,5,0.5,0.001,Z,spin,50000,500,1200,50000,195
x3z3,pairs,5,3.0,0.001,Z,spin,50000,500,1200,50000,60
x3z3,pairs,5,0.5,0.001,X,spin,50000,500,1200,50000,211
x3z3,pairs,5,100.0,0.001,Z,spin,50000,500,1200,50000,11
x3z3,pairs,5,10.0,0.001,Z,spin,50000,500,1200,50000,25
x3z3,pairs,5,10.0,0.001,X,spin,50000,500,1200,50000,34
x3z3,pairs,5,3.0,0.001,X,spin,50000,500,1200,50000,59
x3z3,pairs,5,100.0,0.001,X,spin,50000,500,1200,50000,17
x3z3,pairs,5,1000.0,0.001,X,spin,50000,500,1200,50000,6
x3z3,pairs,5,1000.0,0.001,Z,spin,50000,500,1200,50000,18
x3z3,pairs,5,1.0,0.001,Z,spin,50000,500,1200,50000,122
x3z3,pairs,5,30.0,0.001,Z,spin,50000,500,1200,50000,17
x3z3,method_a,5,0.5,0.001,Z,spin,50000,500,750,50000,886
x3z3,method_a,5,30.0,0.001,Z,spin,50000,500,750,50000,72
x3z3,method_a,5,100.0,0.001,Z,spin,50000,500,750,50000,48
x3z3,method_a,5,3.0,0.001,Z,spin,50000,500,750,50000,270
x3z3,method_a,5,100.0,0.001,X,spin,50000,500,750,50000,48
x3z3,method_a,5,30.0,0.001,X,spin,50000,500,750,50000,66
x3z3,method_a,5,10.0,0.001,Z,spin,50000,500,750,50000,126
x3z3,method_a,5,1.0,0.001,X,spin,50000,500,750,50000,609
x3z3,method_a,5,1.0,0.001,Z,spin,50000,500,750,50000,590
x3z3,method_a,5,0.5,0.001,X,spin,50000,500,750,50000,911
x3z3,method_a,5,1000.0,0.001,Z,spin,50000,500,750,50000,52
x3z3,method_a,5,3.0,0.001,X,spin,50000,500,750,50000,273
x3z3,method_b,5,1.0,0.001,X,spin,50000,500,750,50000,255
x3z3,method_a,5,1000.0,0.001,X,spin,50000,500,750,50000,53
x3z3,method_b,5,10.0,0.001,Z,spin,50000,500,750,50000,64
x3z3,method_b,5,30.0,0.001,X,spin,50000,500,750,50000,31
x3z3,method_a,5,10.0,0.001,X,spin,50000,500,750,50000,103
x3z3,method_b,5,10.0,0.001,X,spin,50000,500,750,50000,51
x3z3,method_b,5,0.5,0.001,X,spin,50000,500,750,50000,401
x3z3,method_b,5,30.0,0.001,Z,spin,50000,500,750,50000,30
x3z3,method_b,5,3.0,0.001,Z,spin,50000,500,750,50000,111
x3z3,method_b,5,3.0,0.001,X,spin,50000,500,750,50000,104
x3z3,method_b,5,100.0,0.001,X,spin,50000,500,750,50000,27
x3z3,method_b,5,100.0,0.001,Z,spin,50000,500,750,50000,33
x3z3,method_b,5,1.0,0.001,Z,spin,50000,500,750,50000,284
x3z3,method_b,5,0.5,0.001,Z,spin,50000,500,750,50000,444
x3z3,method_b,5,1000.0,0.001,X,spin,50000,500,750,50000,24
x3z3,method_b,5,1000.0,0.001,Z,spin,50000,500,750,50000,22
x3z3,method_c,5,1000.0,0.001,Z,spin,50000,500,750,50000,29
x3z3,method_c,5,10.0,0.001,X,spin,50000,500,750,50000,45
x3z3,method_c,5,0.5,0.001,Z,spin,50000,500,750,50000,404
x3z3,method_c,5,10.0,0.001,Z,spin,50000,500,750,50000,50
x3z3,method_c,5,30.0,0.001,Z,spin,50000,500,750,50000,35
x3z3,method_c,5,0.5,0.001,X,spin,50000,500,750,50000,442
x3z3,method_c,5,100.0,0.001,X,spin,50000,500,750,50000,28
x3z3,method_c,5,30.0,0.001,X,spin,50000,500,750,50000,30
x3z3,method_c,5,1.0,0.001,Z,spin,50000,500,750,50000,286
css,pairs,5,0.5,0.0009613254835604356,Z,spin,50000,500,1200,50000,130
x3z3,method_c,5,1000.0,0.001,X,spin,50000,500,750,50000,22
x3z3,method_c,5,100.0,0.001,Z,spin,50000,500,750,50000,25
x3z3,method_c,5,1.0,0.001,X,spin,50000,500,750,50000,310
x3z3,method_c,5,3.0,0.001,X,spin,50000,500,750,50000,124
x3z3,method_c,5,3.0,0.001,Z,spin,50000,500,750,50000,130
css,pairs,5,10.0,0.0009613254835604356,Z,spin,50000,500,1200,50000,0
css,pairs,5,1.0,0.0009613254835604356,Z,spin,50000,500,1200,50000,44
css,pairs,5,1.0,0.0009613254835604356,X,spin,50000,500,1200,50000,184
css,pairs,5,3.0,0.0009613254835604356,Z,spin,50000,500,1200,50000,2
css,pairs,5,30.0,0.0009613254835604356,Z,spin,50000,500,1200,50000,0
css,pairs,5,0.5,0.0009613254835604356,X,spin,50000,500,1200,50000,110
css,pairs,5,10.0,0.0009613254835604356,X,spin,50000,500,1200,50000,433
css,pairs,5,1000.0,0.0009613254835604356,Z,spin,50000,500,1200,50000,0
css,pairs,5,100.0,0.0009613254835604356,Z,spin,50000,500,1200,50000,0
css,pairs,5,3.0,0.0009613254835604356,X,spin,50000,500,1200,50000,300
css,pairs,5,100.0,0.0009613254835604356,X,spin,50000,500,1200,50000,531
css,pairs,5,30.0,0.0009613254835604356,X,spin,50000,500,1200,50000,549
css,pairs,5,1000.0,0.0009613254835604356,X,spin,50000,500,1200,50000,546
css,method_a,5,0.5,0.0009613254835604356,Z,spin,50000,500,750,50000,614
css,method_a,5,1.0,0.0009613254835604356,Z,spin,50000,500,750,50000,210
css,method_a,5,10.0,0.0009613254835604356,Z,spin,50000,500,750,50000,0
css,method_a,5,100.0,0.0009613254835604356,Z,spin,50000,500,750,50000,0
css,method_a,5,30.0,0.0009613254835604356,Z,spin,50000,500,750,50000,0
css,method_a,5,3.0,0.0009613254835604356,Z,spin,50000,500,750,50000,19
css,method_a,5,0.5,0.0009613254835604356,X,spin,50000,500,750,50000,637
css,method_a,5,1000.0,0.0009613254835604356,Z,spin,50000,500,750,50000,0
css,method_a,5,1000.0,0.0009613254835604356,X,spin,50000,500,750,50000,2029
css,method_a,5,1.0,0.0009613254835604356,X,spin,50000,500,750,50000,821
css,method_a,5,30.0,0.0009613254835604356,X,spin,50000,500,750,50000,1858
css,method_a,5,100.0,0.0009613254835604356,X,spin,50000,500,750,50000,2083
css,method_b,5,10.0,0.0009613254835604356,Z,spin,50000,500,750,50000,0
css,method_b,5,1.0,0.0009613254835604356,Z,spin,50000,500,750,50000,82
css,method_b,5,3.0,0.0009613254835604356,X,spin,50000,500,750,50000,600
css,method_a,5,3.0,0.0009613254835604356,X,spin,50000,500,750,50000,1318
css,method_b,5,30.0,0.0009613254835604356,Z,spin,50000,500,750,50000,0
css,method_b,5,10.0,0.0009613254835604356,X,spin,50000,500,750,50000,749
css,method_b,5,0.5,0.0009613254835604356,X,spin,50000,500,750,50000,308
css,method_b,5,3.0,0.0009613254835604356,Z,spin,50000,500,750,50000,8
css,method_b,5,100.0,0.0009613254835604356,Z,spin,50000,500,750,50000,0
css,method_b,5,0.5,0.0009613254835604356,Z,spin,50000,500,750,50000,301
css,method_a,5,10.0,0.0009613254835604356,X,spin,50000,500,750,50000,1746
css,method_b,5,1000.0,0.0009613254835604356,Z,spin,50000,500,750,50000,0
css,method_b,5,30.0,0.0009613254835604356,X,spin,50000,500,750,50000,838
css,method_b,5,1.0,0.0009613254835604356,X,spin,50000,500,750,50000,393
css,method_b,5,1000.0,0.0009613254835604356,X,spin,50000,500,750,50000,902
css,method_b,5,100.0,0.0009613254835604356,X,spin,50000,500,750,50000,868
css,method_c,5,3.0,0.0009613254835604356,Z,spin,50000,500,750,50000,6
css,method_c,5,30.0,0.0009613254835604356,X,spin,50000,500,750,50000,846
css,method_c,5,0.5,0.0009613254835604356,Z,spin,50000,500,750,50000,274
css,method_c,5,10.0,0.0009613254835604356,X,spin,50000,500,750,50000,748
css,method_c,5,0.5,0.0009613254835604356,X,spin,50000,500,750,50000,291
css,method_c,5,30.0,0.0009613254835604356,Z,spin,50000,500,750,50000,0
css,method_c,5,10.0,0.0009613254835604356,Z,spin,50000,500,750,50000,0
css,method_c,5,100.0,0.0009613254835604356,Z,spin,50000,500,750,50000,0
css,method_c,5,1.0,0.0009613254835604356,X,spin,50000,500,750,50000,396
css,method_c,5,100.0,0.0009613254835604356,X,spin,50000,500,750,50000,853
css,method_c,5,1.0,0.0009613254835604356,Z,spin,50000,500,750,50000,84
css,method_c,5,1000.0,0.0009613254835604356,Z,spin,50000,500,750,50000,0
css,method_c,5,3.0,0.0009613254835604356,X,spin,50000,500,750,50000,591
x3z3,pairs,5,0.5,0.0009613254835604356,Z,spin,50000,500,1200,50000,120
x3z3,pairs,5,30.0,0.0009613254835604356,Z,spin,50000,500,1200,50000,17
css,method_c,5,1000.0,0.0009613254835604356,X,spin,50000,500,750,50000,876
x3z3,pairs,5,0.5,0.0009613254835604356,X,spin,50000,500,1200,50000,127
x3z3,pairs,5,1.0,0.0009613254835604356,X,spin,50000,500,1200,50000,82
x3z3,pairs,5,3.0,0.0009613254835604356,X,spin,50000,500,1200,50000,43
x3z3,pairs,5,3.0,0.0009613254835604356,Z,spin,50000,500,1200,50000,32
x3z3,pairs,5,100.0,0.0009613254835604356,X,spin,50000,500,1200,50000,9
x3z3,pairs,5,1000.0,0.0009613254835604356,Z,spin,50000,500,1200,50000,9
x3z3,pairs,5,10.0,0.0009613254835604356,Z,spin,50000,500,1200,50000,13
x3z3,pairs,5,1000.0,0.0009613254835604356,X,spin,50000,500,1200,50000,10
x3z3,pairs,5,30.0,0.0009613254835604356,X,spin,50000,500,1200,50000,13
x3z3,pairs,5,10.0,0.0009613254835604356,X,spin,50000,500,1200,50000,14
x3z3,pairs,5,100.0,0.0009613254835604356,Z,spin,50000,500,1200,50000,13
x3z3,pairs,5,1.0,0.0009613254835604356,Z,spin,50000,500,1200,50000,84
x3z3,method_a,5,1000.0,0.0009613254835604356,X,spin,50000,500,750,50000,36
x3z3,method_a,5,0.5,0.0009613254835604356,X,spin,50000,500,750,50000,636
x3z3,method_a,5,3.0,0.0009613254835604356,Z,spin,50000,500,750,50000,193
x3z3,method_a,5,0.5,0.0009613254835604356,Z,spin,50000,500,750,50000,627
x3z3,method_a,5,100.0,0.0009613254835604356,Z,spin,50000,500,750,50000,42
x3z3,method_a,5,10.0,0.0009613254835604356,X,spin,50000,500,750,50000,74
x3z3,method_a,5,3.0,0.0009613254835604356,X,spin,50000,500,750,50000,226
x3z3,method_a,5,10.0,0.0009613254835604356,Z,spin,50000,500,750,50000,91
x3z3,method_a,5,100.0,0.0009613254835604356,X,spin,50000,500,750,50000,42
x3z3,method_a,5,1000.0,0.0009613254835604356,Z,spin,50000,500,750,50000,39
x3z3,method_b,5,0.5,0.0009613254835604356,X,spin,50000,500,750,50000,295
x3z3,method_b,5,3.0,0.0009613254835604356,X,spin,50000,500,750,50000,95
x3z3,method_b,5,1000.0,0.0009613254835604356,Z,spin,50000,500,750,50000,15
x3z3,method_b,5,30.0,0.0009613254835604356,X,spin,50000,500,750,50000,24
x3z3,method_a,5,1.0,0.0009613254835604356,Z,spin,50000,500,750,50000,447
x3z3,method_a,5,30.0,0.0009613254835604356,X,spin,50000,500,750,50000,66
x3z3,method_b,5,100.0,0.0009613254835604356,Z,spin,50000,500,750,50000,23
x3z3,method_b,5,1000.0,0.0009613254835604356,X,spin,50000,500,750,50000,11
x3z3,method_a,5,30.0,0.0009613254835604356,Z,spin,50000,500,750,50000,55
x3z3,method_b,5,0.5,0.0009613254835604356,Z,spin,50000,500,750,50000,308
x3z3,method_b,5,10.0,0.0009613254835604356,X,spin,50000,500,750,50000,36
x3z3,method_b,5,30.0,0.0009613254835604356,Z,spin,50000,500,750,50000,22
x3z3,method_b,5,100.0,0.0009613254835604356,X,spin,50000,500,750,50000,29
x3z3,method_b,5,3.0,0.0009613254835604356,Z,spin,50000,500,750,50000,93
x3z3,method_b,5,1.0,0.0009613254835604356,X,spin,50000,500,750,50000,197
x3z3,method_a,5,1.0,0.0009613254835604356,X,spin,50000,500,750,50000,416
x3z3,method_b,5,1.0,0.0009613254835604356,Z,spin,50000,500,750,50000,190
x3z3,method_b,5,10.0,0.0009613254835604356,Z,spin,50000,500,750,50000,37
x3z3,method_c,5,30.0,0.0009613254835604356,Z,spin,50000,500,750,50000,22
x3z3,method_c,5,1.0,0.0009613254835604356,Z,spin,50000,500,750,50000,219
x3z3,method_c,5,10.0,0.0009613254835604356,X,spin,50000,500,750,50000,44
x3z3,method_c,5,30.0,0.0009613254835604356,X,spin,50000,500,750,50000,21
x3z3,method_c,5,1000.0,0.0009613254835604356,Z,spin,50000,500,750,50000,21
css,pairs,5,1.0,0.0006492475810563549,Z,spin,50000,500,1200,50000,1
css,pairs,5,0.5,0.0006492475810563549,Z,spin,50000,500,1200,50000,4
x3z3,method_c,5,0.5,0.0009613254835604356,X,spin,50000,500,750,50000,295
css,pairs,5,30.0,0.0006492475810563549,Z,spin,50000,500,1200,50000,0
x3z3,method_c,5,10.0,0.0009613254835604356,Z,spin,50000,500,750,50000,46
x3z3,method_c,5,3.0,0.0009613254835604356,X,spin,50000,500,750,50000,81
css,pairs,5,1.0,0.0006492475810563549,X,spin,50000,500,1200,50000,5
css,pairs,5,3.0,0.0006492475810563549,X,spin,50000,500,1200,50000,6
x3z3,method_c,5,100.0,0.0009613254835604356,X,spin,50000,500,750,50000,18
css,pairs,5,3.0,0.0006492475810563549,Z,spin,50000,500,1200,50000,0
x3z3,method_c,5,0.5,0.0009613254835604356,Z,spin,50000,500,750,50000,304
x3z3,method_c,5,3.0,0.0009613254835604356,Z,spin,50000,500,750,50000,96
css,pairs,5,30.0,0.0006492475810563549,X,spin,50000,500,1200,50000,19
css,pairs,5,10.0,0.0006492475810563549,Z,spin,50000,500,1200,50000,0
x3z3,method_c,5,100.0,0.0009613254835604356,Z,spin,50000,500,750,50000,20
css,pairs,5,0.5,0.0006492475810563549,X,spin,50000,500,1200,50000,6
x3z3,method_c,5,1000.0,0.0009613254835604356,X,spin,50000,500,750,50000,16
css,pairs,5,10.0,0.0006492475810563549,X,spin,50000,500,1200,50000,18
css,pairs,5,100.0,0.0006492475810563549,Z,spin,50000,500,1200,50000,0
css,method_a,5,1.0,0.0006492475810563549,X,spin,50000,500,750,50000,21
x3z3,method_c,5,1.0,0.0009613254835604356,X,spin,50000,500,750,50000,197
css,pairs,5,1000.0,0.0006492475810563549,Z,spin,50000,500,1200,50000,0
css,pairs,5,1000.0,0.0006492475810563549,X,spin,50000,500,1200,50000,14
css,method_a,5,1.0,0.0006492475810563549,Z,spin,50000,500,750,50000,9
css,method_a,5,1000.0,0.0006492475810563549,Z,spin,50000,500,750,50000,0
css,method_a,5,3.0,0.0006492475810563549,Z,spin,50000,500,750,50000,0
css,method_a,5,10.0,0.0006492475810563549,X,spin,50000,500,750,50000,65
css,method_a,5,0.5,0.0006492475810563549,X,spin,50000,500,750,50000,27
css,pairs,5,100.0,0.0006492475810563549,X,spin,50000,500,1200,50000,14
css,method_a,5,10.0,0.0006492475810563549,Z,spin,50000,500,750,50000,0
css,method_a,5,100.0,0.0006492475810563549,X,spin,50000,500,750,50000,94
css,method_b,5,30.0,0.0006492475810563549,Z,spin,50000,500,750,50000,0
css,method_b,5,3.0,0.0006492475810563549,Z,spin,50000,500,750,50000,0
css,method_b,5,100.0,0.0006492475810563549,Z,spin,50000,500,750,50000,0
css,method_a,5,3.0,0.0006492475810563549,X,spin,50000,500,750,50000,45
css,method_b,5,10.0,0.0006492475810563549,Z,spin,50000,500,750,50000,0
css,method_a,5,30.0,0.0006492475810563549,X,spin,50000,500,750,50000,76
css,method_a,5,30.0,0.0006492475810563549,Z,spin,50000,500,750,50000,0
css,method_a,5,1000.0,0.0006492475810563549,X,spin,50000,500,750,50000,86
css,method_a,5,100.0,0.0006492475810563549,Z,spin,50000,500,750,50000,0
css,method_b,5,1.0,0.0006492475810563549,X,spin,50000,500,750,50000,12
css,method_b,5,0.5,0.0006492475810563549,X,spin,50000,500,750,50000,6
css,method_b,5,30.0,0.0006492475810563549,X,spin,50000,500,750,50000,26
css,method_b,5,1.0,0.0006492475810563549,Z,spin,50000,500,750,50000,4
css,method_b,5,3.0,0.0006492475810563549,X,spin,50000,500,750,50000,19
css,method_b,5,10.0,0.0006492475810563549,X,spin,50000,500,750,50000,26
css,method_c,5,0.5,0.0006492475810563549,Z,spin,50000,500,750,50000,3
css,method_a,5,0.5,0.0006492475810563549,Z,spin,50000,500,750,50000,20
css,method_b,5,0.5,0.0006492475810563549,Z,spin,50000,500,750,50000,7
css,method_b,5,100.0,0.0006492475810563549,X,spin,50000,500,750,50000,24
css,method_c,5,1.0,0.0006492475810563549,Z,spin,50000,500,750,50000,0
css,method_c,5,3.0,0.0006492475810563549,Z,spin,50000,500,750,50000,0
css,method_c,5,1.0,0.0006492475810563549,X,spin,50000,500,750,50000,12
css,method_b,5,1000.0,0.0006492475810563549,X,spin,50000,500,750,50000,33
css,method_c,5,0.5,0.0006492475810563549,X,spin,50000,500,750,50000,9
css,method_c,5,10.0,0.0006492475810563549,Z,spin,50000,500,750,50000,0
css,method_c,5,100.0,0.0006492475810563549,Z,spin,50000,500,750,50000,0
css,method_c,5,30.0,0.0006492475810563549,X,spin,50000,500,750,50000,23
css,method_c,5,3.0,0.0006492475810563549,X,spin,50000,500,750,50000,17
x3z3,pairs,5,1.0,0.0006492475810563549,X,spin,50000,500,1200,50000,0
x3z3,pairs,5,1.0,0.0006492475810563549,Z,spin,50000,500,1200,50000,2
css,method_c,5,1000.0,0.0006492475810563549,Z,spin,50000,500,750,50000,0
x3z3,pairs,5,30.0,0.0006492475810563549,X,spin,50000,500,1200,50000,0
css,method_c,5,10.0,0.0006492475810563549,X,spin,50000,500,750,50000,34
css,method_c,5,100.0,0.0006492475810563549,X,spin,50000,500,750,50000,25
css,method_b,5,1000.0,0.0006492475810563549,Z,spin,50000,500,750,50000,0
css,method_c,5,1000.0,0.0006492475810563549,X,spin,50000,500,750,50000,33
x3z3,pairs,5,0.5,0.0006492475810563549,X,spin,50000,500,1200,50000,4
x3z3,pairs,5,0.5,0.0006492475810563549,Z,spin,50000,500,1200,50000,6
css,method_c,5,30.0,0.0006492475810563549,Z,spin,50000,500,750,50000,0
x3z3,pairs,5,10.0,0.0006492475810563549,X,spin,50000,500,1200,50000,0
x3z3,pairs,5,3.0,0.0006492475810563549,X,spin,50000,500,1200,50000,2
x3z3,pairs,5,10.0,0.0006492475810563549,Z,spin,50000,500,1200,50000,0
x3z3,pairs,5,1000.0,0.0006492475810563549,X,spin,50000,500,1200,50000,0
x3z3,pairs,5,1000.0,0.0006492475810563549,Z,spin,50000,500,1200,50000,0
x3z3,pairs,5,30.0,0.0006492475810563549,Z,spin,50000,500,1200,50000,0
x3z3,pairs,5,100.0,0.0006492475810563549,Z,spin,50000,500,1200,50000,0
x3z3,pairs,5,100.0,0.0006492475810563549,X,spin,50000,500,1200,50000,0
x3z3,pairs,5,3.0,0.0006492475810563549,Z,spin,50000,500,1200,50000,2
x3z3,method_a,5,30.0,0.0006492475810563549,X,spin,50000,500,750,50000,2
x3z3,method_a,5,0.5,0.0006492475810563549,Z,spin,50000,500,750,50000,17
x3z3,method_a,5,30.0,0.0006492475810563549,Z,spin,50000,500,750,50000,3
x3z3,method_a,5,3.0,0.0006492475810563549,Z,spin,50000,500,750,50000,8
x3z3,method_a,5,100.0,0.0006492475810563549,X,spin,50000,500,750,50000,0
x3z3,method_a,5,0.5,0.0006492475810563549,X,spin,50000,500,750,50000,18
x3z3,method_a,5,1000.0,0.0006492475810563549,Z,spin,50000,500,750,50000,0
x3z3,method_a,5,10.0,0.0006492475810563549,X,spin,50000,500,750,50000,2
x3z3,method_a,5,1.0,0.0006492475810563549,Z,spin,50000,500,750,50000,16
x3z3,method_a,5,100.0,0.0006492475810563549,Z,spin,50000,500,750,50000,3
x3z3,method_a,5,10.0,0.0006492475810563549,Z,spin,50000,500,750,50000,0
x3z3,method_a,5,1.0,0.0006492475810563549,X,spin,50000,500,750,50000,10
x3z3,method_a,5,3.0,0.0006492475810563549,X,spin,50000,500,750,50000,3
x3z3,method_b,5,30.0,0.0006492475810563549,Z,spin,50000,500,750,50000,1
x3z3,method_b,5,0.5,0.0006492475810563549,X,spin,50000,500,750,50000,7
x3z3,method_b,5,0.5,0.0006492475810563549,Z,spin,50000,500,750,50000,14
x3z3,method_b,5,100.0,0.0006492475810563549,Z,spin,50000,500,750,50000,0
x3z3,method_b,5,1.0,0.0006492475810563549,Z,spin,50000,500,750,50000,2
x3z3,method_b,5,3.0,0.0006492475810563549,Z,spin,50000,500,750,50000,2
x3z3,method_b,5,3.0,0.0006492475810563549,X,spin,50000,500,750,50000,0
x3z3,method_c,5,10.0,0.0006492475810563549,Z,spin,50000,500,750,50000,0
x3z3,method_a,5,1000.0,0.0006492475810563549,X,spin,50000,500,750,50000,0
x3z3,method_b,5,30.0,0.0006492475810563549,X,spin,50000,500,750,50000,2
x3z3,method_b,5,1000.0,0.0006492475810563549,X,spin,50000,500,750,50000,0
x3z3,method_c,5,3.0,0.0006492475810563549,X,spin,50000,500,750,50000,3
x3z3,method_b,5,1000.0,0.0006492475810563549,Z,spin,50000,500,750,50000,0
x3z3,method_b,5,1.0,0.0006492475810563549,X,spin,50000,500,750,50000,3
x3z3,method_b,5,10.0,0.0006492475810563549,X,spin,50000,500,750,50000,0
x3z3,method_b,5,100.0,0.0006492475810563549,X,spin,50000,500,750,50000,2
x3z3,method_c,5,1000.0,0.0006492475810563549,X,spin,50000,500,750,50000,0
x3z3,method_c,5,1000.0,0.0006492475810563549,Z,spin,50000,500,750,50000,0
x3z3,method_c,5,0.5,0.0006492475810563549,Z,spin,50000,500,750,50000,7
x3z3,method_b,5,10.0,0.0006492475810563549,Z,spin,50000,500,750,50000,0
css,pairs,5,0.5,0.0004384804405125585,X,spin,50000,500,1200,50000,0
x3z3,method_c,5,3.0,0.0006492475810563549,Z,spin,50000,500,750,50000,1
css,pairs,5,0.5,0.0004384804405125585,Z,spin,50000,500,1200,50000,1
x3z3,method_c,5,0.5,0.0006492475810563549,X,spin,50000,500,750,50000,9
x3z3,method_c,5,100.0,0.0006492475810563549,X,spin,50000,500,750,50000,0
x3z3,method_c,5,10.0,0.0006492475810563549,X,spin,50000,500,750,50000,2
x3z3,method_c,5,30.0,0.0006492475810563549,X,spin,50000,500,750,50000,1
x3z3,method_c,5,1.0,0.0006492475810563549,Z,spin,50000,500,750,50000,5
x3z3,method_c,5,30.0,0.0006492475810563549,Z,spin,50000,500,750,50000,1
css,pairs,5,100.0,0.0004384804405125585,Z,spin,50000,500,1200,50000,0
x3z3,method_c,5,1.0,0.0006492475810563549,X,spin,50000,500,750,50000,3
x3z3,method_c,5,100.0,0.0006492475810563549,Z,spin,50000,500,750,50000,1
css,pairs,5,1.0,0.0004384804405125585,Z,spin,50000,500,1200,50000,0
css,pairs,5,1.0,0.0004384804405125585,X,spin,50000,500,1200,50000,0
css,pairs,5,3.0,0.0004384804405125585,X,spin,50000,500,1200,50000,0
css,pairs,5,30.0,0.0004384804405125585,X,spin,50000,500,1200,50000,0
css,pairs,5,10.0,0.0004384804405125585,X,spin,50000,500,1200,50000,0
css,pairs,5,3.0,0.0004384804405125585,Z,spin,50000,500,1200,50000,0
css,pairs,5,1000.0,0.0004384804405125585,X,spin,50000,500,1200,50000,1
css,pairs,5,30.0,0.0004384804405125585,Z,spin,50000,500,1200,50000,0
css,pairs,5,10.0,0.0004384804405125585,Z,spin,50000,500,1200,50000,0
css,method_a,5,3.0,0.0004384804405125585,X,spin,50000,500,750,50000,0
css,pairs,5,1000.0,0.0004384804405125585,Z,spin,50000,500,1200,50000,0
css,pairs,5,100.0,0.0004384804405125585,X,spin,50000,500,1200,50000,1
css,method_a,5,0.5,0.0004384804405125585,Z,spin,50000,500,750,50000,1
css,method_a,5,0.5,0.0004384804405125585,X,spin,50000,500,750,50000,0
css,method_a,5,1.0,0.0004384804405125585,X,spin,50000,500,750,50000,2
css,method_a,5,30.0,0.0004384804405125585,X,spin,50000,500,750,50000,2
css,method_a,5,1000.0,0.0004384804405125585,X,spin,50000,500,750,50000,2
css,method_a,5,3.0,0.0004384804405125585,Z,spin,50000,500,750,50000,0
css,method_a,5,10.0,0.0004384804405125585,Z,spin,50000,500,750,50000,0
css,method_a,5,1000.0,0.0004384804405125585,Z,spin,50000,500,750,50000,0
css,method_a,5,1.0,0.0004384804405125585,Z,spin,50000,500,750,50000,0
css,method_a,5,100.0,0.0004384804405125585,Z,spin,50000,500,750,50000,0
css,method_a,5,10.0,0.0004384804405125585,X,spin,50000,500,750,50000,2
css,method_a,5,30.0,0.0004384804405125585,Z,spin,50000,500,750,50000,0
css,method_b,5,0.5,0.0004384804405125585,Z,spin,50000,500,750,50000,0
css,method_a,5,100.0,0.0004384804405125585,X,spin,50000,500,750,50000,3
css,method_b,5,3.0,0.0004384804405125585,Z,spin,50000,500,750,50000,0
css,method_b,5,1.0,0.0004384804405125585,Z,spin,50000,500,750,50000,0
css,method_b,5,1.0,0.0004384804405125585,X,spin,50000,500,750,50000,0
css,method_b,5,100.0,0.0004384804405125585,X,spin,50000,500,750,50000,1
css,method_b,5,1000.0,0.0004384804405125585,Z,spin,50000,500,750,50000,0
css,method_b,5,1000.0,0.0004384804405125585,X,spin,50000,500,750,50000,0
css,method_b,5,10.0,0.0004384804405125585,Z,spin,50000,500,750,50000,0
css,method_b,5,30.0,0.0004384804405125585,Z,spin,50000,500,750,50000,0
css,method_b,5,10.0,0.0004384804405125585,X,spin,50000,500,750,50000,0
css,method_c,5,1.0,0.0004384804405125585,Z,spin,50000,500,750,50000,0
css,method_b,5,3.0,0.0004384804405125585,X,spin,50000,500,750,50000,0
css,method_b,5,0.5,0.0004384804405125585,X,spin,50000,500,750,50000,0
css,method_b,5,30.0,0.0004384804405125585,X,spin,50000,500,750,50000,0
css,method_c,5,30.0,0.0004384804405125585,Z,spin,50000,500,750,50000,0
css,method_b,5,100.0,0.0004384804405125585,Z,spin,50000,500,750,50000,0
css,method_c,5,3.0,0.0004384804405125585,Z,spin,50000,500,750,50000,0
css,method_c,5,1.0,0.0004384804405125585,X,spin,50000,500,750,50000,0
css,method_c,5,3.0,0.0004384804405125585,X,spin,50000,500,750,50000,1
css,method_c,5,0.5,0.0004384804405125585,X,spin,50000,500,750,50000,0
css,method_c,5,1000.0,0.0004384804405125585,Z,spin,50000,500,750,50000,0
css,method_c,5,10.0,0.0004384804405125585,Z,spin,50000,500,750,50000,0
css,method_c,5,1000.0,0.0004384804405125585,X,spin,50000,500,750,50000,2
css,method_c,5,100.0,0.0004384804405125585,X,spin,50000,500,750,50000,0
css,method_c,5,10.0,0.0004384804405125585,X,spin,50000,500,750,50000,1
css,method_c,5,100.0,0.0004384804405125585,Z,spin,50000,500,750,50000,0
css,method_c,5,30.0,0.0004384804405125585,X,spin,50000,500,750,50000,1
css,method_c,5,0.5,0.0004384804405125585,Z,spin,50000,500,750,50000,0
x3z3,pairs,5,3.0,0.0004384804405125585,X,spin,50000,500,1200,50000,0
x3z3,pairs,5,30.0,0.0004384804405125585,Z,spin,50000,500,1200,50000,0
x3z3,pairs,5,30.0,0.0004384804405125585,X,spin,50000,500,1200,50000,0
x3z3,method_a,5,3.0,0.0004384804405125585,Z,spin,50000,500,750,50000,0
x3z3,method_a,5,1.0,0.0004384804405125585,X,spin,50000,500,750,50000,0
x3z3,pairs,5,0.5,0.0004384804405125585,Z,spin,50000,500,1200,50000,0
x3z3,pairs,5,10.0,0.0004384804405125585,Z,spin,50000,500,1200,50000,0
x3z3,method_a,5,30.0,0.0004384804405125585,Z,spin,50000,500,750,50000,0
x3z3,pairs,5,100.0,0.0004384804405125585,Z,spin,50000,500,1200,50000,0
x3z3,method_a,5,1.0,0.0004384804405125585,Z,spin,50000,500,750,50000,0
x3z3,method_a,5,0.5,0.0004384804405125585,Z,spin,50000,500,750,50000,0
x3z3,pairs,5,3.0,0.0004384804405125585,Z,spin,50000,500,1200,50000,0
x3z3,pairs,5,1000.0,0.0004384804405125585,Z,spin,50000,500,1200,50000,0
x3z3,pairs,5,1.0,0.0004384804405125585,X,spin,50000,500,1200,50000,0
x3z3,pairs,5,0.5,0.0004384804405125585,X,spin,50000,500,1200,50000,2
x3z3,pairs,5,1.0,0.0004384804405125585,Z,spin,50000,500,1200,50000,0
x3z3,pairs,5,10.0,0.0004384804405125585,X,spin,50000,500,1200,50000,0
x3z3,method_a,5,10.0,0.0004384804405125585,X,spin,50000,500,750,50000,0
x3z3,method_a,5,30.0,0.0004384804405125585,X,spin,50000,500,750,50000,0
x3z3,method_a,5,3.0,0.0004384804405125585,X,spin,50000,500,750,50000,0
x3z3,pairs,5,100.0,0.0004384804405125585,X,spin,50000,500,1200,50000,0
x3z3,method_a,5,10.0,0.0004384804405125585,Z,spin,50000,500,750,50000,0
x3z3,method_a,5,100.0,0.0004384804405125585,Z,spin,50000,500,750,50000,0
x3z3,method_a,5,0.5,0.0004384804405125585,X,spin,50000,500,750,50000,0
x3z3,method_b,5,0.5,0.0004384804405125585,X,spin,50000,500,750,50000,0
x3z3,method_a,5,100.0,0.0004384804405125585,X,spin,50000,500,750,50000,0
x3z3,method_b,5,0.5,0.0004384804405125585,Z,spin,50000,500,750,50000,0
x3z3,method_a,5,1000.0,0.0004384804405125585,Z,spin,50000,500,750,50000,0
x3z3,method_b,5,100.0,0.0004384804405125585,X,spin,50000,500,750,50000,0
x3z3,method_b,5,100.0,0.0004384804405125585,Z,spin,50000,500,750,50000,0
x3z3,method_b,5,10.0,0.0004384804405125585,X,spin,50000,500,750,50000,0
x3z3,method_a,5,1000.0,0.0004384804405125585,X,spin,50000,500,750,50000,0
x3z3,method_b,5,1.0,0.0004384804405125585,Z,spin,50000,500,750,50000,0
x3z3,method_b,5,1.0,0.0004384804405125585,X,spin,50000,500,750,50000,1
x3z3,method_b,5,3.0,0.0004384804405125585,Z,spin,50000,500,750,50000,0
x3z3,pairs,5,1000.0,0.0004384804405125585,X,spin,50000,500,1200,50000,0
x3z3,method_b,5,3.0,0.0004384804405125585,X,spin,50000,500,750,50000,0
x3z3,method_b,5,10.0,0.0004384804405125585,Z,spin,50000,500,750,50000,0
x3z3,method_b,5,30.0,0.0004384804405125585,Z,spin,50000,500,750,50000,0
x3z3,method_b,5,1000.0,0.0004384804405125585,Z,spin,50000,500,750,50000,0
x3z3,method_c,5,0.5,0.0004384804405125585,Z,spin,50000,500,750,50000,0
x3z3,method_b,5,1000.0,0.0004384804405125585,X,spin,50000,500,750,50000,0
x3z3,method_c,5,3.0,0.0004384804405125585,Z,spin,50000,500,750,50000,0
x3z3,method_c,5,1.0,0.0004384804405125585,Z,spin,50000,500,750,50000,0
x3z3,method_c,5,10.0,0.0004384804405125585,Z,spin,50000,500,750,50000,0
x3z3,method_c,5,30.0,0.0004384804405125585,X,spin,50000,500,750,50000,0
x3z3,method_b,5,30.0,0.0004384804405125585,X,spin,50000,500,750,50000,0
x3z3,method_c,5,30.0,0.0004384804405125585,Z,spin,50000,500,750,50000,0
x3z3,method_c,5,3.0,0.0004384804405125585,X,spin,50000,500,750,50000,0
css,pairs,5,0.5,0.0002961352530559501,Z,spin,50000,500,1200,50000,0
x3z3,method_c,5,1.0,0.0004384804405125585,X,spin,50000,500,750,50000,0
x3z3,method_c,5,10.0,0.0004384804405125585,X,spin,50000,500,750,50000,0
x3z3,method_c,5,100.0,0.0004384804405125585,Z,spin,50000,500,750,50000,0
x3z3,method_c,5,100.0,0.0004384804405125585,X,spin,50000,500,750,50000,0
x3z3,method_c,5,1000.0,0.0004384804405125585,Z,spin,50000,500,750,50000,0
x3z3,method_c,5,1000.0,0.0004384804405125585,X,spin,50000,500,750,50000,0
css,pairs,5,1.0,0.0002961352530559501,Z,spin,50000,500,1200,50000,0
x3z3,method_c,5,0.5,0.0004384804405125585,X,spin,50000,500,750,50000,0
css,pairs,5,1.0,0.0002961352530559501,X,spin,50000,500,1200,50000,0
css,method_a,5,0.5,0.0002961352530559501,X,spin,50000,500,750,50000,0
css,method_a,5,0.5,0.0002961352530559501,Z,spin,50000,500,750,50000,0
css,pairs,5,100.0,0.0002961352530559501,X,spin,50000,500,1200,50000,0
css,pairs,5,10.0,0.0002961352530559501,Z,spin,50000,500,1200,50000,0
css,pairs,5,0.5,0.0002961352530559501,X,spin,50000,500,1200,50000,0
css,pairs,5,3.0,0.0002961352530559501,Z,spin,50000,500,1200,50000,0
css,method_a,5,1.0,0.0002961352530559501,Z,spin,50000,500,750,50000,0
css,pairs,5,1000.0,0.0002961352530559501,Z,spin,50000,500,1200,50000,0
css,pairs,5,30.0,0.0002961352530559501,Z,spin,50000,500,1200,50000,0
css,pairs,5,3.0,0.0002961352530559501,X,spin,50000,500,1200,50000,0
css,pairs,5,100.0,0.0002961352530559501,Z,spin,50000,500,1200,50000,0
css,method_a,5,30.0,0.0002961352530559501,X,spin,50000,500,750,50000,0
css,pairs,5,10.0,0.0002961352530559501,X,spin,50000,500,1200,50000,0
css,pairs,5,30.0,0.0002961352530559501,X,spin,50000,500,1200,50000,0
css,method_a,5,100.0,0.0002961352530559501,Z,spin,50000,500,750,50000,0
css,method_a,5,1.0,0.0002961352530559501,X,spin,50000,500,750,50000,0
css,method_a,5,3.0,0.0002961352530559501,X,spin,50000,500,750,50000,0
css,method_a,5,3.0,0.0002961352530559501,Z,spin,50000,500,750,50000,0
css,method_a,5,10.0,0.0002961352530559501,X,spin,50000,500,750,50000,0
css,pairs,5,1000.0,0.0002961352530559501,X,spin,50000,500,1200,50000,0
css,method_b,5,0.5,0.0002961352530559501,Z,spin,50000,500,750,50000,0
css,method_b,5,3.0,0.0002961352530559501,Z,spin,50000,500,750,50000,0
css,method_a,5,10.0,0.0002961352530559501,Z,spin,50000,500,750,50000,0
css,method_b,5,1.0,0.0002961352530559501,X,spin,50000,500,750,50000,0
css,method_a,5,100.0,0.0002961352530559501,X,spin,50000,500,750,50000,0
css,method_a,5,30.0,0.0002961352530559501,Z,spin,50000,500,750,50000,0
css,method_a,5,1000.0,0.0002961352530559501,X,spin,50000,500,750,50000,0
css,method_b,5,3.0,0.0002961352530559501,X,spin,50000,500,750,50000,0
css,method_a,5,1000.0,0.0002961352530559501,Z,spin,50000,500,750,50000,0
css,method_b,5,30.0,0.0002961352530559501,X,spin,50000,500,750,50000,0
css,method_b,5,1.0,0.0002961352530559501,Z,spin,50000,500,750,50000,0
css,method_b,5,100.0,0.0002961352530559501,Z,spin,50000,500,750,50000,0
css,method_b,5,10.0,0.0002961352530559501,X,spin,50000,500,750,50000,0
css,method_b,5,0.5,0.0002961352530559501,X,spin,50000,500,750,50000,0
css,method_b,5,10.0,0.0002961352530559501,Z,spin,50000,500,750,50000,0
css,method_c,5,1.0,0.0002961352530559501,X,spin,50000,500,750,50000,0
css,method_b,5,30.0,0.0002961352530559501,Z,spin,50000,500,750,50000,0
css,method_c,5,30.0,0.0002961352530559501,X,spin,50000,500,750,50000,0
css,method_b,5,1000.0,0.0002961352530559501,Z,spin,50000,500,750,50000,0
css,method_c,5,1000.0,0.0002961352530559501,Z,spin,50000,500,750,50000,0
css,method_c,5,3.0,0.0002961352530559501,X,spin,50000,500,750,50000,0
css,method_c,5,10.0,0.0002961352530559501,Z,spin,50000,500,750,50000,0
css,method_c,5,0.5,0.0002961352530559501,Z,spin,50000,500,750,50000,0
css,method_b,5,1000.0,0.0002961352530559501,X,spin,50000,500,750,50000,0
css,method_c,5,1.0,0.0002961352530559501,Z,spin,50000,500,750,50000,0
css,method_c,5,0.5,0.0002961352530559501,X,spin,50000,500,750,50000,0
css,method_c,5,3.0,0.0002961352530559501,Z,spin,50000,500,750,50000,0
css,method_c,5,30.0,0.0002961352530559501,Z,spin,50000,500,750,50000,0
css,method_c,5,100.0,0.0002961352530559501,Z,spin,50000,500,750,50000,0
css,method_c,5,10.0,0.0002961352530559501,X,spin,50000,500,750,50000,0
css,method_c,5,100.0,0.0002961352530559501,X,spin,50000,500,750,50000,0
css,method_c,5,1000.0,0.0002961352530559501,X,spin,50000,500,750,50000,1
css,method_b,5,100.0,0.0002961352530559501,X,spin,50000,500,750,50000,0
x3z3,pairs,5,1.0,0.0002961352530559501,X,spin,50000,500,1200,50000,0
x3z3,pairs,5,0.5,0.0002961352530559501,Z,spin,50000,500,1200,50000,0
x3z3,pairs,5,1.0,0.0002961352530559501,Z,spin,50000,500,1200,50000,0
x3z3,pairs,5,10.0,0.0002961352530559501,Z,spin,50000,500,1200,50000,0
x3z3,pairs,5,10.0,0.0002961352530559501,X,spin,50000,500,1200,50000,0
x3z3,pairs,5,30.0,0.0002961352530559501,Z,spin,50000,500,1200,50000,0
x3z3,pairs,5,3.0,0.0002961352530559501,Z,spin,50000,500,1200,50000,0
x3z3,pairs,5,30.0,0.0002961352530559501,X,spin,50000,500,1200,50000,0
x3z3,method_a,5,30.0,0.0002961352530559501,Z,spin,50000,500,750,50000,0
x3z3,method_a,5,10.0,0.0002961352530559501,X,spin,50000,500,750,50000,0
x3z3,pairs,5,100.0,0.0002961352530559501,X,spin,50000,500,1200,50000,0
x3z3,pairs,5,3.0,0.0002961352530559501,X,spin,50000,500,1200,50000,0
x3z3,pairs,5,100.0,0.0002961352530559501,Z,spin,50000,500,1200,50000,0
x3z3,pairs,5,1000.0,0.0002961352530559501,Z,spin,50000,500,1200,50000,0
x3z3,pairs,5,1000.0,0.0002961352530559501,X,spin,50000,500,1200,50000,0
x3z3,method_a,5,1.0,0.0002961352530559501,Z,spin,50000,500,750,50000,0
x3z3,method_a,5,0.5,0.0002961352530559501,X,spin,50000,500,750,50000,0
x3z3,pairs,5,0.5,0.0002961352530559501,X,spin,50000,500,1200,50000,0
x3z3,method_a,5,1.0,0.0002961352530559501,X,spin,50000,500,750,50000,0
x3z3,method_a,5,3.0,0.0002961352530559501,Z,spin,50000,500,750,50000,0
x3z3,method_a,5,10.0,0.0002961352530559501,Z,spin,50000,500,750,50000,0
x3z3,method_a,5,3.0,0.0002961352530559501,X,spin,50000,500,750,50000,0
x3z3,method_a,5,1000.0,0.0002961352530559501,Z,spin,50000,500,750,50000,0
x3z3,method_a,5,100.0,0.0002961352530559501,Z,spin,50000,500,750,50000,0
x3z3,method_a,5,30.0,0.0002961352530559501,X,spin,50000,500,750,50000,0
x3z3,method_b,5,0.5,0.0002961352530559501,X,spin,50000,500,750,50000,0
x3z3,method_a,5,0.5,0.0002961352530559501,Z,spin,50000,500,750,50000,0
x3z3,method_b,5,0.5,0.0002961352530559501,Z,spin,50000,500,750,50000,0
x3z3,method_a,5,100.0,0.0002961352530559501,X,spin,50000,500,750,50000,0
x3z3,method_b,5,1.0,0.0002961352530559501,X,spin,50000,500,750,50000,0
x3z3,method_a,5,1000.0,0.0002961352530559501,X,spin,50000,500,750,50000,0
x3z3,method_b,5,3.0,0.0002961352530559501,Z,spin,50000,500,750,50000,0
x3z3,method_b,5,1.0,0.0002961352530559501,Z,spin,50000,500,750,50000,0
x3z3,method_b,5,30.0,0.0002961352530559501,Z,spin,50000,500,750,50000,0
x3z3,method_b,5,10.0,0.0002961352530559501,X,spin,50000,500,750,50000,0
x3z3,method_b,5,3.0,0.0002961352530559501,X,spin,50000,500,750,50000,0
x3z3,method_b,5,1000.0,0.0002961352530559501,Z,spin,50000,500,750,50000,0
x3z3,method_b,5,10.0,0.0002961352530559501,Z,spin,50000,500,750,50000,0
x3z3,method_c,5,3.0,0.0002961352530559501,X,spin,50000,500,750,50000,0
x3z3,method_c,5,3.0,0.0002961352530559501,Z,spin,50000,500,750,50000,0
x3z3,method_b,5,100.0,0.0002961352530559501,X,spin,50000,500,750,50000,0
x3z3,method_c,5,10.0,0.0002961352530559501,Z,spin,50000,500,750,50000,0
x3z3,method_c,5,30.0,0.0002961352530559501,Z,spin,50000,500,750,50000,0
x3z3,method_b,5,100.0,0.0002961352530559501,Z,spin,50000,500,750,50000,0
x3z3,method_b,5,30.0,0.0002961352530559501,X,spin,50000,500,750,50000,0
x3z3,method_c,5,0.5,0.0002961352530559501,Z,spin,50000,500,750,50000,0
x3z3,method_c,5,100.0,0.0002961352530559501,Z,spin,50000,500,750,50000,0
x3z3,method_c,5,10.0,0.0002961352530559501,X,spin,50000,500,750,50000,0
x3z3,method_c,5,100.0,0.0002961352530559501,X,spin,50000,500,750,50000,0
x3z3,method_c,5,1.0,0.0002961352530559501,Z,spin,50000,500,750,50000,0
x3z3,method_c,5,1.0,0.0002961352530559501,X,spin,50000,500,750,50000,0
x3z3,method_b,5,1000.0,0.0002961352530559501,X,spin,50000,500,750,50000,0
x3z3,method_c,5,0.5,0.0002961352530559501,X,spin,50000,500,750,50000,0
x3z3,method_c,5,30.0,0.0002961352530559501,X,spin,50000,500,750,50000,0
css,pairs,5,1.0,0.0002,X,spin,50000,500,1200,50000,0
x3z3,method_c,5,1000.0,0.0002961352530559501,Z,spin,50000,500,750,50000,0
x3z3,method_c,5,1000.0,0.0002961352530559501,X,spin,50000,500,750,50000,0
css,pairs,5,3.0,0.0002,Z,spin,50000,500,1200,50000,0
css,pairs,5,0.5,0.0002,Z,spin,50000,500,1200,50000,0
css,pairs,5,0.5,0.0002,X,spin,50000,500,1200,50000,0
css,pairs,5,1.0,0.0002,Z,spin,50000,500,1200,50000,0
css,pairs,5,100.0,0.0002,X,spin,50000,500,1200,50000,0
css,pairs,5,100.0,0.0002,Z,spin,50000,500,1200,50000,0
css,pairs,5,1000.0,0.0002,Z,spin,50000,500,1200,50000,0
css,method_a,5,3.0,0.0002,Z,spin,50000,500,750,50000,0
css,pairs,5,10.0,0.0002,Z,spin,50000,500,1200,50000,0
css,pairs,5,10.0,0.0002,X,spin,50000,500,1200,50000,0
css,pairs,5,3.0,0.0002,X,spin,50000,500,1200,50000,0
css,pairs,5,30.0,0.0002,Z,spin,50000,500,1200,50000,0
css,method_a,5,1.0,0.0002,X,spin,50000,500,750,50000,0
css,pairs,5,30.0,0.0002,X,spin,50000,500,1200,50000,0
css,pairs,5,1000.0,0.0002,X,spin,50000,500,1200,50000,0
css,method_a,5,0.5,0.0002,Z,spin,50000,500,750,50000,0
css,method_a,5,1000.0,0.0002,Z,spin,50000,500,750,50000,0
css,method_a,5,0.5,0.0002,X,spin,50000,500,750,50000,0
css,method_a,5,3.0,0.0002,X,spin,50000,500,750,50000,0
css,method_a,5,1.0,0.0002,Z,spin,50000,500,750,50000,0
css,method_a,5,10.0,0.0002,Z,spin,50000,500,750,50000,0
css,method_a,5,10.0,0.0002,X,spin,50000,500,750,50000,0
css,method_a,5,30.0,0.0002,Z,spin,50000,500,750,50000,0
css,method_a,5,100.0,0.0002,Z,spin,50000,500,750,50000,0
css,method_a,5,30.0,0.0002,X,spin,50000,500,750,50000,0
css,method_b,5,3.0,0.0002,X,spin,50000,500,750,50000,0
css,method_b,5,1.0,0.0002,Z,spin,50000,500,750,50000,0
css,method_a,5,100.0,0.0002,X,spin,50000,500,750,50000,0
css,method_a,5,1000.0,0.0002,X,spin,50000,500,750,50000,0
css,method_b,5,0.5,0.0002,Z,spin,50000,500,750,50000,0
css,method_b,5,10.0,0.0002,Z,spin,50000,500,750,50000,0
css,method_b,5,0.5,0.0002,X,spin,50000,500,750,50000,0
css,method_b,5,1000.0,0.0002,X,spin,50000,500,750,50000,0
css,method_b,5,1.0,0.0002,X,spin,50000,500,750,50000,0
css,method_b,5,3.0,0.0002,Z,spin,50000,500,750,50000,0
css,method_b,5,30.0,0.0002,Z,spin,50000,500,750,50000,0
css,method_b,5,30.0,0.0002,X,spin,50000,500,750,50000,0
css,method_b,5,100.0,0.0002,Z,spin,50000,500,750,50000,0
css,method_b,5,100.0,0.0002,X,spin,50000,500,750,50000,0
css,method_b,5,10.0,0.0002,X,spin,50000,500,750,50000,0
css,method_b,5,1000.0,0.0002,Z,spin,50000,500,750,50000,0
css,method_c,5,1.0,0.0002,Z,spin,50000,500,750,50000,0
css,method_c,5,30.0,0.0002,X,spin,50000,500,750,50000,0
css,method_c,5,0.5,0.0002,X,spin,50000,500,750,50000,0
css,method_c,5,10.0,0.0002,Z,spin,50000,500,750,50000,0
css,method_c,5,3.0,0.0002,Z,spin,50000,500,750,50000,0
css,method_c,5,3.0,0.0002,X,spin,50000,500,750,50000,0
css,method_c,5,100.0,0.0002,X,spin,50000,500,750,50000,0
css,method_c,5,10.0,0.0002,X,spin,50000,500,750,50000,0
css,method_c,5,1000.0,0.0002,Z,spin,50000,500,750,50000,0
css,method_c,5,30.0,0.0002,Z,spin,50000,500,750,50000,0
x3z3,pairs,5,3.0,0.0002,X,spin,50000,500,1200,50000,0
css,method_c,5,1000.0,0.0002,X,spin,50000,500,750,50000,0
css,method_c,5,100.0,0.0002,Z,spin,50000,500,750,50000,0
x3z3,pairs,5,0.5,0.0002,Z,spin,50000,500,1200,50000,0
x3z3,method_a,5,1.0,0.0002,X,spin,50000,500,750,50000,0
x3z3,pairs,5,0.5,0.0002,X,spin,50000,500,1200,50000,0
x3z3,pairs,5,30.0,0.0002,X,spin,50000,500,1200,50000,0
css,method_c,5,1.0,0.0002,X,spin,50000,500,750,50000,0
css,method_c,5,0.5,0.0002,Z,spin,50000,500,750,50000,0
x3z3,method_a,5,0.5,0.0002,X,spin,50000,500,750,50000,0
x3z3,pairs,5,10.0,0.0002,Z,spin,50000,500,1200,50000,0
x3z3,pairs,5,100.0,0.0002,Z,spin,50000,500,1200,50000,0
x3z3,pairs,5,10.0,0.0002,X,spin,50000,500,1200,50000,0
x3z3,method_a,5,0.5,0.0002,Z,spin,50000,500,750,50000,0
x3z3,pairs,5,30.0,0.0002,Z,spin,50000,500,1200,50000,0
x3z3,pairs,5,3.0,0.0002,Z,spin,50000,500,1200,50000,0
x3z3,pairs,5,1.0,0.0002,Z,spin,50000,500,1200,50000,0
x3z3,pairs,5,1.0,0.0002,X,spin,50000,500,1200,50000,0
x3z3,method_a,5,1.0,0.0002,Z,spin,50000,500,750,50000,0
x3z3,pairs,5,1000.0,0.0002,X,spin,50000,500,1200,50000,0
x3z3,method_a,5,100.0,0.0002,Z,spin,50000,500,750,50000,0
x3z3,pairs,5,100.0,0.0002,X,spin,50000,500,1200,50000,0
x3z3,method_a,5,3.0,0.0002,X,spin,50000,500,750,50000,0
x3z3,method_a,5,10.0,0.0002,X,spin,50000,500,750,50000,0
x3z3,method_a,5,1000.0,0.0002,X,spin,50000,500,750,50000,0
x3z3,method_a,5,30.0,0.0002,Z,spin,50000,500,750,50000,0
x3z3,pairs,5,1000.0,0.0002,Z,spin,50000,500,1200,50000,0
x3z3,method_a,5,100.0,0.0002,X,spin,50000,500,750,50000,0
x3z3,method_a,5,3.0,0.0002,Z,spin,50000,500,750,50000,0
x3z3,method_a,5,30.0,0.0002,X,spin,50000,500,750,50000,0
x3z3,method_b,5,1.0,0.0002,Z,spin,50000,500,750,50000,0
x3z3,method_a,5,10.0,0.0002,Z,spin,50000,500,750,50000,0
x3z3,method_b,5,0.5,0.0002,Z,spin,50000,500,750,50000,0
x3z3,method_a,5,1000.0,0.0002,Z,spin,50000,500,750,50000,0
x3z3,method_b,5,0.5,0.0002,X,spin,50000,500,750,50000,0
x3z3,method_b,5,1.0,0.0002,X,spin,50000,500,750,50000,0
x3z3,method_b,5,10.0,0.0002,Z,spin,50000,500,750,50000,0
x3z3,method_b,5,30.0,0.0002,Z,spin,50000,500,750,50000,0
x3z3,method_b,5,3.0,0.0002,X,spin,50000,500,750,50000,0
x3z3,method_c,5,0.5,0.0002,Z,spin,50000,500,750,50000,0
x3z3,method_b,5,100.0,0.0002,Z,spin,50000,500,750,50000,0
x3z3,method_c,5,10.0,0.0002,Z,spin,50000,500,750,50000,0
x3z3,method_b,5,1000.0,0.0002,X,spin,50000,500,750,50000,0
x3z3,method_c,5,1.0,0.0002,Z,spin,50000,500,750,50000,0
x3z3,method_b,5,1000.0,0.0002,Z,spin,50000,500,750,50000,0
x3z3,method_b,5,3.0,0.0002,Z,spin,50000,500,750,50000,0
x3z3,method_b,5,100.0,0.0002,X,spin,50000,500,750,50000,0
x3z3,method_b,5,10.0,0.0002,X,spin,50000,500,750,50000,0
x3z3,method_c,5,100.0,0.0002,X,spin,50000,500,750,50000,0
x3z3,method_c,5,0.5,0.0002,X,spin,50000,500,750,50000,0
x3z3,method_b,5,30.0,0.0002,X,spin,50000,500,750,50000,0
x3z3,method_c,5,100.0,0.0002,Z,spin,50000,500,750,50000,0
x3z3,method_c,5,3.0,0.0002,X,spin,50000,500,750,50000,0
x3z3,method_c,5,1.0,0.0002,X,spin,50000,500,750,50000,0
x3z3,method_c,5,30.0,0.0002,X,spin,50000,500,750,50000,0
x3z3,method_c,5,10.0,0.0002,X,spin,50000,500,750,50000,0
x3z3,method_c,5,3.0,0.0002,Z,spin,50000,500,750,50000,0
x3z3,method_c,5,1000.0,0.0002,Z,spin,50000,500,750,50000,0
x3z3,method_c,5,1000.0,0.0002,X,spin,50000,500,750,50000,0
x3z3,method_c,5,30.0,0.0002,Z,spin,50000,500,750,50000,0
css,pairs,3,10.0,0.015,Z,spin,50000,500,432,50000,24884
css,pairs,3,100.0,0.015,Z,spin,50000,500,432,50000,24903
css,pairs,3,1000.0,0.015,Z,spin,50000,500,432,50000,25159
css,method_a,3,1000.0,0.015,Z,spin,50000,500,270,50000,24816
css,pairs,3,30.0,0.015,Z,spin,50000,500,432,50000,24682
css,pairs,3,3.0,0.015,Z,spin,50000,500,432,50000,24903
css,method_a,3,100.0,0.015,Z,spin,50000,500,270,50000,24909
css,method_a,3,30.0,0.015,Z,spin,50000,500,270,50000,24932
css,method_a,3,10.0,0.015,Z,spin,50000,500,270,50000,24810
css,method_a,3,3.0,0.015,Z,spin,50000,500,270,50000,24941
css,pairs,3,1.0,0.015,Z,spin,50000,500,432,50000,24785
css,pairs,3,0.5,0.015,X,spin,50000,500,432,50000,24615
css,pairs,3,3.0,0.015,X,spin,50000,500,432,50000,24746
css,pairs,3,0.5,0.015,Z,spin,50000,500,432,50000,24906
css,pairs,3,30.0,0.015,X,spin,50000,500,432,50000,24893
css,pairs,3,100.0,0.015,X,spin,50000,500,432,50000,25064
css,method_a,3,0.5,0.015,X,spin,50000,500,270,50000,25070
css,pairs,3,1000.0,0.015,X,spin,50000,500,432,50000,25041
css,method_a,3,0.5,0.015,Z,spin,50000,500,270,50000,25123
css,pairs,3,1.0,0.015,X,spin,50000,500,432,50000,25176
css,pairs,3,10.0,0.015,X,spin,50000,500,432,50000,25033
css,method_a,3,100.0,0.015,X,spin,50000,500,270,50000,25038
css,method_a,3,3.0,0.015,X,spin,50000,500,270,50000,25094
css,method_a,3,30.0,0.015,X,spin,50000,500,270,50000,25106
css,method_a,3,10.0,0.015,X,spin,50000,500,270,50000,25037
css,method_a,3,1.0,0.015,X,spin,50000,500,270,50000,24979
css,method_b,3,10.0,0.015,Z,spin,50000,500,270,50000,25078
css,method_a,3,1000.0,0.015,X,spin,50000,500,270,50000,24949
css,method_b,3,3.0,0.015,Z,spin,50000,500,270,50000,25021
css,method_b,3,100.0,0.015,Z,spin,50000,500,270,50000,25005
css,method_b,3,30.0,0.015,Z,spin,50000,500,270,50000,25035
css,method_b,3,1.0,0.015,Z,spin,50000,500,270,50000,25193
css,method_a,3,1.0,0.015,Z,spin,50000,500,270,50000,25100
css,method_b,3,1000.0,0.015,Z,spin,50000,500,270,50000,24944
css,method_c,3,10.0,0.015,Z,spin,50000,500,270,50000,24903
css,method_b,3,3.0,0.015,X,spin,50000,500,270,50000,24925
css,method_c,3,30.0,0.015,Z,spin,50000,500,270,50000,25149
css,method_c,3,1000.0,0.015,Z,spin,50000,500,270,50000,25003
css,method_c,3,100.0,0.015,Z,spin,50000,500,270,50000,25010
css,method_b,3,10.0,0.015,X,spin,50000,500,270,50000,25220
css,method_c,3,3.0,0.015,Z,spin,50000,500,270,50000,24932
css,method_b,3,30.0,0.015,X,spin,50000,500,270,50000,24961
css,method_b,3,1.0,0.015,X,spin,50000,500,270,50000,24977
css,method_c,3,1.0,0.015,Z,spin,50000,500,270,50000,24866
css,method_b,3,1000.0,0.015,X,spin,50000,500,270,50000,25086
css,method_b,3,100.0,0.015,X,spin,50000,500,270,50000,24917
css,method_b,3,0.5,0.015,Z,spin,50000,500,270,50000,25161
x3z3,pairs,3,3.0,0.015,Z,spin,50000,500,432,50000,25075
css,method_c,3,100.0,0.015,X,spin,50000,500,270,50000,24884
x3z3,pairs,3,3.0,0.015,X,spin,50000,500,432,50000,24875
css,method_c,3,3.0,0.015,X,spin,50000,500,270,50000,25079
x3z3,pairs,3,30.0,0.015,Z,spin,50000,500,432,50000,24908
x3z3,pairs,3,0.5,0.015,X,spin,50000,500,432,50000,24930
css,method_c,3,10.0,0.015,X,spin,50000,500,270,50000,25158
x3z3,pairs,3,10.0,0.015,X,spin,50000,500,432,50000,24995
css,method_c,3,1.0,0.015,X,spin,50000,500,270,50000,25163
css,method_b,3,0.5,0.015,X,spin,50000,500,270,50000,24886
x3z3,pairs,3,10.0,0.015,Z,spin,50000,500,432,50000,24750
x3z3,pairs,3,1.0,0.015,Z,spin,50000,500,432,50000,25027
css,method_c,3,30.0,0.015,X,spin,50000,500,270,50000,25123
x3z3,pairs,3,30.0,0.015,X,spin,50000,500,432,50000,25121
x3z3,pairs,3,0.5,0.015,Z,spin,50000,500,432,50000,24981
x3z3,pairs,3,100.0,0.015,Z,spin,50000,500,432,50000,24922
x3z3,pairs,3,1.0,0.015,X,spin,50000,500,432,50000,24868
css,method_c,3,1000.0,0.015,X,spin,50000,500,270,50000,25074
x3z3,pairs,3,100.0,0.015,X,spin,50000,500,432,50000,25106
x3z3,pairs,3,1000.0,0.015,Z,spin,50000,500,432,50000,24913
css,method_c,3,0.5,0.015,Z,spin,50000,500,270,50000,24990
x3z3,pairs,3,1000.0,0.015,X,spin,50000,500,432,50000,24875
x3z3,method_a,3,1000.0,0.015,Z,spin,50000,500,270,50000,24785
x3z3,method_a,3,3.0,0.015,Z,spin,50000,500,270,50000,25039
x3z3,method_a,3,10.0,0.015,X,spin,50000,500,270,50000,25037
x3z3,method_a,3,10.0,0.015,Z,spin,50000,500,270,50000,25037
x3z3,method_a,3,100.0,0.015,X,spin,50000,500,270,50000,25100
x3z3,method_a,3,100.0,0.015,Z,spin,50000,500,270,50000,25148
x3z3,method_a,3,30.0,0.015,Z,spin,50000,500,270,50000,25004
x3z3,method_a,3,3.0,0.015,X,spin,50000,500,270,50000,24803
x3z3,method_a,3,30.0,0.015,X,spin,50000,500,270,50000,24859
x3z3,method_a,3,1000.0,0.015,X,spin,50000,500,270,50000,25065
x3z3,method_a,3,1.0,0.015,Z,spin,50000,500,270,50000,25019
x3z3,method_a,3,1.0,0.015,X,spin,50000,500,270,50000,24926
x3z3,method_b,3,3.0,0.015,X,spin,50000,500,270,50000,25221
css,method_c,3,0.5,0.015,X,spin,50000,500,270,50000,25139
x3z3,method_b,3,30.0,0.015,Z,spin,50000,500,270,50000,25053
x3z3,method_b,3,10.0,0.015,Z,spin,50000,500,270,50000,24934
x3z3,method_b,3,10.0,0.015,X,spin,50000,500,270,50000,25043
x3z3,method_b,3,30.0,0.015,X,spin,50000,500,270,50000,25066
x3z3,method_b,3,100.0,0.015,Z,spin,50000,500,270,50000,24966
x3z3,method_b,3,3.0,0.015,Z,spin,50000,500,270,50000,25028
x3z3,method_a,3,0.5,0.015,X,spin,50000,500,270,50000,24787
x3z3,method_b,3,1000.0,0.015,Z,spin,50000,500,270,50000,24974
x3z3,method_a,3,0.5,0.015,Z,spin,50000,500,270,50000,24935
x3z3,method_b,3,100.0,0.015,X,spin,50000,500,270,50000,25180
x3z3,method_b,3,1.0,0.015,X,spin,50000,500,270,50000,24849
x3z3,method_b,3,1.0,0.015,Z,spin,50000,500,270,50000,24965
x3z3,method_b,3,1000.0,0.015,X,spin,50000,500,270,50000,24903
x3z3,method_c,3,100.0,0.015,Z,spin,50000,500,270,50000,25002
x3z3,method_c,3,100.0,0.015,X,spin,50000,500,270,50000,24990
x3z3,method_c,3,10.0,0.015,Z,spin,50000,500,270,50000,25003
x3z3,method_c,3,30.0,0.015,Z,spin,50000,500,270,50000,24949
css,pairs,3,10.0,0.010130506142182251,Z,spin,50000,500,432,50000,24414
x3z3,method_c,3,10.0,0.015,X,spin,50000,500,270,50000,24819
css,pairs,3,3.0,0.010130506142182251,Z,spin,50000,500,432,50000,24842
x3z3,method_c,3,3.0,0.015,X,spin,50000,500,270,50000,25220
x3z3,method_c,3,30.0,0.015,X,spin,50000,500,270,50000,24884
x3z3,method_c,3,1000.0,0.015,X,spin,50000,500,270,50000,25082
x3z3,method_c,3,3.0,0.015,Z,spin,50000,500,270,50000,25125
css,pairs,3,30.0,0.010130506142182251,Z,spin,50000,500,432,50000,24006
x3z3,method_c,3,1000.0,0.015,Z,spin,50000,500,270,50000,24967
css,pairs,3,1.0,0.010130506142182251,Z,spin,50000,500,432,50000,24871
css,pairs,3,100.0,0.010130506142182251,Z,spin,50000,500,432,50000,23491
x3z3,method_c,3,1.0,0.015,X,spin,50000,500,270,50000,25017
x3z3,method_c,3,1.0,0.015,Z,spin,50000,500,270,50000,24998
x3z3,method_b,3,0.5,0.015,X,spin,50000,500,270,50000,25024
css,pairs,3,0.5,0.010130506142182251,Z,spin,50000,500,432,50000,24927
css,pairs,3,1000.0,0.010130506142182251,Z,spin,50000,500,432,50000,23275
css,pairs,3,0.5,0.010130506142182251,X,spin,50000,500,432,50000,25013
css,pairs,3,10.0,0.010130506142182251,X,spin,50000,500,432,50000,24994
x3z3,method_b,3,0.5,0.015,Z,spin,50000,500,270,50000,25001
css,pairs,3,1.0,0.010130506142182251,X,spin,50000,500,432,50000,24960
css,method_a,3,100.0,0.010130506142182251,Z,spin,50000,500,270,50000,23831
css,pairs,3,30.0,0.010130506142182251,X,spin,50000,500,432,50000,25094
css,method_a,3,10.0,0.010130506142182251,Z,spin,50000,500,270,50000,24700
css,pairs,3,3.0,0.010130506142182251,X,spin,50000,500,432,50000,24955
css,method_a,3,30.0,0.010130506142182251,Z,spin,50000,500,270,50000,24095
css,method_a,3,1000.0,0.010130506142182251,Z,spin,50000,500,270,50000,23251
css,method_a,3,3.0,0.010130506142182251,Z,spin,50000,500,270,50000,25030
css,pairs,3,100.0,0.010130506142182251,X,spin,50000,500,432,50000,24972
css,method_a,3,0.5,0.010130506142182251,Z,spin,50000,500,270,50000,25005
x3z3,method_c,3,0.5,0.015,X,spin,50000,500,270,50000,25123
css,method_b,3,10.0,0.010130506142182251,Z,spin,50000,500,270,50000,24625
x3z3,method_c,3,0.5,0.015,Z,spin,50000,500,270,50000,24984
css,method_b,3,30.0,0.010130506142182251,Z,spin,50000,500,270,50000,24272
css,pairs,3,1000.0,0.010130506142182251,X,spin,50000,500,432,50000,24779
css,method_b,3,3.0,0.010130506142182251,Z,spin,50000,500,270,50000,24880
css,method_b,3,100.0,0.010130506142182251,Z,spin,50000,500,270,50000,23835
css,method_a,3,10.0,0.010130506142182251,X,spin,50000,500,270,50000,25117
css,method_b,3,1000.0,0.010130506142182251,Z,spin,50000,500,270,50000,23265
css,method_a,3,30.0,0.010130506142182251,X,spin,50000,500,270,50000,24913
css,method_a,3,3.0,0.010130506142182251,X,spin,50000,500,270,50000,25068
css,method_a,3,1000.0,0.010130506142182251,X,spin,50000,500,270,50000,25099
css,method_b,3,1.0,0.010130506142182251,Z,spin,50000,500,270,50000,25149
css,method_a,3,0.5,0.010130506142182251,X,spin,50000,500,270,50000,24690
css,method_a,3,1.0,0.010130506142182251,X,spin,50000,500,270,50000,25155
css,method_a,3,1.0,0.010130506142182251,Z,spin,50000,500,270,50000,25049
css,method_b,3,3.0,0.010130506142182251,X,spin,50000,500,270,50000,24902
css,method_a,3,100.0,0.010130506142182251,X,spin,50000,500,270,50000,24812
css,method_b,3,1.0,0.010130506142182251,X,spin,50000,500,270,50000,25101
css,method_c,3,3.0,0.010130506142182251,Z,spin,50000,500,270,50000,25058
css,method_c,3,30.0,0.010130506142182251,Z,spin,50000,500,270,50000,23932
css,method_b,3,10.0,0.010130506142182251,X,spin,50000,500,270,50000,25007
css,method_c,3,10.0,0.010130506142182251,Z,spin,50000,500,270,50000,24851
css,method_c,3,100.0,0.010130506142182251,Z,spin,50000,500,270,50000,23612
css,method_b,3,100.0,0.010130506142182251,X,spin,50000,500,270,50000,24781
css,method_b,3,0.5,0.010130506142182251,Z,spin,50000,500,270,50000,25024
css,method_c,3,1000.0,0.010130506142182251,Z,spin,50000,500,270,50000,23280
css,method_c,3,1.0,0.010130506142182251,Z,spin,50000,500,270,50000,25056
css,method_b,3,0.5,0.010130506142182251,X,spin,50000,500,270,50000,24895
css,method_b,3,30.0,0.010130506142182251,X,spin,50000,500,270,50000,24856
css,method_b,3,1000.0,0.010130506142182251,X,spin,50000,500,270,50000,25249
x3z3,pairs,3,3.0,0.010130506142182251,X,spin,50000,500,432,50000,24838
x3z3,pairs,3,30.0,0.010130506142182251,X,spin,50000,500,432,50000,25107
x3z3,pairs,3,10.0,0.010130506142182251,X,spin,50000,500,432,50000,25235
x3z3,pairs,3,10.0,0.010130506142182251,Z,spin,50000,500,432,50000,24897
x3z3,pairs,3,3.0,0.010130506142182251,Z,spin,50000,500,432,50000,24942
css,method_c,3,1.0,0.010130506142182251,X,spin,50000,500,270,50000,25018
css,method_c,3,3.0,0.010130506142182251,X,spin,50000,500,270,50000,24881
x3z3,pairs,3,1.0,0.010130506142182251,X,spin,50000,500,432,50000,25056
x3z3,pairs,3,0.5,0.010130506142182251,Z,spin,50000,500,432,50000,24955
css,method_c,3,10.0,0.010130506142182251,X,spin,50000,500,270,50000,25103
x3z3,pairs,3,100.0,0.010130506142182251,Z,spin,50000,500,432,50000,24852
x3z3,pairs,3,1.0,0.010130506142182251,Z,spin,50000,500,432,50000,25196
x3z3,pairs,3,30.0,0.010130506142182251,Z,spin,50000,500,432,50000,25159
x3z3,pairs,3,0.5,0.010130506142182251,X,spin,50000,500,432,50000,24707
css,method_c,3,0.5,0.010130506142182251,Z,spin,50000,500,270,50000,25131
css,method_c,3,1000.0,0.010130506142182251,X,spin,50000,500,270,50000,24826
css,method_c,3,30.0,0.010130506142182251,X,spin,50000,500,270,50000,25028
css,method_c,3,0.5,0.010130506142182251,X,spin,50000,500,270,50000,24909
x3z3,pairs,3,1000.0,0.010130506142182251,Z,spin,50000,500,432,50000,25128
x3z3,pairs,3,1000.0,0.010130506142182251,X,spin,50000,500,432,50000,25041
x3z3,pairs,3,100.0,0.010130506142182251,X,spin,50000,500,432,50000,24975
css,method_c,3,100.0,0.010130506142182251,X,spin,50000,500,270,50000,25009
x3z3,method_a,3,1.0,0.010130506142182251,Z,spin,50000,500,270,50000,24973
x3z3,method_a,3,3.0,0.010130506142182251,Z,spin,50000,500,270,50000,25174
x3z3,method_a,3,30.0,0.010130506142182251,Z,spin,50000,500,270,50000,25016
x3z3,method_a,3,10.0,0.010130506142182251,Z,spin,50000,500,270,50000,25052
x3z3,method_a,3,30.0,0.010130506142182251,X,spin,50000,500,270,50000,24970
x3z3,method_a,3,3.0,0.010130506142182251,X,spin,50000,500,270,50000,25052
x3z3,method_a,3,100.0,0.010130506142182251,X,spin,50000,500,270,50000,25191
x3z3,method_a,3,1000.0,0.010130506142182251,X,spin,50000,500,270,50000,25137
x3z3,method_a,3,10.0,0.010130506142182251,X,spin,50000,500,270,50000,25043
x3z3,method_a,3,100.0,0.010130506142182251,Z,spin,50000,500,270,50000,24944
x3z3,method_a,3,1.0,0.010130506142182251,X,spin,50000,500,270,50000,24986
x3z3,method_b,3,30.0,0.010130506142182251,Z,spin,50000,500,270,50000,24884
x3z3,method_a,3,0.5,0.010130506142182251,Z,spin,50000,500,270,50000,25117
x3z3,method_b,3,10.0,0.010130506142182251,Z,spin,50000,500,270,50000,24967
x3z3,method_a,3,1000.0,0.010130506142182251,Z,spin,50000,500,270,50000,24934
x3z3,method_b,3,100.0,0.010130506142182251,Z,spin,50000,500,270,50000,24769
x3z3,method_b,3,30.0,0.010130506142182251,X,spin,50000,500,270,50000,25030
x3z3,method_b,3,100.0,0.010130506142182251,X,spin,50000,500,270,50000,24976
x3z3,method_b,3,3.0,0.010130506142182251,X,spin,50000,500,270,50000,25087
x3z3,method_b,3,3.0,0.010130506142182251,Z,spin,50000,500,270,50000,25054
x3z3,method_b,3,1.0,0.010130506142182251,Z,spin,50000,500,270,50000,25127
x3z3,method_b,3,10.0,0.010130506142182251,X,spin,50000,500,270,50000,24836
x3z3,method_b,3,1000.0,0.010130506142182251,Z,spin,50000,500,270,50000,24922
x3z3,method_b,3,1.0,0.010130506142182251,X,spin,50000,500,270,50000,24992
x3z3,method_b,3,1000.0,0.010130506142182251,X,spin,50000,500,270,50000,25136
x3z3,method_a,3,0.5,0.010130506142182251,X,spin,50000,500,270,50000,24880
x3z3,method_c,3,3.0,0.010130506142182251,Z,spin,50000,500,270,50000,24965
x3z3,method_c,3,30.0,0.010130506142182251,Z,spin,50000,500,270,50000,24975
x3z3,method_c,3,1000.0,0.010130506142182251,Z,spin,50000,500,270,50000,24901
css,pairs,3,3.0,0.006841810313119493,Z,spin,50000,500,432,50000,23529
css,pairs,3,100.0,0.006841810313119493,Z,spin,50000,500,432,50000,15015
x3z3,method_c,3,10.0,0.010130506142182251,X,spin,50000,500,270,50000,24777
x3z3,method_c,3,3.0,0.010130506142182251,X,spin,50000,500,270,50000,24913
x3z3,method_c,3,10.0,0.010130506142182251,Z,spin,50000,500,270,50000,25017
css,pairs,3,10.0,0.006841810313119493,Z,spin,50000,500,432,50000,20059
x3z3,method_c,3,30.0,0.010130506142182251,X,spin,50000,500,270,50000,25136
x3z3,method_c,3,100.0,0.010130506142182251,X,spin,50000,500,270,50000,24963
x3z3,method_c,3,100.0,0.010130506142182251,Z,spin,50000,500,270,50000,24974
css,pairs,3,1000.0,0.006841810313119493,Z,spin,50000,500,432,50000,13926
x3z3,method_c,3,1.0,0.010130506142182251,Z,spin,50000,500,270,50000,25036
x3z3,method_b,3,0.5,0.010130506142182251,X,spin,50000,500,270,50000,24845
css,pairs,3,30.0,0.006841810313119493,Z,spin,50000,500,432,50000,17013
x3z3,method_c,3,1000.0,0.010130506142182251,X,spin,50000,500,270,50000,24928
css,pairs,3,1.0,0.006841810313119493,Z,spin,50000,500,432,50000,24611
css,pairs,3,0.5,0.006841810313119493,Z,spin,50000,500,432,50000,24753
css,pairs,3,3.0,0.006841810313119493,X,spin,50000,500,432,50000,25128
x3z3,method_c,3,1.0,0.010130506142182251,X,spin,50000,500,270,50000,24790
css,pairs,3,0.5,0.006841810313119493,X,spin,50000,500,432,50000,24743
x3z3,method_b,3,0.5,0.010130506142182251,Z,spin,50000,500,270,50000,25145
css,pairs,3,10.0,0.006841810313119493,X,spin,50000,500,432,50000,24914
css,pairs,3,1.0,0.006841810313119493,X,spin,50000,500,432,50000,25004
x3z3,method_c,3,0.5,0.010130506142182251,X,spin,50000,500,270,50000,24998
x3z3,method_c,3,0.5,0.010130506142182251,Z,spin,50000,500,270,50000,25213
css,pairs,3,30.0,0.006841810313119493,X,spin,50000,500,432,50000,24933
css,method_a,3,3.0,0.006841810313119493,Z,spin,50000,500,270,50000,24695
css,pairs,3,100.0,0.006841810313119493,X,spin,50000,500,432,50000,24799
css,method_a,3,100.0,0.006841810313119493,Z,spin,50000,500,270,50000,15748
css,method_a,3,30.0,0.006841810313119493,Z,spin,50000,500,270,50000,18142
css,method_a,3,10.0,0.006841810313119493,Z,spin,50000,500,270,50000,21663
css,method_a,3,1000.0,0.006841810313119493,Z,spin,50000,500,270,50000,14249
css,method_b,3,3.0,0.006841810313119493,Z,spin,50000,500,270,50000,24137
css,method_b,3,30.0,0.006841810313119493,Z,spin,50000,500,270,50000,17566
css,method_b,3,10.0,0.006841810313119493,Z,spin,50000,500,270,50000,20942
css,method_b,3,1.0,0.006841810313119493,Z,spin,50000,500,270,50000,24888
css,method_b,3,1000.0,0.006841810313119493,Z,spin,50000,500,270,50000,14204
css,method_a,3,1.0,0.006841810313119493,Z,spin,50000,500,270,50000,24889
css,pairs,3,1000.0,0.006841810313119493,X,spin,50000,500,432,50000,25063
css,method_a,3,0.5,0.006841810313119493,X,spin,50000,500,270,50000,24977
css,method_b,3,100.0,0.006841810313119493,Z,spin,50000,500,270,50000,15307
css,method_a,3,1.0,0.006841810313119493,X,spin,50000,500,270,50000,25083
css,method_a,3,0.5,0.006841810313119493,Z,spin,50000,500,270,50000,25035
css,method_a,3,100.0,0.006841810313119493,X,spin,50000,500,270,50000,25062
css,method_a,3,10.0,0.006841810313119493,X,spin,50000,500,270,50000,24988
css,method_a,3,3.0,0.006841810313119493,X,spin,50000,500,270,50000,24890
css,method_a,3,30.0,0.006841810313119493,X,spin,50000,500,270,50000,25162
css,method_b,3,1.0,0.006841810313119493,X,spin,50000,500,270,50000,24981
css,method_b,3,30.0,0.006841810313119493,X,spin,50000,500,270,50000,24897
css,method_a,3,1000.0,0.006841810313119493,X,spin,50000,500,270,50000,25194
css,method_b,3,0.5,0.006841810313119493,Z,spin,50000,500,270,50000,25028
css,method_b,3,10.0,0.006841810313119493,X,spin,50000,500,270,50000,25001
css,method_b,3,3.0,0.006841810313119493,X,spin,50000,500,270,50000,25094
css,method_b,3,0.5,0.006841810313119493,X,spin,50000,500,270,50000,24961
css,method_c,3,3.0,0.006841810313119493,Z,spin,50000,500,270,50000,24099
css,method_c,3,10.0,0.006841810313119493,Z,spin,50000,500,270,50000,20998
css,method_c,3,1.0,0.006841810313119493,Z,spin,50000,500,270,50000,24976
css,method_c,3,100.0,0.006841810313119493,Z,spin,50000,500,270,50000,15414
css,method_c,3,1.0,0.006841810313119493,X,spin,50000,500,270,50000,25033
css,method_b,3,1000.0,0.006841810313119493,X,spin,50000,500,270,50000,24809
css,method_c,3,1000.0,0.006841810313119493,Z,spin,50000,500,270,50000,14003
css,method_c,3,30.0,0.006841810313119493,Z,spin,50000,500,270,50000,17310
css,method_b,3,100.0,0.006841810313119493,X,spin,50000,500,270,50000,24916
css,method_c,3,0.5,0.006841810313119493,Z,spin,50000,500,270,50000,24880
x3z3,pairs,3,10.0,0.006841810313119493,X,spin,50000,500,432,50000,24575
css,method_c,3,10.0,0.006841810313119493,X,spin,50000,500,270,50000,25138
css,method_c,3,0.5,0.006841810313119493,X,spin,50000,500,270,50000,25192
x3z3,pairs,3,0.5,0.006841810313119493,X,spin,50000,500,432,50000,25078
css,method_c,3,3.0,0.006841810313119493,X,spin,50000,500,270,50000,25080
x3z3,pairs,3,100.0,0.006841810313119493,Z,spin,50000,500,432,50000,24676
x3z3,pairs,3,1.0,0.006841810313119493,Z,spin,50000,500,432,50000,24998
x3z3,pairs,3,1.0,0.006841810313119493,X,spin,50000,500,432,50000,24806
x3z3,pairs,3,3.0,0.006841810313119493,Z,spin,50000,500,432,50000,24610
x3z3,pairs,3,0.5,0.006841810313119493,Z,spin,50000,500,432,50000,24734
x3z3,pairs,3,10.0,0.006841810313119493,Z,spin,50000,500,432,50000,24464
x3z3,pairs,3,100.0,0.006841810313119493,X,spin,50000,500,432,50000,24767
x3z3,pairs,3,3.0,0.006841810313119493,X,spin,50000,500,432,50000,24912
x3z3,pairs,3,30.0,0.006841810313119493,X,spin,50000,500,432,50000,24315
x3z3,pairs,3,30.0,0.006841810313119493,Z,spin,50000,500,432,50000,24610
css,method_c,3,30.0,0.006841810313119493,X,spin,50000,500,270,50000,24833
x3z3,pairs,3,1000.0,0.006841810313119493,Z,spin,50000,500,432,50000,24687
css,method_c,3,100.0,0.006841810313119493,X,spin,50000,500,270,50000,24985
css,method_c,3,1000.0,0.006841810313119493,X,spin,50000,500,270,50000,25252
x3z3,pairs,3,1000.0,0.006841810313119493,X,spin,50000,500,432,50000,24561
x3z3,method_a,3,3.0,0.006841810313119493,Z,spin,50000,500,270,50000,24915
x3z3,method_a,3,1.0,0.006841810313119493,X,spin,50000,500,270,50000,24997
x3z3,method_a,3,10.0,0.006841810313119493,Z,spin,50000,500,270,50000,24841
x3z3,method_a,3,10.0,0.006841810313119493,X,spin,50000,500,270,50000,24949
x3z3,method_a,3,3.0,0.006841810313119493,X,spin,50000,500,270,50000,24956
x3z3,method_a,3,1.0,0.006841810313119493,Z,spin,50000,500,270,50000,24893
x3z3,method_a,3,30.0,0.006841810313119493,Z,spin,50000,500,270,50000,24826
x3z3,method_a,3,100.0,0.006841810313119493,Z,spin,50000,500,270,50000,25032
x3z3,method_a,3,30.0,0.006841810313119493,X,spin,50000,500,270,50000,24770
x3z3,method_a,3,1000.0,0.006841810313119493,X,spin,50000,500,270,50000,24820
x3z3,method_a,3,100.0,0.006841810313119493,X,spin,50000,500,270,50000,24890
x3z3,method_a,3,0.5,0.006841810313119493,Z,spin,50000,500,270,50000,25060
x3z3,method_b,3,10.0,0.006841810313119493,Z,spin,50000,500,270,50000,24993
x3z3,method_a,3,1000.0,0.006841810313119493,Z,spin,50000,500,270,50000,24791
x3z3,method_b,3,100.0,0.006841810313119493,X,spin,50000,500,270,50000,24675
x3z3,method_b,3,100.0,0.006841810313119493,Z,spin,50000,500,270,50000,24817
x3z3,method_b,3,10.0,0.006841810313119493,X,spin,50000,500,270,50000,24894
x3z3,method_b,3,30.0,0.006841810313119493,Z,spin,50000,500,270,50000,24611
x3z3,method_b,3,30.0,0.006841810313119493,X,spin,50000,500,270,50000,24697
x3z3,method_b,3,3.0,0.006841810313119493,X,spin,50000,500,270,50000,25022
x3z3,method_a,3,0.5,0.006841810313119493,X,spin,50000,500,270,50000,24907
x3z3,method_b,3,1.0,0.006841810313119493,X,spin,50000,500,270,50000,24861
x3z3,method_b,3,1000.0,0.006841810313119493,Z,spin,50000,500,270,50000,24546
x3z3,method_c,3,10.0,0.006841810313119493,Z,spin,50000,500,270,50000,24848
x3z3,method_c,3,10.0,0.006841810313119493,X,spin,50000,500,270,50000,24715
x3z3,method_b,3,1.0,0.006841810313119493,Z,spin,50000,500,270,50000,24933
x3z3,method_b,3,3.0,0.006841810313119493,Z,spin,50000,500,270,50000,24891
x3z3,method_b,3,1000.0,0.006841810313119493,X,spin,50000,500,270,50000,24948
x3z3,method_c,3,30.0,0.006841810313119493,Z,spin,50000,500,270,50000,24672
x3z3,method_c,3,1.0,0.006841810313119493,Z,spin,50000,500,270,50000,25007
x3z3,method_c,3,30.0,0.006841810313119493,X,spin,50000,500,270,50000,24678
x3z3,method_c,3,3.0,0.006841810313119493,X,spin,50000,500,270,50000,24835
x3z3,method_c,3,3.0,0.006841810313119493,Z,spin,50000,500,270,50000,25019
x3z3,method_c,3,1000.0,0.006841810313119493,Z,spin,50000,500,270,50000,24879
x3z3,method_c,3,1.0,0.006841810313119493,X,spin,50000,500,270,50000,25045
css,pairs,3,10.0,0.004620733426713526,Z,spin,50000,500,432,50000,9581
x3z3,method_c,3,0.5,0.006841810313119493,Z,spin,50000,500,270,50000,25155
css,pairs,3,30.0,0.004620733426713526,Z,spin,50000,500,432,50000,5965
css,pairs,3,1.0,0.004620733426713526,Z,spin,50000,500,432,50000,21776
x3z3,method_c,3,100.0,0.006841810313119493,Z,spin,50000,500,270,50000,24796
css,pairs,3,100.0,0.004620733426713526,Z,spin,50000,500,432,50000,4598
x3z3,method_c,3,100.0,0.006841810313119493,X,spin,50000,500,270,50000,24762
x3z3,method_c,3,1000.0,0.006841810313119493,X,spin,50000,500,270,50000,24758
css,pairs,3,3.0,0.004620733426713526,Z,spin,50000,500,432,50000,16154
x3z3,method_b,3,0.5,0.006841810313119493,X,spin,50000,500,270,50000,25142
css,pairs,3,0.5,0.004620733426713526,Z,spin,50000,500,432,50000,23581
x3z3,method_b,3,0.5,0.006841810313119493,Z,spin,50000,500,270,50000,24816
css,pairs,3,1000.0,0.004620733426713526,Z,spin,50000,500,432,50000,3826
css,pairs,3,0.5,0.004620733426713526,X,spin,50000,500,432,50000,23255
x3z3,method_c,3,0.5,0.006841810313119493,X,spin,50000,500,270,50000,24779
css,pairs,3,3.0,0.004620733426713526,X,spin,50000,500,432,50000,24228
css,pairs,3,1.0,0.004620733426713526,X,spin,50000,500,432,50000,23880
css,pairs,3,10.0,0.004620733426713526,X,spin,50000,500,432,50000,24335
css,method_a,3,100.0,0.004620733426713526,Z,spin,50000,500,270,50000,4982
css,method_a,3,1000.0,0.004620733426713526,Z,spin,50000,500,270,50000,3991
css,method_a,3,30.0,0.004620733426713526,Z,spin,50000,500,270,50000,7241
css,method_a,3,10.0,0.004620733426713526,Z,spin,50000,500,270,50000,12115
css,method_a,3,3.0,0.004620733426713526,Z,spin,50000,500,270,50000,19927
css,pairs,3,100.0,0.004620733426713526,X,spin,50000,500,432,50000,24549
css,method_b,3,10.0,0.004620733426713526,Z,spin,50000,500,270,50000,10821
css,pairs,3,30.0,0.004620733426713526,X,spin,50000,500,432,50000,24227
css,pairs,3,1000.0,0.004620733426713526,X,spin,50000,500,432,50000,24499
css,method_a,3,1.0,0.004620733426713526,Z,spin,50000,500,270,50000,23960
css,method_b,3,30.0,0.004620733426713526,Z,spin,50000,500,270,50000,6658
css,method_b,3,3.0,0.004620733426713526,Z,spin,50000,500,270,50000,18354
css,method_b,3,100.0,0.004620733426713526,Z,spin,50000,500,270,50000,4775
css,method_a,3,0.5,0.004620733426713526,Z,spin,50000,500,270,50000,24547
css,method_b,3,3.0,0.004620733426713526,X,spin,50000,500,270,50000,24663
css,method_a,3,0.5,0.004620733426713526,X,spin,50000,500,270,50000,24445
css,method_b,3,1.0,0.004620733426713526,Z,spin,50000,500,270,50000,22900
css,method_b,3,0.5,0.004620733426713526,Z,spin,50000,500,270,50000,24111
css,method_a,3,1.0,0.004620733426713526,X,spin,50000,500,270,50000,24587
css,method_b,3,10.0,0.004620733426713526,X,spin,50000,500,270,50000,24746
css,method_b,3,1000.0,0.004620733426713526,Z,spin,50000,500,270,50000,3942
css,method_a,3,3.0,0.004620733426713526,X,spin,50000,500,270,50000,25068
css,method_a,3,30.0,0.004620733426713526,X,spin,50000,500,270,50000,24705
css,method_a,3,10.0,0.004620733426713526,X,spin,50000,500,270,50000,24856
css,method_b,3,30.0,0.004620733426713526,X,spin,50000,500,270,50000,24668
css,method_a,3,100.0,0.004620733426713526,X,spin,50000,500,270,50000,25032
css,method_c,3,3.0,0.004620733426713526,Z,spin,50000,500,270,50000,18056
css,method_b,3,1.0,0.004620733426713526,X,spin,50000,500,270,50000,24288
css,method_c,3,10.0,0.004620733426713526,Z,spin,50000,500,270,50000,10893
css,method_a,3,1000.0,0.004620733426713526,X,spin,50000,500,270,50000,24677
css,method_b,3,0.5,0.004620733426713526,X,spin,50000,500,270,50000,24150
css,method_c,3,1.0,0.004620733426713526,X,spin,50000,500,270,50000,24325
css,method_c,3,1000.0,0.004620733426713526,Z,spin,50000,500,270,50000,3831
css,method_c,3,100.0,0.004620733426713526,Z,spin,50000,500,270,50000,4735
css,method_b,3,100.0,0.004620733426713526,X,spin,50000,500,270,50000,24666
css,method_c,3,30.0,0.004620733426713526,Z,spin,50000,500,270,50000,6667
css,method_c,3,0.5,0.004620733426713526,X,spin,50000,500,270,50000,23992
css,method_c,3,1.0,0.004620733426713526,Z,spin,50000,500,270,50000,22934
css,method_b,3,1000.0,0.004620733426713526,X,spin,50000,500,270,50000,24784
css,method_c,3,3.0,0.004620733426713526,X,spin,50000,500,270,50000,24626
css,method_c,3,0.5,0.004620733426713526,Z,spin,50000,500,270,50000,24133
css,method_c,3,100.0,0.004620733426713526,X,spin,50000,500,270,50000,24610
x3z3,pairs,3,1.0,0.004620733426713526,Z,spin,50000,500,432,50000,23031
css,method_c,3,30.0,0.004620733426713526,X,spin,50000,500,270,50000,24689
x3z3,pairs,3,1.0,0.004620733426713526,X,spin,50000,500,432,50000,22994
x3z3,pairs,3,10.0,0.004620733426713526,X,spin,50000,500,432,50000,21061
x3z3,pairs,3,0.5,0.004620733426713526,X,spin,50000,500,432,50000,23662
css,method_c,3,10.0,0.004620733426713526,X,spin,50000,500,270,50000,24543
x3z3,pairs,3,3.0,0.004620733426713526,Z,spin,50000,500,432,50000,22067
x3z3,pairs,3,0.5,0.004620733426713526,Z,spin,50000,500,432,50000,23376
x3z3,pairs,3,3.0,0.004620733426713526,X,spin,50000,500,432,50000,22025
x3z3,pairs,3,100.0,0.004620733426713526,Z,spin,50000,500,432,50000,20353
css,method_c,3,1000.0,0.004620733426713526,X,spin,50000,500,270,50000,24629
x3z3,pairs,3,30.0,0.004620733426713526,Z,spin,50000,500,432,50000,20616
x3z3,pairs,3,30.0,0.004620733426713526,X,spin,50000,500,432,50000,20471
x3z3,pairs,3,10.0,0.004620733426713526,Z,spin,50000,500,432,50000,21021
x3z3,pairs,3,1000.0,0.004620733426713526,X,spin,50000,500,432,50000,20308
x3z3,pairs,3,1000.0,0.004620733426713526,Z,spin,50000,500,432,50000,20171
x3z3,pairs,3,100.0,0.004620733426713526,X,spin,50000,500,432,50000,20441
x3z3,method_a,3,0.5,0.004620733426713526,Z,spin,50000,500,270,50000,24546
x3z3,method_a,3,3.0,0.004620733426713526,X,spin,50000,500,270,50000,23760
x3z3,method_a,3,30.0,0.004620733426713526,Z,spin,50000,500,270,50000,22734
x3z3,method_a,3,10.0,0.004620733426713526,Z,spin,50000,500,270,50000,23412
x3z3,method_a,3,10.0,0.004620733426713526,X,spin,50000,500,270,50000,23042
x3z3,method_a,3,1000.0,0.004620733426713526,Z,spin,50000,500,270,50000,22497
x3z3,method_a,3,3.0,0.004620733426713526,Z,spin,50000,500,270,50000,23779
x3z3,method_a,3,30.0,0.004620733426713526,X,spin,50000,500,270,50000,22593
x3z3,method_a,3,100.0,0.004620733426713526,X,spin,50000,500,270,50000,22260
x3z3,method_a,3,1.0,0.004620733426713526,Z,spin,50000,500,270,50000,24651
x3z3,method_a,3,100.0,0.004620733426713526,Z,spin,50000,500,270,50000,22481
x3z3,method_b,3,10.0,0.004620733426713526,Z,spin,50000,500,270,50000,22039
x3z3,method_a,3,0.5,0.004620733426713526,X,spin,50000,500,270,50000,24571
x3z3,method_a,3,1.0,0.004620733426713526,X,spin,50000,500,270,50000,24546
x3z3,method_a,3,1000.0,0.004620733426713526,X,spin,50000,500,270,50000,22433
x3z3,method_b,3,10.0,0.004620733426713526,X,spin,50000,500,270,50000,22044
x3z3,method_b,3,30.0,0.004620733426713526,Z,spin,50000,500,270,50000,21592
x3z3,method_b,3,0.5,0.004620733426713526,X,spin,50000,500,270,50000,24196
x3z3,method_b,3,1.0,0.004620733426713526,X,spin,50000,500,270,50000,23818
x3z3,method_b,3,100.0,0.004620733426713526,X,spin,50000,500,270,50000,21407
x3z3,method_b,3,3.0,0.004620733426713526,X,spin,50000,500,270,50000,23052
x3z3,method_b,3,3.0,0.004620733426713526,Z,spin,50000,500,270,50000,23104
x3z3,method_b,3,1000.0,0.004620733426713526,Z,spin,50000,500,270,50000,21379
x3z3,method_b,3,30.0,0.004620733426713526,X,spin,50000,500,270,50000,21486
x3z3,method_b,3,100.0,0.004620733426713526,Z,spin,50000,500,270,50000,21147
x3z3,method_b,3,1000.0,0.004620733426713526,X,spin,50000,500,270,50000,21312
x3z3,method_c,3,10.0,0.004620733426713526,X,spin,50000,500,270,50000,22099
x3z3,method_b,3,1.0,0.004620733426713526,Z,spin,50000,500,270,50000,23632
x3z3,method_c,3,3.0,0.004620733426713526,Z,spin,50000,500,270,50000,23158
x3z3,method_b,3,0.5,0.004620733426713526,Z,spin,50000,500,270,50000,24460
css,pairs,3,0.5,0.0031206912240472166,Z,spin,50000,500,432,50000,16031
x3z3,method_c,3,1000.0,0.004620733426713526,Z,spin,50000,500,270,50000,21263
x3z3,method_c,3,10.0,0.004620733426713526,Z,spin,50000,500,270,50000,22135
x3z3,method_c,3,30.0,0.004620733426713526,Z,spin,50000,500,270,50000,21500
x3z3,method_c,3,3.0,0.004620733426713526,X,spin,50000,500,270,50000,23111
css,pairs,3,3.0,0.0031206912240472166,Z,spin,50000,500,432,50000,6128
css,pairs,3,1.0,0.0031206912240472166,Z,spin,50000,500,432,50000,12532
x3z3,method_c,3,1000.0,0.004620733426713526,X,spin,50000,500,270,50000,21071
css,pairs,3,0.5,0.0031206912240472166,X,spin,50000,500,432,50000,16281
x3z3,method_c,3,1.0,0.004620733426713526,Z,spin,50000,500,270,50000,23838
x3z3,method_c,3,100.0,0.004620733426713526,Z,spin,50000,500,270,50000,21213
css,pairs,3,10.0,0.0031206912240472166,Z,spin,50000,500,432,50000,2314
css,pairs,3,1000.0,0.0031206912240472166,Z,spin,50000,500,432,50000,543
css,pairs,3,30.0,0.0031206912240472166,Z,spin,50000,500,432,50000,1180
x3z3,method_c,3,1.0,0.004620733426713526,X,spin,50000,500,270,50000,23943
css,pairs,3,100.0,0.0031206912240472166,Z,spin,50000,500,432,50000,693
x3z3,method_c,3,30.0,0.004620733426713526,X,spin,50000,500,270,50000,21380
x3z3,method_c,3,0.5,0.004620733426713526,Z,spin,50000,500,270,50000,24188
x3z3,method_c,3,100.0,0.004620733426713526,X,spin,50000,500,270,50000,21236
css,pairs,3,1.0,0.0031206912240472166,X,spin,50000,500,432,50000,17367
css,pairs,3,10.0,0.0031206912240472166,X,spin,50000,500,432,50000,19546
x3z3,method_c,3,0.5,0.004620733426713526,X,spin,50000,500,270,50000,24282
css,method_a,3,3.0,0.0031206912240472166,Z,spin,50000,500,270,50000,10053
css,method_a,3,100.0,0.0031206912240472166,Z,spin,50000,500,270,50000,852
css,pairs,3,3.0,0.0031206912240472166,X,spin,50000,500,432,50000,18901
css,method_a,3,10.0,0.0031206912240472166,Z,spin,50000,500,270,50000,3534
css,method_a,3,30.0,0.0031206912240472166,Z,spin,50000,500,270,50000,1504
css,pairs,3,30.0,0.0031206912240472166,X,spin,50000,500,432,50000,19962
css,pairs,3,1000.0,0.0031206912240472166,X,spin,50000,500,432,50000,20139
css,pairs,3,100.0,0.0031206912240472166,X,spin,50000,500,432,50000,20031
css,method_a,3,1000.0,0.0031206912240472166,Z,spin,50000,500,270,50000,525
css,method_b,3,100.0,0.0031206912240472166,Z,spin,50000,500,270,50000,746
css,method_a,3,0.5,0.0031206912240472166,Z,spin,50000,500,270,50000,20516
css,method_b,3,1000.0,0.0031206912240472166,Z,spin,50000,500,270,50000,590
css,method_a,3,0.5,0.0031206912240472166,X,spin,50000,500,270,50000,20880
css,method_a,3,1.0,0.0031206912240472166,Z,spin,50000,500,270,50000,17759
css,method_b,3,1.0,0.0031206912240472166,Z,spin,50000,500,270,50000,15236
css,method_b,3,30.0,0.0031206912240472166,Z,spin,50000,500,270,50000,1242
css,method_b,3,10.0,0.0031206912240472166,Z,spin,50000,500,270,50000,2799
css,method_a,3,30.0,0.0031206912240472166,X,spin,50000,500,270,50000,23126
css,method_b,3,3.0,0.0031206912240472166,Z,spin,50000,500,270,50000,7835
css,method_a,3,1.0,0.0031206912240472166,X,spin,50000,500,270,50000,21397
css,method_b,3,10.0,0.0031206912240472166,X,spin,50000,500,270,50000,21061
css,method_a,3,3.0,0.0031206912240472166,X,spin,50000,500,270,50000,22331
css,method_c,3,100.0,0.0031206912240472166,Z,spin,50000,500,270,50000,745
css,method_b,3,30.0,0.0031206912240472166,X,spin,50000,500,270,50000,21442
css,method_b,3,100.0,0.0031206912240472166,X,spin,50000,500,270,50000,21444
css,method_a,3,100.0,0.0031206912240472166,X,spin,50000,500,270,50000,23113
css,method_b,3,0.5,0.0031206912240472166,X,spin,50000,500,270,50000,18585
css,method_b,3,3.0,0.0031206912240472166,X,spin,50000,500,270,50000,20408
css,method_a,3,10.0,0.0031206912240472166,X,spin,50000,500,270,50000,22868
css,method_b,3,1.0,0.0031206912240472166,X,spin,50000,500,270,50000,19644
css,method_a,3,1000.0,0.0031206912240472166,X,spin,50000,500,270,50000,23100
css,method_c,3,10.0,0.0031206912240472166,Z,spin,50000,500,270,50000,2917
css,method_c,3,30.0,0.0031206912240472166,Z,spin,50000,500,270,50000,1296
css,method_b,3,0.5,0.0031206912240472166,Z,spin,50000,500,270,50000,18530
css,method_c,3,3.0,0.0031206912240472166,Z,spin,50000,500,270,50000,7929
css,method_c,3,1000.0,0.0031206912240472166,Z,spin,50000,500,270,50000,587
css,method_c,3,1.0,0.0031206912240472166,Z,spin,50000,500,270,50000,15287
css,method_c,3,3.0,0.0031206912240472166,X,spin,50000,500,270,50000,20353
css,method_b,3,1000.0,0.0031206912240472166,X,spin,50000,500,270,50000,21336
css,method_c,3,0.5,0.0031206912240472166,X,spin,50000,500,270,50000,18574
css,method_c,3,10.0,0.0031206912240472166,X,spin,50000,500,270,50000,20983
css,method_c,3,1.0,0.0031206912240472166,X,spin,50000,500,270,50000,19409
css,method_c,3,1000.0,0.0031206912240472166,X,spin,50000,500,270,50000,21453
x3z3,pairs,3,10.0,0.0031206912240472166,Z,spin,50000,500,432,50000,11219
x3z3,pairs,3,3.0,0.0031206912240472166,Z,spin,50000,500,432,50000,13181
css,method_c,3,100.0,0.0031206912240472166,X,spin,50000,500,270,50000,21457
css,method_c,3,0.5,0.0031206912240472166,Z,spin,50000,500,270,50000,18534
x3z3,pairs,3,0.5,0.0031206912240472166,X,spin,50000,500,432,50000,16173
css,method_c,3,30.0,0.0031206912240472166,X,spin,50000,500,270,50000,21402
x3z3,pairs,3,0.5,0.0031206912240472166,Z,spin,50000,500,432,50000,16369
x3z3,pairs,3,10.0,0.0031206912240472166,X,spin,50000,500,432,50000,11216
x3z3,pairs,3,1.0,0.0031206912240472166,Z,spin,50000,500,432,50000,15534
x3z3,pairs,3,100.0,0.0031206912240472166,Z,spin,50000,500,432,50000,10129
x3z3,pairs,3,1.0,0.0031206912240472166,X,spin,50000,500,432,50000,15355
x3z3,pairs,3,3.0,0.0031206912240472166,X,spin,50000,500,432,50000,12952
x3z3,pairs,3,30.0,0.0031206912240472166,Z,spin,50000,500,432,50000,10461
x3z3,pairs,3,30.0,0.0031206912240472166,X,spin,50000,500,432,50000,10572
x3z3,pairs,3,1000.0,0.0031206912240472166,Z,spin,50000,500,432,50000,10047
x3z3,pairs,3,100.0,0.0031206912240472166,X,spin,50000,500,432,50000,10186
x3z3,pairs,3,1000.0,0.0031206912240472166,X,spin,50000,500,432,50000,9886
x3z3,method_a,3,10.0,0.0031206912240472166,X,spin,50000,500,270,50000,15563
x3z3,method_a,3,3.0,0.0031206912240472166,X,spin,50000,500,270,50000,17661
x3z3,method_a,3,10.0,0.0031206912240472166,Z,spin,50000,500,270,50000,15302
x3z3,method_a,3,3.0,0.0031206912240472166,Z,spin,50000,500,270,50000,17732
x3z3,method_a,3,30.0,0.0031206912240472166,Z,spin,50000,500,270,50000,14375
x3z3,method_a,3,0.5,0.0031206912240472166,X,spin,50000,500,270,50000,20616
x3z3,method_a,3,100.0,0.0031206912240472166,X,spin,50000,500,270,50000,13865
x3z3,method_a,3,1000.0,0.0031206912240472166,Z,spin,50000,500,270,50000,13467
x3z3,method_a,3,1.0,0.0031206912240472166,Z,spin,50000,500,270,50000,19663
x3z3,method_a,3,100.0,0.0031206912240472166,Z,spin,50000,500,270,50000,13833
x3z3,method_a,3,30.0,0.0031206912240472166,X,spin,50000,500,270,50000,14229
x3z3,method_a,3,1.0,0.0031206912240472166,X,spin,50000,500,270,50000,19813
x3z3,method_b,3,0.5,0.0031206912240472166,X,spin,50000,500,270,50000,18738
x3z3,method_b,3,3.0,0.0031206912240472166,X,spin,50000,500,270,50000,15047
x3z3,method_b,3,10.0,0.0031206912240472166,Z,spin,50000,500,270,50000,12943
x3z3,method_a,3,1000.0,0.0031206912240472166,X,spin,50000,500,270,50000,13391
x3z3,method_a,3,0.5,0.0031206912240472166,Z,spin,50000,500,270,50000,20700
x3z3,method_b,3,3.0,0.0031206912240472166,Z,spin,50000,500,270,50000,15192
x3z3,method_b,3,100.0,0.0031206912240472166,Z,spin,50000,500,270,50000,11432
x3z3,method_b,3,30.0,0.0031206912240472166,Z,spin,50000,500,270,50000,11816
x3z3,method_b,3,1.0,0.0031206912240472166,Z,spin,50000,500,270,50000,17596
x3z3,method_b,3,10.0,0.0031206912240472166,X,spin,50000,500,270,50000,12971
x3z3,method_b,3,100.0,0.0031206912240472166,X,spin,50000,500,270,50000,11455
x3z3,method_b,3,0.5,0.0031206912240472166,Z,spin,50000,500,270,50000,18475
x3z3,method_c,3,0.5,0.0031206912240472166,Z,spin,50000,500,270,50000,18773
x3z3,method_b,3,1000.0,0.0031206912240472166,Z,spin,50000,500,270,50000,11314
x3z3,method_b,3,30.0,0.0031206912240472166,X,spin,50000,500,270,50000,12035
x3z3,method_b,3,1.0,0.0031206912240472166,X,spin,50000,500,270,50000,17460
x3z3,method_b,3,1000.0,0.0031206912240472166,X,spin,50000,500,270,50000,11227
css,pairs,3,10.0,0.0021076121075376403,Z,spin,50000,500,432,50000,347
css,pairs,3,0.5,0.0021076121075376403,Z,spin,50000,500,432,50000,6292
css,pairs,3,3.0,0.0021076121075376403,Z,spin,50000,500,432,50000,1242
x3z3,method_c,3,0.5,0.0031206912240472166,X,spin,50000,500,270,50000,18659
css,pairs,3,1.0,0.0021076121075376403,Z,spin,50000,500,432,50000,3903
x3z3,method_c,3,30.0,0.0031206912240472166,X,spin,50000,500,270,50000,11886
css,pairs,3,1000.0,0.0021076121075376403,Z,spin,50000,500,432,50000,63
x3z3,method_c,3,10.0,0.0031206912240472166,Z,spin,50000,500,270,50000,13038
css,pairs,3,0.5,0.0021076121075376403,X,spin,50000,500,432,50000,6420
x3z3,method_c,3,1000.0,0.0031206912240472166,X,spin,50000,500,270,50000,11059
x3z3,method_c,3,1000.0,0.0031206912240472166,Z,spin,50000,500,270,50000,11173
x3z3,method_c,3,10.0,0.0031206912240472166,X,spin,50000,500,270,50000,12826
x3z3,method_c,3,1.0,0.0031206912240472166,Z,spin,50000,500,270,50000,17600
x3z3,method_c,3,100.0,0.0031206912240472166,X,spin,50000,500,270,50000,11469
css,pairs,3,30.0,0.0021076121075376403,Z,spin,50000,500,432,50000,139
x3z3,method_c,3,30.0,0.0031206912240472166,Z,spin,50000,500,270,50000,11971
x3z3,method_c,3,100.0,0.0031206912240472166,Z,spin,50000,500,270,50000,11518
x3z3,method_c,3,3.0,0.0031206912240472166,X,spin,50000,500,270,50000,15261
x3z3,method_c,3,3.0,0.0031206912240472166,Z,spin,50000,500,270,50000,15257
css,pairs,3,100.0,0.0021076121075376403,Z,spin,50000,500,432,50000,85
css,pairs,3,10.0,0.0021076121075376403,X,spin,50000,500,432,50000,9838
css,pairs,3,1.0,0.0021076121075376403,X,spin,50000,500,432,50000,7389
x3z3,method_c,3,1.0,0.0031206912240472166,X,spin,50000,500,270,50000,17549
css,method_a,3,10.0,0.0021076121075376403,Z,spin,50000,500,270,50000,557
css,pairs,3,30.0,0.0021076121075376403,X,spin,50000,500,432,50000,10107
css,pairs,3,100.0,0.0021076121075376403,X,spin,50000,500,432,50000,10237
css,pairs,3,3.0,0.0021076121075376403,X,spin,50000,500,432,50000,8766
css,method_a,3,30.0,0.0021076121075376403,Z,spin,50000,500,270,50000,205
css,method_a,3,100.0,0.0021076121075376403,Z,spin,50000,500,270,50000,85
css,method_a,3,3.0,0.0021076121075376403,Z,spin,50000,500,270,50000,2656
css,method_b,3,30.0,0.0021076121075376403,Z,spin,50000,500,270,50000,141
css,method_a,3,10.0,0.0021076121075376403,X,spin,50000,500,270,50000,14921
css,method_b,3,10.0,0.0021076121075376403,Z,spin,50000,500,270,50000,446
css,method_a,3,1000.0,0.0021076121075376403,Z,spin,50000,500,270,50000,58
css,method_b,3,3.0,0.0021076121075376403,Z,spin,50000,500,270,50000,1903
css,method_a,3,1.0,0.0021076121075376403,X,spin,50000,500,270,50000,12021
css,method_b,3,1.0,0.0021076121075376403,X,spin,50000,500,270,50000,9268
css,pairs,3,1000.0,0.0021076121075376403,X,spin,50000,500,432,50000,10072
css,method_a,3,0.5,0.0021076121075376403,Z,spin,50000,500,270,50000,10644
css,method_b,3,1.0,0.0021076121075376403,Z,spin,50000,500,270,50000,5541
css,method_a,3,100.0,0.0021076121075376403,X,spin,50000,500,270,50000,15365
css,method_a,3,1.0,0.0021076121075376403,Z,spin,50000,500,270,50000,7623
css,method_b,3,1000.0,0.0021076121075376403,Z,spin,50000,500,270,50000,63
css,method_b,3,10.0,0.0021076121075376403,X,spin,50000,500,270,50000,11586
css,method_a,3,3.0,0.0021076121075376403,X,spin,50000,500,270,50000,13579
css,method_b,3,100.0,0.0021076121075376403,Z,spin,50000,500,270,50000,80
css,method_b,3,30.0,0.0021076121075376403,X,spin,50000,500,270,50000,11882
css,method_a,3,30.0,0.0021076121075376403,X,spin,50000,500,270,50000,15073
css,method_a,3,0.5,0.0021076121075376403,X,spin,50000,500,270,50000,10985
css,method_b,3,0.5,0.0021076121075376403,Z,spin,50000,500,270,50000,8448
css,method_b,3,3.0,0.0021076121075376403,X,spin,50000,500,270,50000,10719
css,method_b,3,0.5,0.0021076121075376403,X,spin,50000,500,270,50000,8580
css,method_a,3,1000.0,0.0021076121075376403,X,spin,50000,500,270,50000,15466
css,method_c,3,1.0,0.0021076121075376403,Z,spin,50000,500,270,50000,5575
css,method_c,3,0.5,0.0021076121075376403,X,spin,50000,500,270,50000,8491
css,method_c,3,3.0,0.0021076121075376403,Z,spin,50000,500,270,50000,1835
css,method_b,3,100.0,0.0021076121075376403,X,spin,50000,500,270,50000,12082
css,method_c,3,1000.0,0.0021076121075376403,Z,spin,50000,500,270,50000,64
css,method_c,3,0.5,0.0021076121075376403,Z,spin,50000,500,270,50000,8396
css,method_c,3,100.0,0.0021076121075376403,Z,spin,50000,500,270,50000,84
css,method_c,3,30.0,0.0021076121075376403,Z,spin,50000,500,270,50000,173
css,method_c,3,10.0,0.0021076121075376403,Z,spin,50000,500,270,50000,421
css,method_b,3,1000.0,0.0021076121075376403,X,spin,50000,500,270,50000,12202
css,method_c,3,30.0,0.0021076121075376403,X,spin,50000,500,270,50000,11954
x3z3,pairs,3,1.0,0.0021076121075376403,Z,spin,50000,500,432,50000,5565
x3z3,pairs,3,30.0,0.0021076121075376403,Z,spin,50000,500,432,50000,2827
css,method_c,3,3.0,0.0021076121075376403,X,spin,50000,500,270,50000,10645
css,method_c,3,1.0,0.0021076121075376403,X,spin,50000,500,270,50000,9452
x3z3,pairs,3,30.0,0.0021076121075376403,X,spin,50000,500,432,50000,2814
x3z3,pairs,3,0.5,0.0021076121075376403,Z,spin,50000,500,432,50000,6388
css,method_c,3,1000.0,0.0021076121075376403,X,spin,50000,500,270,50000,12197
x3z3,pairs,3,1000.0,0.0021076121075376403,Z,spin,50000,500,432,50000,2507
x3z3,pairs,3,0.5,0.0021076121075376403,X,spin,50000,500,432,50000,6416
x3z3,pairs,3,1000.0,0.0021076121075376403,X,spin,50000,500,432,50000,2513
css,method_c,3,10.0,0.0021076121075376403,X,spin,50000,500,270,50000,11496
css,method_c,3,100.0,0.0021076121075376403,X,spin,50000,500,270,50000,12068
x3z3,pairs,3,10.0,0.0021076121075376403,Z,spin,50000,500,432,50000,3298
x3z3,pairs,3,100.0,0.0021076121075376403,Z,spin,50000,500,432,50000,2607
x3z3,pairs,3,3.0,0.0021076121075376403,Z,spin,50000,500,432,50000,4287
x3z3,pairs,3,10.0,0.0021076121075376403,X,spin,50000,500,432,50000,3149
x3z3,pairs,3,3.0,0.0021076121075376403,X,spin,50000,500,432,50000,4160
x3z3,pairs,3,100.0,0.0021076121075376403,X,spin,50000,500,432,50000,2675
x3z3,method_a,3,3.0,0.0021076121075376403,Z,spin,50000,500,270,50000,7485
x3z3,pairs,3,1.0,0.0021076121075376403,X,spin,50000,500,432,50000,5657
x3z3,method_a,3,3.0,0.0021076121075376403,X,spin,50000,500,270,50000,7650
x3z3,method_a,3,10.0,0.0021076121075376403,Z,spin,50000,500,270,50000,5788
x3z3,method_a,3,30.0,0.0021076121075376403,X,spin,50000,500,270,50000,4818
x3z3,method_a,3,100.0,0.0021076121075376403,Z,spin,50000,500,270,50000,4463
x3z3,method_a,3,0.5,0.0021076121075376403,Z,spin,50000,500,270,50000,11028
x3z3,method_a,3,30.0,0.0021076121075376403,Z,spin,50000,500,270,50000,4863
x3z3,method_a,3,10.0,0.0021076121075376403,X,spin,50000,500,270,50000,5585
x3z3,method_a,3,100.0,0.0021076121075376403,X,spin,50000,500,270,50000,4393
x3z3,method_a,3,1.0,0.0021076121075376403,Z,spin,50000,500,270,50000,9844
x3z3,method_a,3,0.5,0.0021076121075376403,X,spin,50000,500,270,50000,10962
x3z3,method_a,3,1.0,0.0021076121075376403,X,spin,50000,500,270,50000,9660
x3z3,method_b,3,3.0,0.0021076121075376403,X,spin,50000,500,270,50000,5463
x3z3,method_a,3,1000.0,0.0021076121075376403,Z,spin,50000,500,270,50000,4299
x3z3,method_b,3,1000.0,0.0021076121075376403,Z,spin,50000,500,270,50000,3149
x3z3,method_b,3,10.0,0.0021076121075376403,Z,spin,50000,500,270,50000,4064
x3z3,method_b,3,30.0,0.0021076121075376403,X,spin,50000,500,270,50000,3420
x3z3,method_b,3,10.0,0.0021076121075376403,X,spin,50000,500,270,50000,4065
x3z3,method_a,3,1000.0,0.0021076121075376403,X,spin,50000,500,270,50000,4277
x3z3,method_b,3,100.0,0.0021076121075376403,Z,spin,50000,500,270,50000,3240
x3z3,method_b,3,0.5,0.0021076121075376403,Z,spin,50000,500,270,50000,8425
x3z3,method_b,3,100.0,0.0021076121075376403,X,spin,50000,500,270,50000,3189
x3z3,method_b,3,1000.0,0.0021076121075376403,X,spin,50000,500,270,50000,3241
x3z3,method_b,3,30.0,0.0021076121075376403,Z,spin,50000,500,270,50000,3488
x3z3,method_c,3,10.0,0.0021076121075376403,Z,spin,50000,500,270,50000,4029
x3z3,method_b,3,0.5,0.0021076121075376403,X,spin,50000,500,270,50000,8631
x3z3,method_c,3,1.0,0.0021076121075376403,X,spin,50000,500,270,50000,7473
x3z3,method_c,3,1.0,0.0021076121075376403,Z,spin,50000,500,270,50000,7504
x3z3,method_b,3,1.0,0.0021076121075376403,Z,spin,50000,500,270,50000,7509
x3z3,method_c,3,3.0,0.0021076121075376403,Z,spin,50000,500,270,50000,5474
x3z3,method_b,3,3.0,0.0021076121075376403,Z,spin,50000,500,270,50000,5497
x3z3,method_b,3,1.0,0.0021076121075376403,X,spin,50000,500,270,50000,7427
css,pairs,3,0.5,0.0014234118267165174,Z,spin,50000,500,432,50000,1332
x3z3,method_c,3,30.0,0.0021076121075376403,Z,spin,50000,500,270,50000,3414
x3z3,method_c,3,100.0,0.0021076121075376403,X,spin,50000,500,270,50000,3283
css,pairs,3,0.5,0.0014234118267165174,X,spin,50000,500,432,50000,1337
x3z3,method_c,3,3.0,0.0021076121075376403,X,spin,50000,500,270,50000,5634
x3z3,method_c,3,10.0,0.0021076121075376403,X,spin,50000,500,270,50000,4161
css,pairs,3,3.0,0.0014234118267165174,Z,spin,50000,500,432,50000,170
css,pairs,3,1000.0,0.0014234118267165174,Z,spin,50000,500,432,50000,5
css,pairs,3,1.0,0.0014234118267165174,X,spin,50000,500,432,50000,1677
css,pairs,3,100.0,0.0014234118267165174,Z,spin,50000,500,432,50000,6
x3z3,method_c,3,0.5,0.0021076121075376403,X,spin,50000,500,270,50000,8594
css,pairs,3,30.0,0.0014234118267165174,Z,spin,50000,500,432,50000,11
x3z3,method_c,3,100.0,0.0021076121075376403,Z,spin,50000,500,270,50000,3235
x3z3,method_c,3,30.0,0.0021076121075376403,X,spin,50000,500,270,50000,3523
css,pairs,3,1.0,0.0014234118267165174,Z,spin,50000,500,432,50000,746
css,pairs,3,10.0,0.0014234118267165174,Z,spin,50000,500,432,50000,38
x3z3,method_c,3,0.5,0.0021076121075376403,Z,spin,50000,500,270,50000,8679
css,method_a,3,0.5,0.0014234118267165174,Z,spin,50000,500,270,50000,3010
x3z3,method_c,3,1000.0,0.0021076121075376403,X,spin,50000,500,270,50000,3111
css,method_a,3,10.0,0.0014234118267165174,Z,spin,50000,500,270,50000,72
css,method_a,3,100.0,0.0014234118267165174,Z,spin,50000,500,270,50000,11
css,pairs,3,10.0,0.0014234118267165174,X,spin,50000,500,432,50000,2646
x3z3,method_c,3,1000.0,0.0021076121075376403,Z,spin,50000,500,270,50000,3147
css,pairs,3,3.0,0.0014234118267165174,X,spin,50000,500,432,50000,2190
css,pairs,3,100.0,0.0014234118267165174,X,spin,50000,500,432,50000,2719
css,pairs,3,1000.0,0.0014234118267165174,X,spin,50000,500,432,50000,2847
css,method_a,3,3.0,0.0014234118267165174,Z,spin,50000,500,270,50000,435
css,pairs,3,30.0,0.0014234118267165174,X,spin,50000,500,432,50000,2792
css,method_a,3,0.5,0.0014234118267165174,X,spin,50000,500,270,50000,2982
css,method_a,3,100.0,0.0014234118267165174,X,spin,50000,500,270,50000,5578
css,method_a,3,30.0,0.0014234118267165174,Z,spin,50000,500,270,50000,12
css,method_a,3,1.0,0.0014234118267165174,Z,spin,50000,500,270,50000,1801
css,method_a,3,10.0,0.0014234118267165174,X,spin,50000,500,270,50000,5153
css,method_b,3,100.0,0.0014234118267165174,Z,spin,50000,500,270,50000,1
css,method_a,3,1000.0,0.0014234118267165174,X,spin,50000,500,270,50000,5644
css,method_a,3,3.0,0.0014234118267165174,X,spin,50000,500,270,50000,4546
css,method_b,3,10.0,0.0014234118267165174,X,spin,50000,500,270,50000,3528
css,method_b,3,10.0,0.0014234118267165174,Z,spin,50000,500,270,50000,40
css,method_b,3,3.0,0.0014234118267165174,Z,spin,50000,500,270,50000,253
css,method_a,3,1.0,0.0014234118267165174,X,spin,50000,500,270,50000,3616
css,method_a,3,1000.0,0.0014234118267165174,Z,spin,50000,500,270,50000,3
css,method_b,3,30.0,0.0014234118267165174,Z,spin,50000,500,270,50000,10
css,method_b,3,0.5,0.0014234118267165174,Z,spin,50000,500,270,50000,1975
css,method_a,3,30.0,0.0014234118267165174,X,spin,50000,500,270,50000,5482
css,method_b,3,1000.0,0.0014234118267165174,Z,spin,50000,500,270,50000,1
css,method_b,3,3.0,0.0014234118267165174,X,spin,50000,500,270,50000,3050
css,method_b,3,1.0,0.0014234118267165174,X,spin,50000,500,270,50000,2487
css,method_b,3,30.0,0.0014234118267165174,X,spin,50000,500,270,50000,3595
css,method_c,3,30.0,0.0014234118267165174,Z,spin,50000,500,270,50000,15
css,method_b,3,1.0,0.0014234118267165174,Z,spin,50000,500,270,50000,1197
css,method_c,3,0.5,0.0014234118267165174,Z,spin,50000,500,270,50000,2130
css,method_c,3,100.0,0.0014234118267165174,Z,spin,50000,500,270,50000,6
css,method_c,3,1000.0,0.0014234118267165174,Z,spin,50000,500,270,50000,4
css,method_b,3,100.0,0.0014234118267165174,X,spin,50000,500,270,50000,3726
css,method_b,3,0.5,0.0014234118267165174,X,spin,50000,500,270,50000,2166
css,method_c,3,10.0,0.0014234118267165174,Z,spin,50000,500,270,50000,50
css,method_c,3,30.0,0.0014234118267165174,X,spin,50000,500,270,50000,3709
css,method_c,3,3.0,0.0014234118267165174,Z,spin,50000,500,270,50000,262
css,method_c,3,10.0,0.0014234118267165174,X,spin,50000,500,270,50000,3462
css,method_b,3,1000.0,0.0014234118267165174,X,spin,50000,500,270,50000,3727
css,method_c,3,0.5,0.0014234118267165174,X,spin,50000,500,270,50000,2176
css,method_c,3,100.0,0.0014234118267165174,X,spin,50000,500,270,50000,3714
css,method_c,3,1.0,0.0014234118267165174,X,spin,50000,500,270,50000,2489
x3z3,pairs,3,3.0,0.0014234118267165174,X,spin,50000,500,432,50000,756
css,method_c,3,1.0,0.0014234118267165174,Z,spin,50000,500,270,50000,1110
css,method_c,3,3.0,0.0014234118267165174,X,spin,50000,500,270,50000,2985
x3z3,pairs,3,100.0,0.0014234118267165174,Z,spin,50000,500,432,50000,396
x3z3,pairs,3,1.0,0.0014234118267165174,Z,spin,50000,500,432,50000,1094
x3z3,pairs,3,0.5,0.0014234118267165174,X,spin,50000,500,432,50000,1391
css,method_c,3,1000.0,0.0014234118267165174,X,spin,50000,500,270,50000,3725
x3z3,pairs,3,0.5,0.0014234118267165174,Z,spin,50000,500,432,50000,1391
x3z3,pairs,3,1000.0,0.0014234118267165174,X,spin,50000,500,432,50000,388
x3z3,pairs,3,10.0,0.0014234118267165174,Z,spin,50000,500,432,50000,514
x3z3,pairs,3,30.0,0.0014234118267165174,Z,spin,50000,500,432,50000,433
x3z3,pairs,3,30.0,0.0014234118267165174,X,spin,50000,500,432,50000,415
x3z3,pairs,3,10.0,0.0014234118267165174,X,spin,50000,500,432,50000,569
x3z3,pairs,3,3.0,0.0014234118267165174,Z,spin,50000,500,432,50000,735
x3z3,method_a,3,10.0,0.0014234118267165174,Z,spin,50000,500,270,50000,1201
x3z3,method_a,3,3.0,0.0014234118267165174,Z,spin,50000,500,270,50000,1738
x3z3,pairs,3,100.0,0.0014234118267165174,X,spin,50000,500,432,50000,359
x3z3,pairs,3,1.0,0.0014234118267165174,X,spin,50000,500,432,50000,1098
x3z3,pairs,3,1000.0,0.0014234118267165174,Z,spin,50000,500,432,50000,388
x3z3,method_a,3,1.0,0.0014234118267165174,Z,spin,50000,500,270,50000,2616
x3z3,method_a,3,100.0,0.0014234118267165174,X,spin,50000,500,270,50000,789
x3z3,method_a,3,1000.0,0.0014234118267165174,X,spin,50000,500,270,50000,770
x3z3,method_a,3,3.0,0.0014234118267165174,X,spin,50000,500,270,50000,1718
x3z3,method_a,3,10.0,0.0014234118267165174,X,spin,50000,500,270,50000,1134
x3z3,method_a,3,30.0,0.0014234118267165174,X,spin,50000,500,270,50000,970
x3z3,method_a,3,0.5,0.0014234118267165174,Z,spin,50000,500,270,50000,3221
x3z3,method_b,3,0.5,0.0014234118267165174,Z,spin,50000,500,270,50000,2143
x3z3,method_a,3,30.0,0.0014234118267165174,Z,spin,50000,500,270,50000,923
x3z3,method_a,3,1000.0,0.0014234118267165174,Z,spin,50000,500,270,50000,772
x3z3,method_a,3,1.0,0.0014234118267165174,X,spin,50000,500,270,50000,2608
x3z3,method_a,3,0.5,0.0014234118267165174,X,spin,50000,500,270,50000,3072
x3z3,method_a,3,100.0,0.0014234118267165174,Z,spin,50000,500,270,50000,790
x3z3,method_b,3,0.5,0.0014234118267165174,X,spin,50000,500,270,50000,2145
x3z3,method_b,3,3.0,0.0014234118267165174,X,spin,50000,500,270,50000,1157
x3z3,method_b,3,100.0,0.0014234118267165174,X,spin,50000,500,270,50000,533
x3z3,method_b,3,1.0,0.0014234118267165174,Z,spin,50000,500,270,50000,1738
x3z3,method_b,3,30.0,0.0014234118267165174,X,spin,50000,500,270,50000,591
x3z3,method_b,3,100.0,0.0014234118267165174,Z,spin,50000,500,270,50000,524
x3z3,method_b,3,10.0,0.0014234118267165174,X,spin,50000,500,270,50000,715
x3z3,method_b,3,1000.0,0.0014234118267165174,Z,spin,50000,500,270,50000,511
x3z3,method_c,3,3.0,0.0014234118267165174,X,spin,50000,500,270,50000,1120
x3z3,method_b,3,30.0,0.0014234118267165174,Z,spin,50000,500,270,50000,583
x3z3,method_c,3,1.0,0.0014234118267165174,Z,spin,50000,500,270,50000,1758
x3z3,method_b,3,10.0,0.0014234118267165174,Z,spin,50000,500,270,50000,739
x3z3,method_b,3,1000.0,0.0014234118267165174,X,spin,50000,500,270,50000,470
x3z3,method_b,3,1.0,0.0014234118267165174,X,spin,50000,500,270,50000,1843
x3z3,method_c,3,0.5,0.0014234118267165174,X,spin,50000,500,270,50000,2146
x3z3,method_c,3,0.5,0.0014234118267165174,Z,spin,50000,500,270,50000,2166
x3z3,method_c,3,3.0,0.0014234118267165174,Z,spin,50000,500,270,50000,1082
x3z3,method_c,3,100.0,0.0014234118267165174,Z,spin,50000,500,270,50000,532
x3z3,method_c,3,1000.0,0.0014234118267165174,X,spin,50000,500,270,50000,506
x3z3,method_b,3,3.0,0.0014234118267165174,Z,spin,50000,500,270,50000,1117
x3z3,method_c,3,1.0,0.0014234118267165174,X,spin,50000,500,270,50000,1721
x3z3,method_c,3,10.0,0.0014234118267165174,Z,spin,50000,500,270,50000,747
css,pairs,3,3.0,0.001,Z,spin,50000,500,432,50000,21
css,pairs,3,1.0,0.001,X,spin,50000,500,432,50000,327
x3z3,method_c,3,100.0,0.0014234118267165174,X,spin,50000,500,270,50000,516
css,pairs,3,1.0,0.001,Z,spin,50000,500,432,50000,113
css,pairs,3,0.5,0.001,X,spin,50000,500,432,50000,243
css,pairs,3,3.0,0.001,X,spin,50000,500,432,50000,435
x3z3,method_c,3,10.0,0.0014234118267165174,X,spin,50000,500,270,50000,765
x3z3,method_c,3,30.0,0.0014234118267165174,Z,spin,50000,500,270,50000,614
css,pairs,3,0.5,0.001,Z,spin,50000,500,432,50000,239
css,pairs,3,1000.0,0.001,Z,spin,50000,500,432,50000,0
x3z3,method_c,3,30.0,0.0014234118267165174,X,spin,50000,500,270,50000,594
css,pairs,3,30.0,0.001,Z,spin,50000,500,432,50000,1
css,method_a,3,3.0,0.001,Z,spin,50000,500,270,50000,61
css,pairs,3,1000.0,0.001,X,spin,50000,500,432,50000,593
css,pairs,3,10.0,0.001,Z,spin,50000,500,432,50000,6
css,pairs,3,10.0,0.001,X,spin,50000,500,432,50000,532
x3z3,method_c,3,1000.0,0.0014234118267165174,Z,spin,50000,500,270,50000,515
css,method_a,3,30.0,0.001,Z,spin,50000,500,270,50000,3
css,pairs,3,30.0,0.001,X,spin,50000,500,432,50000,601
css,method_a,3,100.0,0.001,Z,spin,50000,500,270,50000,1
css,method_a,3,30.0,0.001,X,spin,50000,500,270,50000,1347
css,method_a,3,10.0,0.001,Z,spin,50000,500,270,50000,13
css,method_a,3,0.5,0.001,X,spin,50000,500,270,50000,661
css,pairs,3,100.0,0.001,X,spin,50000,500,432,50000,614
css,method_a,3,0.5,0.001,Z,spin,50000,500,270,50000,595
css,method_a,3,1.0,0.001,X,spin,50000,500,270,50000,814
css,pairs,3,100.0,0.001,Z,spin,50000,500,432,50000,1
css,method_b,3,3.0,0.001,Z,spin,50000,500,270,50000,27
css,method_a,3,10.0,0.001,X,spin,50000,500,270,50000,1299
css,method_a,3,3.0,0.001,X,spin,50000,500,270,50000,1062
css,method_a,3,1000.0,0.001,Z,spin,50000,500,270,50000,0
css,method_b,3,30.0,0.001,Z,spin,50000,500,270,50000,0
css,method_b,3,0.5,0.001,Z,spin,50000,500,270,50000,361
css,method_b,3,10.0,0.001,Z,spin,50000,500,270,50000,8
css,method_a,3,1.0,0.001,Z,spin,50000,500,270,50000,324
css,method_b,3,1.0,0.001,Z,spin,50000,500,270,50000,198
css,method_b,3,0.5,0.001,X,spin,50000,500,270,50000,413
css,method_a,3,1000.0,0.001,X,spin,50000,500,270,50000,1455
css,method_b,3,3.0,0.001,X,spin,50000,500,270,50000,579
css,method_b,3,1.0,0.001,X,spin,50000,500,270,50000,459
css,method_b,3,100.0,0.001,Z,spin,50000,500,270,50000,0
css,method_a,3,100.0,0.001,X,spin,50000,500,270,50000,1380
css,method_b,3,10.0,0.001,X,spin,50000,500,270,50000,740
css,method_b,3,1000.0,0.001,X,spin,50000,500,270,50000,742
css,method_b,3,30.0,0.001,X,spin,50000,500,270,50000,770
css,method_b,3,1000.0,0.001,Z,spin,50000,500,270,50000,1
css,method_b,3,100.0,0.001,X,spin,50000,500,270,50000,725
css,method_c,3,10.0,0.001,X,spin,50000,500,270,50000,746
css,method_c,3,30.0,0.001,Z,spin,50000,500,270,50000,2
css,method_c,3,30.0,0.001,X,spin,50000,500,270,50000,761
css,method_c,3,1000.0,0.001,Z,spin,50000,500,270,50000,1
css,method_c,3,100.0,0.001,Z,spin,50000,500,270,50000,0
css,method_c,3,10.0,0.001,Z,spin,50000,500,270,50000,10
css,method_c,3,3.0,0.001,Z,spin,50000,500,270,50000,39
css,method_c,3,100.0,0.001,X,spin,50000,500,270,50000,826
css,method_c,3,3.0,0.001,X,spin,50000,500,270,50000,652
css,method_c,3,1.0,0.001,X,spin,50000,500,270,50000,508
css,method_c,3,0.5,0.001,Z,spin,50000,500,270,50000,354
css,method_c,3,1.0,0.001,Z,spin,50000,500,270,50000,200
css,method_c,3,0.5,0.001,X,spin,50000,500,270,50000,435
x3z3,pairs,3,100.0,0.001,Z,spin,50000,500,432,50000,64
x3z3,pairs,3,3.0,0.001,Z,spin,50000,500,432,50000,122
x3z3,pairs,3,10.0,0.001,Z,spin,50000,500,432,50000,89
x3z3,method_a,3,3.0,0.001,Z,spin,50000,500,270,50000,325
x3z3,pairs,3,3.0,0.001,X,spin,50000,500,432,50000,115
css,method_c,3,1000.0,0.001,X,spin,50000,500,270,50000,845
x3z3,pairs,3,0.5,0.001,X,spin,50000,500,432,50000,246
x3z3,pairs,3,30.0,0.001,Z,spin,50000,500,432,50000,62
x3z3,pairs,3,1.0,0.001,Z,spin,50000,500,432,50000,199
x3z3,pairs,3,1.0,0.001,X,spin,50000,500,432,50000,205
x3z3,pairs,3,100.0,0.001,X,spin,50000,500,432,50000,69
x3z3,pairs,3,0.5,0.001,Z,spin,50000,500,432,50000,272
x3z3,method_a,3,30.0,0.001,X,spin,50000,500,270,50000,144
x3z3,method_a,3,1000.0,0.001,X,spin,50000,500,270,50000,120
x3z3,method_a,3,30.0,0.001,Z,spin,50000,500,270,50000,164
x3z3,pairs,3,1000.0,0.001,Z,spin,50000,500,432,50000,57
x3z3,method_a,3,0.5,0.001,X,spin,50000,500,270,50000,651
x3z3,method_a,3,1.0,0.001,X,spin,50000,500,270,50000,506
x3z3,method_a,3,3.0,0.001,X,spin,50000,500,270,50000,332
x3z3,method_a,3,10.0,0.001,Z,spin,50000,500,270,50000,214
x3z3,pairs,3,1000.0,0.001,X,spin,50000,500,432,50000,62
x3z3,pairs,3,10.0,0.001,X,spin,50000,500,432,50000,66
x3z3,method_a,3,0.5,0.001,Z,spin,50000,500,270,50000,676
x3z3,pairs,3,30.0,0.001,X,spin,50000,500,432,50000,63
x3z3,method_a,3,1.0,0.001,Z,spin,50000,500,270,50000,529
x3z3,method_a,3,100.0,0.001,X,spin,50000,500,270,50000,114
x3z3,method_a,3,100.0,0.001,Z,spin,50000,500,270,50000,132
x3z3,method_a,3,10.0,0.001,X,spin,50000,500,270,50000,220
x3z3,method_b,3,1.0,0.001,Z,spin,50000,500,270,50000,299
x3z3,method_a,3,1000.0,0.001,Z,spin,50000,500,270,50000,119
x3z3,method_b,3,10.0,0.001,Z,spin,50000,500,270,50000,110
x3z3,method_b,3,0.5,0.001,Z,spin,50000,500,270,50000,418
x3z3,method_b,3,3.0,0.001,Z,spin,50000,500,270,50000,194
x3z3,method_b,3,3.0,0.001,X,spin,50000,500,270,50000,186
x3z3,method_b,3,1.0,0.001,X,spin,50000,500,270,50000,338
x3z3,method_b,3,1000.0,0.001,Z,spin,50000,500,270,50000,76
x3z3,method_b,3,0.5,0.001,X,spin,50000,500,270,50000,413
x3z3,method_b,3,30.0,0.001,Z,spin,50000,500,270,50000,101
x3z3,method_b,3,10.0,0.001,X,spin,50000,500,270,50000,103
x3z3,method_b,3,100.0,0.001,Z,spin,50000,500,270,50000,86
x3z3,method_c,3,30.0,0.001,X,spin,50000,500,270,50000,97
x3z3,method_c,3,10.0,0.001,Z,spin,50000,500,270,50000,111
x3z3,method_c,3,10.0,0.001,X,spin,50000,500,270,50000,132
x3z3,method_b,3,100.0,0.001,X,spin,50000,500,270,50000,70
x3z3,method_c,3,1000.0,0.001,Z,spin,50000,500,270,50000,89
x3z3,method_b,3,1000.0,0.001,X,spin,50000,500,270,50000,83
x3z3,method_c,3,100.0,0.001,X,spin,50000,500,270,50000,87
x3z3,method_c,3,1.0,0.001,X,spin,50000,500,270,50000,311
x3z3,method_c,3,0.5,0.001,Z,spin,50000,500,270,50000,417
x3z3,method_c,3,1.0,0.001,Z,spin,50000,500,270,50000,310
x3z3,method_c,3,30.0,0.001,Z,spin,50000,500,270,50000,89
x3z3,method_c,3,1000.0,0.001,X,spin,50000,500,270,50000,78
x3z3,method_c,3,3.0,0.001,X,spin,50000,500,270,50000,205
css,pairs,3,0.5,0.0009613254835604356,X,spin,50000,500,432,50000,177
x3z3,method_b,3,30.0,0.001,X,spin,50000,500,270,50000,87
x3z3,method_c,3,3.0,0.001,Z,spin,50000,500,270,50000,204
x3z3,method_c,3,0.5,0.001,X,spin,50000,500,270,50000,401
css,pairs,3,1.0,0.0009613254835604356,X,spin,50000,500,432,50000,268
x3z3,method_c,3,100.0,0.001,Z,spin,50000,500,270,50000,81
css,pairs,3,3.0,0.0009613254835604356,Z,spin,50000,500,432,50000,16
css,pairs,3,0.5,0.0009613254835604356,Z,spin,50000,500,432,50000,175
css,pairs,3,100.0,0.0009613254835604356,Z,spin,50000,500,432,50000,1
css,pairs,3,10.0,0.0009613254835604356,Z,spin,50000,500,432,50000,3
css,pairs,3,1000.0,0.0009613254835604356,Z,spin,50000,500,432,50000,0
css,pairs,3,30.0,0.0009613254835604356,Z,spin,50000,500,432,50000,0
css,pairs,3,1000.0,0.0009613254835604356,X,spin,50000,500,432,50000,478
css,pairs,3,3.0,0.0009613254835604356,X,spin,50000,500,432,50000,353
css,method_a,3,100.0,0.0009613254835604356,Z,spin,50000,500,270,50000,0
css,method_a,3,10.0,0.0009613254835604356,Z,spin,50000,500,270,50000,8
css,pairs,3,100.0,0.0009613254835604356,X,spin,50000,500,432,50000,471
css,pairs,3,10.0,0.0009613254835604356,X,spin,50000,500,432,50000,410
css,method_a,3,0.5,0.0009613254835604356,X,spin,50000,500,270,50000,558
css,pairs,3,1.0,0.0009613254835604356,Z,spin,50000,500,432,50000,77
css,method_a,3,3.0,0.0009613254835604356,Z,spin,50000,500,270,50000,36
css,pairs,3,30.0,0.0009613254835604356,X,spin,50000,500,432,50000,466
css,method_a,3,30.0,0.0009613254835604356,Z,spin,50000,500,270,50000,3
css,method_a,3,1000.0,0.0009613254835604356,Z,spin,50000,500,270,50000,0
css,method_a,3,1.0,0.0009613254835604356,Z,spin,50000,500,270,50000,279
css,method_b,3,0.5,0.0009613254835604356,Z,spin,50000,500,270,50000,329
css,method_b,3,1.0,0.0009613254835604356,Z,spin,50000,500,270,50000,151
css,method_b,3,10.0,0.0009613254835604356,Z,spin,50000,500,270,50000,4
css,method_b,3,3.0,0.0009613254835604356,Z,spin,50000,500,270,50000,33
css,method_a,3,3.0,0.0009613254835604356,X,spin,50000,500,270,50000,908
css,method_b,3,100.0,0.0009613254835604356,Z,spin,50000,500,270,50000,0
css,method_a,3,1.0,0.0009613254835604356,X,spin,50000,500,270,50000,634
css,method_b,3,30.0,0.0009613254835604356,Z,spin,50000,500,270,50000,1
css,method_a,3,100.0,0.0009613254835604356,X,spin,50000,500,270,50000,1132
css,method_a,3,1000.0,0.0009613254835604356,X,spin,50000,500,270,50000,1191
css,method_b,3,100.0,0.0009613254835604356,X,spin,50000,500,270,50000,636
css,method_a,3,10.0,0.0009613254835604356,X,spin,50000,500,270,50000,1044
css,method_b,3,30.0,0.0009613254835604356,X,spin,50000,500,270,50000,639
css,method_a,3,0.5,0.0009613254835604356,Z,spin,50000,500,270,50000,533
css,method_a,3,30.0,0.0009613254835604356,X,spin,50000,500,270,50000,1167
css,method_c,3,30.0,0.0009613254835604356,Z,spin,50000,500,270,50000,2
css,method_b,3,0.5,0.0009613254835604356,X,spin,50000,500,270,50000,342
css,method_b,3,10.0,0.0009613254835604356,X,spin,50000,500,270,50000,602
css,method_c,3,1.0,0.0009613254835604356,Z,spin,50000,500,270,50000,174
css,method_c,3,1.0,0.0009613254835604356,X,spin,50000,500,270,50000,376
css,method_b,3,3.0,0.0009613254835604356,X,spin,50000,500,270,50000,518
css,method_b,3,1000.0,0.0009613254835604356,Z,spin,50000,500,270,50000,1
css,method_c,3,3.0,0.0009613254835604356,Z,spin,50000,500,270,50000,28
css,method_c,3,10.0,0.0009613254835604356,X,spin,50000,500,270,50000,608
css,method_c,3,1000.0,0.0009613254835604356,Z,spin,50000,500,270,50000,0
css,method_b,3,1000.0,0.0009613254835604356,X,spin,50000,500,270,50000,655
css,method_c,3,30.0,0.0009613254835604356,X,spin,50000,500,270,50000,595
css,method_c,3,1000.0,0.0009613254835604356,X,spin,50000,500,270,50000,631
css,method_c,3,10.0,0.0009613254835604356,Z,spin,50000,500,270,50000,4
css,method_b,3,1.0,0.0009613254835604356,X,spin,50000,500,270,50000,392
css,method_c,3,0.5,0.0009613254835604356,Z,spin,50000,500,270,50000,324
css,method_c,3,100.0,0.0009613254835604356,X,spin,50000,500,270,50000,652
css,method_c,3,100.0,0.0009613254835604356,Z,spin,50000,500,270,50000,1
css,method_c,3,0.5,0.0009613254835604356,X,spin,50000,500,270,50000,331
css,method_c,3,3.0,0.0009613254835604356,X,spin,50000,500,270,50000,496
x3z3,pairs,3,0.5,0.0009613254835604356,Z,spin,50000,500,432,50000,183
x3z3,pairs,3,1.0,0.0009613254835604356,X,spin,50000,500,432,50000,147
x3z3,pairs,3,30.0,0.0009613254835604356,Z,spin,50000,500,432,50000,53
x3z3,pairs,3,1000.0,0.0009613254835604356,Z,spin,50000,500,432,50000,51
x3z3,pairs,3,100.0,0.0009613254835604356,X,spin,50000,500,432,50000,49
x3z3,pairs,3,3.0,0.0009613254835604356,X,spin,50000,500,432,50000,97
x3z3,pairs,3,10.0,0.0009613254835604356,Z,spin,50000,500,432,50000,66
x3z3,method_a,3,0.5,0.0009613254835604356,X,spin,50000,500,270,50000,519
x3z3,pairs,3,1.0,0.0009613254835604356,Z,spin,50000,500,432,50000,158
x3z3,method_a,3,100.0,0.0009613254835604356,X,spin,50000,500,270,50000,110
x3z3,pairs,3,3.0,0.0009613254835604356,Z,spin,50000,500,432,50000,99
x3z3,method_a,3,10.0,0.0009613254835604356,Z,spin,50000,500,270,50000,164
x3z3,pairs,3,30.0,0.0009613254835604356,X,spin,50000,500,432,50000,49
x3z3,method_a,3,100.0,0.0009613254835604356,Z,spin,50000,500,270,50000,107
x3z3,pairs,3,0.5,0.0009613254835604356,X,spin,50000,500,432,50000,181
x3z3,pairs,3,1000.0,0.0009613254835604356,X,spin,50000,500,432,50000,38
x3z3,method_a,3,1.0,0.0009613254835604356,Z,spin,50000,500,270,50000,455
x3z3,method_a,3,1000.0,0.0009613254835604356,Z,spin,50000,500,270,50000,108
x3z3,pairs,3,10.0,0.0009613254835604356,X,spin,50000,500,432,50000,72
x3z3,method_a,3,3.0,0.0009613254835604356,Z,spin,50000,500,270,50000,234
x3z3,method_a,3,1000.0,0.0009613254835604356,X,spin,50000,500,270,50000,90
x3z3,method_a,3,0.5,0.0009613254835604356,Z,spin,50000,500,270,50000,553
x3z3,method_b,3,0.5,0.0009613254835604356,X,spin,50000,500,270,50000,321
x3z3,method_a,3,30.0,0.0009613254835604356,X,spin,50000,500,270,50000,107
x3z3,pairs,3,100.0,0.0009613254835604356,Z,spin,50000,500,432,50000,34
x3z3,method_a,3,3.0,0.0009613254835604356,X,spin,50000,500,270,50000,263
x3z3,method_a,3,30.0,0.0009613254835604356,Z,spin,50000,500,270,50000,119
x3z3,method_b,3,1.0,0.0009613254835604356,X,spin,50000,500,270,50000,281
x3z3,method_b,3,10.0,0.0009613254835604356,X,spin,50000,500,270,50000,95
x3z3,method_a,3,1.0,0.0009613254835604356,X,spin,50000,500,270,50000,468
x3z3,method_b,3,0.5,0.0009613254835604356,Z,spin,50000,500,270,50000,316
x3z3,method_b,3,1.0,0.0009613254835604356,Z,spin,50000,500,270,50000,251
x3z3,method_b,3,3.0,0.0009613254835604356,X,spin,50000,500,270,50000,153
x3z3,method_b,3,1000.0,0.0009613254835604356,Z,spin,50000,500,270,50000,54
x3z3,method_b,3,100.0,0.0009613254835604356,Z,spin,50000,500,270,50000,69
x3z3,method_b,3,3.0,0.0009613254835604356,Z,spin,50000,500,270,50000,155
x3z3,method_b,3,100.0,0.0009613254835604356,X,spin,50000,500,270,50000,63
x3z3,method_c,3,10.0,0.0009613254835604356,Z,spin,50000,500,270,50000,103
x3z3,method_c,3,30.0,0.0009613254835604356,Z,spin,50000,500,270,50000,60
x3z3,method_b,3,30.0,0.0009613254835604356,Z,spin,50000,500,270,50000,65
x3z3,method_b,3,30.0,0.0009613254835604356,X,spin,50000,500,270,50000,91
x3z3,method_a,3,10.0,0.0009613254835604356,X,spin,50000,500,270,50000,137
x3z3,method_b,3,10.0,0.0009613254835604356,Z,spin,50000,500,270,50000,98
x3z3,method_c,3,10.0,0.0009613254835604356,X,spin,50000,500,270,50000,97
x3z3,method_c,3,1.0,0.0009613254835604356,X,spin,50000,500,270,50000,273
x3z3,method_c,3,0.5,0.0009613254835604356,X,spin,50000,500,270,50000,354
x3z3,method_c,3,3.0,0.0009613254835604356,Z,spin,50000,500,270,50000,174
css,pairs,3,0.5,0.0006492475810563549,Z,spin,50000,500,432,50000,16
x3z3,method_c,3,0.5,0.0009613254835604356,Z,spin,50000,500,270,50000,362
x3z3,method_c,3,1000.0,0.0009613254835604356,X,spin,50000,500,270,50000,50
x3z3,method_b,3,1000.0,0.0009613254835604356,X,spin,50000,500,270,50000,66
x3z3,method_c,3,3.0,0.0009613254835604356,X,spin,50000,500,270,50000,163
x3z3,method_c,3,1.0,0.0009613254835604356,Z,spin,50000,500,270,50000,269
css,pairs,3,3.0,0.0006492475810563549,X,spin,50000,500,432,50000,40
css,pairs,3,0.5,0.0006492475810563549,X,spin,50000,500,432,50000,32
x3z3,method_c,3,1000.0,0.0009613254835604356,Z,spin,50000,500,270,50000,50
x3z3,method_c,3,30.0,0.0009613254835604356,X,spin,50000,500,270,50000,68
css,pairs,3,30.0,0.0006492475810563549,X,spin,50000,500,432,50000,50
x3z3,method_c,3,100.0,0.0009613254835604356,Z,spin,50000,500,270,50000,63
css,pairs,3,10.0,0.0006492475810563549,X,spin,50000,500,432,50000,48
css,pairs,3,100.0,0.0006492475810563549,Z,spin,50000,500,432,50000,0
css,pairs,3,1.0,0.0006492475810563549,X,spin,50000,500,432,50000,29
x3z3,method_c,3,100.0,0.0009613254835604356,X,spin,50000,500,270,50000,72
css,pairs,3,1.0,0.0006492475810563549,Z,spin,50000,500,432,50000,13
css,pairs,3,30.0,0.0006492475810563549,Z,spin,50000,500,432,50000,0
css,method_a,3,3.0,0.0006492475810563549,X,spin,50000,500,270,50000,93
css,method_a,3,1.0,0.0006492475810563549,Z,spin,50000,500,270,50000,29
css,method_a,3,3.0,0.0006492475810563549,Z,spin,50000,500,270,50000,7
css,method_a,3,30.0,0.0006492475810563549,Z,spin,50000,500,270,50000,0
css,pairs,3,3.0,0.0006492475810563549,Z,spin,50000,500,432,50000,5
css,method_a,3,10.0,0.0006492475810563549,X,spin,50000,500,270,50000,155
css,pairs,3,1000.0,0.0006492475810563549,Z,spin,50000,500,432,50000,0
css,method_a,3,0.5,0.0006492475810563549,Z,spin,50000,500,270,50000,58
css,method_a,3,1.0,0.0006492475810563549,X,spin,50000,500,270,50000,75
css,method_a,3,0.5,0.0006492475810563549,X,spin,50000,500,270,50000,65
css,method_a,3,100.0,0.0006492475810563549,X,spin,50000,500,270,50000,178
css,method_a,3,1000.0,0.0006492475810563549,Z,spin,50000,500,270,50000,0
css,pairs,3,1000.0,0.0006492475810563549,X,spin,50000,500,432,50000,71
css,method_a,3,10.0,0.0006492475810563549,Z,spin,50000,500,270,50000,0
css,method_a,3,1000.0,0.0006492475810563549,X,spin,50000,500,270,50000,182
css,pairs,3,10.0,0.0006492475810563549,Z,spin,50000,500,432,50000,1
css,method_b,3,1.0,0.0006492475810563549,X,spin,50000,500,270,50000,45
css,pairs,3,100.0,0.0006492475810563549,X,spin,50000,500,432,50000,46
css,method_b,3,0.5,0.0006492475810563549,X,spin,50000,500,270,50000,30
css,method_a,3,30.0,0.0006492475810563549,X,spin,50000,500,270,50000,166
css,method_a,3,100.0,0.0006492475810563549,Z,spin,50000,500,270,50000,0
css,method_b,3,30.0,0.0006492475810563549,X,spin,50000,500,270,50000,70
css,method_b,3,1000.0,0.0006492475810563549,Z,spin,50000,500,270,50000,0
css,method_b,3,3.0,0.0006492475810563549,Z,spin,50000,500,270,50000,4
css,method_b,3,1.0,0.0006492475810563549,Z,spin,50000,500,270,50000,15
css,method_c,3,0.5,0.0006492475810563549,Z,spin,50000,500,270,50000,35
css,method_b,3,10.0,0.0006492475810563549,Z,spin,50000,500,270,50000,0
css,method_b,3,30.0,0.0006492475810563549,Z,spin,50000,500,270,50000,0
css,method_b,3,100.0,0.0006492475810563549,X,spin,50000,500,270,50000,75
css,method_b,3,0.5,0.0006492475810563549,Z,spin,50000,500,270,50000,37
css,method_b,3,10.0,0.0006492475810563549,X,spin,50000,500,270,50000,79
css,method_c,3,30.0,0.0006492475810563549,X,spin,50000,500,270,50000,72
css,method_b,3,100.0,0.0006492475810563549,Z,spin,50000,500,270,50000,0
css,method_c,3,1.0,0.0006492475810563549,X,spin,50000,500,270,50000,41
css,method_b,3,1000.0,0.0006492475810563549,X,spin,50000,500,270,50000,87
css,method_c,3,1000.0,0.0006492475810563549,Z,spin,50000,500,270,50000,0
css,method_c,3,1.0,0.0006492475810563549,Z,spin,50000,500,270,50000,23
css,method_c,3,10.0,0.0006492475810563549,Z,spin,50000,500,270,50000,0
css,method_c,3,0.5,0.0006492475810563549,X,spin,50000,500,270,50000,45
css,method_c,3,3.0,0.0006492475810563549,X,spin,50000,500,270,50000,65
css,method_c,3,30.0,0.0006492475810563549,Z,spin,50000,500,270,50000,0
css,method_c,3,3.0,0.0006492475810563549,Z,spin,50000,500,270,50000,1
css,method_b,3,3.0,0.0006492475810563549,X,spin,50000,500,270,50000,67
css,method_c,3,100.0,0.0006492475810563549,Z,spin,50000,500,270,50000,0
css,method_c,3,10.0,0.0006492475810563549,X,spin,50000,500,270,50000,81
x3z3,pairs,3,0.5,0.0006492475810563549,Z,spin,50000,500,432,50000,13
css,method_c,3,100.0,0.0006492475810563549,X,spin,50000,500,270,50000,78
css,method_c,3,1000.0,0.0006492475810563549,X,spin,50000,500,270,50000,75
x3z3,pairs,3,1000.0,0.0006492475810563549,Z,spin,50000,500,432,50000,6
x3z3,pairs,3,30.0,0.0006492475810563549,X,spin,50000,500,432,50000,3
x3z3,pairs,3,1.0,0.0006492475810563549,Z,spin,50000,500,432,50000,18
x3z3,pairs,3,100.0,0.0006492475810563549,Z,spin,50000,500,432,50000,7
x3z3,pairs,3,0.5,0.0006492475810563549,X,spin,50000,500,432,50000,29
x3z3,pairs,3,3.0,0.0006492475810563549,Z,spin,50000,500,432,50000,5
x3z3,pairs,3,1.0,0.0006492475810563549,X,spin,50000,500,432,50000,18
x3z3,method_a,3,100.0,0.0006492475810563549,Z,spin,50000,500,270,50000,11
x3z3,pairs,3,3.0,0.0006492475810563549,X,spin,50000,500,432,50000,15
x3z3,method_a,3,1000.0,0.0006492475810563549,X,spin,50000,500,270,50000,12
x3z3,pairs,3,10.0,0.0006492475810563549,Z,spin,50000,500,432,50000,14
x3z3,method_a,3,0.5,0.0006492475810563549,Z,spin,50000,500,270,50000,74
x3z3,method_a,3,1.0,0.0006492475810563549,Z,spin,50000,500,270,50000,40
x3z3,method_a,3,3.0,0.0006492475810563549,Z,spin,50000,500,270,50000,32
x3z3,pairs,3,10.0,0.0006492475810563549,X,spin,50000,500,432,50000,7
x3z3,method_a,3,30.0,0.0006492475810563549,Z,spin,50000,500,270,50000,13
x3z3,pairs,3,100.0,0.0006492475810563549,X,spin,50000,500,432,50000,0
x3z3,pairs,3,30.0,0.0006492475810563549,Z,spin,50000,500,432,50000,5
x3z3,method_a,3,0.5,0.0006492475810563549,X,spin,50000,500,270,50000,79
x3z3,method_a,3,3.0,0.0006492475810563549,X,spin,50000,500,270,50000,34
x3z3,method_a,3,1000.0,0.0006492475810563549,Z,spin,50000,500,270,50000,8
x3z3,method_b,3,0.5,0.0006492475810563549,X,spin,50000,500,270,50000,43
x3z3,pairs,3,1000.0,0.0006492475810563549,X,spin,50000,500,432,50000,2
x3z3,method_a,3,1.0,0.0006492475810563549,X,spin,50000,500,270,50000,59
x3z3,method_a,3,10.0,0.0006492475810563549,X,spin,50000,500,270,50000,26
x3z3,method_a,3,10.0,0.0006492475810563549,Z,spin,50000,500,270,50000,22
x3z3,method_a,3,100.0,0.0006492475810563549,X,spin,50000,500,270,50000,8
x3z3,method_a,3,30.0,0.0006492475810563549,X,spin,50000,500,270,50000,10
x3z3,method_b,3,1.0,0.0006492475810563549,Z,spin,50000,500,270,50000,40
x3z3,method_b,3,1.0,0.0006492475810563549,X,spin,50000,500,270,50000,37
x3z3,method_b,3,0.5,0.0006492475810563549,Z,spin,50000,500,270,50000,45
x3z3,method_b,3,30.0,0.0006492475810563549,Z,spin,50000,500,270,50000,5
x3z3,method_b,3,1000.0,0.0006492475810563549,X,spin,50000,500,270,50000,5
x3z3,method_c,3,30.0,0.0006492475810563549,Z,spin,50000,500,270,50000,3
x3z3,method_b,3,10.0,0.0006492475810563549,Z,spin,50000,500,270,50000,10
x3z3,method_b,3,10.0,0.0006492475810563549,X,spin,50000,500,270,50000,13
x3z3,method_c,3,1.0,0.0006492475810563549,Z,spin,50000,500,270,50000,24
x3z3,method_b,3,100.0,0.0006492475810563549,Z,spin,50000,500,270,50000,7
x3z3,method_b,3,3.0,0.0006492475810563549,Z,spin,50000,500,270,50000,26
x3z3,method_b,3,30.0,0.0006492475810563549,X,spin,50000,500,270,50000,6
x3z3,method_b,3,100.0,0.0006492475810563549,X,spin,50000,500,270,50000,3
css,pairs,3,1.0,0.0004384804405125585,Z,spin,50000,500,432,50000,0
x3z3,method_b,3,3.0,0.0006492475810563549,X,spin,50000,500,270,50000,21
x3z3,method_b,3,1000.0,0.0006492475810563549,Z,spin,50000,500,270,50000,9
x3z3,method_c,3,0.5,0.0006492475810563549,Z,spin,50000,500,270,50000,51
x3z3,method_c,3,10.0,0.0006492475810563549,Z,spin,50000,500,270,50000,7
x3z3,method_c,3,30.0,0.0006492475810563549,X,spin,50000,500,270,50000,7
x3z3,method_c,3,1.0,0.0006492475810563549,X,spin,50000,500,270,50000,27
x3z3,method_c,3,0.5,0.0006492475810563549,X,spin,50000,500,270,50000,35
css,pairs,3,3.0,0.0004384804405125585,Z,spin,50000,500,432,50000,0
x3z3,method_c,3,3.0,0.0006492475810563549,X,spin,50000,500,270,50000,18
x3z3,method_c,3,1000.0,0.0006492475810563549,X,spin,50000,500,270,50000,6
x3z3,method_c,3,100.0,0.0006492475810563549,Z,spin,50000,500,270,50000,7
css,pairs,3,10.0,0.0004384804405125585,Z,spin,50000,500,432,50000,0
x3z3,method_c,3,100.0,0.0006492475810563549,X,spin,50000,500,270,50000,6
x3z3,method_c,3,10.0,0.0006492475810563549,X,spin,50000,500,270,50000,14
css,pairs,3,0.5,0.0004384804405125585,X,spin,50000,500,432,50000,3
x3z3,method_c,3,1000.0,0.0006492475810563549,Z,spin,50000,500,270,50000,6
css,pairs,3,0.5,0.0004384804405125585,Z,spin,50000,500,432,50000,1
x3z3,method_c,3,3.0,0.0006492475810563549,Z,spin,50000,500,270,50000,13
css,pairs,3,3.0,0.0004384804405125585,X,spin,50000,500,432,50000,2
css,pairs,3,1.0,0.0004384804405125585,X,spin,50000,500,432,50000,4
css,pairs,3,30.0,0.0004384804405125585,X,spin,50000,500,432,50000,4
css,pairs,3,10.0,0.0004384804405125585,X,spin,50000,500,432,50000,4
css,method_a,3,0.5,0.0004384804405125585,Z,spin,50000,500,270,50000,6
css,pairs,3,30.0,0.0004384804405125585,Z,spin,50000,500,432,50000,0
css,method_a,3,0.5,0.0004384804405125585,X,spin,50000,500,270,50000,10
css,pairs,3,1000.0,0.0004384804405125585,Z,spin,50000,500,432,50000,0
css,pairs,3,100.0,0.0004384804405125585,Z,spin,50000,500,432,50000,0
css,method_a,3,3.0,0.0004384804405125585,X,spin,50000,500,270,50000,15
css,method_a,3,10.0,0.0004384804405125585,X,spin,50000,500,270,50000,20
css,method_a,3,3.0,0.0004384804405125585,Z,spin,50000,500,270,50000,1
css,pairs,3,100.0,0.0004384804405125585,X,spin,50000,500,432,50000,3
css,method_a,3,10.0,0.0004384804405125585,Z,spin,50000,500,270,50000,0
css,method_b,3,3.0,0.0004384804405125585,X,spin,50000,500,270,50000,6
css,pairs,3,1000.0,0.0004384804405125585,X,spin,50000,500,432,50000,6
css,method_a,3,30.0,0.0004384804405125585,X,spin,50000,500,270,50000,16
css,method_b,3,10.0,0.0004384804405125585,Z,spin,50000,500,270,50000,0
css,method_a,3,1.0,0.0004384804405125585,X,spin,50000,500,270,50000,4
css,method_a,3,1.0,0.0004384804405125585,Z,spin,50000,500,270,50000,5
css,method_a,3,100.0,0.0004384804405125585,X,spin,50000,500,270,50000,16
css,method_a,3,30.0,0.0004384804405125585,Z,spin,50000,500,270,50000,0
css,method_b,3,0.5,0.0004384804405125585,X,spin,50000,500,270,50000,6
css,method_b,3,1.0,0.0004384804405125585,Z,spin,50000,500,270,50000,0
css,method_a,3,1000.0,0.0004384804405125585,X,spin,50000,500,270,50000,21
css,method_a,3,100.0,0.0004384804405125585,Z,spin,50000,500,270,50000,0
css,method_b,3,30.0,0.0004384804405125585,Z,spin,50000,500,270,50000,0
css,method_b,3,1.0,0.0004384804405125585,X,spin,50000,500,270,50000,7
css,method_b,3,3.0,0.0004384804405125585,Z,spin,50000,500,270,50000,1
css,method_b,3,10.0,0.0004384804405125585,X,spin,50000,500,270,50000,5
css,method_b,3,30.0,0.0004384804405125585,X,spin,50000,500,270,50000,5
css,method_b,3,0.5,0.0004384804405125585,Z,spin,50000,500,270,50000,2
css,method_b,3,100.0,0.0004384804405125585,Z,spin,50000,500,270,50000,0
css,method_a,3,1000.0,0.0004384804405125585,Z,spin,50000,500,270,50000,0
css,method_b,3,1000.0,0.0004384804405125585,Z,spin,50000,500,270,50000,0
css,method_c,3,0.5,0.0004384804405125585,Z,spin,50000,500,270,50000,4
css,method_b,3,100.0,0.0004384804405125585,X,spin,50000,500,270,50000,7
css,method_b,3,1000.0,0.0004384804405125585,X,spin,50000,500,270,50000,12
css,method_c,3,1.0,0.0004384804405125585,Z,spin,50000,500,270,50000,2
css,method_c,3,10.0,0.0004384804405125585,X,spin,50000,500,270,50000,7
css,method_c,3,3.0,0.0004384804405125585,X,spin,50000,500,270,50000,6
css,method_c,3,1.0,0.0004384804405125585,X,spin,50000,500,270,50000,7
css,method_c,3,10.0,0.0004384804405125585,Z,spin,50000,500,270,50000,1
css,method_c,3,3.0,0.0004384804405125585,Z,spin,50000,500,270,50000,0
css,method_c,3,1000.0,0.0004384804405125585,Z,spin,50000,500,270,50000,0
css,method_c,3,100.0,0.0004384804405125585,Z,spin,50000,500,270,50000,0
css,method_c,3,30.0,0.0004384804405125585,Z,spin,50000,500,270,50000,0
css,method_c,3,100.0,0.0004384804405125585,X,spin,50000,500,270,50000,9
css,method_c,3,0.5,0.0004384804405125585,X,spin,50000,500,270,50000,9
css,method_c,3,30.0,0.0004384804405125585,X,spin,50000,500,270,50000,10
x3z3,pairs,3,1.0,0.0004384804405125585,X,spin,50000,500,432,50000,1
x3z3,pairs,3,3.0,0.0004384804405125585,Z,spin,50000,500,432,50000,0
x3z3,pairs,3,1.0,0.0004384804405125585,Z,spin,50000,500,432,50000,1
css,method_c,3,1000.0,0.0004384804405125585,X,spin,50000,500,270,50000,7
x3z3,pairs,3,0.5,0.0004384804405125585,Z,spin,50000,500,432,50000,0
x3z3,pairs,3,10.0,0.0004384804405125585,Z,spin,50000,500,432,50000,0
x3z3,pairs,3,3.0,0.0004384804405125585,X,spin,50000,500,432,50000,1
x3z3,pairs,3,10.0,0.0004384804405125585,X,spin,50000,500,432,50000,1
x3z3,pairs,3,0.5,0.0004384804405125585,X,spin,50000,500,432,50000,5
x3z3,pairs,3,1000.0,0.0004384804405125585,Z,spin,50000,500,432,50000,0
x3z3,method_a,3,3.0,0.0004384804405125585,X,spin,50000,500,270,50000,4
x3z3,pairs,3,30.0,0.0004384804405125585,Z,spin,50000,500,432,50000,0
x3z3,method_a,3,3.0,0.0004384804405125585,Z,spin,50000,500,270,50000,1
x3z3,method_a,3,10.0,0.0004384804405125585,Z,spin,50000,500,270,50000,0
x3z3,pairs,3,30.0,0.0004384804405125585,X,spin,50000,500,432,50000,0
x3z3,method_a,3,1.0,0.0004384804405125585,Z,spin,50000,500,270,50000,4
x3z3,method_a,3,0.5,0.0004384804405125585,X,spin,50000,500,270,50000,12
x3z3,method_a,3,1000.0,0.0004384804405125585,X,spin,50000,500,270,50000,2
x3z3,pairs,3,100.0,0.0004384804405125585,Z,spin,50000,500,432,50000,0
x3z3,method_a,3,1.0,0.0004384804405125585,X,spin,50000,500,270,50000,2
x3z3,method_a,3,10.0,0.0004384804405125585,X,spin,50000,500,270,50000,0
x3z3,pairs,3,100.0,0.0004384804405125585,X,spin,50000,500,432,50000,0
x3z3,method_a,3,30.0,0.0004384804405125585,Z,spin,50000,500,270,50000,0
x3z3,method_a,3,30.0,0.0004384804405125585,X,spin,50000,500,270,50000,2
x3z3,method_a,3,100.0,0.0004384804405125585,Z,spin,50000,500,270,50000,1
x3z3,pairs,3,1000.0,0.0004384804405125585,X,spin,50000,500,432,50000,0
x3z3,method_a,3,100.0,0.0004384804405125585,X,spin,50000,500,270,50000,1
x3z3,method_a,3,1000.0,0.0004384804405125585,Z,spin,50000,500,270,50000,4
x3z3,method_b,3,0.5,0.0004384804405125585,Z,spin,50000,500,270,50000,2
x3z3,method_b,3,1.0,0.0004384804405125585,Z,spin,50000,500,270,50000,2
x3z3,method_b,3,30.0,0.0004384804405125585,X,spin,50000,500,270,50000,0
x3z3,method_b,3,1.0,0.0004384804405125585,X,spin,50000,500,270,50000,0
x3z3,method_b,3,0.5,0.0004384804405125585,X,spin,50000,500,270,50000,1
x3z3,method_b,3,10.0,0.0004384804405125585,X,spin,50000,500,270,50000,0
x3z3,method_b,3,10.0,0.0004384804405125585,Z,spin,50000,500,270,50000,4
x3z3,method_b,3,100.0,0.0004384804405125585,X,spin,50000,500,270,50000,0
x3z3,method_b,3,1000.0,0.0004384804405125585,Z,spin,50000,500,270,50000,1
x3z3,method_b,3,3.0,0.0004384804405125585,X,spin,50000,500,270,50000,2
x3z3,method_b,3,100.0,0.0004384804405125585,Z,spin,50000,500,270,50000,0
x3z3,method_a,3,0.5,0.0004384804405125585,Z,spin,50000,500,270,50000,9
x3z3,method_b,3,3.0,0.0004384804405125585,Z,spin,50000,500,270,50000,2
x3z3,method_c,3,1.0,0.0004384804405125585,Z,spin,50000,500,270,50000,8
x3z3,method_c,3,3.0,0.0004384804405125585,Z,spin,50000,500,270,50000,4
x3z3,method_b,3,30.0,0.0004384804405125585,Z,spin,50000,500,270,50000,0
x3z3,method_c,3,30.0,0.0004384804405125585,X,spin,50000,500,270,50000,2
x3z3,method_c,3,10.0,0.0004384804405125585,X,spin,50000,500,270,50000,0
x3z3,method_c,3,0.5,0.0004384804405125585,Z,spin,50000,500,270,50000,2
x3z3,method_b,3,1000.0,0.0004384804405125585,X,spin,50000,500,270,50000,2
x3z3,method_c,3,10.0,0.0004384804405125585,Z,spin,50000,500,270,50000,0
x3z3,method_c,3,3.0,0.0004384804405125585,X,spin,50000,500,270,50000,1
x3z3,method_c,3,100.0,0.0004384804405125585,Z,spin,50000,500,270,50000,1
x3z3,method_c,3,30.0,0.0004384804405125585,Z,spin,50000,500,270,50000,1
css,pairs,3,0.5,0.0002961352530559501,X,spin,50000,500,432,50000,0
x3z3,method_c,3,100.0,0.0004384804405125585,X,spin,50000,500,270,50000,0
css,pairs,3,10.0,0.0002961352530559501,Z,spin,50000,500,432,50000,0
x3z3,method_c,3,1000.0,0.0004384804405125585,Z,spin,50000,500,270,50000,1
x3z3,method_c,3,1000.0,0.0004384804405125585,X,spin,50000,500,270,50000,0
css,pairs,3,3.0,0.0002961352530559501,Z,spin,50000,500,432,50000,0
x3z3,method_c,3,0.5,0.0004384804405125585,X,spin,50000,500,270,50000,3
css,pairs,3,3.0,0.0002961352530559501,X,spin,50000,500,432,50000,1
css,pairs,3,30.0,0.0002961352530559501,Z,spin,50000,500,432,50000,0
css,pairs,3,1000.0,0.0002961352530559501,Z,spin,50000,500,432,50000,0
css,pairs,3,0.5,0.0002961352530559501,Z,spin,50000,500,432,50000,0
css,pairs,3,1.0,0.0002961352530559501,Z,spin,50000,500,432,50000,0
x3z3,method_c,3,1.0,0.0004384804405125585,X,spin,50000,500,270,50000,2
css,pairs,3,1.0,0.0002961352530559501,X,spin,50000,500,432,50000,1
css,pairs,3,30.0,0.0002961352530559501,X,spin,50000,500,432,50000,0
css,pairs,3,10.0,0.0002961352530559501,X,spin,50000,500,432,50000,1
css,pairs,3,1000.0,0.0002961352530559501,X,spin,50000,500,432,50000,0
css,method_a,3,0.5,0.0002961352530559501,Z,spin,50000,500,270,50000,2
css,pairs,3,100.0,0.0002961352530559501,X,spin,50000,500,432,50000,0
css,method_a,3,0.5,0.0002961352530559501,X,spin,50000,500,270,50000,0
css,method_a,3,1.0,0.0002961352530559501,Z,spin,50000,500,270,50000,0
css,method_a,3,10.0,0.0002961352530559501,Z,spin,50000,500,270,50000,0
css,method_a,3,30.0,0.0002961352530559501,X,spin,50000,500,270,50000,2
css,pairs,3,100.0,0.0002961352530559501,Z,spin,50000,500,432,50000,0
css,method_a,3,3.0,0.0002961352530559501,X,spin,50000,500,270,50000,1
css,method_a,3,1.0,0.0002961352530559501,X,spin,50000,500,270,50000,1
css,method_a,3,100.0,0.0002961352530559501,X,spin,50000,500,270,50000,1
css,method_a,3,3.0,0.0002961352530559501,Z,spin,50000,500,270,50000,0
css,method_b,3,1.0,0.0002961352530559501,Z,spin,50000,500,270,50000,0
css,method_a,3,10.0,0.0002961352530559501,X,spin,50000,500,270,50000,2
css,method_b,3,0.5,0.0002961352530559501,X,spin,50000,500,270,50000,0
css,method_b,3,1.0,0.0002961352530559501,X,spin,50000,500,270,50000,1
css,method_a,3,30.0,0.0002961352530559501,Z,spin,50000,500,270,50000,0
css,method_a,3,100.0,0.0002961352530559501,Z,spin,50000,500,270,50000,0
css,method_b,3,3.0,0.0002961352530559501,Z,spin,50000,500,270,50000,0
css,method_c,3,1.0,0.0002961352530559501,X,spin,50000,500,270,50000,0
css,method_b,3,0.5,0.0002961352530559501,Z,spin,50000,500,270,50000,0
css,method_a,3,1000.0,0.0002961352530559501,X,spin,50000,500,270,50000,3
css,method_b,3,30.0,0.0002961352530559501,X,spin,50000,500,270,50000,2
css,method_b,3,3.0,0.0002961352530559501,X,spin,50000,500,270,50000,2
css,method_a,3,1000.0,0.0002961352530559501,Z,spin,50000,500,270,50000,0
css,method_c,3,0.5,0.0002961352530559501,X,spin,50000,500,270,50000,1
css,method_b,3,10.0,0.0002961352530559501,Z,spin,50000,500,270,50000,0
css,method_c,3,1.0,0.0002961352530559501,Z,spin,50000,500,270,50000,0
css,method_b,3,10.0,0.0002961352530559501,X,spin,50000,500,270,50000,2
css,method_b,3,30.0,0.0002961352530559501,Z,spin,50000,500,270,50000,0
css,method_c,3,0.5,0.0002961352530559501,Z,spin,50000,500,270,50000,0
css,method_b,3,100.0,0.0002961352530559501,X,spin,50000,500,270,50000,0
css,method_b,3,1000.0,0.0002961352530559501,X,spin,50000,500,270,50000,1
css,method_b,3,100.0,0.0002961352530559501,Z,spin,50000,500,270,50000,0
css,method_b,3,1000.0,0.0002961352530559501,Z,spin,50000,500,270,50000,0
css,method_c,3,10.0,0.0002961352530559501,Z,spin,50000,500,270,50000,0
css,method_c,3,3.0,0.0002961352530559501,X,spin,50000,500,270,50000,1
css,method_c,3,1000.0,0.0002961352530559501,Z,spin,50000,500,270,50000,0
css,method_c,3,3.0,0.0002961352530559501,Z,spin,50000,500,270,50000,0
css,method_c,3,30.0,0.0002961352530559501,X,spin,50000,500,270,50000,0
css,method_c,3,10.0,0.0002961352530559501,X,spin,50000,500,270,50000,1
css,method_c,3,100.0,0.0002961352530559501,X,spin,50000,500,270,50000,1
css,method_c,3,100.0,0.0002961352530559501,Z,spin,50000,500,270,50000,0
css,method_c,3,1000.0,0.0002961352530559501,X,spin,50000,500,270,50000,2
x3z3,pairs,3,0.5,0.0002961352530559501,X,spin,50000,500,432,50000,0
x3z3,pairs,3,30.0,0.0002961352530559501,Z,spin,50000,500,432,50000,0
x3z3,pairs,3,0.5,0.0002961352530559501,Z,spin,50000,500,432,50000,0
x3z3,pairs,3,1.0,0.0002961352530559501,X,spin,50000,500,432,50000,0
x3z3,pairs,3,1.0,0.0002961352530559501,Z,spin,50000,500,432,50000,0
x3z3,method_a,3,3.0,0.0002961352530559501,X,spin,50000,500,270,50000,0
x3z3,pairs,3,3.0,0.0002961352530559501,X,spin,50000,500,432,50000,0
x3z3,method_a,3,0.5,0.0002961352530559501,Z,spin,50000,500,270,50000,0
x3z3,method_a,3,30.0,0.0002961352530559501,Z,spin,50000,500,270,50000,1
css,method_c,3,30.0,0.0002961352530559501,Z,spin,50000,500,270,50000,0
x3z3,pairs,3,100.0,0.0002961352530559501,Z,spin,50000,500,432,50000,0
x3z3,method_a,3,3.0,0.0002961352530559501,Z,spin,50000,500,270,50000,0
x3z3,pairs,3,30.0,0.0002961352530559501,X,spin,50000,500,432,50000,0
x3z3,method_a,3,1.0,0.0002961352530559501,X,spin,50000,500,270,50000,0
x3z3,pairs,3,10.0,0.0002961352530559501,X,spin,50000,500,432,50000,0
x3z3,method_a,3,0.5,0.0002961352530559501,X,spin,50000,500,270,50000,1
x3z3,pairs,3,3.0,0.0002961352530559501,Z,spin,50000,500,432,50000,1
x3z3,pairs,3,10.0,0.0002961352530559501,Z,spin,50000,500,432,50000,0
x3z3,method_b,3,0.5,0.0002961352530559501,Z,spin,50000,500,270,50000,0
x3z3,method_a,3,30.0,0.0002961352530559501,X,spin,50000,500,270,50000,0
x3z3,pairs,3,1000.0,0.0002961352530559501,X,spin,50000,500,432,50000,0
x3z3,pairs,3,100.0,0.0002961352530559501,X,spin,50000,500,432,50000,0
x3z3,method_a,3,10.0,0.0002961352530559501,Z,spin,50000,500,270,50000,0
x3z3,method_a,3,100.0,0.0002961352530559501,Z,spin,50000,500,270,50000,0
x3z3,method_a,3,1.0,0.0002961352530559501,Z,spin,50000,500,270,50000,0
x3z3,pairs,3,1000.0,0.0002961352530559501,Z,spin,50000,500,432,50000,0
x3z3,method_a,3,10.0,0.0002961352530559501,X,spin,50000,500,270,50000,0
x3z3,method_b,3,30.0,0.0002961352530559501,X,spin,50000,500,270,50000,1
x3z3,method_b,3,0.5,0.0002961352530559501,X,spin,50000,500,270,50000,1
x3z3,method_a,3,1000.0,0.0002961352530559501,X,spin,50000,500,270,50000,0
x3z3,method_b,3,3.0,0.0002961352530559501,Z,spin,50000,500,270,50000,0
x3z3,method_a,3,1000.0,0.0002961352530559501,Z,spin,50000,500,270,50000,0
x3z3,method_b,3,1.0,0.0002961352530559501,Z,spin,50000,500,270,50000,0
x3z3,method_b,3,3.0,0.0002961352530559501,X,spin,50000,500,270,50000,1
x3z3,method_b,3,1.0,0.0002961352530559501,X,spin,50000,500,270,50000,0
x3z3,method_c,3,1.0,0.0002961352530559501,X,spin,50000,500,270,50000,1
x3z3,method_c,3,3.0,0.0002961352530559501,Z,spin,50000,500,270,50000,2
x3z3,method_b,3,10.0,0.0002961352530559501,X,spin,50000,500,270,50000,0
x3z3,method_b,3,1000.0,0.0002961352530559501,Z,spin,50000,500,270,50000,0
x3z3,method_b,3,10.0,0.0002961352530559501,Z,spin,50000,500,270,50000,2
x3z3,method_b,3,100.0,0.0002961352530559501,X,spin,50000,500,270,50000,0
x3z3,method_b,3,30.0,0.0002961352530559501,Z,spin,50000,500,270,50000,0
x3z3,method_c,3,30.0,0.0002961352530559501,Z,spin,50000,500,270,50000,0
x3z3,method_b,3,100.0,0.0002961352530559501,Z,spin,50000,500,270,50000,0
x3z3,method_b,3,1000.0,0.0002961352530559501,X,spin,50000,500,270,50000,0
x3z3,method_c,3,10.0,0.0002961352530559501,X,spin,50000,500,270,50000,0
x3z3,method_c,3,100.0,0.0002961352530559501,Z,spin,50000,500,270,50000,0
x3z3,method_c,3,0.5,0.0002961352530559501,Z,spin,50000,500,270,50000,0
x3z3,method_a,3,100.0,0.0002961352530559501,X,spin,50000,500,270,50000,0
x3z3,method_c,3,3.0,0.0002961352530559501,X,spin,50000,500,270,50000,0
x3z3,method_c,3,30.0,0.0002961352530559501,X,spin,50000,500,270,50000,0
x3z3,method_c,3,1000.0,0.0002961352530559501,Z,spin,50000,500,270,50000,0
x3z3,method_c,3,0.5,0.0002961352530559501,X,spin,50000,500,270,50000,0
x3z3,method_c,3,10.0,0.0002961352530559501,Z,spin,50000,500,270,50000,0
x3z3,method_c,3,100.0,0.0002961352530559501,X,spin,50000,500,270,50000,0
x3z3,method_c,3,1.0,0.0002961352530559501,Z,spin,50000,500,270,50000,1
css,pairs,3,0.5,0.0002,X,spin,50000,500,432,50000,0
css,pairs,3,10.0,0.0002,Z,spin,50000,500,432,50000,0
css,pairs,3,0.5,0.0002,Z,spin,50000,500,432,50000,0
css,pairs,3,30.0,0.0002,X,spin,50000,500,432,50000,0
css,pairs,3,1.0,0.0002,Z,spin,50000,500,432,50000,0
x3z3,method_c,3,1000.0,0.0002961352530559501,X,spin,50000,500,270,50000,0
css,pairs,3,3.0,0.0002,Z,spin,50000,500,432,50000,0
css,pairs,3,1.0,0.0002,X,spin,50000,500,432,50000,0
css,pairs,3,1000.0,0.0002,X,spin,50000,500,432,50000,0
css,pairs,3,30.0,0.0002,Z,spin,50000,500,432,50000,0
css,pairs,3,10.0,0.0002,X,spin,50000,500,432,50000,0
css,method_a,3,30.0,0.0002,Z,spin,50000,500,270,50000,0
css,pairs,3,3.0,0.0002,X,spin,50000,500,432,50000,0
css,method_b,3,0.5,0.0002,Z,spin,50000,500,270,50000,0
css,method_a,3,1.0,0.0002,Z,spin,50000,500,270,50000,0
css,pairs,3,1000.0,0.0002,Z,spin,50000,500,432,50000,0
css,method_a,3,0.5,0.0002,X,spin,50000,500,270,50000,1
css,method_a,3,10.0,0.0002,Z,spin,50000,500,270,50000,0
css,pairs,3,100.0,0.0002,Z,spin,50000,500,432,50000,0
css,method_a,3,1.0,0.0002,X,spin,50000,500,270,50000,0
css,method_a,3,30.0,0.0002,X,spin,50000,500,270,50000,0
css,method_a,3,10.0,0.0002,X,spin,50000,500,270,50000,0
css,method_a,3,1000.0,0.0002,Z,spin,50000,500,270,50000,0
css,method_a,3,3.0,0.0002,Z,spin,50000,500,270,50000,0
css,pairs,3,100.0,0.0002,X,spin,50000,500,432,50000,0
css,method_b,3,1.0,0.0002,Z,spin,50000,500,270,50000,0
css,method_a,3,3.0,0.0002,X,spin,50000,500,270,50000,0
css,method_a,3,100.0,0.0002,Z,spin,50000,500,270,50000,0
css,method_a,3,1000.0,0.0002,X,spin,50000,500,270,50000,1
css,method_a,3,0.5,0.0002,Z,spin,50000,500,270,50000,0
css,method_a,3,100.0,0.0002,X,spin,50000,500,270,50000,0
css,method_b,3,10.0,0.0002,X,spin,50000,500,270,50000,0
css,method_b,3,100.0,0.0002,X,spin,50000,500,270,50000,0
css,method_b,3,1.0,0.0002,X,spin,50000,500,270,50000,1
css,method_b,3,3.0,0.0002,Z,spin,50000,500,270,50000,0
css,method_b,3,10.0,0.0002,Z,spin,50000,500,270,50000,0
css,method_b,3,100.0,0.0002,Z,spin,50000,500,270,50000,0
css,method_b,3,0.5,0.0002,X,spin,50000,500,270,50000,0
css,method_b,3,3.0,0.0002,X,spin,50000,500,270,50000,0
css,method_b,3,30.0,0.0002,Z,spin,50000,500,270,50000,0
css,method_c,3,0.5,0.0002,Z,spin,50000,500,270,50000,1
css,method_b,3,1000.0,0.0002,Z,spin,50000,500,270,50000,0
css,method_b,3,1000.0,0.0002,X,spin,50000,500,270,50000,0
css,method_b,3,30.0,0.0002,X,spin,50000,500,270,50000,0
css,method_c,3,1.0,0.0002,Z,spin,50000,500,270,50000,0
css,method_c,3,0.5,0.0002,X,spin,50000,500,270,50000,0
x3z3,pairs,3,0.5,0.0002,Z,spin,50000,500,432,50000,0
css,method_c,3,10.0,0.0002,X,spin,50000,500,270,50000,0
x3z3,pairs,3,1.0,0.0002,X,spin,50000,500,432,50000,0
css,method_c,3,30.0,0.0002,X,spin,50000,500,270,50000,0
css,method_c,3,100.0,0.0002,Z,spin,50000,500,270,50000,0
css,method_c,3,3.0,0.0002,Z,spin,50000,500,270,50000,0
css,method_c,3,100.0,0.0002,X,spin,50000,500,270,50000,0
css,method_c,3,3.0,0.0002,X,spin,50000,500,270,50000,0
css,method_c,3,1000.0,0.0002,Z,spin,50000,500,270,50000,0
css,method_c,3,1.0,0.0002,X,spin,50000,500,270,50000,0
css,method_c,3,10.0,0.0002,Z,spin,50000,500,270,50000,0
css,method_c,3,30.0,0.0002,Z,spin,50000,500,270,50000,0
css,method_c,3,1000.0,0.0002,X,spin,50000,500,270,50000,1
x3z3,pairs,3,3.0,0.0002,X,spin,50000,500,432,50000,0
x3z3,pairs,3,30.0,0.0002,Z,spin,50000,500,432,50000,0
x3z3,pairs,3,0.5,0.0002,X,spin,50000,500,432,50000,0
x3z3,pairs,3,1.0,0.0002,Z,spin,50000,500,432,50000,0
x3z3,pairs,3,3.0,0.0002,Z,spin,50000,500,432,50000,0
x3z3,pairs,3,100.0,0.0002,X,spin,50000,500,432,50000,0
x3z3,method_a,3,3.0,0.0002,X,spin,50000,500,270,50000,0
x3z3,pairs,3,10.0,0.0002,Z,spin,50000,500,432,50000,0
x3z3,pairs,3,10.0,0.0002,X,spin,50000,500,432,50000,0
x3z3,method_a,3,1.0,0.0002,X,spin,50000,500,270,50000,0
x3z3,pairs,3,30.0,0.0002,X,spin,50000,500,432,50000,0
x3z3,method_a,3,0.5,0.0002,Z,spin,50000,500,270,50000,0
x3z3,pairs,3,100.0,0.0002,Z,spin,50000,500,432,50000,0
x3z3,method_a,3,10.0,0.0002,Z,spin,50000,500,270,50000,0
x3z3,method_a,3,3.0,0.0002,Z,spin,50000,500,270,50000,0
x3z3,pairs,3,1000.0,0.0002,Z,spin,50000,500,432,50000,0
x3z3,method_a,3,0.5,0.0002,X,spin,50000,500,270,50000,0
x3z3,method_b,3,10.0,0.0002,X,spin,50000,500,270,50000,0
x3z3,method_b,3,1.0,0.0002,X,spin,50000,500,270,50000,0
x3z3,method_a,3,30.0,0.0002,Z,spin,50000,500,270,50000,0
x3z3,method_a,3,10.0,0.0002,X,spin,50000,500,270,50000,0
x3z3,method_a,3,1.0,0.0002,Z,spin,50000,500,270,50000,0
x3z3,method_a,3,100.0,0.0002,X,spin,50000,500,270,50000,0
x3z3,method_b,3,0.5,0.0002,X,spin,50000,500,270,50000,0
x3z3,method_a,3,100.0,0.0002,Z,spin,50000,500,270,50000,0
x3z3,method_b,3,0.5,0.0002,Z,spin,50000,500,270,50000,0
x3z3,pairs,3,1000.0,0.0002,X,spin,50000,500,432,50000,0
x3z3,method_a,3,1000.0,0.0002,Z,spin,50000,500,270,50000,0
x3z3,method_b,3,30.0,0.0002,Z,spin,50000,500,270,50000,0
x3z3,method_b,3,100.0,0.0002,Z,spin,50000,500,270,50000,0
x3z3,method_a,3,1000.0,0.0002,X,spin,50000,500,270,50000,0
x3z3,method_a,3,30.0,0.0002,X,spin,50000,500,270,50000,0
x3z3,method_b,3,1.0,0.0002,Z,spin,50000,500,270,50000,0
x3z3,method_b,3,100.0,0.0002,X,spin,50000,500,270,50000,0
x3z3,method_b,3,10.0,0.0002,Z,spin,50000,500,270,50000,0
x3z3,method_b,3,3.0,0.0002,Z,spin,50000,500,270,50000,0
x3z3,method_b,3,3.0,0.0002,X,spin,50000,500,270,50000,0
x3z3,method_c,3,3.0,0.0002,X,spin,50000,500,270,50000,0
x3z3,method_b,3,30.0,0.0002,X,spin,50000,500,270,50000,0
x3z3,method_c,3,10.0,0.0002,Z,spin,50000,500,270,50000,0
x3z3,method_b,3,1000.0,0.0002,Z,spin,50000,500,270,50000,0
x3z3,method_c,3,100.0,0.0002,X,spin,50000,500,270,50000,0
x3z3,method_c,3,1.0,0.0002,X,spin,50000,500,270,50000,1
x3z3,method_c,3,10.0,0.0002,X,spin,50000,500,270,50000,0
x3z3,method_c,3,3.0,0.0002,Z,spin,50000,500,270,50000,0
x3z3,method_c,3,30.0,0.0002,X,spin,50000,500,270,50000,0
x3z3,method_c,3,0.5,0.0002,X,spin,50000,500,270,50000,0
x3z3,method_b,3,1000.0,0.0002,X,spin,50000,500,270,50000,0
x3z3,method_c,3,100.0,0.0002,Z,spin,50000,500,270,50000,0
x3z3,method_c,3,1.0,0.0002,Z,spin,50000,500,270,50000,0
x3z3,method_c,3,1000.0,0.0002,Z,spin,50000,500,270,50000,0
x3z3,method_c,3,30.0,0.0002,Z,spin,50000,500,270,50000,0
x3z3,method_c,3,1000.0,0.0002,X,spin,50000,500,270,50000,0
x3z3,method_c,3,0.5,0.0002,Z,spin,50000,500,270,50000,0
