code,scheme,distance,eta,p,basis,noise,shots_max,max_errors,qubits,shots,errors
css,pairs,5,10.0,0.015,Z,spin,10000,500,1200,10000,4949
css,pairs,5,3.0,0.015,Z,spin,10000,500,1200,10000,4865
css,pairs,5,30.0,0.015,Z,spin,10000,500,1200,10000,5011
css,pairs,5,1.0,0.015,Z,spin,10000,500,1200,10000,5069
css,pairs,5,100.0,0.015,Z,spin,10000,500,1200,10000,5066
css,pairs,5,10.0,0.015,X,spin,10000,500,1200,10000,5070
css,pairs,5,0.5,0.015,X,spin,10000,500,1200,10000,4976
css,pairs,5,0.5,0.015,Z,spin,10000,500,1200,10000,4969
css,pairs,5,1000.0,0.015,Z,spin,10000,500,1200,10000,4969
css,pairs,5,3.0,0.015,X,spin,10000,500,1200,10000,4989
css,pairs,5,30.0,0.015,X,spin,10000,500,1200,10000,4931
css,pairs,5,1.0,0.015,X,spin,10000,500,1200,10000,4971
css,pairs,5,100.0,0.015,X,spin,10000,500,1200,10000,4945
css,pairs,5,1000.0,0.015,X,spin,10000,500,1200,10000,4989
css,method_a,5,10.0,0.015,Z,spin,10000,500,750,10000,4924
css,method_a,5,3.0,0.015,Z,spin,10000,500,750,10000,4962
css,method_a,5,0.5,0.015,Z,spin,10000,500,750,10000,5047
css,method_a,5,0.5,0.015,X,spin,10000,500,750,10000,4992
css,method_a,5,30.0,0.015,Z,spin,10000,500,750,10000,5044
css,method_a,5,3.0,0.015,X,spin,10000,500,750,10000,4883
css,method_a,5,1.0,0.015,X,spin,10000,500,750,10000,5049
css,method_a,5,100.0,0.015,Z,spin,10000,500,750,10000,4996
css,method_a,5,1000.0,0.015,Z,spin,10000,500,750,10000,4968
css,method_a,5,10.0,0.015,X,spin,10000,500,750,10000,4969
css,method_a,5,30.0,0.015,X,spin,10000,500,750,10000,5016
css,method_a,5,1.0,0.015,Z,spin,10000,500,750,10000,4989
css,method_a,5,100.0,0.015,X,spin,10000,500,750,10000,5004
css,method_a,5,1000.0,0.015,X,spin,10000,500,750,10000,4999
css,method_b,5,3.0,0.015,Z,spin,10000,500,750,10000,4982
css,method_b,5,10.0,0.015,Z,spin,10000,500,750,10000,5055
css,method_b,5,30.0,0.015,Z,spin,10000,500,750,10000,5110
css,method_b,5,100.0,0.015,Z,spin,10000,500,750,10000,5030
css,method_b,5,1.0,0.015,Z,spin,10000,500,750,10000,5087
css,method_b,5,3.0,0.015,X,spin,10000,500,750,10000,4993
css,method_b,5,10.0,0.015,X,spin,10000,500,750,10000,4920
css,method_b,5,1.0,0.015,X,spin,10000,500,750,10000,4969
css,method_b,5,1000.0,0.015,Z,spin,10000,500,750,10000,4929
css,method_b,5,30.0,0.015,X,spin,10000,500,750,10000,5034
css,method_b,5,0.5,0.015,Z,spin,10000,500,750,10000,4959
css,method_b,5,1000.0,0.015,X,spin,10000,500,750,10000,5072
css,method_b,5,100.0,0.015,X,spin,10000,500,750,10000,4901
css,method_b,5,0.5,0.015,X,spin,10000,500,750,10000,4963
css,method_c,5,3.0,0.015,Z,spin,10000,500,750,10000,4998
css,method_c,5,10.0,0.015,Z,spin,10000,500,750,10000,5060
css,method_c,5,30.0,0.015,Z,spin,10000,500,750,10000,4916
css,method_c,5,1.0,0.015,Z,spin,10000,500,750,10000,4954
css,method_c,5,100.0,0.015,Z,spin,10000,500,750,10000,5005
css,method_c,5,3.0,0.015,X,spin,10000,500,750,10000,4977
css,method_c,5,1000.0,0.015,Z,spin,10000,500,750,10000,5084
css,method_c,5,10.0,0.015,X,spin,10000,500,750,10000,5070
css,method_c,5,1.0,0.015,X,spin,10000,500,750,10000,4913
css,method_c,5,0.5,0.015,Z,spin,10000,500,750,10000,5011
css,method_c,5,30.0,0.015,X,spin,10000,500,750,10000,4973
css,method_c,5,100.0,0.015,X,spin,10000,500,750,10000,4989
css,method_c,5,0.5,0.015,X,spin,10000,500,750,10000,5032
x3z3,pairs,5,3.0,0.015,Z,spin,10000,500,1200,10000,4992
css,method_c,5,1000.0,0.015,X,spin,10000,500,750,10000,4961
x3z3,pairs,5,0.5,0.015,Z,spin,10000,500,1200,10000,4938
x3z3,pairs,5,10.0,0.015,Z,spin,10000,500,1200,10000,5065
x3z3,pairs,5,0.5,0.015,X,spin,10000,500,1200,10000,5012
x3z3,pairs,5,1.0,0.015,Z,spin,10000,500,1200,10000,4936
x3z3,pairs,5,1.0,0.015,X,spin,10000,500,1200,10000,5132
x3z3,pairs,5,10.0,0.015,X,spin,10000,500,1200,10000,4929
x3z3,pairs,5,30.0,0.015,Z,spin,10000,500,1200,10000,4909
x3z3,pairs,5,3.0,0.015,X,spin,10000,500,1200,10000,4908
x3z3,pairs,5,30.0,0.015,X,spin,10000,500,1200,10000,5006
x3z3,pairs,5,100.0,0.015,Z,spin,10000,500,1200,10000,5127
x3z3,pairs,5,100.0,0.015,X,spin,10000,500,1200,10000,5032
x3z3,pairs,5,1000.0,0.015,Z,spin,10000,500,1200,10000,5008
x3z3,pairs,5,1000.0,0.015,X,spin,10000,500,1200,10000,4925
x3z3,method_a,5,3.0,0.015,Z,spin,10000,500,750,10000,4962
x3z3,method_a,5,3.0,0.015,X,spin,10000,500,750,10000,4993
x3z3,method_a,5,10.0,0.015,Z,spin,10000,500,750,10000,5013
x3z3,method_a,5,10.0,0.015,X,spin,10000,500,750,10000,5015
x3z3,method_a,5,30.0,0.015,Z,spin,10000,500,750,10000,5026
x3z3,method_a,5,1.0,0.015,X,spin,10000,500,750,10000,4989
x3z3,method_a,5,1.0,0.015,Z,spin,10000,500,750,10000,4997
x3z3,method_a,5,30.0,0.015,X,spin,10000,500,750,10000,4961
x3z3,method_a,5,100.0,0.015,Z,spin,10000,500,750,10000,4939
x3z3,method_a,5,100.0,0.015,X,spin,10000,500,750,10000,4964
x3z3,method_a,5,1000.0,0.015,Z,spin,10000,500,750,10000,4922
x3z3,method_a,5,1000.0,0.015,X,spin,10000,500,750,10000,4970
x3z3,method_a,5,0.5,0.015,Z,spin,10000,500,750,10000,4985
x3z3,method_a,5,0.5,0.015,X,spin,10000,500,750,10000,5048
x3z3,method_b,5,3.0,0.015,Z,spin,10000,500,750,10000,5034
x3z3,method_b,5,10.0,0.015,Z,spin,10000,500,750,10000,4977
x3z3,method_b,5,10.0,0.015,X,spin,10000,500,750,10000,4928
x3z3,method_b,5,3.0,0.015,X,spin,10000,500,750,10000,4940
x3z3,method_b,5,30.0,0.015,Z,spin,10000,500,750,10000,4999
x3z3,method_b,5,30.0,0.015,X,spin,10000,500,750,10000,4984
x3z3,method_b,5,1.0,0.015,X,spin,10000,500,750,10000,5034
x3z3,method_b,5,100.0,0.015,X,spin,10000,500,750,10000,4977
x3z3,method_b,5,100.0,0.015,Z,spin,10000,500,750,10000,5128
x3z3,method_b,5,1.0,0.015,Z,spin,10000,500,750,10000,5062
x3z3,method_b,5,1000.0,0.015,Z,spin,10000,500,750,10000,4953
x3z3,method_b,5,1000.0,0.015,X,spin,10000,500,750,10000,5054
x3z3,method_c,5,3.0,0.015,Z,spin,10000,500,750,10000,5001
x3z3,method_c,5,3.0,0.015,X,spin,10000,500,750,10000,4994
x3z3,method_c,5,10.0,0.015,Z,spin,10000,500,750,10000,4985
x3z3,method_c,5,10.0,0.015,X,spin,10000,500,750,10000,4976
x3z3,method_c,5,1.0,0.015,Z,spin,10000,500,750,10000,5117
x3z3,method_c,5,1.0,0.015,X,spin,10000,500,750,10000,5005
x3z3,method_c,5,30.0,0.015,Z,spin,10000,500,750,10000,5006
x3z3,method_b,5,0.5,0.015,X,spin,10000,500,750,10000,4951
x3z3,method_c,5,30.0,0.015,X,spin,10000,500,750,10000,4955
x3z3,method_c,5,100.0,0.015,Z,spin,10000,500,750,10000,5009
x3z3,method_c,5,100.0,0.015,X,spin,10000,500,750,10000,4920
x3z3,method_c,5,1000.0,0.015,Z,spin,10000,500,750,10000,5039
x3z3,method_b,5,0.5,0.015,Z,spin,10000,500,750,10000,4931
x3z3,method_c,5,1000.0,0.015,X,spin,10000,500,750,10000,5083
css,pairs,5,3.0,0.010130506142182251,Z,spin,10000,500,1200,10000,5032
css,pairs,5,1.0,0.010130506142182251,Z,spin,10000,500,1200,10000,4935
css,pairs,5,10.0,0.010130506142182251,Z,spin,10000,500,1200,10000,5015
css,pairs,5,0.5,0.010130506142182251,Z,spin,10000,500,1200,10000,5018
x3z3,method_c,5,0.5,0.015,Z,spin,10000,500,750,10000,4989
css,pairs,5,0.5,0.010130506142182251,X,spin,10000,500,1200,10000,5027
css,pairs,5,30.0,0.010130506142182251,Z,spin,10000,500,1200,10000,4973
x3z3,method_c,5,0.5,0.015,X,spin,10000,500,750,10000,5038
css,pairs,5,100.0,0.010130506142182251,Z,spin,10000,500,1200,10000,4991
css,pairs,5,1000.0,0.010130506142182251,Z,spin,10000,500,1200,10000,5017
css,pairs,5,1.0,0.010130506142182251,X,spin,10000,500,1200,10000,5081
css,pairs,5,3.0,0.010130506142182251,X,spin,10000,500,1200,10000,4886
css,pairs,5,10.0,0.010130506142182251,X,spin,10000,500,1200,10000,4978
css,pairs,5,30.0,0.010130506142182251,X,spin,10000,500,1200,10000,4921
css,pairs,5,1000.0,0.010130506142182251,X,spin,10000,500,1200,10000,4997
css,pairs,5,100.0,0.010130506142182251,X,spin,10000,500,1200,10000,5001
css,method_a,5,3.0,0.010130506142182251,Z,spin,10000,500,750,10000,5016
css,method_a,5,0.5,0.010130506142182251,Z,spin,10000,500,750,10000,4942
css,method_a,5,10.0,0.010130506142182251,Z,spin,10000,500,750,10000,5038
css,method_a,5,0.5,0.010130506142182251,X,spin,10000,500,750,10000,4975
css,method_a,5,1.0,0.010130506142182251,X,spin,10000,500,750,10000,4976
css,method_a,5,30.0,0.010130506142182251,Z,spin,10000,500,750,10000,4902
css,method_a,5,3.0,0.010130506142182251,X,spin,10000,500,750,10000,4995
css,method_a,5,100.0,0.010130506142182251,Z,spin,10000,500,750,10000,4958
css,method_a,5,1.0,0.010130506142182251,Z,spin,10000,500,750,10000,5020
css,method_a,5,10.0,0.010130506142182251,X,spin,10000,500,750,10000,4986
css,method_a,5,1000.0,0.010130506142182251,Z,spin,10000,500,750,10000,4974
css,method_a,5,30.0,0.010130506142182251,X,spin,10000,500,750,10000,5054
css,method_a,5,100.0,0.010130506142182251,X,spin,10000,500,750,10000,5020
css,method_b,5,3.0,0.010130506142182251,Z,spin,10000,500,750,10000,4990
css,method_a,5,1000.0,0.010130506142182251,X,spin,10000,500,750,10000,4986
css,method_b,5,10.0,0.010130506142182251,Z,spin,10000,500,750,10000,5051
css,method_b,5,30.0,0.010130506142182251,Z,spin,10000,500,750,10000,4987
css,method_b,5,1.0,0.010130506142182251,Z,spin,10000,500,750,10000,5078
css,method_b,5,100.0,0.010130506142182251,Z,spin,10000,500,750,10000,5024
css,method_b,5,0.5,0.010130506142182251,Z,spin,10000,500,750,10000,5091
css,method_b,5,1.0,0.010130506142182251,X,spin,10000,500,750,10000,5065
css,method_b,5,3.0,0.010130506142182251,X,spin,10000,500,750,10000,5024
css,method_b,5,1000.0,0.010130506142182251,Z,spin,10000,500,750,10000,4987
css,method_b,5,0.5,0.010130506142182251,X,spin,10000,500,750,10000,5037
css,method_b,5,10.0,0.010130506142182251,X,spin,10000,500,750,10000,4981
css,method_b,5,30.0,0.010130506142182251,X,spin,10000,500,750,10000,4888
css,method_b,5,100.0,0.010130506142182251,X,spin,10000,500,750,10000,4956
css,method_c,5,3.0,0.010130506142182251,Z,spin,10000,500,750,10000,5014
css,method_b,5,1000.0,0.010130506142182251,X,spin,10000,500,750,10000,5078
css,method_c,5,10.0,0.010130506142182251,Z,spin,10000,500,750,10000,4999
css,method_c,5,1.0,0.010130506142182251,Z,spin,10000,500,750,10000,4997
css,method_c,5,30.0,0.010130506142182251,Z,spin,10000,500,750,10000,5041
css,method_c,5,100.0,0.010130506142182251,Z,spin,10000,500,750,10000,5007
css,method_c,5,3.0,0.010130506142182251,X,spin,10000,500,750,10000,5052
css,method_c,5,1000.0,0.010130506142182251,Z,spin,10000,500,750,10000,4903
css,method_c,5,1.0,0.010130506142182251,X,spin,10000,500,750,10000,4984
css,method_c,5,0.5,0.010130506142182251,Z,spin,10000,500,750,10000,4995
css,method_c,5,10.0,0.010130506142182251,X,spin,10000,500,750,10000,4984
css,method_c,5,0.5,0.010130506142182251,X,spin,10000,500,750,10000,4999
css,method_c,5,30.0,0.010130506142182251,X,spin,10000,500,750,10000,5083
css,method_c,5,100.0,0.010130506142182251,X,spin,10000,500,750,10000,5020
css,method_c,5,1000.0,0.010130506142182251,X,spin,10000,500,750,10000,4962
x3z3,pairs,5,10.0,0.010130506142182251,Z,spin,10000,500,1200,10000,5017
x3z3,pairs,5,1.0,0.010130506142182251,Z,spin,10000,500,1200,10000,5044
x3z3,pairs,5,1.0,0.010130506142182251,X,spin,10000,500,1200,10000,5011
x3z3,pairs,5,0.5,0.010130506142182251,X,spin,10000,500,1200,10000,4938
x3z3,pairs,5,0.5,0.010130506142182251,Z,spin,10000,500,1200,10000,4984
x3z3,pairs,5,3.0,0.010130506142182251,X,spin,10000,500,1200,10000,4970
x3z3,pairs,5,3.0,0.010130506142182251,Z,spin,10000,500,1200,10000,5055
x3z3,pairs,5,30.0,0.010130506142182251,Z,spin,10000,500,1200,10000,5100
x3z3,pairs,5,10.0,0.010130506142182251,X,spin,10000,500,1200,10000,5018
x3z3,pairs,5,30.0,0.010130506142182251,X,spin,10000,500,1200,10000,5025
x3z3,pairs,5,1000.0,0.010130506142182251,Z,spin,10000,500,1200,10000,5023
x3z3,pairs,5,100.0,0.010130506142182251,X,spin,10000,500,1200,10000,4998
x3z3,pairs,5,1000.0,0.010130506142182251,X,spin,10000,500,1200,10000,4970
x3z3,pairs,5,100.0,0.010130506142182251,Z,spin,10000,500,1200,10000,5009
x3z3,method_a,5,3.0,0.010130506142182251,Z,spin,10000,500,750,10000,5054
x3z3,method_a,5,10.0,0.010130506142182251,Z,spin,10000,500,750,10000,4969
x3z3,method_a,5,3.0,0.010130506142182251,X,spin,10000,500,750,10000,5031
x3z3,method_a,5,10.0,0.010130506142182251,X,spin,10000,500,750,10000,4915
x3z3,method_a,5,1.0,0.010130506142182251,Z,spin,10000,500,750,10000,4960
x3z3,method_a,5,30.0,0.010130506142182251,Z,spin,10000,500,750,10000,5000
x3z3,method_a,5,1.0,0.010130506142182251,X,spin,10000,500,750,10000,4945
x3z3,method_a,5,100.0,0.010130506142182251,X,spin,10000,500,750,10000,4982
x3z3,method_a,5,30.0,0.010130506142182251,X,spin,10000,500,750,10000,5033
x3z3,method_a,5,100.0,0.010130506142182251,Z,spin,10000,500,750,10000,4958
x3z3,method_a,5,1000.0,0.010130506142182251,Z,spin,10000,500,750,10000,4979
x3z3,method_a,5,1000.0,0.010130506142182251,X,spin,10000,500,750,10000,4929
x3z3,method_a,5,0.5,0.010130506142182251,Z,spin,10000,500,750,10000,4899
x3z3,method_a,5,0.5,0.010130506142182251,X,spin,10000,500,750,10000,5170
x3z3,method_b,5,3.0,0.010130506142182251,Z,spin,10000,500,750,10000,4955
x3z3,method_b,5,10.0,0.010130506142182251,Z,spin,10000,500,750,10000,5043
x3z3,method_b,5,3.0,0.010130506142182251,X,spin,10000,500,750,10000,5034
x3z3,method_b,5,1.0,0.010130506142182251,Z,spin,10000,500,750,10000,4972
x3z3,method_b,5,10.0,0.010130506142182251,X,spin,10000,500,750,10000,5055
x3z3,method_b,5,30.0,0.010130506142182251,Z,spin,10000,500,750,10000,4917
x3z3,method_b,5,1.0,0.010130506142182251,X,spin,10000,500,750,10000,4880
x3z3,method_b,5,30.0,0.010130506142182251,X,spin,10000,500,750,10000,4999
x3z3,method_b,5,100.0,0.010130506142182251,Z,spin,10000,500,750,10000,4926
x3z3,method_b,5,1000.0,0.010130506142182251,Z,spin,10000,500,750,10000,5034
x3z3,method_b,5,100.0,0.010130506142182251,X,spin,10000,500,750,10000,5035
x3z3,method_b,5,1000.0,0.010130506142182251,X,spin,10000,500,750,10000,4985
x3z3,method_b,5,0.5,0.010130506142182251,Z,spin,10000,500,750,10000,5131
x3z3,method_b,5,0.5,0.010130506142182251,X,spin,10000,500,750,10000,4984
x3z3,method_c,5,3.0,0.010130506142182251,X,spin,10000,500,750,10000,4923
x3z3,method_c,5,3.0,0.010130506142182251,Z,spin,10000,500,750,10000,4991
x3z3,method_c,5,10.0,0.010130506142182251,Z,spin,10000,500,750,10000,4996
x3z3,method_c,5,1.0,0.010130506142182251,Z,spin,10000,500,750,10000,4998
x3z3,method_c,5,10.0,0.010130506142182251,X,spin,10000,500,750,10000,4877
x3z3,method_c,5,1.0,0.010130506142182251,X,spin,10000,500,750,10000,4918
x3z3,method_c,5,30.0,0.010130506142182251,Z,spin,10000,500,750,10000,4916
x3z3,method_c,5,30.0,0.010130506142182251,X,spin,10000,500,750,10000,5045
x3z3,method_c,5,100.0,0.010130506142182251,Z,spin,10000,500,750,10000,4976
x3z3,method_c,5,100.0,0.010130506142182251,X,spin,10000,500,750,10000,4970
x3z3,method_c,5,1000.0,0.010130506142182251,Z,spin,10000,500,750,10000,5118
x3z3,method_c,5,1000.0,0.010130506142182251,X,spin,10000,500,750,10000,4960
x3z3,method_c,5,0.5,0.010130506142182251,Z,spin,10000,500,750,10000,5017
css,pairs,5,1.0,0.006841810313119493,Z,spin,10000,500,1200,10000,5007
css,pairs,5,3.0,0.006841810313119493,Z,spin,10000,500,1200,10000,5043
css,pairs,5,0.5,0.006841810313119493,Z,spin,10000,500,1200,10000,4996
css,pairs,5,0.5,0.006841810313119493,X,spin,10000,500,1200,10000,5010
css,pairs,5,10.0,0.006841810313119493,Z,spin,10000,500,1200,10000,4956
css,pairs,5,30.0,0.006841810313119493,Z,spin,10000,500,1200,10000,4894
x3z3,method_c,5,0.5,0.010130506142182251,X,spin,10000,500,750,10000,5076
css,pairs,5,1000.0,0.006841810313119493,Z,spin,10000,500,1200,10000,4658
css,pairs,5,100.0,0.006841810313119493,Z,spin,10000,500,1200,10000,4776
css,pairs,5,1.0,0.006841810313119493,X,spin,10000,500,1200,10000,4976
css,pairs,5,10.0,0.006841810313119493,X,spin,10000,500,1200,10000,5000
css,pairs,5,30.0,0.006841810313119493,X,spin,10000,500,1200,10000,5066
css,pairs,5,3.0,0.006841810313119493,X,spin,10000,500,1200,10000,5010
css,pairs,5,100.0,0.006841810313119493,X,spin,10000,500,1200,10000,5043
css,method_a,5,3.0,0.006841810313119493,Z,spin,10000,500,750,10000,5036
css,pairs,5,1000.0,0.006841810313119493,X,spin,10000,500,1200,10000,5010
css,method_a,5,0.5,0.006841810313119493,Z,spin,10000,500,750,10000,4930
css,method_a,5,10.0,0.006841810313119493,Z,spin,10000,500,750,10000,4936
css,method_a,5,0.5,0.006841810313119493,X,spin,10000,500,750,10000,4997
css,method_a,5,1.0,0.006841810313119493,Z,spin,10000,500,750,10000,4971
css,method_a,5,1.0,0.006841810313119493,X,spin,10000,500,750,10000,4926
css,method_a,5,30.0,0.006841810313119493,Z,spin,10000,500,750,10000,5017
css,method_a,5,3.0,0.006841810313119493,X,spin,10000,500,750,10000,4956
css,method_a,5,100.0,0.006841810313119493,Z,spin,10000,500,750,10000,4842
css,method_a,5,1000.0,0.006841810313119493,Z,spin,10000,500,750,10000,4607
css,method_a,5,10.0,0.006841810313119493,X,spin,10000,500,750,10000,4938
css,method_a,5,30.0,0.006841810313119493,X,spin,10000,500,750,10000,5019
css,method_a,5,100.0,0.006841810313119493,X,spin,10000,500,750,10000,4982
css,method_a,5,1000.0,0.006841810313119493,X,spin,10000,500,750,10000,4950
css,method_b,5,3.0,0.006841810313119493,Z,spin,10000,500,750,10000,5064
css,method_b,5,1.0,0.006841810313119493,Z,spin,10000,500,750,10000,4958
css,method_b,5,10.0,0.006841810313119493,Z,spin,10000,500,750,10000,4948
css,method_b,5,30.0,0.006841810313119493,Z,spin,10000,500,750,10000,4975
css,method_b,5,0.5,0.006841810313119493,Z,spin,10000,500,750,10000,5010
css,method_b,5,1.0,0.006841810313119493,X,spin,10000,500,750,10000,4962
css,method_b,5,0.5,0.006841810313119493,X,spin,10000,500,750,10000,4956
css,method_b,5,3.0,0.006841810313119493,X,spin,10000,500,750,10000,4937
css,method_b,5,100.0,0.006841810313119493,Z,spin,10000,500,750,10000,4747
css,method_b,5,1000.0,0.006841810313119493,Z,spin,10000,500,750,10000,4722
css,method_b,5,10.0,0.006841810313119493,X,spin,10000,500,750,10000,5073
css,method_b,5,30.0,0.006841810313119493,X,spin,10000,500,750,10000,5059
css,method_c,5,3.0,0.006841810313119493,Z,spin,10000,500,750,10000,5089
css,method_b,5,100.0,0.006841810313119493,X,spin,10000,500,750,10000,4951
css,method_b,5,1000.0,0.006841810313119493,X,spin,10000,500,750,10000,4943
css,method_c,5,1.0,0.006841810313119493,Z,spin,10000,500,750,10000,5039
css,method_c,5,10.0,0.006841810313119493,Z,spin,10000,500,750,10000,5031
css,method_c,5,0.5,0.006841810313119493,Z,spin,10000,500,750,10000,5003
css,method_c,5,30.0,0.006841810313119493,Z,spin,10000,500,750,10000,4955
css,method_c,5,1.0,0.006841810313119493,X,spin,10000,500,750,10000,5058
css,method_c,5,0.5,0.006841810313119493,X,spin,10000,500,750,10000,4955
css,method_c,5,100.0,0.006841810313119493,Z,spin,10000,500,750,10000,4744
css,method_c,5,3.0,0.006841810313119493,X,spin,10000,500,750,10000,5109
css,method_c,5,1000.0,0.006841810313119493,Z,spin,10000,500,750,10000,4672
css,method_c,5,10.0,0.006841810313119493,X,spin,10000,500,750,10000,4888
css,method_c,5,30.0,0.006841810313119493,X,spin,10000,500,750,10000,5034
css,method_c,5,100.0,0.006841810313119493,X,spin,10000,500,750,10000,4979
css,method_c,5,1000.0,0.006841810313119493,X,spin,10000,500,750,10000,5052
x3z3,pairs,5,1.0,0.006841810313119493,Z,spin,10000,500,1200,10000,5075
x3z3,pairs,5,0.5,0.006841810313119493,Z,spin,10000,500,1200,10000,5076
x3z3,pairs,5,3.0,0.006841810313119493,Z,spin,10000,500,1200,10000,4980
x3z3,pairs,5,3.0,0.006841810313119493,X,spin,10000,500,1200,10000,5033
x3z3,pairs,5,0.5,0.006841810313119493,X,spin,10000,500,1200,10000,5013
x3z3,pairs,5,1.0,0.006841810313119493,X,spin,10000,500,1200,10000,4996
x3z3,pairs,5,10.0,0.006841810313119493,Z,spin,10000,500,1200,10000,4980
x3z3,pairs,5,30.0,0.006841810313119493,X,spin,10000,500,1200,10000,4950
x3z3,pairs,5,10.0,0.006841810313119493,X,spin,10000,500,1200,10000,4939
x3z3,pairs,5,30.0,0.006841810313119493,Z,spin,10000,500,1200,10000,5072
x3z3,pairs,5,100.0,0.006841810313119493,Z,spin,10000,500,1200,10000,5078
x3z3,pairs,5,100.0,0.006841810313119493,X,spin,10000,500,1200,10000,5019
x3z3,pairs,5,1000.0,0.006841810313119493,Z,spin,10000,500,1200,10000,4997
x3z3,pairs,5,1000.0,0.006841810313119493,X,spin,10000,500,1200,10000,5007
x3z3,method_a,5,3.0,0.006841810313119493,Z,spin,10000,500,750,10000,4965
x3z3,method_a,5,3.0,0.006841810313119493,X,spin,10000,500,750,10000,5083
x3z3,method_a,5,10.0,0.006841810313119493,X,spin,10000,500,750,10000,4978
x3z3,method_a,5,10.0,0.006841810313119493,Z,spin,10000,500,750,10000,4919
x3z3,method_a,5,1.0,0.006841810313119493,Z,spin,10000,500,750,10000,5073
x3z3,method_a,5,1.0,0.006841810313119493,X,spin,10000,500,750,10000,5045
x3z3,method_a,5,30.0,0.006841810313119493,Z,spin,10000,500,750,10000,5067
x3z3,method_a,5,30.0,0.006841810313119493,X,spin,10000,500,750,10000,5020
x3z3,method_a,5,100.0,0.006841810313119493,Z,spin,10000,500,750,10000,5060
x3z3,method_a,5,100.0,0.006841810313119493,X,spin,10000,500,750,10000,4975
x3z3,method_a,5,0.5,0.006841810313119493,X,spin,10000,500,750,10000,5041
x3z3,method_a,5,1000.0,0.006841810313119493,Z,spin,10000,500,750,10000,4955
x3z3,method_a,5,0.5,0.006841810313119493,Z,spin,10000,500,750,10000,4991
x3z3,method_a,5,1000.0,0.006841810313119493,X,spin,10000,500,750,10000,4998
x3z3,method_b,5,10.0,0.006841810313119493,Z,spin,10000,500,750,10000,4964
x3z3,method_b,5,10.0,0.006841810313119493,X,spin,10000,500,750,10000,4999
x3z3,method_b,5,3.0,0.006841810313119493,X,spin,10000,500,750,10000,5019
x3z3,method_b,5,3.0,0.006841810313119493,Z,spin,10000,500,750,10000,5037
x3z3,method_b,5,1.0,0.006841810313119493,Z,spin,10000,500,750,10000,5032
x3z3,method_b,5,1.0,0.006841810313119493,X,spin,10000,500,750,10000,4973
x3z3,method_b,5,30.0,0.006841810313119493,X,spin,10000,500,750,10000,4970
x3z3,method_b,5,30.0,0.006841810313119493,Z,spin,10000,500,750,10000,5018
x3z3,method_b,5,100.0,0.006841810313119493,Z,spin,10000,500,750,10000,4917
x3z3,method_b,5,100.0,0.006841810313119493,X,spin,10000,500,750,10000,5113
x3z3,method_b,5,1000.0,0.006841810313119493,Z,spin,10000,500,750,10000,4990
x3z3,method_b,5,1000.0,0.006841810313119493,X,spin,10000,500,750,10000,4889
x3z3,method_b,5,0.5,0.006841810313119493,X,spin,10000,500,750,10000,5170
x3z3,method_b,5,0.5,0.006841810313119493,Z,spin,10000,500,750,10000,4925
x3z3,method_c,5,3.0,0.006841810313119493,Z,spin,10000,500,750,10000,5016
x3z3,method_c,5,10.0,0.006841810313119493,Z,spin,10000,500,750,10000,5073
x3z3,method_c,5,3.0,0.006841810313119493,X,spin,10000,500,750,10000,5043
x3z3,method_c,5,1.0,0.006841810313119493,Z,spin,10000,500,750,10000,5039
x3z3,method_c,5,10.0,0.006841810313119493,X,spin,10000,500,750,10000,4991
x3z3,method_c,5,1.0,0.006841810313119493,X,spin,10000,500,750,10000,4975
x3z3,method_c,5,30.0,0.006841810313119493,Z,spin,10000,500,750,10000,4978
x3z3,method_c,5,30.0,0.006841810313119493,X,spin,10000,500,750,10000,4971
x3z3,method_c,5,100.0,0.006841810313119493,X,spin,10000,500,750,10000,5006
x3z3,method_c,5,100.0,0.006841810313119493,Z,spin,10000,500,750,10000,5019
x3z3,method_c,5,1000.0,0.006841810313119493,Z,spin,10000,500,750,10000,5092
x3z3,method_c,5,1000.0,0.006841810313119493,X,spin,10000,500,750,10000,4985
x3z3,method_c,5,0.5,0.006841810313119493,Z,spin,10000,500,750,10000,4894
css,pairs,5,0.5,0.004620733426713526,Z,spin,10000,500,1200,10000,5090
x3z3,method_c,5,0.5,0.006841810313119493,X,spin,10000,500,750,10000,5013
css,pairs,5,3.0,0.004620733426713526,Z,spin,10000,500,1200,10000,4875
css,pairs,5,1.0,0.004620733426713526,Z,spin,10000,500,1200,10000,5031
css,pairs,5,10.0,0.004620733426713526,Z,spin,10000,500,1200,10000,4058
css,pairs,5,0.5,0.004620733426713526,X,spin,10000,500,1200,10000,5032
css,pairs,5,30.0,0.004620733426713526,Z,spin,10000,500,1200,10000,2902
css,pairs,5,1.0,0.004620733426713526,X,spin,10000,500,1200,10000,5103
css,pairs,5,100.0,0.004620733426713526,Z,spin,10000,500,1200,10000,2094
css,pairs,5,3.0,0.004620733426713526,X,spin,10000,500,1200,10000,5061
css,pairs,5,1000.0,0.004620733426713526,Z,spin,10000,500,1200,10000,1723
css,pairs,5,10.0,0.004620733426713526,X,spin,10000,500,1200,10000,4968
css,pairs,5,100.0,0.004620733426713526,X,spin,10000,500,1200,10000,4932
css,pairs,5,30.0,0.004620733426713526,X,spin,10000,500,1200,10000,5010
css,pairs,5,1000.0,0.004620733426713526,X,spin,10000,500,1200,10000,5043
css,method_a,5,3.0,0.004620733426713526,Z,spin,10000,500,750,10000,4910
css,method_a,5,1.0,0.004620733426713526,Z,spin,10000,500,750,10000,4974
css,method_a,5,10.0,0.004620733426713526,Z,spin,10000,500,750,10000,4528
css,method_a,5,0.5,0.004620733426713526,X,spin,10000,500,750,10000,4987
css,method_a,5,0.5,0.004620733426713526,Z,spin,10000,500,750,10000,5025
css,method_a,5,30.0,0.004620733426713526,Z,spin,10000,500,750,10000,3454
css,method_a,5,1.0,0.004620733426713526,X,spin,10000,500,750,10000,4960
css,method_a,5,100.0,0.004620733426713526,Z,spin,10000,500,750,10000,2373
css,method_a,5,1000.0,0.004620733426713526,Z,spin,10000,500,750,10000,1695
css,method_a,5,3.0,0.004620733426713526,X,spin,10000,500,750,10000,4990
css,method_a,5,10.0,0.004620733426713526,X,spin,10000,500,750,10000,5015
css,method_a,5,30.0,0.004620733426713526,X,spin,10000,500,750,10000,5138
css,method_a,5,100.0,0.004620733426713526,X,spin,10000,500,750,10000,4994
css,method_a,5,1000.0,0.004620733426713526,X,spin,10000,500,750,10000,5028
css,method_b,5,3.0,0.004620733426713526,Z,spin,10000,500,750,10000,5014
css,method_b,5,1.0,0.004620733426713526,Z,spin,10000,500,750,10000,4956
css,method_b,5,0.5,0.004620733426713526,Z,spin,10000,500,750,10000,5013
css,method_b,5,10.0,0.004620733426713526,Z,spin,10000,500,750,10000,4424
css,method_b,5,1.0,0.004620733426713526,X,spin,10000,500,750,10000,5000
css,method_b,5,0.5,0.004620733426713526,X,spin,10000,500,750,10000,5001
css,method_b,5,30.0,0.004620733426713526,Z,spin,10000,500,750,10000,3125
css,method_b,5,100.0,0.004620733426713526,Z,spin,10000,500,750,10000,2290
css,method_b,5,1000.0,0.004620733426713526,Z,spin,10000,500,750,10000,1581
css,method_b,5,3.0,0.004620733426713526,X,spin,10000,500,750,10000,5015
css,method_b,5,10.0,0.004620733426713526,X,spin,10000,500,750,10000,5053
css,method_b,5,30.0,0.004620733426713526,X,spin,10000,500,750,10000,4995
css,method_b,5,100.0,0.004620733426713526,X,spin,10000,500,750,10000,4974
css,method_b,5,1000.0,0.004620733426713526,X,spin,10000,500,750,10000,4986
css,method_c,5,3.0,0.004620733426713526,Z,spin,10000,500,750,10000,4963
css,method_c,5,1.0,0.004620733426713526,Z,spin,10000,500,750,10000,4942
css,method_c,5,0.5,0.004620733426713526,Z,spin,10000,500,750,10000,5026
css,method_c,5,10.0,0.004620733426713526,Z,spin,10000,500,750,10000,4406
css,method_c,5,1.0,0.004620733426713526,X,spin,10000,500,750,10000,4991
css,method_c,5,30.0,0.004620733426713526,Z,spin,10000,500,750,10000,3086
css,method_c,5,0.5,0.004620733426713526,X,spin,10000,500,750,10000,4998
css,method_c,5,100.0,0.004620733426713526,Z,spin,10000,500,750,10000,2229
css,method_c,5,3.0,0.004620733426713526,X,spin,10000,500,750,10000,4961
css,method_c,5,1000.0,0.004620733426713526,Z,spin,10000,500,750,10000,1685
css,method_c,5,10.0,0.004620733426713526,X,spin,10000,500,750,10000,4982
css,method_c,5,30.0,0.004620733426713526,X,spin,10000,500,750,10000,5058
css,method_c,5,100.0,0.004620733426713526,X,spin,10000,500,750,10000,4990
x3z3,pairs,5,0.5,0.004620733426713526,Z,spin,10000,500,1200,10000,5063
css,method_c,5,1000.0,0.004620733426713526,X,spin,10000,500,750,10000,4899
x3z3,pairs,5,3.0,0.004620733426713526,Z,spin,10000,500,1200,10000,4965
x3z3,pairs,5,0.5,0.004620733426713526,X,spin,10000,500,1200,10000,4982
x3z3,pairs,5,1.0,0.004620733426713526,Z,spin,10000,500,1200,10000,4956
x3z3,pairs,5,1.0,0.004620733426713526,X,spin,10000,500,1200,10000,5053
x3z3,pairs,5,3.0,0.004620733426713526,X,spin,10000,500,1200,10000,5027
x3z3,pairs,5,10.0,0.004620733426713526,Z,spin,10000,500,1200,10000,5042
x3z3,pairs,5,10.0,0.004620733426713526,X,spin,10000,500,1200,10000,5016
x3z3,pairs,5,30.0,0.004620733426713526,Z,spin,10000,500,1200,10000,4967
x3z3,pairs,5,30.0,0.004620733426713526,X,spin,10000,500,1200,10000,5018
x3z3,pairs,5,100.0,0.004620733426713526,Z,spin,10000,500,1200,10000,5048
x3z3,pairs,5,1000.0,0.004620733426713526,Z,spin,10000,500,1200,10000,4986
x3z3,pairs,5,100.0,0.004620733426713526,X,spin,10000,500,1200,10000,5013
x3z3,pairs,5,1000.0,0.004620733426713526,X,spin,10000,500,1200,10000,5039
x3z3,method_a,5,10.0,0.004620733426713526,Z,spin,10000,500,750,10000,5004
x3z3,method_a,5,3.0,0.004620733426713526,Z,spin,10000,500,750,10000,5062
x3z3,method_a,5,3.0,0.004620733426713526,X,spin,10000,500,750,10000,4895
x3z3,method_a,5,1.0,0.004620733426713526,Z,spin,10000,500,750,10000,5031
x3z3,method_a,5,10.0,0.004620733426713526,X,spin,10000,500,750,10000,4970
x3z3,method_a,5,0.5,0.004620733426713526,Z,spin,10000,500,750,10000,4970
x3z3,method_a,5,0.5,0.004620733426713526,X,spin,10000,500,750,10000,4983
x3z3,method_a,5,1.0,0.004620733426713526,X,spin,10000,500,750,10000,5013
x3z3,method_a,5,30.0,0.004620733426713526,Z,spin,10000,500,750,10000,5009
x3z3,method_a,5,30.0,0.004620733426713526,X,spin,10000,500,750,10000,5021
x3z3,method_a,5,100.0,0.004620733426713526,X,spin,10000,500,750,10000,5002
x3z3,method_a,5,100.0,0.004620733426713526,Z,spin,10000,500,750,10000,4986
x3z3,method_a,5,1000.0,0.004620733426713526,Z,spin,10000,500,750,10000,5039
x3z3,method_a,5,1000.0,0.004620733426713526,X,spin,10000,500,750,10000,4962
x3z3,method_b,5,3.0,0.004620733426713526,Z,spin,10000,500,750,10000,4908
x3z3,method_b,5,3.0,0.004620733426713526,X,spin,10000,500,750,10000,4969
x3z3,method_b,5,1.0,0.004620733426713526,X,spin,10000,500,750,10000,4950
x3z3,method_b,5,10.0,0.004620733426713526,Z,spin,10000,500,750,10000,5039
x3z3,method_b,5,1.0,0.004620733426713526,Z,spin,10000,500,750,10000,5014
x3z3,method_b,5,10.0,0.004620733426713526,X,spin,10000,500,750,10000,5063
x3z3,method_b,5,30.0,0.004620733426713526,Z,spin,10000,500,750,10000,5040
x3z3,method_b,5,30.0,0.004620733426713526,X,spin,10000,500,750,10000,4953
x3z3,method_b,5,0.5,0.004620733426713526,Z,spin,10000,500,750,10000,4984
x3z3,method_b,5,0.5,0.004620733426713526,X,spin,10000,500,750,10000,5047
x3z3,method_b,5,100.0,0.004620733426713526,Z,spin,10000,500,750,10000,5057
x3z3,method_b,5,1000.0,0.004620733426713526,Z,spin,10000,500,750,10000,5043
x3z3,method_b,5,100.0,0.004620733426713526,X,spin,10000,500,750,10000,4916
x3z3,method_b,5,1000.0,0.004620733426713526,X,spin,10000,500,750,10000,5074
x3z3,method_c,5,3.0,0.004620733426713526,X,spin,10000,500,750,10000,5066
x3z3,method_c,5,10.0,0.004620733426713526,Z,spin,10000,500,750,10000,5014
x3z3,method_c,5,3.0,0.004620733426713526,Z,spin,10000,500,750,10000,4850
x3z3,method_c,5,10.0,0.004620733426713526,X,spin,10000,500,750,10000,4985
x3z3,method_c,5,1.0,0.004620733426713526,Z,spin,10000,500,750,10000,5077
x3z3,method_c,5,1.0,0.004620733426713526,X,spin,10000,500,750,10000,5014
x3z3,method_c,5,0.5,0.004620733426713526,Z,spin,10000,500,750,10000,5021
x3z3,method_c,5,30.0,0.004620733426713526,Z,spin,10000,500,750,10000,5021
x3z3,method_c,5,30.0,0.004620733426713526,X,spin,10000,500,750,10000,4988
x3z3,method_c,5,100.0,0.004620733426713526,Z,spin,10000,500,750,10000,5006
x3z3,method_c,5,100.0,0.004620733426713526,X,spin,10000,500,750,10000,4988
x3z3,method_c,5,0.5,0.004620733426713526,X,spin,10000,500,750,10000,4970
x3z3,method_c,5,1000.0,0.004620733426713526,Z,spin,10000,500,750,10000,4978
x3z3,method_c,5,1000.0,0.004620733426713526,X,spin,10000,500,750,10000,5047
css,pairs,5,0.5,0.0031206912240472166,Z,spin,10000,500,1200,10000,4953
css,pairs,5,10.0,0.0031206912240472166,Z,spin,10000,500,1200,10000,1063
css,pairs,5,1.0,0.0031206912240472166,Z,spin,10000,500,1200,10000,4533
css,pairs,5,0.5,0.0031206912240472166,X,spin,10000,500,1200,10000,4935
css,pairs,5,3.0,0.0031206912240472166,Z,spin,10000,500,1200,10000,3059
css,pairs,5,1.0,0.0031206912240472166,X,spin,10000,500,1200,10000,4924
css,pairs,5,3.0,0.0031206912240472166,X,spin,10000,500,1200,10000,5022
css,pairs,5,30.0,0.0031206912240472166,Z,spin,10000,500,1200,10000,383
css,pairs,5,10.0,0.0031206912240472166,X,spin,10000,500,1200,10000,4957
css,pairs,5,100.0,0.0031206912240472166,Z,spin,10000,500,1200,10000,169
css,pairs,5,1000.0,0.0031206912240472166,Z,spin,10000,500,1200,10000,81
css,pairs,5,30.0,0.0031206912240472166,X,spin,10000,500,1200,10000,4998
css,pairs,5,100.0,0.0031206912240472166,X,spin,10000,500,1200,10000,4973
css,pairs,5,1000.0,0.0031206912240472166,X,spin,10000,500,1200,10000,4958
css,method_a,5,3.0,0.0031206912240472166,Z,spin,10000,500,750,10000,4189
css,method_a,5,0.5,0.0031206912240472166,Z,spin,10000,500,750,10000,4928
css,method_a,5,1.0,0.0031206912240472166,Z,spin,10000,500,750,10000,4990
css,method_a,5,10.0,0.0031206912240472166,Z,spin,10000,500,750,10000,1802
css,method_a,5,0.5,0.0031206912240472166,X,spin,10000,500,750,10000,4997
css,method_a,5,1.0,0.0031206912240472166,X,spin,10000,500,750,10000,4980
css,method_a,5,30.0,0.0031206912240472166,Z,spin,10000,500,750,10000,575
css,method_a,5,3.0,0.0031206912240472166,X,spin,10000,500,750,10000,4974
css,method_a,5,100.0,0.0031206912240472166,Z,spin,10000,500,750,10000,209
css,method_a,5,1000.0,0.0031206912240472166,Z,spin,10000,500,750,10000,107
css,method_a,5,10.0,0.0031206912240472166,X,spin,10000,500,750,10000,5033
css,method_a,5,30.0,0.0031206912240472166,X,spin,10000,500,750,10000,5047
css,method_a,5,100.0,0.0031206912240472166,X,spin,10000,500,750,10000,5065
css,method_b,5,3.0,0.0031206912240472166,Z,spin,10000,500,750,10000,3618
css,method_a,5,1000.0,0.0031206912240472166,X,spin,10000,500,750,10000,4937
css,method_b,5,1.0,0.0031206912240472166,Z,spin,10000,500,750,10000,4845
css,method_b,5,0.5,0.0031206912240472166,X,spin,10000,500,750,10000,4932
css,method_b,5,0.5,0.0031206912240472166,Z,spin,10000,500,750,10000,4943
css,method_b,5,1.0,0.0031206912240472166,X,spin,10000,500,750,10000,5000
css,method_b,5,10.0,0.0031206912240472166,Z,spin,10000,500,750,10000,1450
css,method_b,5,100.0,0.0031206912240472166,Z,spin,10000,500,750,10000,193
css,method_b,5,30.0,0.0031206912240472166,Z,spin,10000,500,750,10000,504
css,method_b,5,3.0,0.0031206912240472166,X,spin,10000,500,750,10000,4987
css,method_b,5,1000.0,0.0031206912240472166,Z,spin,10000,500,750,10000,106
css,method_b,5,10.0,0.0031206912240472166,X,spin,10000,500,750,10000,4985
css,method_b,5,30.0,0.0031206912240472166,X,spin,10000,500,750,10000,5053
css,method_b,5,100.0,0.0031206912240472166,X,spin,10000,500,750,10000,5052
css,method_b,5,1000.0,0.0031206912240472166,X,spin,10000,500,750,10000,4978
css,method_c,5,1.0,0.0031206912240472166,Z,spin,10000,500,750,10000,4826
css,method_c,5,3.0,0.0031206912240472166,Z,spin,10000,500,750,10000,3690
css,method_c,5,0.5,0.0031206912240472166,Z,spin,10000,500,750,10000,4982
css,method_c,5,1.0,0.0031206912240472166,X,spin,10000,500,750,10000,4950
css,method_c,5,0.5,0.0031206912240472166,X,spin,10000,500,750,10000,5059
css,method_c,5,10.0,0.0031206912240472166,Z,spin,10000,500,750,10000,1378
css,method_c,5,30.0,0.0031206912240472166,Z,spin,10000,500,750,10000,463
css,method_c,5,10.0,0.0031206912240472166,X,spin,10000,500,750,10000,4991
css,method_c,5,100.0,0.0031206912240472166,Z,spin,10000,500,750,10000,164
css,method_c,5,1000.0,0.0031206912240472166,Z,spin,10000,500,750,10000,100
css,method_c,5,3.0,0.0031206912240472166,X,spin,10000,500,750,10000,5037
css,method_c,5,30.0,0.0031206912240472166,X,spin,10000,500,750,10000,5018
css,method_c,5,100.0,0.0031206912240472166,X,spin,10000,500,750,10000,4989
x3z3,pairs,5,0.5,0.0031206912240472166,Z,spin,10000,500,1200,10000,4988
css,method_c,5,1000.0,0.0031206912240472166,X,spin,10000,500,750,10000,4995
x3z3,pairs,5,3.0,0.0031206912240472166,Z,spin,10000,500,1200,10000,4625
x3z3,pairs,5,1.0,0.0031206912240472166,X,spin,10000,500,1200,10000,4804
x3z3,pairs,5,1.0,0.0031206912240472166,Z,spin,10000,500,1200,10000,4811
x3z3,pairs,5,0.5,0.0031206912240472166,X,spin,10000,500,1200,10000,4926
x3z3,pairs,5,3.0,0.0031206912240472166,X,spin,10000,500,1200,10000,4698
x3z3,pairs,5,10.0,0.0031206912240472166,Z,spin,10000,500,1200,10000,4413
x3z3,pairs,5,10.0,0.0031206912240472166,X,spin,10000,500,1200,10000,4338
x3z3,pairs,5,30.0,0.0031206912240472166,Z,spin,10000,500,1200,10000,4279
x3z3,pairs,5,30.0,0.0031206912240472166,X,spin,10000,500,1200,10000,4228
x3z3,pairs,5,100.0,0.0031206912240472166,Z,spin,10000,500,1200,10000,4187
x3z3,pairs,5,100.0,0.0031206912240472166,X,spin,10000,500,1200,10000,4109
x3z3,pairs,5,1000.0,0.0031206912240472166,Z,spin,10000,500,1200,10000,4112
x3z3,pairs,5,1000.0,0.0031206912240472166,X,spin,10000,500,1200,10000,4189
x3z3,method_a,5,0.5,0.0031206912240472166,Z,spin,10000,500,750,10000,4899
x3z3,method_a,5,3.0,0.0031206912240472166,Z,spin,10000,500,750,10000,4961
x3z3,method_a,5,1.0,0.0031206912240472166,Z,spin,10000,500,750,10000,4933
x3z3,method_a,5,10.0,0.0031206912240472166,Z,spin,10000,500,750,10000,4740
x3z3,method_a,5,0.5,0.0031206912240472166,X,spin,10000,500,750,10000,5007
x3z3,method_a,5,3.0,0.0031206912240472166,X,spin,10000,500,750,10000,4878
x3z3,method_a,5,10.0,0.0031206912240472166,X,spin,10000,500,750,10000,4844
x3z3,method_a,5,1.0,0.0031206912240472166,X,spin,10000,500,750,10000,4994
x3z3,method_a,5,30.0,0.0031206912240472166,Z,spin,10000,500,750,10000,4649
x3z3,method_a,5,30.0,0.0031206912240472166,X,spin,10000,500,750,10000,4743
x3z3,method_a,5,100.0,0.0031206912240472166,Z,spin,10000,500,750,10000,4564
x3z3,method_a,5,100.0,0.0031206912240472166,X,spin,10000,500,750,10000,4729
x3z3,method_a,5,1000.0,0.0031206912240472166,Z,spin,10000,500,750,10000,4742
x3z3,method_a,5,1000.0,0.0031206912240472166,X,spin,10000,500,750,10000,4697
x3z3,method_b,5,0.5,0.0031206912240472166,X,spin,10000,500,750,10000,4915
x3z3,method_b,5,0.5,0.0031206912240472166,Z,spin,10000,500,750,10000,4936
x3z3,method_b,5,1.0,0.0031206912240472166,Z,spin,10000,500,750,10000,4953
x3z3,method_b,5,1.0,0.0031206912240472166,X,spin,10000,500,750,10000,4936
x3z3,method_b,5,3.0,0.0031206912240472166,Z,spin,10000,500,750,10000,4729
x3z3,method_b,5,10.0,0.0031206912240472166,Z,spin,10000,500,750,10000,4520
x3z3,method_b,5,10.0,0.0031206912240472166,X,spin,10000,500,750,10000,4609
x3z3,method_b,5,3.0,0.0031206912240472166,X,spin,10000,500,750,10000,4878
x3z3,method_b,5,30.0,0.0031206912240472166,X,spin,10000,500,750,10000,4478
x3z3,method_b,5,30.0,0.0031206912240472166,Z,spin,10000,500,750,10000,4444
x3z3,method_b,5,100.0,0.0031206912240472166,Z,spin,10000,500,750,10000,4461
x3z3,method_b,5,100.0,0.0031206912240472166,X,spin,10000,500,750,10000,4284
x3z3,method_b,5,1000.0,0.0031206912240472166,Z,spin,10000,500,750,10000,4320
x3z3,method_b,5,1000.0,0.0031206912240472166,X,spin,10000,500,750,10000,4304
x3z3,method_c,5,1.0,0.0031206912240472166,Z,spin,10000,500,750,10000,5042
x3z3,method_c,5,1.0,0.0031206912240472166,X,spin,10000,500,750,10000,4929
x3z3,method_c,5,0.5,0.0031206912240472166,Z,spin,10000,500,750,10000,5032
x3z3,method_c,5,0.5,0.0031206912240472166,X,spin,10000,500,750,10000,4970
x3z3,method_c,5,3.0,0.0031206912240472166,Z,spin,10000,500,750,10000,4898
x3z3,method_c,5,3.0,0.0031206912240472166,X,spin,10000,500,750,10000,4727
x3z3,method_c,5,10.0,0.0031206912240472166,X,spin,10000,500,750,10000,4622
x3z3,method_c,5,10.0,0.0031206912240472166,Z,spin,10000,500,750,10000,4583
x3z3,method_c,5,30.0,0.0031206912240472166,Z,spin,10000,500,750,10000,4462
x3z3,method_c,5,100.0,0.0031206912240472166,Z,spin,10000,500,750,10000,4435
x3z3,method_c,5,30.0,0.0031206912240472166,X,spin,10000,500,750,10000,4594
x3z3,method_c,5,100.0,0.0031206912240472166,X,spin,10000,500,750,10000,4386
x3z3,method_c,5,1000.0,0.0031206912240472166,Z,spin,10000,500,750,10000,4342
css,pairs,5,0.5,0.00210761210753764,Z,spin,10000,500,1200,10000,3071
x3z3,method_c,5,1000.0,0.0031206912240472166,X,spin,10000,500,750,10000,4380
css,pairs,5,0.5,0.00210761210753764,X,spin,10000,500,1200,10000,3047
css,pairs,5,1.0,0.00210761210753764,Z,spin,10000,500,1200,10000,1958
css,pairs,5,10.0,0.00210761210753764,Z,spin,10000,500,1200,10000,59
css,pairs,5,3.0,0.00210761210753764,Z,spin,10000,500,1200,10000,481
css,pairs,5,30.0,0.00210761210753764,Z,spin,10000,500,1200,10000,9
css,pairs,5,1.0,0.00210761210753764,X,spin,10000,500,1200,10000,3482
css,pairs,5,3.0,0.00210761210753764,X,spin,10000,500,1200,10000,3855
css,pairs,5,10.0,0.00210761210753764,X,spin,10000,500,1200,10000,4079
css,pairs,5,30.0,0.00210761210753764,X,spin,10000,500,1200,10000,4185
css,pairs,5,100.0,0.00210761210753764,Z,spin,10000,500,1200,10000,7
css,pairs,5,1000.0,0.00210761210753764,Z,spin,10000,500,1200,10000,2
css,pairs,5,100.0,0.00210761210753764,X,spin,10000,500,1200,10000,4122
css,pairs,5,1000.0,0.00210761210753764,X,spin,10000,500,1200,10000,4259
css,method_a,5,1.0,0.00210761210753764,Z,spin,10000,500,750,10000,3477
css,method_a,5,0.5,0.00210761210753764,Z,spin,10000,500,750,10000,4312
css,method_a,5,3.0,0.00210761210753764,Z,spin,10000,500,750,10000,1281
css,method_a,5,0.5,0.00210761210753764,X,spin,10000,500,750,10000,4308
css,method_a,5,1.0,0.00210761210753764,X,spin,10000,500,750,10000,4416
css,method_a,5,10.0,0.00210761210753764,Z,spin,10000,500,750,10000,181
css,method_a,5,3.0,0.00210761210753764,X,spin,10000,500,750,10000,4732
css,method_a,5,30.0,0.00210761210753764,Z,spin,10000,500,750,10000,22
css,method_a,5,100.0,0.00210761210753764,Z,spin,10000,500,750,10000,6
css,method_a,5,1000.0,0.00210761210753764,Z,spin,10000,500,750,10000,1
css,method_a,5,10.0,0.00210761210753764,X,spin,10000,500,750,10000,4769
css,method_a,5,30.0,0.00210761210753764,X,spin,10000,500,750,10000,4825
css,method_a,5,100.0,0.00210761210753764,X,spin,10000,500,750,10000,4836
css,method_a,5,1000.0,0.00210761210753764,X,spin,10000,500,750,10000,4819
css,method_b,5,0.5,0.00210761210753764,Z,spin,10000,500,750,10000,3733
css,method_b,5,1.0,0.00210761210753764,Z,spin,10000,500,750,10000,2790
css,method_b,5,0.5,0.00210761210753764,X,spin,10000,500,750,10000,3773
css,method_b,5,3.0,0.00210761210753764,Z,spin,10000,500,750,10000,859
css,method_b,5,1.0,0.00210761210753764,X,spin,10000,500,750,10000,3967
css,method_b,5,10.0,0.00210761210753764,Z,spin,10000,500,750,10000,85
css,method_b,5,100.0,0.00210761210753764,Z,spin,10000,500,750,10000,5
css,method_b,5,3.0,0.00210761210753764,X,spin,10000,500,750,10000,4370
css,method_b,5,10.0,0.00210761210753764,X,spin,10000,500,750,10000,4456
css,method_b,5,30.0,0.00210761210753764,Z,spin,10000,500,750,10000,14
css,method_b,5,30.0,0.00210761210753764,X,spin,10000,500,750,10000,4472
css,method_b,5,1000.0,0.00210761210753764,Z,spin,10000,500,750,10000,1
css,method_b,5,100.0,0.00210761210753764,X,spin,10000,500,750,10000,4434
css,method_b,5,1000.0,0.00210761210753764,X,spin,10000,500,750,10000,4511
css,method_c,5,1.0,0.00210761210753764,Z,spin,10000,500,750,10000,2822
css,method_c,5,0.5,0.00210761210753764,Z,spin,10000,500,750,10000,3704
css,method_c,5,3.0,0.00210761210753764,Z,spin,10000,500,750,10000,773
css,method_c,5,10.0,0.00210761210753764,Z,spin,10000,500,750,10000,84
css,method_c,5,0.5,0.00210761210753764,X,spin,10000,500,750,10000,3852
css,method_c,5,1.0,0.00210761210753764,X,spin,10000,500,750,10000,3970
css,method_c,5,30.0,0.00210761210753764,Z,spin,10000,500,750,10000,13
css,method_c,5,3.0,0.00210761210753764,X,spin,10000,500,750,10000,4327
css,method_c,5,100.0,0.00210761210753764,Z,spin,10000,500,750,10000,6
css,method_c,5,1000.0,0.00210761210753764,Z,spin,10000,500,750,10000,1
css,method_c,5,30.0,0.00210761210753764,X,spin,10000,500,750,10000,4468
css,method_c,5,10.0,0.00210761210753764,X,spin,10000,500,750,10000,4444
css,method_c,5,100.0,0.00210761210753764,X,spin,10000,500,750,10000,4533
css,method_c,5,1000.0,0.00210761210753764,X,spin,10000,500,750,10000,4479
x3z3,pairs,5,0.5,0.00210761210753764,Z,spin,10000,500,1200,10000,3219
x3z3,pairs,5,1.0,0.00210761210753764,Z,spin,10000,500,1200,10000,2805
x3z3,pairs,5,0.5,0.00210761210753764,X,spin,10000,500,1200,10000,3143
x3z3,pairs,5,3.0,0.00210761210753764,Z,spin,10000,500,1200,10000,2165
x3z3,pairs,5,10.0,0.00210761210753764,Z,spin,10000,500,1200,10000,1615
x3z3,pairs,5,1.0,0.00210761210753764,X,spin,10000,500,1200,10000,2848
x3z3,pairs,5,3.0,0.00210761210753764,X,spin,10000,500,1200,10000,2166
x3z3,pairs,5,10.0,0.00210761210753764,X,spin,10000,500,1200,10000,1617
x3z3,pairs,5,30.0,0.00210761210753764,Z,spin,10000,500,1200,10000,1359
x3z3,pairs,5,30.0,0.00210761210753764,X,spin,10000,500,1200,10000,1329
x3z3,pairs,5,100.0,0.00210761210753764,X,spin,10000,500,1200,10000,1220
x3z3,pairs,5,100.0,0.00210761210753764,Z,spin,10000,500,1200,10000,1247
x3z3,pairs,5,1000.0,0.00210761210753764,Z,spin,10000,500,1200,10000,1166
x3z3,pairs,5,1000.0,0.00210761210753764,X,spin,10000,500,1200,10000,1193
x3z3,method_a,5,0.5,0.00210761210753764,Z,spin,10000,500,750,10000,4211
x3z3,method_a,5,0.5,0.00210761210753764,X,spin,10000,500,750,10000,4318
x3z3,method_a,5,1.0,0.00210761210753764,Z,spin,10000,500,750,10000,4159
x3z3,method_a,5,3.0,0.00210761210753764,Z,spin,10000,500,750,10000,3419
x3z3,method_a,5,10.0,0.00210761210753764,Z,spin,10000,500,750,10000,2722
x3z3,method_a,5,3.0,0.00210761210753764,X,spin,10000,500,750,10000,3534
x3z3,method_a,5,1.0,0.00210761210753764,X,spin,10000,500,750,10000,4105
x3z3,method_a,5,10.0,0.00210761210753764,X,spin,10000,500,750,10000,2688
x3z3,method_a,5,30.0,0.00210761210753764,Z,spin,10000,500,750,10000,2306
x3z3,method_a,5,30.0,0.00210761210753764,X,spin,10000,500,750,10000,2307
x3z3,method_a,5,100.0,0.00210761210753764,X,spin,10000,500,750,10000,2181
x3z3,method_a,5,100.0,0.00210761210753764,Z,spin,10000,500,750,10000,2218
x3z3,method_a,5,1000.0,0.00210761210753764,X,spin,10000,500,750,10000,2097
x3z3,method_a,5,1000.0,0.00210761210753764,Z,spin,10000,500,750,10000,2103
x3z3,method_b,5,0.5,0.00210761210753764,Z,spin,10000,500,750,10000,3795
x3z3,method_b,5,0.5,0.00210761210753764,X,spin,10000,500,750,10000,3768
x3z3,method_b,5,1.0,0.00210761210753764,Z,spin,10000,500,750,10000,3497
x3z3,method_b,5,3.0,0.00210761210753764,X,spin,10000,500,750,10000,2722
x3z3,method_b,5,1.0,0.00210761210753764,X,spin,10000,500,750,10000,3484
x3z3,method_b,5,3.0,0.00210761210753764,Z,spin,10000,500,750,10000,2787
x3z3,method_b,5,10.0,0.00210761210753764,Z,spin,10000,500,750,10000,2102
x3z3,method_b,5,10.0,0.00210761210753764,X,spin,10000,500,750,10000,2016
x3z3,method_b,5,30.0,0.00210761210753764,Z,spin,10000,500,750,10000,1731
x3z3,method_b,5,30.0,0.00210761210753764,X,spin,10000,500,750,10000,1727
x3z3,method_b,5,100.0,0.00210761210753764,Z,spin,10000,500,750,10000,1571
x3z3,method_b,5,100.0,0.00210761210753764,X,spin,10000,500,750,10000,1610
x3z3,method_b,5,1000.0,0.00210761210753764,Z,spin,10000,500,750,10000,1496
x3z3,method_b,5,1000.0,0.00210761210753764,X,spin,10000,500,750,10000,1542
x3z3,method_c,5,0.5,0.00210761210753764,Z,spin,10000,500,750,10000,3737
x3z3,method_c,5,0.5,0.00210761210753764,X,spin,10000,500,750,10000,3735
x3z3,method_c,5,1.0,0.00210761210753764,Z,spin,10000,500,750,10000,3518
x3z3,method_c,5,1.0,0.00210761210753764,X,spin,10000,500,750,10000,3548
x3z3,method_c,5,3.0,0.00210761210753764,Z,spin,10000,500,750,10000,2724
x3z3,method_c,5,10.0,0.00210761210753764,Z,spin,10000,500,750,10000,2059
x3z3,method_c,5,10.0,0.00210761210753764,X,spin,10000,500,750,10000,1974
x3z3,method_c,5,3.0,0.00210761210753764,X,spin,10000,500,750,10000,2847
x3z3,method_c,5,30.0,0.00210761210753764,Z,spin,10000,500,750,10000,1763
x3z3,method_c,5,30.0,0.00210761210753764,X,spin,10000,500,750,10000,1676
x3z3,method_c,5,100.0,0.00210761210753764,Z,spin,10000,500,750,10000,1639
x3z3,method_c,5,100.0,0.00210761210753764,X,spin,10000,500,750,10000,1483
x3z3,method_c,5,1000.0,0.00210761210753764,Z,spin,10000,500,750,10000,1542
css,pairs,5,0.5,0.0014234118267165174,Z,spin,10000,500,1200,10000,502
css,pairs,5,0.5,0.0014234118267165174,X,spin,10000,500,1200,10000,549
x3z3,method_c,5,1000.0,0.00210761210753764,X,spin,10000,500,750,10000,1490
css,pairs,5,1.0,0.0014234118267165174,Z,spin,10000,500,1200,10000,238
css,pairs,5,1.0,0.0014234118267165174,X,spin,10000,500,1200,10000,664
css,pairs,5,3.0,0.0014234118267165174,Z,spin,10000,500,1200,10000,16
css,pairs,5,3.0,0.0014234118267165174,X,spin,10000,500,1200,10000,1014
css,pairs,5,10.0,0.0014234118267165174,Z,spin,10000,500,1200,10000,4
css,pairs,5,30.0,0.0014234118267165174,Z,spin,10000,500,1200,10000,0
css,pairs,5,30.0,0.0014234118267165174,X,spin,10000,500,1200,10000,1265
css,pairs,5,100.0,0.0014234118267165174,Z,spin,10000,500,1200,10000,0
css,pairs,5,10.0,0.0014234118267165174,X,spin,10000,500,1200,10000,1228
css,pairs,5,100.0,0.0014234118267165174,X,spin,10000,500,1200,10000,1329
css,pairs,5,1000.0,0.0014234118267165174,Z,spin,10000,500,1200,10000,0
css,method_a,5,0.5,0.0014234118267165174,X,spin,10000,500,750,10000,1548
css,pairs,5,1000.0,0.0014234118267165174,X,spin,10000,500,1200,10000,1392
css,method_a,5,0.5,0.0014234118267165174,Z,spin,10000,500,750,10000,1486
css,method_a,5,1.0,0.0014234118267165174,Z,spin,10000,500,750,10000,686
css,method_a,5,1.0,0.0014234118267165174,X,spin,10000,500,750,10000,1759
css,method_a,5,3.0,0.0014234118267165174,Z,spin,10000,500,750,10000,84
css,method_a,5,3.0,0.0014234118267165174,X,spin,10000,500,750,10000,2304
css,method_a,5,10.0,0.0014234118267165174,Z,spin,10000,500,750,10000,3
css,method_a,5,100.0,0.0014234118267165174,Z,spin,10000,500,750,10000,0
css,method_a,5,30.0,0.0014234118267165174,Z,spin,10000,500,750,10000,2
css,method_a,5,10.0,0.0014234118267165174,X,spin,10000,500,750,10000,2588
css,method_a,5,1000.0,0.0014234118267165174,Z,spin,10000,500,750,10000,0
css,method_a,5,100.0,0.0014234118267165174,X,spin,10000,500,750,10000,2685
css,method_a,5,30.0,0.0014234118267165174,X,spin,10000,500,750,10000,2629
css,method_b,5,0.5,0.0014234118267165174,Z,spin,10000,500,750,10000,939
css,method_a,5,1000.0,0.0014234118267165174,X,spin,10000,500,750,10000,2809
css,method_b,5,0.5,0.0014234118267165174,X,spin,10000,500,750,10000,951
css,method_b,5,1.0,0.0014234118267165174,X,spin,10000,500,750,10000,1120
css,method_b,5,1.0,0.0014234118267165174,Z,spin,10000,500,750,10000,439
css,method_b,5,3.0,0.0014234118267165174,Z,spin,10000,500,750,10000,51
css,method_b,5,10.0,0.0014234118267165174,Z,spin,10000,500,750,10000,1
css,method_b,5,3.0,0.0014234118267165174,X,spin,10000,500,750,10000,1388
css,method_b,5,30.0,0.0014234118267165174,Z,spin,10000,500,750,10000,0
css,method_b,5,10.0,0.0014234118267165174,X,spin,10000,500,750,10000,1674
css,method_b,5,1000.0,0.0014234118267165174,Z,spin,10000,500,750,10000,0
css,method_b,5,100.0,0.0014234118267165174,Z,spin,10000,500,750,10000,0
css,method_b,5,30.0,0.0014234118267165174,X,spin,10000,500,750,10000,1777
css,method_b,5,100.0,0.0014234118267165174,X,spin,10000,500,750,10000,1783
css,method_b,5,1000.0,0.0014234118267165174,X,spin,10000,500,750,10000,1846
css,method_c,5,0.5,0.0014234118267165174,Z,spin,10000,500,750,10000,924
css,method_c,5,0.5,0.0014234118267165174,X,spin,10000,500,750,10000,962
css,method_c,5,1.0,0.0014234118267165174,Z,spin,10000,500,750,10000,410
css,method_c,5,3.0,0.0014234118267165174,Z,spin,10000,500,750,10000,42
css,method_c,5,1.0,0.0014234118267165174,X,spin,10000,500,750,10000,1194
css,method_c,5,3.0,0.0014234118267165174,X,spin,10000,500,750,10000,1498
css,method_c,5,10.0,0.0014234118267165174,Z,spin,10000,500,750,10000,0
css,method_c,5,30.0,0.0014234118267165174,Z,spin,10000,500,750,10000,0
css,method_c,5,10.0,0.0014234118267165174,X,spin,10000,500,750,10000,1753
css,method_c,5,100.0,0.0014234118267165174,Z,spin,10000,500,750,10000,0
css,method_c,5,30.0,0.0014234118267165174,X,spin,10000,500,750,10000,1739
css,method_c,5,1000.0,0.0014234118267165174,Z,spin,10000,500,750,10000,0
css,method_c,5,100.0,0.0014234118267165174,X,spin,10000,500,750,10000,1869
css,method_c,5,1000.0,0.0014234118267165174,X,spin,10000,500,750,10000,1790
x3z3,pairs,5,0.5,0.0014234118267165174,Z,spin,10000,500,1200,10000,538
x3z3,pairs,5,0.5,0.0014234118267165174,X,spin,10000,500,1200,10000,564
x3z3,pairs,5,1.0,0.0014234118267165174,Z,spin,10000,500,1200,10000,421
x3z3,pairs,5,1.0,0.0014234118267165174,X,spin,10000,500,1200,10000,424
x3z3,pairs,5,3.0,0.0014234118267165174,Z,spin,10000,500,1200,10000,244
x3z3,pairs,5,3.0,0.0014234118267165174,X,spin,10000,500,1200,10000,223
x3z3,pairs,5,10.0,0.0014234118267165174,Z,spin,10000,500,1200,10000,147
x3z3,pairs,5,10.0,0.0014234118267165174,X,spin,10000,500,1200,10000,152
x3z3,pairs,5,30.0,0.0014234118267165174,X,spin,10000,500,1200,10000,79
x3z3,pairs,5,30.0,0.0014234118267165174,Z,spin,10000,500,1200,10000,96
x3z3,pairs,5,100.0,0.0014234118267165174,Z,spin,10000,500,1200,10000,74
x3z3,pairs,5,1000.0,0.0014234118267165174,Z,spin,10000,500,1200,10000,79
x3z3,pairs,5,100.0,0.0014234118267165174,X,spin,10000,500,1200,10000,81
x3z3,pairs,5,1000.0,0.0014234118267165174,X,spin,10000,500,1200,10000,104
x3z3,method_a,5,0.5,0.0014234118267165174,Z,spin,10000,500,750,10000,1523
x3z3,method_a,5,1.0,0.0014234118267165174,Z,spin,10000,500,750,10000,1210
x3z3,method_a,5,3.0,0.0014234118267165174,Z,spin,10000,500,750,10000,751
x3z3,method_a,5,0.5,0.0014234118267165174,X,spin,10000,500,750,10000,1563
x3z3,method_a,5,3.0,0.0014234118267165174,X,spin,10000,500,750,10000,749
x3z3,method_a,5,1.0,0.0014234118267165174,X,spin,10000,500,750,10000,1229
x3z3,method_a,5,10.0,0.0014234118267165174,X,spin,10000,500,750,10000,436
x3z3,method_a,5,10.0,0.0014234118267165174,Z,spin,10000,500,750,10000,403
x3z3,method_a,5,30.0,0.0014234118267165174,Z,spin,10000,500,750,10000,280
x3z3,method_a,5,30.0,0.0014234118267165174,X,spin,10000,500,750,10000,265
x3z3,method_a,5,100.0,0.0014234118267165174,Z,spin,10000,500,750,10000,231
x3z3,method_a,5,100.0,0.0014234118267165174,X,spin,10000,500,750,10000,230
x3z3,method_a,5,1000.0,0.0014234118267165174,Z,spin,10000,500,750,10000,216
x3z3,method_a,5,1000.0,0.0014234118267165174,X,spin,10000,500,750,10000,207
x3z3,method_b,5,0.5,0.0014234118267165174,Z,spin,10000,500,750,10000,987
x3z3,method_b,5,0.5,0.0014234118267165174,X,spin,10000,500,750,10000,971
x3z3,method_b,5,3.0,0.0014234118267165174,Z,spin,10000,500,750,10000,415
x3z3,method_b,5,1.0,0.0014234118267165174,X,spin,10000,500,750,10000,755
x3z3,method_b,5,1.0,0.0014234118267165174,Z,spin,10000,500,750,10000,774
x3z3,method_b,5,10.0,0.0014234118267165174,Z,spin,10000,500,750,10000,219
x3z3,method_b,5,3.0,0.0014234118267165174,X,spin,10000,500,750,10000,409
x3z3,method_b,5,10.0,0.0014234118267165174,X,spin,10000,500,750,10000,186
x3z3,method_b,5,30.0,0.0014234118267165174,Z,spin,10000,500,750,10000,136
x3z3,method_b,5,30.0,0.0014234118267165174,X,spin,10000,500,750,10000,141
x3z3,method_b,5,100.0,0.0014234118267165174,Z,spin,10000,500,750,10000,133
x3z3,method_b,5,100.0,0.0014234118267165174,X,spin,10000,500,750,10000,125
x3z3,method_b,5,1000.0,0.0014234118267165174,Z,spin,10000,500,750,10000,109
x3z3,method_b,5,1000.0,0.0014234118267165174,X,spin,10000,500,750,10000,123
x3z3,method_c,5,0.5,0.0014234118267165174,Z,spin,10000,500,750,10000,997
x3z3,method_c,5,0.5,0.0014234118267165174,X,spin,10000,500,750,10000,976
x3z3,method_c,5,1.0,0.0014234118267165174,Z,spin,10000,500,750,10000,764
x3z3,method_c,5,1.0,0.0014234118267165174,X,spin,10000,500,750,10000,754
x3z3,method_c,5,3.0,0.0014234118267165174,Z,spin,10000,500,750,10000,435
x3z3,method_c,5,3.0,0.0014234118267165174,X,spin,10000,500,750,10000,388
x3z3,method_c,5,10.0,0.0014234118267165174,X,spin,10000,500,750,10000,209
x3z3,method_c,5,10.0,0.0014234118267165174,Z,spin,10000,500,750,10000,236
x3z3,method_c,5,30.0,0.0014234118267165174,X,spin,10000,500,750,10000,141
x3z3,method_c,5,30.0,0.0014234118267165174,Z,spin,10000,500,750,10000,144
x3z3,method_c,5,100.0,0.0014234118267165174,Z,spin,10000,500,750,10000,118
x3z3,method_c,5,100.0,0.0014234118267165174,X,spin,10000,500,750,10000,145
x3z3,method_c,5,1000.0,0.0014234118267165174,Z,spin,10000,500,750,10000,124
x3z3,method_c,5,1000.0,0.0014234118267165174,X,spin,10000,500,750,10000,112
css,pairs,5,0.5,0.001,X,spin,10000,500,1200,10000,36
css,pairs,5,0.5,0.001,Z,spin,10000,500,1200,10000,38
css,pairs,5,1.0,0.001,Z,spin,10000,500,1200,10000,9
css,pairs,5,1.0,0.001,X,spin,10000,500,1200,10000,50
css,pairs,5,3.0,0.001,Z,spin,10000,500,1200,10000,0
css,pairs,5,3.0,0.001,X,spin,10000,500,1200,10000,105
css,pairs,5,10.0,0.001,Z,spin,10000,500,1200,10000,0
css,pairs,5,10.0,0.001,X,spin,10000,500,1200,10000,118
css,pairs,5,30.0,0.001,Z,spin,10000,500,1200,10000,0
css,pairs,5,30.0,0.001,X,spin,10000,500,1200,10000,109
css,pairs,5,100.0,0.001,Z,spin,10000,500,1200,10000,0
css,pairs,5,100.0,0.001,X,spin,10000,500,1200,10000,155
css,pairs,5,1000.0,0.001,Z,spin,10000,500,1200,10000,0
css,method_a,5,0.5,0.001,Z,spin,10000,500,750,10000,161
css,pairs,5,1000.0,0.001,X,spin,10000,500,1200,10000,140
css,method_a,5,0.5,0.001,X,spin,10000,500,750,10000,149
css,method_a,5,1.0,0.001,Z,spin,10000,500,750,10000,48
css,method_a,5,1.0,0.001,X,spin,10000,500,750,10000,220
css,method_a,5,3.0,0.001,Z,spin,10000,500,750,10000,4
css,method_a,5,3.0,0.001,X,spin,10000,500,750,10000,348
css,method_a,5,10.0,0.001,Z,spin,10000,500,750,10000,0
css,method_a,5,10.0,0.001,X,spin,10000,500,750,10000,434
css,method_a,5,30.0,0.001,Z,spin,10000,500,750,10000,0
css,method_a,5,30.0,0.001,X,spin,10000,500,750,10000,492
css,method_a,5,100.0,0.001,Z,spin,10000,500,750,10000,0
css,method_a,5,1000.0,0.001,Z,spin,10000,500,750,10000,0
css,method_a,5,100.0,0.001,X,spin,10000,500,750,10000,528
css,method_a,5,1000.0,0.001,X,spin,10000,500,750,10000,539
css,method_b,5,0.5,0.001,Z,spin,10000,500,750,10000,65
css,method_b,5,0.5,0.001,X,spin,10000,500,750,10000,73
css,method_b,5,1.0,0.001,Z,spin,10000,500,750,10000,21
css,method_b,5,3.0,0.001,Z,spin,10000,500,750,10000,0
css,method_b,5,1.0,0.001,X,spin,10000,500,750,10000,112
css,method_b,5,3.0,0.001,X,spin,10000,500,750,10000,156
css,method_b,5,10.0,0.001,Z,spin,10000,500,750,10000,1
css,method_b,5,10.0,0.001,X,spin,10000,500,750,10000,201
css,method_b,5,30.0,0.001,Z,spin,10000,500,750,10000,0
css,method_b,5,30.0,0.001,X,spin,10000,500,750,10000,235
css,method_b,5,1000.0,0.001,Z,spin,10000,500,750,10000,0
css,method_b,5,100.0,0.001,Z,spin,10000,500,750,10000,0
css,method_b,5,100.0,0.001,X,spin,10000,500,750,10000,233
css,method_b,5,1000.0,0.001,X,spin,10000,500,750,10000,225
css,method_c,5,0.5,0.001,Z,spin,10000,500,750,10000,74
css,method_c,5,0.5,0.001,X,spin,10000,500,750,10000,78
css,method_c,5,1.0,0.001,Z,spin,10000,500,750,10000,22
css,method_c,5,3.0,0.001,Z,spin,10000,500,750,10000,1
css,method_c,5,1.0,0.001,X,spin,10000,500,750,10000,94
css,method_c,5,3.0,0.001,X,spin,10000,500,750,10000,141
css,method_c,5,10.0,0.001,Z,spin,10000,500,750,10000,0
css,method_c,5,10.0,0.001,X,spin,10000,500,750,10000,192
css,method_c,5,30.0,0.001,Z,spin,10000,500,750,10000,0
css,method_c,5,30.0,0.001,X,spin,10000,500,750,10000,267
css,method_c,5,100.0,0.001,Z,spin,10000,500,750,10000,0
css,method_c,5,1000.0,0.001,Z,spin,10000,500,750,10000,0
css,method_c,5,100.0,0.001,X,spin,10000,500,750,10000,232
css,method_c,5,1000.0,0.001,X,spin,10000,500,750,10000,246
x3z3,pairs,5,0.5,0.001,Z,spin,10000,500,1200,10000,36
x3z3,pairs,5,0.5,0.001,X,spin,10000,500,1200,10000,43
x3z3,pairs,5,1.0,0.001,Z,spin,10000,500,1200,10000,26
x3z3,pairs,5,1.0,0.001,X,spin,10000,500,1200,10000,25
x3z3,pairs,5,3.0,0.001,Z,spin,10000,500,1200,10000,6
x3z3,pairs,5,3.0,0.001,X,spin,10000,500,1200,10000,12
x3z3,pairs,5,10.0,0.001,Z,spin,10000,500,1200,10000,7
x3z3,pairs,5,10.0,0.001,X,spin,10000,500,1200,10000,6
x3z3,pairs,5,30.0,0.001,Z,spin,10000,500,1200,10000,3
x3z3,pairs,5,30.0,0.001,X,spin,10000,500,1200,10000,2
x3z3,pairs,5,100.0,0.001,X,spin,10000,500,1200,10000,2
x3z3,pairs,5,100.0,0.001,Z,spin,10000,500,1200,10000,2
x3z3,pairs,5,1000.0,0.001,Z,spin,10000,500,1200,10000,2
x3z3,method_a,5,0.5,0.001,Z,spin,10000,500,750,10000,169
x3z3,pairs,5,1000.0,0.001,X,spin,10000,500,1200,10000,6
x3z3,method_a,5,0.5,0.001,X,spin,10000,500,750,10000,164
x3z3,method_a,5,1.0,0.001,X,spin,10000,500,750,10000,121
x3z3,method_a,5,1.0,0.001,Z,spin,10000,500,750,10000,110
x3z3,method_a,5,3.0,0.001,Z,spin,10000,500,750,10000,57
x3z3,method_a,5,3.0,0.001,X,spin,10000,500,750,10000,54
x3z3,method_a,5,10.0,0.001,Z,spin,10000,500,750,10000,18
x3z3,method_a,5,10.0,0.001,X,spin,10000,500,750,10000,33
x3z3,method_a,5,30.0,0.001,Z,spin,10000,500,750,10000,15
x3z3,method_a,5,30.0,0.001,X,spin,10000,500,750,10000,11
x3z3,method_a,5,100.0,0.001,Z,spin,10000,500,750,10000,12
x3z3,method_a,5,100.0,0.001,X,spin,10000,500,750,10000,14
x3z3,method_a,5,1000.0,0.001,Z,spin,10000,500,750,10000,12
x3z3,method_a,5,1000.0,0.001,X,spin,10000,500,750,10000,12
x3z3,method_b,5,0.5,0.001,Z,spin,10000,500,750,10000,84
x3z3,method_b,5,1.0,0.001,Z,spin,10000,500,750,10000,43
x3z3,method_b,5,0.5,0.001,X,spin,10000,500,750,10000,74
x3z3,method_b,5,1.0,0.001,X,spin,10000,500,750,10000,48
x3z3,method_b,5,3.0,0.001,Z,spin,10000,500,750,10000,29
x3z3,method_b,5,10.0,0.001,Z,spin,10000,500,750,10000,8
x3z3,method_b,5,3.0,0.001,X,spin,10000,500,750,10000,16
x3z3,method_b,5,30.0,0.001,X,spin,10000,500,750,10000,6
x3z3,method_b,5,10.0,0.001,X,spin,10000,500,750,10000,16
x3z3,method_b,5,30.0,0.001,Z,spin,10000,500,750,10000,9
x3z3,method_b,5,100.0,0.001,Z,spin,10000,500,750,10000,3
x3z3,method_b,5,100.0,0.001,X,spin,10000,500,750,10000,7
x3z3,method_b,5,1000.0,0.001,Z,spin,10000,500,750,10000,5
x3z3,method_c,5,0.5,0.001,Z,spin,10000,500,750,10000,64
x3z3,method_b,5,1000.0,0.001,X,spin,10000,500,750,10000,3
x3z3,method_c,5,1.0,0.001,Z,spin,10000,500,750,10000,55
x3z3,method_c,5,0.5,0.001,X,spin,10000,500,750,10000,92
x3z3,method_c,5,1.0,0.001,X,spin,10000,500,750,10000,59
x3z3,method_c,5,3.0,0.001,Z,spin,10000,500,750,10000,22
x3z3,method_c,5,3.0,0.001,X,spin,10000,500,750,10000,30
x3z3,method_c,5,10.0,0.001,Z,spin,10000,500,750,10000,5
x3z3,method_c,5,10.0,0.001,X,spin,10000,500,750,10000,14
x3z3,method_c,5,30.0,0.001,Z,spin,10000,500,750,10000,6
x3z3,method_c,5,30.0,0.001,X,spin,10000,500,750,10000,4
x3z3,method_c,5,100.0,0.001,Z,spin,10000,500,750,10000,9
x3z3,method_c,5,100.0,0.001,X,spin,10000,500,750,10000,8
x3z3,method_c,5,1000.0,0.001,Z,spin,10000,500,750,10000,4
x3z3,method_c,5,1000.0,0.001,X,spin,10000,500,750,10000,4
css,pairs,5,0.5,0.0009613254835604356,Z,spin,10000,500,1200,10000,17
css,pairs,5,0.5,0.0009613254835604356,X,spin,10000,500,1200,10000,31
css,pairs,5,1.0,0.0009613254835604356,Z,spin,10000,500,1200,10000,4
css,pairs,5,1.0,0.0009613254835604356,X,spin,10000,500,1200,10000,38
css,pairs,5,3.0,0.0009613254835604356,Z,spin,10000,500,1200,10000,2
css,pairs,5,3.0,0.0009613254835604356,X,spin,10000,500,1200,10000,60
css,pairs,5,10.0,0.0009613254835604356,Z,spin,10000,500,1200,10000,0
css,pairs,5,10.0,0.0009613254835604356,X,spin,10000,500,1200,10000,84
css,pairs,5,30.0,0.0009613254835604356,Z,spin,10000,500,1200,10000,0
css,pairs,5,30.0,0.0009613254835604356,X,spin,10000,500,1200,10000,88
css,pairs,5,100.0,0.0009613254835604356,Z,spin,10000,500,1200,10000,0
css,pairs,5,1000.0,0.0009613254835604356,Z,spin,10000,500,1200,10000,0
css,pairs,5,100.0,0.0009613254835604356,X,spin,10000,500,1200,10000,112
css,method_a,5,0.5,0.0009613254835604356,X,spin,10000,500,750,10000,119
css,method_a,5,0.5,0.0009613254835604356,Z,spin,10000,500,750,10000,119
css,pairs,5,1000.0,0.0009613254835604356,X,spin,10000,500,1200,10000,102
css,method_a,5,1.0,0.0009613254835604356,Z,spin,10000,500,750,10000,35
css,method_a,5,1.0,0.0009613254835604356,X,spin,10000,500,750,10000,172
css,method_a,5,3.0,0.0009613254835604356,Z,spin,10000,500,750,10000,5
css,method_a,5,10.0,0.0009613254835604356,Z,spin,10000,500,750,10000,0
css,method_a,5,3.0,0.0009613254835604356,X,spin,10000,500,750,10000,263
css,method_a,5,10.0,0.0009613254835604356,X,spin,10000,500,750,10000,342
css,method_a,5,30.0,0.0009613254835604356,Z,spin,10000,500,750,10000,0
css,method_a,5,30.0,0.0009613254835604356,X,spin,10000,500,750,10000,356
css,method_a,5,100.0,0.0009613254835604356,Z,spin,10000,500,750,10000,0
css,method_a,5,100.0,0.0009613254835604356,X,spin,10000,500,750,10000,384
css,method_a,5,1000.0,0.0009613254835604356,Z,spin,10000,500,750,10000,0
css,method_a,5,1000.0,0.0009613254835604356,X,spin,10000,500,750,10000,445
css,method_b,5,0.5,0.0009613254835604356,Z,spin,10000,500,750,10000,61
css,method_b,5,0.5,0.0009613254835604356,X,spin,10000,500,750,10000,61
css,method_b,5,1.0,0.0009613254835604356,Z,spin,10000,500,750,10000,14
css,method_b,5,1.0,0.0009613254835604356,X,spin,10000,500,750,10000,88
css,method_b,5,3.0,0.0009613254835604356,Z,spin,10000,500,750,10000,2
css,method_b,5,3.0,0.0009613254835604356,X,spin,10000,500,750,10000,107
css,method_b,5,10.0,0.0009613254835604356,Z,spin,10000,500,750,10000,0
css,method_b,5,30.0,0.0009613254835604356,Z,spin,10000,500,750,10000,0
css,method_b,5,10.0,0.0009613254835604356,X,spin,10000,500,750,10000,159
css,method_b,5,30.0,0.0009613254835604356,X,spin,10000,500,750,10000,184
css,method_b,5,100.0,0.0009613254835604356,Z,spin,10000,500,750,10000,0
css,method_b,5,100.0,0.0009613254835604356,X,spin,10000,500,750,10000,167
css,method_b,5,1000.0,0.0009613254835604356,Z,spin,10000,500,750,10000,0
css,method_b,5,1000.0,0.0009613254835604356,X,spin,10000,500,750,10000,177
css,method_c,5,0.5,0.0009613254835604356,X,spin,10000,500,750,10000,59
css,method_c,5,0.5,0.0009613254835604356,Z,spin,10000,500,750,10000,62
css,method_c,5,1.0,0.0009613254835604356,Z,spin,10000,500,750,10000,20
css,method_c,5,1.0,0.0009613254835604356,X,spin,10000,500,750,10000,79
css,method_c,5,3.0,0.0009613254835604356,Z,spin,10000,500,750,10000,0
css,method_c,5,3.0,0.0009613254835604356,X,spin,10000,500,750,10000,106
css,method_c,5,10.0,0.0009613254835604356,X,spin,10000,500,750,10000,157
css,method_c,5,10.0,0.0009613254835604356,Z,spin,10000,500,750,10000,0
css,method_c,5,30.0,0.0009613254835604356,Z,spin,10000,500,750,10000,0
css,method_c,5,100.0,0.0009613254835604356,Z,spin,10000,500,750,10000,0
css,method_c,5,30.0,0.0009613254835604356,X,spin,10000,500,750,10000,165
css,method_c,5,100.0,0.0009613254835604356,X,spin,10000,500,750,10000,203
css,method_c,5,1000.0,0.0009613254835604356,Z,spin,10000,500,750,10000,0
css,method_c,5,1000.0,0.0009613254835604356,X,spin,10000,500,750,10000,172
x3z3,pairs,5,0.5,0.0009613254835604356,Z,spin,10000,500,1200,10000,27
x3z3,pairs,5,0.5,0.0009613254835604356,X,spin,10000,500,1200,10000,24
x3z3,pairs,5,1.0,0.0009613254835604356,Z,spin,10000,500,1200,10000,20
x3z3,pairs,5,1.0,0.0009613254835604356,X,spin,10000,500,1200,10000,13
x3z3,pairs,5,3.0,0.0009613254835604356,X,spin,10000,500,1200,10000,10
x3z3,pairs,5,3.0,0.0009613254835604356,Z,spin,10000,500,1200,10000,7
x3z3,pairs,5,10.0,0.0009613254835604356,Z,spin,10000,500,1200,10000,5
x3z3,pairs,5,10.0,0.0009613254835604356,X,spin,10000,500,1200,10000,10
x3z3,pairs,5,30.0,0.0009613254835604356,Z,spin,10000,500,1200,10000,1
x3z3,pairs,5,100.0,0.0009613254835604356,Z,spin,10000,500,1200,10000,1
x3z3,pairs,5,100.0,0.0009613254835604356,X,spin,10000,500,1200,10000,2
x3z3,pairs,5,30.0,0.0009613254835604356,X,spin,10000,500,1200,10000,3
x3z3,pairs,5,1000.0,0.0009613254835604356,Z,spin,10000,500,1200,10000,2
x3z3,pairs,5,1000.0,0.0009613254835604356,X,spin,10000,500,1200,10000,2
x3z3,method_a,5,0.5,0.0009613254835604356,Z,spin,10000,500,750,10000,121
x3z3,method_a,5,0.5,0.0009613254835604356,X,spin,10000,500,750,10000,141
x3z3,method_a,5,1.0,0.0009613254835604356,Z,spin,10000,500,750,10000,86
x3z3,method_a,5,3.0,0.0009613254835604356,Z,spin,10000,500,750,10000,46
x3z3,method_a,5,1.0,0.0009613254835604356,X,spin,10000,500,750,10000,70
x3z3,method_a,5,10.0,0.0009613254835604356,Z,spin,10000,500,750,10000,18
x3z3,method_a,5,3.0,0.0009613254835604356,X,spin,10000,500,750,10000,32
x3z3,method_a,5,10.0,0.0009613254835604356,X,spin,10000,500,750,10000,16
x3z3,method_a,5,30.0,0.0009613254835604356,Z,spin,10000,500,750,10000,13
x3z3,method_a,5,100.0,0.0009613254835604356,Z,spin,10000,500,750,10000,5
x3z3,method_a,5,1000.0,0.0009613254835604356,Z,spin,10000,500,750,10000,6
x3z3,method_a,5,100.0,0.0009613254835604356,X,spin,10000,500,750,10000,10
x3z3,method_a,5,30.0,0.0009613254835604356,X,spin,10000,500,750,10000,18
x3z3,method_a,5,1000.0,0.0009613254835604356,X,spin,10000,500,750,10000,8
x3z3,method_b,5,0.5,0.0009613254835604356,Z,spin,10000,500,750,10000,52
x3z3,method_b,5,1.0,0.0009613254835604356,Z,spin,10000,500,750,10000,54
x3z3,method_b,5,0.5,0.0009613254835604356,X,spin,10000,500,750,10000,59
x3z3,method_b,5,1.0,0.0009613254835604356,X,spin,10000,500,750,10000,51
x3z3,method_b,5,3.0,0.0009613254835604356,Z,spin,10000,500,750,10000,15
x3z3,method_b,5,3.0,0.0009613254835604356,X,spin,10000,500,750,10000,15
x3z3,method_b,5,10.0,0.0009613254835604356,X,spin,10000,500,750,10000,5
x3z3,method_b,5,10.0,0.0009613254835604356,Z,spin,10000,500,750,10000,11
x3z3,method_b,5,30.0,0.0009613254835604356,Z,spin,10000,500,750,10000,4
x3z3,method_b,5,30.0,0.0009613254835604356,X,spin,10000,500,750,10000,7
x3z3,method_b,5,100.0,0.0009613254835604356,Z,spin,10000,500,750,10000,5
x3z3,method_b,5,100.0,0.0009613254835604356,X,spin,10000,500,750,10000,7
x3z3,method_b,5,1000.0,0.0009613254835604356,Z,spin,10000,500,750,10000,6
x3z3,method_b,5,1000.0,0.0009613254835604356,X,spin,10000,500,750,10000,2
x3z3,method_c,5,0.5,0.0009613254835604356,Z,spin,10000,500,750,10000,61
x3z3,method_c,5,0.5,0.0009613254835604356,X,spin,10000,500,750,10000,69
x3z3,method_c,5,1.0,0.0009613254835604356,Z,spin,10000,500,750,10000,50
x3z3,method_c,5,10.0,0.0009613254835604356,Z,spin,10000,500,750,10000,4
x3z3,method_c,5,10.0,0.0009613254835604356,X,spin,10000,500,750,10000,9
x3z3,method_c,5,3.0,0.0009613254835604356,X,spin,10000,500,750,10000,21
x3z3,method_c,5,3.0,0.0009613254835604356,Z,spin,10000,500,750,10000,9
x3z3,method_c,5,1.0,0.0009613254835604356,X,spin,10000,500,750,10000,40
x3z3,method_c,5,30.0,0.0009613254835604356,Z,spin,10000,500,750,10000,4
x3z3,method_c,5,30.0,0.0009613254835604356,X,spin,10000,500,750,10000,5
x3z3,method_c,5,100.0,0.0009613254835604356,Z,spin,10000,500,750,10000,2
x3z3,method_c,5,1000.0,0.0009613254835604356,Z,spin,10000,500,750,10000,3
x3z3,method_c,5,1000.0,0.0009613254835604356,X,spin,10000,500,750,10000,4
x3z3,method_c,5,100.0,0.0009613254835604356,X,spin,10000,500,750,10000,2
css,pairs,5,0.5,0.0006492475810563549,Z,spin,10000,500,1200,10000,0
css,pairs,5,0.5,0.0006492475810563549,X,spin,10000,500,1200,10000,0
css,pairs,5,1.0,0.0006492475810563549,X,spin,10000,500,1200,10000,0
css,pairs,5,1.0,0.0006492475810563549,Z,spin,10000,500,1200,10000,0
css,pairs,5,3.0,0.0006492475810563549,Z,spin,10000,500,1200,10000,0
css,pairs,5,10.0,0.0006492475810563549,Z,spin,10000,500,1200,10000,0
css,pairs,5,3.0,0.0006492475810563549,X,spin,10000,500,1200,10000,2
css,pairs,5,10.0,0.0006492475810563549,X,spin,10000,500,1200,10000,1
css,pairs,5,30.0,0.0006492475810563549,Z,spin,10000,500,1200,10000,0
css,pairs,5,30.0,0.0006492475810563549,X,spin,10000,500,1200,10000,1
css,pairs,5,100.0,0.0006492475810563549,Z,spin,10000,500,1200,10000,0
css,pairs,5,100.0,0.0006492475810563549,X,spin,10000,500,1200,10000,6
css,pairs,5,1000.0,0.0006492475810563549,Z,spin,10000,500,1200,10000,0
css,method_a,5,0.5,0.0006492475810563549,Z,spin,10000,500,750,10000,4
css,pairs,5,1000.0,0.0006492475810563549,X,spin,10000,500,1200,10000,4
css,method_a,5,1.0,0.0006492475810563549,Z,spin,10000,500,750,10000,0
css,method_a,5,0.5,0.0006492475810563549,X,spin,10000,500,750,10000,6
css,method_a,5,3.0,0.0006492475810563549,Z,spin,10000,500,750,10000,0
css,method_a,5,1.0,0.0006492475810563549,X,spin,10000,500,750,10000,7
css,method_a,5,3.0,0.0006492475810563549,X,spin,10000,500,750,10000,7
css,method_a,5,10.0,0.0006492475810563549,X,spin,10000,500,750,10000,15
css,method_a,5,30.0,0.0006492475810563549,Z,spin,10000,500,750,10000,0
css,method_a,5,10.0,0.0006492475810563549,Z,spin,10000,500,750,10000,0
css,method_a,5,30.0,0.0006492475810563549,X,spin,10000,500,750,10000,14
css,method_a,5,100.0,0.0006492475810563549,Z,spin,10000,500,750,10000,0
css,method_a,5,100.0,0.0006492475810563549,X,spin,10000,500,750,10000,19
css,method_a,5,1000.0,0.0006492475810563549,Z,spin,10000,500,750,10000,0
css,method_a,5,1000.0,0.0006492475810563549,X,spin,10000,500,750,10000,11
css,method_b,5,0.5,0.0006492475810563549,Z,spin,10000,500,750,10000,0
css,method_b,5,0.5,0.0006492475810563549,X,spin,10000,500,750,10000,2
css,method_b,5,1.0,0.0006492475810563549,X,spin,10000,500,750,10000,0
css,method_b,5,1.0,0.0006492475810563549,Z,spin,10000,500,750,10000,1
css,method_b,5,3.0,0.0006492475810563549,Z,spin,10000,500,750,10000,0
css,method_b,5,3.0,0.0006492475810563549,X,spin,10000,500,750,10000,5
css,method_b,5,10.0,0.0006492475810563549,Z,spin,10000,500,750,10000,0
css,method_b,5,30.0,0.0006492475810563549,Z,spin,10000,500,750,10000,0
css,method_b,5,10.0,0.0006492475810563549,X,spin,10000,500,750,10000,6
css,method_b,5,30.0,0.0006492475810563549,X,spin,10000,500,750,10000,5
css,method_b,5,100.0,0.0006492475810563549,Z,spin,10000,500,750,10000,0
css,method_b,5,1000.0,0.0006492475810563549,Z,spin,10000,500,750,10000,0
css,method_b,5,100.0,0.0006492475810563549,X,spin,10000,500,750,10000,4
css,method_b,5,1000.0,0.0006492475810563549,X,spin,10000,500,750,10000,7
css,method_c,5,0.5,0.0006492475810563549,Z,spin,10000,500,750,10000,1
css,method_c,5,0.5,0.0006492475810563549,X,spin,10000,500,750,10000,2
css,method_c,5,3.0,0.0006492475810563549,Z,spin,10000,500,750,10000,0
css,method_c,5,1.0,0.0006492475810563549,Z,spin,10000,500,750,10000,0
css,method_c,5,1.0,0.0006492475810563549,X,spin,10000,500,750,10000,5
css,method_c,5,3.0,0.0006492475810563549,X,spin,10000,500,750,10000,3
css,method_c,5,10.0,0.0006492475810563549,Z,spin,10000,500,750,10000,0
css,method_c,5,10.0,0.0006492475810563549,X,spin,10000,500,750,10000,2
css,method_c,5,30.0,0.0006492475810563549,Z,spin,10000,500,750,10000,0
css,method_c,5,30.0,0.0006492475810563549,X,spin,10000,500,750,10000,6
css,method_c,5,1000.0,0.0006492475810563549,Z,spin,10000,500,750,10000,0
css,method_c,5,100.0,0.0006492475810563549,Z,spin,10000,500,750,10000,0
css,method_c,5,100.0,0.0006492475810563549,X,spin,10000,500,750,10000,5
css,method_c,5,1000.0,0.0006492475810563549,X,spin,10000,500,750,10000,6
x3z3,pairs,5,0.5,0.0006492475810563549,Z,spin,10000,500,1200,10000,1
x3z3,pairs,5,0.5,0.0006492475810563549,X,spin,10000,500,1200,10000,1
x3z3,pairs,5,1.0,0.0006492475810563549,X,spin,10000,500,1200,10000,0
x3z3,pairs,5,1.0,0.0006492475810563549,Z,spin,10000,500,1200,10000,0
x3z3,pairs,5,10.0,0.0006492475810563549,Z,spin,10000,500,1200,10000,1
x3z3,pairs,5,3.0,0.0006492475810563549,Z,spin,10000,500,1200,10000,0
x3z3,pairs,5,3.0,0.0006492475810563549,X,spin,10000,500,1200,10000,0
x3z3,pairs,5,10.0,0.0006492475810563549,X,spin,10000,500,1200,10000,0
x3z3,pairs,5,30.0,0.0006492475810563549,Z,spin,10000,500,1200,10000,0
x3z3,pairs,5,30.0,0.0006492475810563549,X,spin,10000,500,1200,10000,0
x3z3,pairs,5,100.0,0.0006492475810563549,Z,spin,10000,500,1200,10000,0
x3z3,pairs,5,1000.0,0.0006492475810563549,Z,spin,10000,500,1200,10000,0
x3z3,method_a,5,0.5,0.0006492475810563549,Z,spin,10000,500,750,10000,1
x3z3,pairs,5,1000.0,0.0006492475810563549,X,spin,10000,500,1200,10000,0
x3z3,pairs,5,100.0,0.0006492475810563549,X,spin,10000,500,1200,10000,0
x3z3,method_a,5,0.5,0.0006492475810563549,X,spin,10000,500,750,10000,4
x3z3,method_a,5,1.0,0.0006492475810563549,Z,spin,10000,500,750,10000,3
x3z3,method_a,5,1.0,0.0006492475810563549,X,spin,10000,500,750,10000,2
x3z3,method_a,5,3.0,0.0006492475810563549,Z,spin,10000,500,750,10000,1
x3z3,method_a,5,10.0,0.0006492475810563549,X,spin,10000,500,750,10000,1
x3z3,method_a,5,3.0,0.0006492475810563549,X,spin,10000,500,750,10000,0
x3z3,method_a,5,10.0,0.0006492475810563549,Z,spin,10000,500,750,10000,0
x3z3,method_a,5,30.0,0.0006492475810563549,Z,spin,10000,500,750,10000,1
x3z3,method_a,5,30.0,0.0006492475810563549,X,spin,10000,500,750,10000,1
x3z3,method_a,5,100.0,0.0006492475810563549,Z,spin,10000,500,750,10000,0
x3z3,method_a,5,100.0,0.0006492475810563549,X,spin,10000,500,750,10000,0
x3z3,method_a,5,1000.0,0.0006492475810563549,Z,spin,10000,500,750,10000,0
x3z3,method_a,5,1000.0,0.0006492475810563549,X,spin,10000,500,750,10000,0
x3z3,method_b,5,0.5,0.0006492475810563549,Z,spin,10000,500,750,10000,2
x3z3,method_b,5,0.5,0.0006492475810563549,X,spin,10000,500,750,10000,1
x3z3,method_b,5,1.0,0.0006492475810563549,Z,spin,10000,500,750,10000,4
x3z3,method_b,5,1.0,0.0006492475810563549,X,spin,10000,500,750,10000,3
x3z3,method_b,5,3.0,0.0006492475810563549,X,spin,10000,500,750,10000,1
x3z3,method_b,5,3.0,0.0006492475810563549,Z,spin,10000,500,750,10000,0
x3z3,method_b,5,10.0,0.0006492475810563549,Z,spin,10000,500,750,10000,0
x3z3,method_b,5,10.0,0.0006492475810563549,X,spin,10000,500,750,10000,0
x3z3,method_b,5,30.0,0.0006492475810563549,Z,spin,10000,500,750,10000,0
x3z3,method_b,5,30.0,0.0006492475810563549,X,spin,10000,500,750,10000,0
x3z3,method_b,5,100.0,0.0006492475810563549,Z,spin,10000,500,750,10000,0
x3z3,method_b,5,100.0,0.0006492475810563549,X,spin,10000,500,750,10000,0
x3z3,method_b,5,1000.0,0.0006492475810563549,Z,spin,10000,500,750,10000,0
x3z3,method_c,5,0.5,0.0006492475810563549,Z,spin,10000,500,750,10000,0
x3z3,method_b,5,1000.0,0.0006492475810563549,X,spin,10000,500,750,10000,0
x3z3,method_c,5,0.5,0.0006492475810563549,X,spin,10000,500,750,10000,4
x3z3,method_c,5,1.0,0.0006492475810563549,Z,spin,10000,500,750,10000,2
x3z3,method_c,5,1.0,0.0006492475810563549,X,spin,10000,500,750,10000,0
x3z3,method_c,5,3.0,0.0006492475810563549,Z,spin,10000,500,750,10000,0
x3z3,method_c,5,3.0,0.0006492475810563549,X,spin,10000,500,750,10000,2
x3z3,method_c,5,10.0,0.0006492475810563549,Z,spin,10000,500,750,10000,0
x3z3,method_c,5,30.0,0.0006492475810563549,Z,spin,10000,500,750,10000,0
x3z3,method_c,5,10.0,0.0006492475810563549,X,spin,10000,500,750,10000,0
x3z3,method_c,5,30.0,0.0006492475810563549,X,spin,10000,500,750,10000,0
x3z3,method_c,5,100.0,0.0006492475810563549,Z,spin,10000,500,750,10000,1
x3z3,method_c,5,100.0,0.0006492475810563549,X,spin,10000,500,750,10000,0
x3z3,method_c,5,1000.0,0.0006492475810563549,Z,spin,10000,500,750,10000,0
x3z3,method_c,5,1000.0,0.0006492475810563549,X,spin,10000,500,750,10000,0
css,pairs,5,0.5,0.0004384804405125585,Z,spin,10000,500,1200,10000,0
css,pairs,5,0.5,0.0004384804405125585,X,spin,10000,500,1200,10000,0
css,pairs,5,1.0,0.0004384804405125585,Z,spin,10000,500,1200,10000,0
css,pairs,5,1.0,0.0004384804405125585,X,spin,10000,500,1200,10000,0
css,pairs,5,3.0,0.0004384804405125585,Z,spin,10000,500,1200,10000,0
css,pairs,5,3.0,0.0004384804405125585,X,spin,10000,500,1200,10000,0
css,pairs,5,30.0,0.0004384804405125585,Z,spin,10000,500,1200,10000,0
css,pairs,5,10.0,0.0004384804405125585,Z,spin,10000,500,1200,10000,0
css,pairs,5,10.0,0.0004384804405125585,X,spin,10000,500,1200,10000,0
css,pairs,5,100.0,0.0004384804405125585,Z,spin,10000,500,1200,10000,0
css,pairs,5,100.0,0.0004384804405125585,X,spin,10000,500,1200,10000,0
css,pairs,5,1000.0,0.0004384804405125585,Z,spin,10000,500,1200,10000,0
css,pairs,5,30.0,0.0004384804405125585,X,spin,10000,500,1200,10000,0
css,method_a,5,0.5,0.0004384804405125585,Z,spin,10000,500,750,10000,0
css,method_a,5,1.0,0.0004384804405125585,X,spin,10000,500,750,10000,0
css,method_a,5,3.0,0.0004384804405125585,Z,spin,10000,500,750,10000,0
css,method_a,5,3.0,0.0004384804405125585,X,spin,10000,500,750,10000,0
css,pairs,5,1000.0,0.0004384804405125585,X,spin,10000,500,1200,10000,0
css,method_a,5,1.0,0.0004384804405125585,Z,spin,10000,500,750,10000,0
css,method_a,5,0.5,0.0004384804405125585,X,spin,10000,500,750,10000,0
css,method_a,5,10.0,0.0004384804405125585,X,spin,10000,500,750,10000,0
css,method_a,5,10.0,0.0004384804405125585,Z,spin,10000,500,750,10000,0
css,method_a,5,30.0,0.0004384804405125585,X,spin,10000,500,750,10000,1
css,method_a,5,100.0,0.0004384804405125585,Z,spin,10000,500,750,10000,0
css,method_a,5,100.0,0.0004384804405125585,X,spin,10000,500,750,10000,0
css,method_a,5,30.0,0.0004384804405125585,Z,spin,10000,500,750,10000,0
css,method_a,5,1000.0,0.0004384804405125585,Z,spin,10000,500,750,10000,0
css,method_a,5,1000.0,0.0004384804405125585,X,spin,10000,500,750,10000,0
css,method_b,5,0.5,0.0004384804405125585,Z,spin,10000,500,750,10000,0
css,method_b,5,1.0,0.0004384804405125585,Z,spin,10000,500,750,10000,0
css,method_b,5,0.5,0.0004384804405125585,X,spin,10000,500,750,10000,0
css,method_b,5,1.0,0.0004384804405125585,X,spin,10000,500,750,10000,1
css,method_b,5,3.0,0.0004384804405125585,Z,spin,10000,500,750,10000,0
css,method_b,5,3.0,0.0004384804405125585,X,spin,10000,500,750,10000,0
css,method_b,5,30.0,0.0004384804405125585,Z,spin,10000,500,750,10000,0
css,method_b,5,10.0,0.0004384804405125585,Z,spin,10000,500,750,10000,0
css,method_b,5,10.0,0.0004384804405125585,X,spin,10000,500,750,10000,0
css,method_b,5,30.0,0.0004384804405125585,X,spin,10000,500,750,10000,0
css,method_b,5,100.0,0.0004384804405125585,X,spin,10000,500,750,10000,1
css,method_b,5,1000.0,0.0004384804405125585,Z,spin,10000,500,750,10000,0
css,method_b,5,100.0,0.0004384804405125585,Z,spin,10000,500,750,10000,0
css,method_c,5,0.5,0.0004384804405125585,Z,spin,10000,500,750,10000,0
css,method_b,5,1000.0,0.0004384804405125585,X,spin,10000,500,750,10000,0
css,method_c,5,0.5,0.0004384804405125585,X,spin,10000,500,750,10000,0
css,method_c,5,1.0,0.0004384804405125585,Z,spin,10000,500,750,10000,0
css,method_c,5,3.0,0.0004384804405125585,Z,spin,10000,500,750,10000,0
css,method_c,5,3.0,0.0004384804405125585,X,spin,10000,500,750,10000,0
css,method_c,5,1.0,0.0004384804405125585,X,spin,10000,500,750,10000,0
css,method_c,5,10.0,0.0004384804405125585,Z,spin,10000,500,750,10000,0
css,method_c,5,10.0,0.0004384804405125585,X,spin,10000,500,750,10000,0
css,method_c,5,30.0,0.0004384804405125585,Z,spin,10000,500,750,10000,0
css,method_c,5,100.0,0.0004384804405125585,Z,spin,10000,500,750,10000,0
css,method_c,5,30.0,0.0004384804405125585,X,spin,10000,500,750,10000,1
css,method_c,5,100.0,0.0004384804405125585,X,spin,10000,500,750,10000,1
css,method_c,5,1000.0,0.0004384804405125585,Z,spin,10000,500,750,10000,0
css,method_c,5,1000.0,0.0004384804405125585,X,spin,10000,500,750,10000,1
x3z3,pairs,5,0.5,0.0004384804405125585,Z,spin,10000,500,1200,10000,0
x3z3,pairs,5,0.5,0.0004384804405125585,X,spin,10000,500,1200,10000,0
x3z3,pairs,5,1.0,0.0004384804405125585,Z,spin,10000,500,1200,10000,0
x3z3,pairs,5,3.0,0.0004384804405125585,Z,spin,10000,500,1200,10000,0
x3z3,pairs,5,1.0,0.0004384804405125585,X,spin,10000,500,1200,10000,0
x3z3,pairs,5,10.0,0.0004384804405125585,Z,spin,10000,500,1200,10000,0
x3z3,pairs,5,10.0,0.0004384804405125585,X,spin,10000,500,1200,10000,0
x3z3,pairs,5,3.0,0.0004384804405125585,X,spin,10000,500,1200,10000,0
x3z3,pairs,5,30.0,0.0004384804405125585,Z,spin,10000,500,1200,10000,0
x3z3,pairs,5,30.0,0.0004384804405125585,X,spin,10000,500,1200,10000,0
x3z3,pairs,5,100.0,0.0004384804405125585,Z,spin,10000,500,1200,10000,0
x3z3,method_a,5,0.5,0.0004384804405125585,Z,spin,10000,500,750,10000,0
x3z3,method_a,5,0.5,0.0004384804405125585,X,spin,10000,500,750,10000,0
x3z3,pairs,5,100.0,0.0004384804405125585,X,spin,10000,500,1200,10000,0
x3z3,pairs,5,1000.0,0.0004384804405125585,Z,spin,10000,500,1200,10000,0
x3z3,pairs,5,1000.0,0.0004384804405125585,X,spin,10000,500,1200,10000,0
x3z3,method_a,5,1.0,0.0004384804405125585,X,spin,10000,500,750,10000,0
x3z3,method_a,5,1.0,0.0004384804405125585,Z,spin,10000,500,750,10000,0
x3z3,method_a,5,10.0,0.0004384804405125585,Z,spin,10000,500,750,10000,0
x3z3,method_a,5,3.0,0.0004384804405125585,X,spin,10000,500,750,10000,0
x3z3,method_a,5,3.0,0.0004384804405125585,Z,spin,10000,500,750,10000,0
x3z3,method_a,5,30.0,0.0004384804405125585,X,spin,10000,500,750,10000,0
x3z3,method_a,5,10.0,0.0004384804405125585,X,spin,10000,500,750,10000,0
x3z3,method_a,5,30.0,0.0004384804405125585,Z,spin,10000,500,750,10000,0
x3z3,method_a,5,100.0,0.0004384804405125585,Z,spin,10000,500,750,10000,0
x3z3,method_a,5,100.0,0.0004384804405125585,X,spin,10000,500,750,10000,0
x3z3,method_a,5,1000.0,0.0004384804405125585,Z,spin,10000,500,750,10000,0
x3z3,method_a,5,1000.0,0.0004384804405125585,X,spin,10000,500,750,10000,0
x3z3,method_b,5,0.5,0.0004384804405125585,Z,spin,10000,500,750,10000,0
x3z3,method_b,5,0.5,0.0004384804405125585,X,spin,10000,500,750,10000,0
x3z3,method_b,5,1.0,0.0004384804405125585,Z,spin,10000,500,750,10000,0
x3z3,method_b,5,1.0,0.0004384804405125585,X,spin,10000,500,750,10000,0
x3z3,method_b,5,3.0,0.0004384804405125585,Z,spin,10000,500,750,10000,0
x3z3,method_b,5,3.0,0.0004384804405125585,X,spin,10000,500,750,10000,0
x3z3,method_b,5,10.0,0.0004384804405125585,X,spin,10000,500,750,10000,0
x3z3,method_b,5,10.0,0.0004384804405125585,Z,spin,10000,500,750,10000,0
x3z3,method_b,5,30.0,0.0004384804405125585,X,spin,10000,500,750,10000,0
x3z3,method_b,5,30.0,0.0004384804405125585,Z,spin,10000,500,750,10000,0
x3z3,method_b,5,100.0,0.0004384804405125585,Z,spin,10000,500,750,10000,0
x3z3,method_b,5,100.0,0.0004384804405125585,X,spin,10000,500,750,10000,0
x3z3,method_b,5,1000.0,0.0004384804405125585,Z,spin,10000,500,750,10000,0
x3z3,method_b,5,1000.0,0.0004384804405125585,X,spin,10000,500,750,10000,0
x3z3,method_c,5,0.5,0.0004384804405125585,Z,spin,10000,500,750,10000,0
x3z3,method_c,5,0.5,0.0004384804405125585,X,spin,10000,500,750,10000,0
x3z3,method_c,5,1.0,0.0004384804405125585,Z,spin,10000,500,750,10000,0
x3z3,method_c,5,1.0,0.0004384804405125585,X,spin,10000,500,750,10000,0
x3z3,method_c,5,3.0,0.0004384804405125585,Z,spin,10000,500,750,10000,0
x3z3,method_c,5,3.0,0.0004384804405125585,X,spin,10000,500,750,10000,0
x3z3,method_c,5,10.0,0.0004384804405125585,Z,spin,10000,500,750,10000,0
x3z3,method_c,5,30.0,0.0004384804405125585,Z,spin,10000,500,750,10000,0
x3z3,method_c,5,30.0,0.0004384804405125585,X,spin,10000,500,750,10000,0
x3z3,method_c,5,100.0,0.0004384804405125585,Z,spin,10000,500,750,10000,0
x3z3,method_c,5,10.0,0.0004384804405125585,X,spin,10000,500,750,10000,0
x3z3,method_c,5,100.0,0.0004384804405125585,X,spin,10000,500,750,10000,0
x3z3,method_c,5,1000.0,0.0004384804405125585,Z,spin,10000,500,750,10000,0
css,pairs,5,0.5,0.0002961352530559501,Z,spin,10000,500,1200,10000,0
x3z3,method_c,5,1000.0,0.0004384804405125585,X,spin,10000,500,750,10000,0
css,pairs,5,0.5,0.0002961352530559501,X,spin,10000,500,1200,10000,0
css,pairs,5,1.0,0.0002961352530559501,Z,spin,10000,500,1200,10000,0
css,pairs,5,1.0,0.0002961352530559501,X,spin,10000,500,1200,10000,0
css,pairs,5,3.0,0.0002961352530559501,Z,spin,10000,500,1200,10000,0
css,pairs,5,3.0,0.0002961352530559501,X,spin,10000,500,1200,10000,0
css,pairs,5,10.0,0.0002961352530559501,X,spin,10000,500,1200,10000,0
css,pairs,5,10.0,0.0002961352530559501,Z,spin,10000,500,1200,10000,0
css,pairs,5,30.0,0.0002961352530559501,Z,spin,10000,500,1200,10000,0
css,pairs,5,30.0,0.0002961352530559501,X,spin,10000,500,1200,10000,0
css,pairs,5,100.0,0.0002961352530559501,Z,spin,10000,500,1200,10000,0
css,pairs,5,100.0,0.0002961352530559501,X,spin,10000,500,1200,10000,0
css,pairs,5,1000.0,0.0002961352530559501,Z,spin,10000,500,1200,10000,0
css,pairs,5,1000.0,0.0002961352530559501,X,spin,10000,500,1200,10000,0
css,method_a,5,0.5,0.0002961352530559501,Z,spin,10000,500,750,10000,0
css,method_a,5,0.5,0.0002961352530559501,X,spin,10000,500,750,10000,0
css,method_a,5,1.0,0.0002961352530559501,Z,spin,10000,500,750,10000,0
css,method_a,5,1.0,0.0002961352530559501,X,spin,10000,500,750,10000,0
css,method_a,5,3.0,0.0002961352530559501,Z,spin,10000,500,750,10000,0
css,method_a,5,10.0,0.0002961352530559501,Z,spin,10000,500,750,10000,0
css,method_a,5,3.0,0.0002961352530559501,X,spin,10000,500,750,10000,0
css,method_a,5,10.0,0.0002961352530559501,X,spin,10000,500,750,10000,0
css,method_a,5,30.0,0.0002961352530559501,Z,spin,10000,500,750,10000,0
css,method_a,5,100.0,0.0002961352530559501,Z,spin,10000,500,750,10000,0
css,method_a,5,30.0,0.0002961352530559501,X,spin,10000,500,750,10000,0
css,method_a,5,100.0,0.0002961352530559501,X,spin,10000,500,750,10000,0
css,method_a,5,1000.0,0.0002961352530559501,Z,spin,10000,500,750,10000,0
css,method_a,5,1000.0,0.0002961352530559501,X,spin,10000,500,750,10000,0
css,method_b,5,0.5,0.0002961352530559501,Z,spin,10000,500,750,10000,0
css,method_b,5,0.5,0.0002961352530559501,X,spin,10000,500,750,10000,0
css,method_b,5,1.0,0.0002961352530559501,Z,spin,10000,500,750,10000,0
css,method_b,5,3.0,0.0002961352530559501,Z,spin,10000,500,750,10000,0
css,method_b,5,3.0,0.0002961352530559501,X,spin,10000,500,750,10000,0
css,method_b,5,1.0,0.0002961352530559501,X,spin,10000,500,750,10000,0
css,method_b,5,10.0,0.0002961352530559501,Z,spin,10000,500,750,10000,0
css,method_b,5,10.0,0.0002961352530559501,X,spin,10000,500,750,10000,0
css,method_b,5,30.0,0.0002961352530559501,Z,spin,10000,500,750,10000,0
css,method_b,5,30.0,0.0002961352530559501,X,spin,10000,500,750,10000,0
css,method_b,5,100.0,0.0002961352530559501,Z,spin,10000,500,750,10000,0
css,method_b,5,1000.0,0.0002961352530559501,Z,spin,10000,500,750,10000,0
css,method_c,5,0.5,0.0002961352530559501,Z,spin,10000,500,750,10000,0
css,method_b,5,1000.0,0.0002961352530559501,X,spin,10000,500,750,10000,0
css,method_b,5,100.0,0.0002961352530559501,X,spin,10000,500,750,10000,0
css,method_c,5,0.5,0.0002961352530559501,X,spin,10000,500,750,10000,0
css,method_c,5,1.0,0.0002961352530559501,Z,spin,10000,500,750,10000,0
css,method_c,5,1.0,0.0002961352530559501,X,spin,10000,500,750,10000,0
css,method_c,5,3.0,0.0002961352530559501,X,spin,10000,500,750,10000,0
css,method_c,5,10.0,0.0002961352530559501,Z,spin,10000,500,750,10000,0
css,method_c,5,3.0,0.0002961352530559501,Z,spin,10000,500,750,10000,0
css,method_c,5,30.0,0.0002961352530559501,Z,spin,10000,500,750,10000,0
css,method_c,5,10.0,0.0002961352530559501,X,spin,10000,500,750,10000,0
css,method_c,5,30.0,0.0002961352530559501,X,spin,10000,500,750,10000,0
css,method_c,5,100.0,0.0002961352530559501,Z,spin,10000,500,750,10000,0
css,method_c,5,100.0,0.0002961352530559501,X,spin,10000,500,750,10000,0
css,method_c,5,1000.0,0.0002961352530559501,Z,spin,10000,500,750,10000,0
css,method_c,5,1000.0,0.0002961352530559501,X,spin,10000,500,750,10000,0
x3z3,pairs,5,0.5,0.0002961352530559501,Z,spin,10000,500,1200,10000,0
x3z3,pairs,5,0.5,0.0002961352530559501,X,spin,10000,500,1200,10000,0
x3z3,pairs,5,1.0,0.0002961352530559501,Z,spin,10000,500,1200,10000,0
x3z3,pairs,5,1.0,0.0002961352530559501,X,spin,10000,500,1200,10000,0
x3z3,pairs,5,3.0,0.0002961352530559501,Z,spin,10000,500,1200,10000,0
x3z3,pairs,5,10.0,0.0002961352530559501,Z,spin,10000,500,1200,10000,0
x3z3,pairs,5,3.0,0.0002961352530559501,X,spin,10000,500,1200,10000,0
x3z3,pairs,5,10.0,0.0002961352530559501,X,spin,10000,500,1200,10000,0
x3z3,pairs,5,30.0,0.0002961352530559501,Z,spin,10000,500,1200,10000,0
x3z3,pairs,5,100.0,0.0002961352530559501,X,spin,10000,500,1200,10000,0
x3z3,pairs,5,1000.0,0.0002961352530559501,Z,spin,10000,500,1200,10000,0
x3z3,pairs,5,30.0,0.0002961352530559501,X,spin,10000,500,1200,10000,0
x3z3,pairs,5,100.0,0.0002961352530559501,Z,spin,10000,500,1200,10000,0
x3z3,method_a,5,0.5,0.0002961352530559501,X,spin,10000,500,750,10000,0
x3z3,pairs,5,1000.0,0.0002961352530559501,X,spin,10000,500,1200,10000,0
x3z3,method_a,5,0.5,0.0002961352530559501,Z,spin,10000,500,750,10000,0
x3z3,method_a,5,1.0,0.0002961352530559501,X,spin,10000,500,750,10000,0
x3z3,method_a,5,1.0,0.0002961352530559501,Z,spin,10000,500,750,10000,0
x3z3,method_a,5,3.0,0.0002961352530559501,Z,spin,10000,500,750,10000,0
x3z3,method_a,5,10.0,0.0002961352530559501,Z,spin,10000,500,750,10000,0
x3z3,method_a,5,30.0,0.0002961352530559501,Z,spin,10000,500,750,10000,0
x3z3,method_a,5,3.0,0.0002961352530559501,X,spin,10000,500,750,10000,0
x3z3,method_a,5,10.0,0.0002961352530559501,X,spin,10000,500,750,10000,0
x3z3,method_a,5,30.0,0.0002961352530559501,X,spin,10000,500,750,10000,0
x3z3,method_a,5,100.0,0.0002961352530559501,Z,spin,10000,500,750,10000,0
x3z3,method_a,5,100.0,0.0002961352530559501,X,spin,10000,500,750,10000,0
x3z3,method_b,5,0.5,0.0002961352530559501,X,spin,10000,500,750,10000,0
x3z3,method_a,5,1000.0,0.0002961352530559501,Z,spin,10000,500,750,10000,0
x3z3,method_b,5,1.0,0.0002961352530559501,X,spin,10000,500,750,10000,0
x3z3,method_a,5,1000.0,0.0002961352530559501,X,spin,10000,500,750,10000,0
x3z3,method_b,5,0.5,0.0002961352530559501,Z,spin,10000,500,750,10000,0
x3z3,method_b,5,1.0,0.0002961352530559501,Z,spin,10000,500,750,10000,0
x3z3,method_b,5,3.0,0.0002961352530559501,X,spin,10000,500,750,10000,0
x3z3,method_b,5,3.0,0.0002961352530559501,Z,spin,10000,500,750,10000,0
x3z3,method_b,5,10.0,0.0002961352530559501,Z,spin,10000,500,750,10000,0
x3z3,method_b,5,10.0,0.0002961352530559501,X,spin,10000,500,750,10000,0
x3z3,method_b,5,30.0,0.0002961352530559501,Z,spin,10000,500,750,10000,0
x3z3,method_b,5,30.0,0.0002961352530559501,X,spin,10000,500,750,10000,0
x3z3,method_b,5,1000.0,0.0002961352530559501,Z,spin,10000,500,750,10000,0
x3z3,method_b,5,100.0,0.0002961352530559501,Z,spin,10000,500,750,10000,0
x3z3,method_b,5,100.0,0.0002961352530559501,X,spin,10000,500,750,10000,0
x3z3,method_b,5,1000.0,0.0002961352530559501,X,spin,10000,500,750,10000,0
x3z3,method_c,5,0.5,0.0002961352530559501,Z,spin,10000,500,750,10000,0
x3z3,method_c,5,0.5,0.0002961352530559501,X,spin,10000,500,750,10000,0
x3z3,method_c,5,1.0,0.0002961352530559501,Z,spin,10000,500,750,10000,0
x3z3,method_c,5,3.0,0.0002961352530559501,Z,spin,10000,500,750,10000,0
x3z3,method_c,5,1.0,0.0002961352530559501,X,spin,10000,500,750,10000,0
x3z3,method_c,5,3.0,0.0002961352530559501,X,spin,10000,500,750,10000,0
x3z3,method_c,5,10.0,0.0002961352530559501,Z,spin,10000,500,750,10000,0
x3z3,method_c,5,30.0,0.0002961352530559501,Z,spin,10000,500,750,10000,0
x3z3,method_c,5,30.0,0.0002961352530559501,X,spin,10000,500,750,10000,0
x3z3,method_c,5,100.0,0.0002961352530559501,Z,spin,10000,500,750,10000,0
x3z3,method_c,5,10.0,0.0002961352530559501,X,spin,10000,500,750,10000,0
x3z3,method_c,5,100.0,0.0002961352530559501,X,spin,10000,500,750,10000,0
css,pairs,5,0.5,0.0002,X,spin,10000,500,1200,10000,0
x3z3,method_c,5,1000.0,0.0002961352530559501,Z,spin,10000,500,750,10000,0
x3z3,method_c,5,1000.0,0.0002961352530559501,X,spin,10000,500,750,10000,0
css,pairs,5,1.0,0.0002,Z,spin,10000,500,1200,10000,0
css,pairs,5,0.5,0.0002,Z,spin,10000,500,1200,10000,0
css,pairs,5,3.0,0.0002,Z,spin,10000,500,1200,10000,0
css,pairs,5,3.0,0.0002,X,spin,10000,500,1200,10000,0
css,pairs,5,1.0,0.0002,X,spin,10000,500,1200,10000,0
css,pairs,5,10.0,0.0002,Z,spin,10000,500,1200,10000,0
css,pairs,5,100.0,0.0002,Z,spin,10000,500,1200,10000,0
css,pairs,5,100.0,0.0002,X,spin,10000,500,1200,10000,0
css,pairs,5,10.0,0.0002,X,spin,10000,500,1200,10000,0
css,pairs,5,1000.0,0.0002,Z,spin,10000,500,1200,10000,0
css,pairs,5,30.0,0.0002,Z,spin,10000,500,1200,10000,0
css,pairs,5,30.0,0.0002,X,spin,10000,500,1200,10000,0
css,method_a,5,0.5,0.0002,Z,spin,10000,500,750,10000,0
css,pairs,5,1000.0,0.0002,X,spin,10000,500,1200,10000,0
css,method_a,5,0.5,0.0002,X,spin,10000,500,750,10000,0
css,method_a,5,1.0,0.0002,Z,spin,10000,500,750,10000,0
css,method_a,5,3.0,0.0002,Z,spin,10000,500,750,10000,0
css,method_a,5,1.0,0.0002,X,spin,10000,500,750,10000,0
css,method_a,5,3.0,0.0002,X,spin,10000,500,750,10000,0
css,method_a,5,10.0,0.0002,X,spin,10000,500,750,10000,0
css,method_a,5,10.0,0.0002,Z,spin,10000,500,750,10000,0
css,method_a,5,30.0,0.0002,X,spin,10000,500,750,10000,0
css,method_a,5,100.0,0.0002,Z,spin,10000,500,750,10000,0
css,method_a,5,30.0,0.0002,Z,spin,10000,500,750,10000,0
css,method_a,5,100.0,0.0002,X,spin,10000,500,750,10000,0
css,method_a,5,1000.0,0.0002,Z,spin,10000,500,750,10000,0
css,method_a,5,1000.0,0.0002,X,spin,10000,500,750,10000,0
css,method_b,5,0.5,0.0002,Z,spin,10000,500,750,10000,0
css,method_b,5,0.5,0.0002,X,spin,10000,500,750,10000,0
css,method_b,5,1.0,0.0002,Z,spin,10000,500,750,10000,0
css,method_b,5,1.0,0.0002,X,spin,10000,500,750,10000,0
css,method_b,5,3.0,0.0002,Z,spin,10000,500,750,10000,0
css,method_b,5,3.0,0.0002,X,spin,10000,500,750,10000,0
css,method_b,5,10.0,0.0002,Z,spin,10000,500,750,10000,0
css,method_b,5,30.0,0.0002,X,spin,10000,500,750,10000,0
css,method_b,5,10.0,0.0002,X,spin,10000,500,750,10000,0
css,method_b,5,1000.0,0.0002,Z,spin,10000,500,750,10000,0
css,method_b,5,30.0,0.0002,Z,spin,10000,500,750,10000,0
css,method_b,5,100.0,0.0002,Z,spin,10000,500,750,10000,0
css,method_b,5,100.0,0.0002,X,spin,10000,500,750,10000,0
css,method_b,5,1000.0,0.0002,X,spin,10000,500,750,10000,0
css,method_c,5,0.5,0.0002,Z,spin,10000,500,750,10000,0
css,method_c,5,0.5,0.0002,X,spin,10000,500,750,10000,0
css,method_c,5,1.0,0.0002,Z,spin,10000,500,750,10000,0
css,method_c,5,1.0,0.0002,X,spin,10000,500,750,10000,0
css,method_c,5,3.0,0.0002,Z,spin,10000,500,750,10000,0
css,method_c,5,3.0,0.0002,X,spin,10000,500,750,10000,0
css,method_c,5,10.0,0.0002,Z,spin,10000,500,750,10000,0
css,method_c,5,10.0,0.0002,X,spin,10000,500,750,10000,0
css,method_c,5,30.0,0.0002,Z,spin,10000,500,750,10000,0
css,method_c,5,30.0,0.0002,X,spin,10000,500,750,10000,0
css,method_c,5,100.0,0.0002,Z,spin,10000,500,750,10000,0
css,method_c,5,100.0,0.0002,X,spin,10000,500,750,10000,0
css,method_c,5,1000.0,0.0002,Z,spin,10000,500,750,10000,0
css,method_c,5,1000.0,0.0002,X,spin,10000,500,750,10000,0
x3z3,pairs,5,0.5,0.0002,Z,spin,10000,500,1200,10000,0
x3z3,pairs,5,0.5,0.0002,X,spin,10000,500,1200,10000,0
x3z3,pairs,5,1.0,0.0002,Z,spin,10000,500,1200,10000,0
x3z3,pairs,5,1.0,0.0002,X,spin,10000,500,1200,10000,0
x3z3,pairs,5,3.0,0.0002,Z,spin,10000,500,1200,10000,0
x3z3,pairs,5,3.0,0.0002,X,spin,10000,500,1200,10000,0
x3z3,pairs,5,10.0,0.0002,Z,spin,10000,500,1200,10000,0
x3z3,pairs,5,10.0,0.0002,X,spin,10000,500,1200,10000,0
x3z3,pairs,5,30.0,0.0002,Z,spin,10000,500,1200,10000,0
x3z3,pairs,5,30.0,0.0002,X,spin,10000,500,1200,10000,0
x3z3,pairs,5,100.0,0.0002,Z,spin,10000,500,1200,10000,0
x3z3,pairs,5,100.0,0.0002,X,spin,10000,500,1200,10000,0
x3z3,pairs,5,1000.0,0.0002,Z,spin,10000,500,1200,10000,0
x3z3,pairs,5,1000.0,0.0002,X,spin,10000,500,1200,10000,0
x3z3,method_a,5,0.5,0.0002,Z,spin,10000,500,750,10000,0
x3z3,method_a,5,0.5,0.0002,X,spin,10000,500,750,10000,0
x3z3,method_a,5,1.0,0.0002,Z,spin,10000,500,750,10000,0
x3z3,method_a,5,1.0,0.0002,X,spin,10000,500,750,10000,0
x3z3,method_a,5,3.0,0.0002,Z,spin,10000,500,750,10000,0
x3z3,method_a,5,3.0,0.0002,X,spin,10000,500,750,10000,0
x3z3,method_a,5,10.0,0.0002,Z,spin,10000,500,750,10000,0
x3z3,method_a,5,10.0,0.0002,X,spin,10000,500,750,10000,0
x3z3,method_a,5,30.0,0.0002,Z,spin,10000,500,750,10000,0
x3z3,method_a,5,30.0,0.0002,X,spin,10000,500,750,10000,0
x3z3,method_a,5,1000.0,0.0002,Z,spin,10000,500,750,10000,0
x3z3,method_a,5,100.0,0.0002,Z,spin,10000,500,750,10000,0
x3z3,method_a,5,1000.0,0.0002,X,spin,10000,500,750,10000,0
x3z3,method_a,5,100.0,0.0002,X,spin,10000,500,750,10000,0
x3z3,method_b,5,0.5,0.0002,Z,spin,10000,500,750,10000,0
x3z3,method_b,5,0.5,0.0002,X,spin,10000,500,750,10000,0
x3z3,method_b,5,1.0,0.0002,Z,spin,10000,500,750,10000,0
x3z3,method_b,5,1.0,0.0002,X,spin,10000,500,750,10000,0
x3z3,method_b,5,3.0,0.0002,Z,spin,10000,500,750,10000,0
x3z3,method_b,5,10.0,0.0002,Z,spin,10000,500,750,10000,0
x3z3,method_b,5,3.0,0.0002,X,spin,10000,500,750,10000,0
x3z3,method_b,5,30.0,0.0002,Z,spin,10000,500,750,10000,0
x3z3,method_b,5,10.0,0.0002,X,spin,10000,500,750,10000,0
x3z3,method_b,5,30.0,0.0002,X,spin,10000,500,750,10000,0
x3z3,method_b,5,100.0,0.0002,Z,spin,10000,500,750,10000,0
x3z3,method_b,5,100.0,0.0002,X,spin,10000,500,750,10000,0
x3z3,method_b,5,1000.0,0.0002,Z,spin,10000,500,750,10000,0
x3z3,method_b,5,1000.0,0.0002,X,spin,10000,500,750,10000,0
x3z3,method_c,5,1.0,0.0002,X,spin,10000,500,750,10000,0
x3z3,method_c,5,0.5,0.0002,X,spin,10000,500,750,10000,0
x3z3,method_c,5,0.5,0.0002,Z,spin,10000,500,750,10000,0
x3z3,method_c,5,1.0,0.0002,Z,spin,10000,500,750,10000,0
x3z3,method_c,5,3.0,0.0002,Z,spin,10000,500,750,10000,0
x3z3,method_c,5,3.0,0.0002,X,spin,10000,500,750,10000,0
x3z3,method_c,5,10.0,0.0002,Z,spin,10000,500,750,10000,0
x3z3,method_c,5,10.0,0.0002,X,spin,10000,500,750,10000,0
x3z3,method_c,5,30.0,0.0002,Z,spin,10000,500,750,10000,0
x3z3,method_c,5,30.0,0.0002,X,spin,10000,500,750,10000,0
x3z3,method_c,5,100.0,0.0002,Z,spin,10000,500,750,10000,0
x3z3,method_c,5,100.0,0.0002,X,spin,10000,500,750,10000,0
x3z3,method_c,5,1000.0,0.0002,Z,spin,10000,500,750,10000,0
x3z3,method_c,5,1000.0,0.0002,X,spin,10000,500,750,10000,0
css,pairs,3,3.0,0.015,Z,spin,10000,500,432,10000,4965
css,pairs,3,1.0,0.015,Z,spin,10000,500,432,10000,4958
css,pairs,3,0.5,0.015,Z,spin,10000,500,432,10000,5022
css,pairs,3,0.5,0.015,X,spin,10000,500,432,10000,4985
css,pairs,3,1.0,0.015,X,spin,10000,500,432,10000,5040
css,pairs,3,10.0,0.015,Z,spin,10000,500,432,10000,4937
css,pairs,3,3.0,0.015,X,spin,10000,500,432,10000,4948
css,pairs,3,100.0,0.015,Z,spin,10000,500,432,10000,4931
css,pairs,3,30.0,0.015,Z,spin,10000,500,432,10000,5000
css,pairs,3,10.0,0.015,X,spin,10000,500,432,10000,5032
css,pairs,3,1000.0,0.015,Z,spin,10000,500,432,10000,4930
css,pairs,3,30.0,0.015,X,spin,10000,500,432,10000,5026
css,pairs,3,100.0,0.015,X,spin,10000,500,432,10000,5044
css,pairs,3,1000.0,0.015,X,spin,10000,500,432,10000,4945
css,method_a,3,0.5,0.015,X,spin,10000,500,270,10000,4984
css,method_a,3,0.5,0.015,Z,spin,10000,500,270,10000,4977
css,method_a,3,3.0,0.015,Z,spin,10000,500,270,10000,5007
css,method_a,3,10.0,0.015,Z,spin,10000,500,270,10000,4973
css,method_a,3,1.0,0.015,Z,spin,10000,500,270,10000,4961
css,method_a,3,1.0,0.015,X,spin,10000,500,270,10000,4985
css,method_a,3,3.0,0.015,X,spin,10000,500,270,10000,5004
css,method_a,3,30.0,0.015,Z,spin,10000,500,270,10000,4978
css,method_a,3,100.0,0.015,Z,spin,10000,500,270,10000,5004
css,method_a,3,1000.0,0.015,Z,spin,10000,500,270,10000,5022
css,method_a,3,10.0,0.015,X,spin,10000,500,270,10000,5035
css,method_a,3,100.0,0.015,X,spin,10000,500,270,10000,5031
css,method_a,3,30.0,0.015,X,spin,10000,500,270,10000,5065
css,method_a,3,1000.0,0.015,X,spin,10000,500,270,10000,4943
css,method_b,3,1.0,0.015,Z,spin,10000,500,270,10000,5006
css,method_b,3,3.0,0.015,Z,spin,10000,500,270,10000,5050
css,method_b,3,10.0,0.015,Z,spin,10000,500,270,10000,4981
css,method_b,3,0.5,0.015,Z,spin,10000,500,270,10000,5017
css,method_b,3,1.0,0.015,X,spin,10000,500,270,10000,4902
css,method_b,3,3.0,0.015,X,spin,10000,500,270,10000,5024
css,method_b,3,30.0,0.015,Z,spin,10000,500,270,10000,5002
css,method_b,3,10.0,0.015,X,spin,10000,500,270,10000,5080
css,method_b,3,0.5,0.015,X,spin,10000,500,270,10000,4917
css,method_b,3,100.0,0.015,Z,spin,10000,500,270,10000,4998
css,method_b,3,1000.0,0.015,Z,spin,10000,500,270,10000,4953
css,method_b,3,30.0,0.015,X,spin,10000,500,270,10000,5005
css,method_b,3,1000.0,0.015,X,spin,10000,500,270,10000,4929
css,method_b,3,100.0,0.015,X,spin,10000,500,270,10000,5036
css,method_c,3,1.0,0.015,Z,spin,10000,500,270,10000,4943
css,method_c,3,3.0,0.015,Z,spin,10000,500,270,10000,4992
css,method_c,3,1.0,0.015,X,spin,10000,500,270,10000,4997
css,method_c,3,10.0,0.015,Z,spin,10000,500,270,10000,5020
css,method_c,3,30.0,0.015,Z,spin,10000,500,270,10000,5062
css,method_c,3,0.5,0.015,Z,spin,10000,500,270,10000,4959
css,method_c,3,0.5,0.015,X,spin,10000,500,270,10000,4982
css,method_c,3,3.0,0.015,X,spin,10000,500,270,10000,5021
css,method_c,3,1000.0,0.015,Z,spin,10000,500,270,10000,4956
css,method_c,3,30.0,0.015,X,spin,10000,500,270,10000,5006
css,method_c,3,10.0,0.015,X,spin,10000,500,270,10000,4948
css,method_c,3,100.0,0.015,Z,spin,10000,500,270,10000,4926
css,method_c,3,100.0,0.015,X,spin,10000,500,270,10000,4939
x3z3,pairs,3,0.5,0.015,Z,spin,10000,500,432,10000,4954
css,method_c,3,1000.0,0.015,X,spin,10000,500,270,10000,4931
x3z3,pairs,3,1.0,0.015,X,spin,10000,500,432,10000,4909
x3z3,pairs,3,1.0,0.015,Z,spin,10000,500,432,10000,5007
x3z3,pairs,3,0.5,0.015,X,spin,10000,500,432,10000,5069
x3z3,pairs,3,3.0,0.015,Z,spin,10000,500,432,10000,4891
x3z3,pairs,3,3.0,0.015,X,spin,10000,500,432,10000,5003
x3z3,pairs,3,10.0,0.015,Z,spin,10000,500,432,10000,5036
x3z3,pairs,3,10.0,0.015,X,spin,10000,500,432,10000,4971
x3z3,pairs,3,30.0,0.015,X,spin,10000,500,432,10000,5041
x3z3,pairs,3,30.0,0.015,Z,spin,10000,500,432,10000,5091
x3z3,pairs,3,100.0,0.015,Z,spin,10000,500,432,10000,5131
x3z3,pairs,3,100.0,0.015,X,spin,10000,500,432,10000,4984
x3z3,pairs,3,1000.0,0.015,Z,spin,10000,500,432,10000,5028
x3z3,pairs,3,1000.0,0.015,X,spin,10000,500,432,10000,4943
x3z3,method_a,3,0.5,0.015,Z,spin,10000,500,270,10000,5082
x3z3,method_a,3,3.0,0.015,Z,spin,10000,500,270,10000,4877
x3z3,method_a,3,1.0,0.015,Z,spin,10000,500,270,10000,5011
x3z3,method_a,3,1.0,0.015,X,spin,10000,500,270,10000,4992
x3z3,method_a,3,0.5,0.015,X,spin,10000,500,270,10000,4922
x3z3,method_a,3,10.0,0.015,Z,spin,10000,500,270,10000,4969
x3z3,method_a,3,3.0,0.015,X,spin,10000,500,270,10000,4993
x3z3,method_a,3,10.0,0.015,X,spin,10000,500,270,10000,5003
x3z3,method_a,3,30.0,0.015,Z,spin,10000,500,270,10000,4923
x3z3,method_a,3,100.0,0.015,Z,spin,10000,500,270,10000,5059
x3z3,method_a,3,100.0,0.015,X,spin,10000,500,270,10000,4973
x3z3,method_a,3,30.0,0.015,X,spin,10000,500,270,10000,4995
x3z3,method_a,3,1000.0,0.015,Z,spin,10000,500,270,10000,5060
x3z3,method_a,3,1000.0,0.015,X,spin,10000,500,270,10000,5005
x3z3,method_b,3,3.0,0.015,Z,spin,10000,500,270,10000,4972
x3z3,method_b,3,1.0,0.015,Z,spin,10000,500,270,10000,5020
x3z3,method_b,3,10.0,0.015,Z,spin,10000,500,270,10000,4921
x3z3,method_b,3,1.0,0.015,X,spin,10000,500,270,10000,5056
x3z3,method_b,3,3.0,0.015,X,spin,10000,500,270,10000,5053
x3z3,method_b,3,10.0,0.015,X,spin,10000,500,270,10000,5046
x3z3,method_b,3,0.5,0.015,Z,spin,10000,500,270,10000,4917
x3z3,method_b,3,0.5,0.015,X,spin,10000,500,270,10000,5041
x3z3,method_b,3,30.0,0.015,Z,spin,10000,500,270,10000,4952
x3z3,method_b,3,100.0,0.015,Z,spin,10000,500,270,10000,5024
x3z3,method_b,3,30.0,0.015,X,spin,10000,500,270,10000,5005
x3z3,method_b,3,100.0,0.015,X,spin,10000,500,270,10000,4939
x3z3,method_b,3,1000.0,0.015,X,spin,10000,500,270,10000,5023
x3z3,method_b,3,1000.0,0.015,Z,spin,10000,500,270,10000,4983
x3z3,method_c,3,1.0,0.015,Z,spin,10000,500,270,10000,4934
x3z3,method_c,3,3.0,0.015,Z,spin,10000,500,270,10000,4984
x3z3,method_c,3,3.0,0.015,X,spin,10000,500,270,10000,4994
x3z3,method_c,3,1.0,0.015,X,spin,10000,500,270,10000,4951
x3z3,method_c,3,10.0,0.015,Z,spin,10000,500,270,10000,5102
x3z3,method_c,3,10.0,0.015,X,spin,10000,500,270,10000,4934
x3z3,method_c,3,0.5,0.015,X,spin,10000,500,270,10000,5167
x3z3,method_c,3,0.5,0.015,Z,spin,10000,500,270,10000,5064
x3z3,method_c,3,30.0,0.015,Z,spin,10000,500,270,10000,4940
x3z3,method_c,3,100.0,0.015,X,spin,10000,500,270,10000,5009
x3z3,method_c,3,30.0,0.015,X,spin,10000,500,270,10000,4970
x3z3,method_c,3,1000.0,0.015,Z,spin,10000,500,270,10000,4925
x3z3,method_c,3,1000.0,0.015,X,spin,10000,500,270,10000,5067
x3z3,method_c,3,100.0,0.015,Z,spin,10000,500,270,10000,5091
css,pairs,3,1.0,0.010130506142182251,Z,spin,10000,500,432,10000,5063
css,pairs,3,0.5,0.010130506142182251,Z,spin,10000,500,432,10000,5159
css,pairs,3,3.0,0.010130506142182251,Z,spin,10000,500,432,10000,5048
css,pairs,3,10.0,0.010130506142182251,Z,spin,10000,500,432,10000,4875
css,pairs,3,0.5,0.010130506142182251,X,spin,10000,500,432,10000,4966
css,pairs,3,1.0,0.010130506142182251,X,spin,10000,500,432,10000,4988
css,pairs,3,3.0,0.010130506142182251,X,spin,10000,500,432,10000,4988
css,pairs,3,30.0,0.010130506142182251,Z,spin,10000,500,432,10000,4759
css,pairs,3,100.0,0.010130506142182251,Z,spin,10000,500,432,10000,4635
css,pairs,3,1000.0,0.010130506142182251,Z,spin,10000,500,432,10000,4649
css,pairs,3,10.0,0.010130506142182251,X,spin,10000,500,432,10000,4919
css,pairs,3,30.0,0.010130506142182251,X,spin,10000,500,432,10000,4997
css,pairs,3,1000.0,0.010130506142182251,X,spin,10000,500,432,10000,4960
css,pairs,3,100.0,0.010130506142182251,X,spin,10000,500,432,10000,4883
css,method_a,3,3.0,0.010130506142182251,Z,spin,10000,500,270,10000,5001
css,method_a,3,1.0,0.010130506142182251,Z,spin,10000,500,270,10000,5024
css,method_a,3,0.5,0.010130506142182251,Z,spin,10000,500,270,10000,5051
css,method_a,3,0.5,0.010130506142182251,X,spin,10000,500,270,10000,5035
css,method_a,3,1.0,0.010130506142182251,X,spin,10000,500,270,10000,5038
css,method_a,3,10.0,0.010130506142182251,Z,spin,10000,500,270,10000,4996
css,method_a,3,3.0,0.010130506142182251,X,spin,10000,500,270,10000,4979
css,method_a,3,30.0,0.010130506142182251,Z,spin,10000,500,270,10000,4896
css,method_a,3,100.0,0.010130506142182251,Z,spin,10000,500,270,10000,4722
css,method_a,3,10.0,0.010130506142182251,X,spin,10000,500,270,10000,5042
css,method_a,3,30.0,0.010130506142182251,X,spin,10000,500,270,10000,4913
css,method_a,3,1000.0,0.010130506142182251,Z,spin,10000,500,270,10000,4549
css,method_a,3,1000.0,0.010130506142182251,X,spin,10000,500,270,10000,5015
css,method_a,3,100.0,0.010130506142182251,X,spin,10000,500,270,10000,4950
css,method_b,3,0.5,0.010130506142182251,Z,spin,10000,500,270,10000,4992
css,method_b,3,0.5,0.010130506142182251,X,spin,10000,500,270,10000,4953
css,method_b,3,3.0,0.010130506142182251,Z,spin,10000,500,270,10000,5028
css,method_b,3,1.0,0.010130506142182251,Z,spin,10000,500,270,10000,4986
css,method_b,3,3.0,0.010130506142182251,X,spin,10000,500,270,10000,5012
css,method_b,3,10.0,0.010130506142182251,Z,spin,10000,500,270,10000,4882
css,method_b,3,1.0,0.010130506142182251,X,spin,10000,500,270,10000,4994
css,method_b,3,30.0,0.010130506142182251,Z,spin,10000,500,270,10000,4793
css,method_b,3,100.0,0.010130506142182251,Z,spin,10000,500,270,10000,4753
css,method_b,3,1000.0,0.010130506142182251,Z,spin,10000,500,270,10000,4711
css,method_b,3,30.0,0.010130506142182251,X,spin,10000,500,270,10000,4912
css,method_b,3,10.0,0.010130506142182251,X,spin,10000,500,270,10000,5090
css,method_b,3,100.0,0.010130506142182251,X,spin,10000,500,270,10000,5023
css,method_c,3,1.0,0.010130506142182251,Z,spin,10000,500,270,10000,5108
css,method_b,3,1000.0,0.010130506142182251,X,spin,10000,500,270,10000,5038
css,method_c,3,3.0,0.010130506142182251,Z,spin,10000,500,270,10000,4935
css,method_c,3,0.5,0.010130506142182251,Z,spin,10000,500,270,10000,5004
css,method_c,3,0.5,0.010130506142182251,X,spin,10000,500,270,10000,5034
css,method_c,3,1.0,0.010130506142182251,X,spin,10000,500,270,10000,4978
css,method_c,3,10.0,0.010130506142182251,Z,spin,10000,500,270,10000,4991
css,method_c,3,3.0,0.010130506142182251,X,spin,10000,500,270,10000,5117
css,method_c,3,30.0,0.010130506142182251,Z,spin,10000,500,270,10000,4818
css,method_c,3,100.0,0.010130506142182251,Z,spin,10000,500,270,10000,4661
css,method_c,3,10.0,0.010130506142182251,X,spin,10000,500,270,10000,4940
css,method_c,3,1000.0,0.010130506142182251,Z,spin,10000,500,270,10000,4625
css,method_c,3,30.0,0.010130506142182251,X,spin,10000,500,270,10000,5011
css,method_c,3,100.0,0.010130506142182251,X,spin,10000,500,270,10000,4947
x3z3,pairs,3,0.5,0.010130506142182251,Z,spin,10000,500,432,10000,5050
css,method_c,3,1000.0,0.010130506142182251,X,spin,10000,500,270,10000,5060
x3z3,pairs,3,0.5,0.010130506142182251,X,spin,10000,500,432,10000,5026
x3z3,pairs,3,1.0,0.010130506142182251,Z,spin,10000,500,432,10000,4976
x3z3,pairs,3,3.0,0.010130506142182251,X,spin,10000,500,432,10000,5005
x3z3,pairs,3,1.0,0.010130506142182251,X,spin,10000,500,432,10000,4918
x3z3,pairs,3,3.0,0.010130506142182251,Z,spin,10000,500,432,10000,5006
x3z3,pairs,3,10.0,0.010130506142182251,Z,spin,10000,500,432,10000,5065
x3z3,pairs,3,30.0,0.010130506142182251,Z,spin,10000,500,432,10000,5030
x3z3,pairs,3,10.0,0.010130506142182251,X,spin,10000,500,432,10000,4986
x3z3,pairs,3,30.0,0.010130506142182251,X,spin,10000,500,432,10000,5093
x3z3,pairs,3,100.0,0.010130506142182251,Z,spin,10000,500,432,10000,4972
x3z3,pairs,3,100.0,0.010130506142182251,X,spin,10000,500,432,10000,4928
x3z3,pairs,3,1000.0,0.010130506142182251,Z,spin,10000,500,432,10000,4976
x3z3,pairs,3,1000.0,0.010130506142182251,X,spin,10000,500,432,10000,5023
x3z3,method_a,3,10.0,0.010130506142182251,Z,spin,10000,500,270,10000,4924
x3z3,method_a,3,10.0,0.010130506142182251,X,spin,10000,500,270,10000,4980
x3z3,method_a,3,3.0,0.010130506142182251,Z,spin,10000,500,270,10000,5030
x3z3,method_a,3,3.0,0.010130506142182251,X,spin,10000,500,270,10000,4874
x3z3,method_a,3,1.0,0.010130506142182251,Z,spin,10000,500,270,10000,4961
x3z3,method_a,3,1.0,0.010130506142182251,X,spin,10000,500,270,10000,4952
x3z3,method_a,3,0.5,0.010130506142182251,Z,spin,10000,500,270,10000,5019
x3z3,method_a,3,0.5,0.010130506142182251,X,spin,10000,500,270,10000,5003
x3z3,method_a,3,30.0,0.010130506142182251,Z,spin,10000,500,270,10000,4948
x3z3,method_a,3,30.0,0.010130506142182251,X,spin,10000,500,270,10000,4973
x3z3,method_a,3,100.0,0.010130506142182251,Z,spin,10000,500,270,10000,5066
x3z3,method_a,3,100.0,0.010130506142182251,X,spin,10000,500,270,10000,4915
x3z3,method_a,3,1000.0,0.010130506142182251,Z,spin,10000,500,270,10000,4968
x3z3,method_a,3,1000.0,0.010130506142182251,X,spin,10000,500,270,10000,5045
x3z3,method_b,3,3.0,0.010130506142182251,X,spin,10000,500,270,10000,5043
x3z3,method_b,3,10.0,0.010130506142182251,Z,spin,10000,500,270,10000,4902
x3z3,method_b,3,1.0,0.010130506142182251,Z,spin,10000,500,270,10000,5118
x3z3,method_b,3,3.0,0.010130506142182251,Z,spin,10000,500,270,10000,4931
x3z3,method_b,3,1.0,0.010130506142182251,X,spin,10000,500,270,10000,5019
x3z3,method_b,3,0.5,0.010130506142182251,Z,spin,10000,500,270,10000,4902
x3z3,method_b,3,0.5,0.010130506142182251,X,spin,10000,500,270,10000,5022
x3z3,method_b,3,10.0,0.010130506142182251,X,spin,10000,500,270,10000,4982
x3z3,method_b,3,30.0,0.010130506142182251,Z,spin,10000,500,270,10000,5102
x3z3,method_b,3,1000.0,0.010130506142182251,Z,spin,10000,500,270,10000,4947
x3z3,method_b,3,30.0,0.010130506142182251,X,spin,10000,500,270,10000,5037
x3z3,method_b,3,100.0,0.010130506142182251,Z,spin,10000,500,270,10000,5041
x3z3,method_b,3,100.0,0.010130506142182251,X,spin,10000,500,270,10000,4989
x3z3,method_b,3,1000.0,0.010130506142182251,X,spin,10000,500,270,10000,4914
x3z3,method_c,3,3.0,0.010130506142182251,Z,spin,10000,500,270,10000,4923
x3z3,method_c,3,10.0,0.010130506142182251,X,spin,10000,500,270,10000,5049
x3z3,method_c,3,0.5,0.010130506142182251,Z,spin,10000,500,270,10000,5015
x3z3,method_c,3,1.0,0.010130506142182251,Z,spin,10000,500,270,10000,5039
x3z3,method_c,3,3.0,0.010130506142182251,X,spin,10000,500,270,10000,4945
x3z3,method_c,3,10.0,0.010130506142182251,Z,spin,10000,500,270,10000,4953
x3z3,method_c,3,0.5,0.010130506142182251,X,spin,10000,500,270,10000,5000
x3z3,method_c,3,1.0,0.010130506142182251,X,spin,10000,500,270,10000,5013
x3z3,method_c,3,30.0,0.010130506142182251,Z,spin,10000,500,270,10000,5028
x3z3,method_c,3,30.0,0.010130506142182251,X,spin,10000,500,270,10000,5042
x3z3,method_c,3,100.0,0.010130506142182251,X,spin,10000,500,270,10000,4976
x3z3,method_c,3,100.0,0.010130506142182251,Z,spin,10000,500,270,10000,4985
x3z3,method_c,3,1000.0,0.010130506142182251,Z,spin,10000,500,270,10000,5032
x3z3,method_c,3,1000.0,0.010130506142182251,X,spin,10000,500,270,10000,4952
css,pairs,3,0.5,0.006841810313119493,X,spin,10000,500,432,10000,5024
css,pairs,3,0.5,0.006841810313119493,Z,spin,10000,500,432,10000,5114
css,pairs,3,1.0,0.006841810313119493,Z,spin,10000,500,432,10000,5059
css,pairs,3,3.0,0.006841810313119493,Z,spin,10000,500,432,10000,4674
css,pairs,3,10.0,0.006841810313119493,Z,spin,10000,500,432,10000,4056
css,pairs,3,1.0,0.006841810313119493,X,spin,10000,500,432,10000,5063
css,pairs,3,30.0,0.006841810313119493,Z,spin,10000,500,432,10000,3351
css,pairs,3,3.0,0.006841810313119493,X,spin,10000,500,432,10000,4997
css,pairs,3,100.0,0.006841810313119493,Z,spin,10000,500,432,10000,3087
css,pairs,3,10.0,0.006841810313119493,X,spin,10000,500,432,10000,5065
css,pairs,3,1000.0,0.006841810313119493,Z,spin,10000,500,432,10000,2793
css,pairs,3,30.0,0.006841810313119493,X,spin,10000,500,432,10000,4974
css,pairs,3,100.0,0.006841810313119493,X,spin,10000,500,432,10000,5006
css,pairs,3,1000.0,0.006841810313119493,X,spin,10000,500,432,10000,4945
css,method_a,3,3.0,0.006841810313119493,Z,spin,10000,500,270,10000,4964
css,method_a,3,0.5,0.006841810313119493,Z,spin,10000,500,270,10000,5029
css,method_a,3,0.5,0.006841810313119493,X,spin,10000,500,270,10000,4955
css,method_a,3,1.0,0.006841810313119493,Z,spin,10000,500,270,10000,4952
css,method_a,3,10.0,0.006841810313119493,Z,spin,10000,500,270,10000,4316
css,method_a,3,1.0,0.006841810313119493,X,spin,10000,500,270,10000,4934
css,method_a,3,3.0,0.006841810313119493,X,spin,10000,500,270,10000,5013
css,method_a,3,30.0,0.006841810313119493,Z,spin,10000,500,270,10000,3683
css,method_a,3,100.0,0.006841810313119493,Z,spin,10000,500,270,10000,3197
css,method_a,3,10.0,0.006841810313119493,X,spin,10000,500,270,10000,4961
css,method_a,3,1000.0,0.006841810313119493,Z,spin,10000,500,270,10000,2904
css,method_a,3,30.0,0.006841810313119493,X,spin,10000,500,270,10000,4987
css,method_a,3,100.0,0.006841810313119493,X,spin,10000,500,270,10000,5070
css,method_a,3,1000.0,0.006841810313119493,X,spin,10000,500,270,10000,5006
css,method_b,3,1.0,0.006841810313119493,Z,spin,10000,500,270,10000,4946
css,method_b,3,3.0,0.006841810313119493,Z,spin,10000,500,270,10000,4725
css,method_b,3,0.5,0.006841810313119493,Z,spin,10000,500,270,10000,4975
css,method_b,3,0.5,0.006841810313119493,X,spin,10000,500,270,10000,5033
css,method_b,3,10.0,0.006841810313119493,Z,spin,10000,500,270,10000,4304
css,method_b,3,1.0,0.006841810313119493,X,spin,10000,500,270,10000,4968
css,method_b,3,30.0,0.006841810313119493,Z,spin,10000,500,270,10000,3484
css,method_b,3,3.0,0.006841810313119493,X,spin,10000,500,270,10000,4973
css,method_b,3,1000.0,0.006841810313119493,Z,spin,10000,500,270,10000,2857
css,method_b,3,100.0,0.006841810313119493,Z,spin,10000,500,270,10000,3097
css,method_b,3,30.0,0.006841810313119493,X,spin,10000,500,270,10000,5052
css,method_b,3,10.0,0.006841810313119493,X,spin,10000,500,270,10000,4910
css,method_b,3,1000.0,0.006841810313119493,X,spin,10000,500,270,10000,5042
css,method_b,3,100.0,0.006841810313119493,X,spin,10000,500,270,10000,5109
css,method_c,3,0.5,0.006841810313119493,Z,spin,10000,500,270,10000,4986
css,method_c,3,1.0,0.006841810313119493,Z,spin,10000,500,270,10000,4938
css,method_c,3,3.0,0.006841810313119493,Z,spin,10000,500,270,10000,4799
css,method_c,3,10.0,0.006841810313119493,Z,spin,10000,500,270,10000,4184
css,method_c,3,0.5,0.006841810313119493,X,spin,10000,500,270,10000,4995
css,method_c,3,1.0,0.006841810313119493,X,spin,10000,500,270,10000,4965
css,method_c,3,30.0,0.006841810313119493,Z,spin,10000,500,270,10000,3490
css,method_c,3,100.0,0.006841810313119493,Z,spin,10000,500,270,10000,3121
css,method_c,3,3.0,0.006841810313119493,X,spin,10000,500,270,10000,4934
css,method_c,3,10.0,0.006841810313119493,X,spin,10000,500,270,10000,5066
css,method_c,3,30.0,0.006841810313119493,X,spin,10000,500,270,10000,4912
css,method_c,3,1000.0,0.006841810313119493,Z,spin,10000,500,270,10000,2768
css,method_c,3,100.0,0.006841810313119493,X,spin,10000,500,270,10000,5056
x3z3,pairs,3,0.5,0.006841810313119493,Z,spin,10000,500,432,10000,5023
x3z3,pairs,3,0.5,0.006841810313119493,X,spin,10000,500,432,10000,5006
css,method_c,3,1000.0,0.006841810313119493,X,spin,10000,500,270,10000,4964
x3z3,pairs,3,3.0,0.006841810313119493,Z,spin,10000,500,432,10000,4929
x3z3,pairs,3,1.0,0.006841810313119493,Z,spin,10000,500,432,10000,4995
x3z3,pairs,3,1.0,0.006841810313119493,X,spin,10000,500,432,10000,4956
x3z3,pairs,3,10.0,0.006841810313119493,Z,spin,10000,500,432,10000,4864
x3z3,pairs,3,3.0,0.006841810313119493,X,spin,10000,500,432,10000,5069
x3z3,pairs,3,10.0,0.006841810313119493,X,spin,10000,500,432,10000,4953
x3z3,pairs,3,30.0,0.006841810313119493,Z,spin,10000,500,432,10000,4908
x3z3,pairs,3,100.0,0.006841810313119493,Z,spin,10000,500,432,10000,4843
x3z3,pairs,3,30.0,0.006841810313119493,X,spin,10000,500,432,10000,4933
x3z3,pairs,3,1000.0,0.006841810313119493,X,spin,10000,500,432,10000,4878
x3z3,pairs,3,1000.0,0.006841810313119493,Z,spin,10000,500,432,10000,4918
x3z3,pairs,3,100.0,0.006841810313119493,X,spin,10000,500,432,10000,4930
x3z3,method_a,3,1.0,0.006841810313119493,Z,spin,10000,500,270,10000,4965
x3z3,method_a,3,0.5,0.006841810313119493,Z,spin,10000,500,270,10000,4883
x3z3,method_a,3,3.0,0.006841810313119493,Z,spin,10000,500,270,10000,4998
x3z3,method_a,3,0.5,0.006841810313119493,X,spin,10000,500,270,10000,5033
x3z3,method_a,3,10.0,0.006841810313119493,X,spin,10000,500,270,10000,4995
x3z3,method_a,3,1.0,0.006841810313119493,X,spin,10000,500,270,10000,5040
x3z3,method_a,3,10.0,0.006841810313119493,Z,spin,10000,500,270,10000,4904
x3z3,method_a,3,3.0,0.006841810313119493,X,spin,10000,500,270,10000,4991
x3z3,method_a,3,30.0,0.006841810313119493,Z,spin,10000,500,270,10000,4889
x3z3,method_a,3,30.0,0.006841810313119493,X,spin,10000,500,270,10000,4991
x3z3,method_a,3,100.0,0.006841810313119493,X,spin,10000,500,270,10000,5010
x3z3,method_a,3,1000.0,0.006841810313119493,Z,spin,10000,500,270,10000,4961
x3z3,method_a,3,100.0,0.006841810313119493,Z,spin,10000,500,270,10000,4885
x3z3,method_a,3,1000.0,0.006841810313119493,X,spin,10000,500,270,10000,4965
x3z3,method_b,3,0.5,0.006841810313119493,X,spin,10000,500,270,10000,4978
x3z3,method_b,3,0.5,0.006841810313119493,Z,spin,10000,500,270,10000,4982
x3z3,method_b,3,1.0,0.006841810313119493,Z,spin,10000,500,270,10000,5030
x3z3,method_b,3,3.0,0.006841810313119493,X,spin,10000,500,270,10000,5091
x3z3,method_b,3,10.0,0.006841810313119493,Z,spin,10000,500,270,10000,4897
x3z3,method_b,3,1.0,0.006841810313119493,X,spin,10000,500,270,10000,4981
x3z3,method_b,3,3.0,0.006841810313119493,Z,spin,10000,500,270,10000,5060
x3z3,method_b,3,10.0,0.006841810313119493,X,spin,10000,500,270,10000,4941
x3z3,method_b,3,30.0,0.006841810313119493,Z,spin,10000,500,270,10000,4936
x3z3,method_b,3,100.0,0.006841810313119493,Z,spin,10000,500,270,10000,4996
x3z3,method_b,3,30.0,0.006841810313119493,X,spin,10000,500,270,10000,4887
x3z3,method_b,3,100.0,0.006841810313119493,X,spin,10000,500,270,10000,5078
x3z3,method_b,3,1000.0,0.006841810313119493,X,spin,10000,500,270,10000,4910
x3z3,method_b,3,1000.0,0.006841810313119493,Z,spin,10000,500,270,10000,4983
x3z3,method_c,3,0.5,0.006841810313119493,Z,spin,10000,500,270,10000,5045
x3z3,method_c,3,10.0,0.006841810313119493,Z,spin,10000,500,270,10000,4881
x3z3,method_c,3,3.0,0.006841810313119493,X,spin,10000,500,270,10000,4918
x3z3,method_c,3,1.0,0.006841810313119493,X,spin,10000,500,270,10000,5068
x3z3,method_c,3,3.0,0.006841810313119493,Z,spin,10000,500,270,10000,5004
x3z3,method_c,3,10.0,0.006841810313119493,X,spin,10000,500,270,10000,5017
x3z3,method_c,3,0.5,0.006841810313119493,X,spin,10000,500,270,10000,4983
x3z3,method_c,3,1.0,0.006841810313119493,Z,spin,10000,500,270,10000,4846
x3z3,method_c,3,30.0,0.006841810313119493,Z,spin,10000,500,270,10000,4930
x3z3,method_c,3,30.0,0.006841810313119493,X,spin,10000,500,270,10000,4945
x3z3,method_c,3,100.0,0.006841810313119493,Z,spin,10000,500,270,10000,4874
x3z3,method_c,3,100.0,0.006841810313119493,X,spin,10000,500,270,10000,4943
x3z3,method_c,3,1000.0,0.006841810313119493,Z,spin,10000,500,270,10000,4960
x3z3,method_c,3,1000.0,0.006841810313119493,X,spin,10000,500,270,10000,4856
css,pairs,3,0.5,0.004620733426713526,Z,spin,10000,500,432,10000,4634
css,pairs,3,0.5,0.004620733426713526,X,spin,10000,500,432,10000,4644
css,pairs,3,1.0,0.004620733426713526,Z,spin,10000,500,432,10000,4400
css,pairs,3,3.0,0.004620733426713526,Z,spin,10000,500,432,10000,3286
css,pairs,3,1.0,0.004620733426713526,X,spin,10000,500,432,10000,4805
css,pairs,3,10.0,0.004620733426713526,Z,spin,10000,500,432,10000,1899
css,pairs,3,30.0,0.004620733426713526,Z,spin,10000,500,432,10000,1203
css,pairs,3,3.0,0.004620733426713526,X,spin,10000,500,432,10000,4844
css,pairs,3,100.0,0.004620733426713526,Z,spin,10000,500,432,10000,885
css,pairs,3,10.0,0.004620733426713526,X,spin,10000,500,432,10000,4892
css,pairs,3,30.0,0.004620733426713526,X,spin,10000,500,432,10000,4860
css,pairs,3,1000.0,0.004620733426713526,Z,spin,10000,500,432,10000,755
css,pairs,3,100.0,0.004620733426713526,X,spin,10000,500,432,10000,4882
css,pairs,3,1000.0,0.004620733426713526,X,spin,10000,500,432,10000,4986
css,method_a,3,1.0,0.004620733426713526,Z,spin,10000,500,270,10000,4799
css,method_a,3,0.5,0.004620733426713526,Z,spin,10000,500,270,10000,4941
css,method_a,3,3.0,0.004620733426713526,Z,spin,10000,500,270,10000,4045
css,method_a,3,0.5,0.004620733426713526,X,spin,10000,500,270,10000,4883
css,method_a,3,1.0,0.004620733426713526,X,spin,10000,500,270,10000,4859
css,method_a,3,3.0,0.004620733426713526,X,spin,10000,500,270,10000,4996
css,method_a,3,10.0,0.004620733426713526,Z,spin,10000,500,270,10000,2441
css,method_a,3,30.0,0.004620733426713526,Z,spin,10000,500,270,10000,1493
css,method_a,3,100.0,0.004620733426713526,Z,spin,10000,500,270,10000,1010
css,method_a,3,1000.0,0.004620733426713526,Z,spin,10000,500,270,10000,759
css,method_a,3,10.0,0.004620733426713526,X,spin,10000,500,270,10000,4911
css,method_a,3,30.0,0.004620733426713526,X,spin,10000,500,270,10000,4848
css,method_a,3,100.0,0.004620733426713526,X,spin,10000,500,270,10000,4943
css,method_a,3,1000.0,0.004620733426713526,X,spin,10000,500,270,10000,4965
css,method_b,3,1.0,0.004620733426713526,Z,spin,10000,500,270,10000,4634
css,method_b,3,0.5,0.004620733426713526,X,spin,10000,500,270,10000,4778
css,method_b,3,0.5,0.004620733426713526,Z,spin,10000,500,270,10000,4886
css,method_b,3,3.0,0.004620733426713526,Z,spin,10000,500,270,10000,3596
css,method_b,3,1.0,0.004620733426713526,X,spin,10000,500,270,10000,4887
css,method_b,3,10.0,0.004620733426713526,Z,spin,10000,500,270,10000,2182
css,method_b,3,30.0,0.004620733426713526,Z,spin,10000,500,270,10000,1340
css,method_b,3,3.0,0.004620733426713526,X,spin,10000,500,270,10000,4971
css,method_b,3,100.0,0.004620733426713526,Z,spin,10000,500,270,10000,928
css,method_b,3,10.0,0.004620733426713526,X,spin,10000,500,270,10000,4976
css,method_b,3,1000.0,0.004620733426713526,Z,spin,10000,500,270,10000,782
css,method_b,3,30.0,0.004620733426713526,X,spin,10000,500,270,10000,4956
css,method_b,3,100.0,0.004620733426713526,X,spin,10000,500,270,10000,4944
css,method_b,3,1000.0,0.004620733426713526,X,spin,10000,500,270,10000,4900
css,method_c,3,0.5,0.004620733426713526,Z,spin,10000,500,270,10000,4875
css,method_c,3,1.0,0.004620733426713526,Z,spin,10000,500,270,10000,4644
css,method_c,3,3.0,0.004620733426713526,Z,spin,10000,500,270,10000,3601
css,method_c,3,0.5,0.004620733426713526,X,spin,10000,500,270,10000,4754
css,method_c,3,10.0,0.004620733426713526,Z,spin,10000,500,270,10000,2167
css,method_c,3,1.0,0.004620733426713526,X,spin,10000,500,270,10000,4859
css,method_c,3,3.0,0.004620733426713526,X,spin,10000,500,270,10000,4869
css,method_c,3,30.0,0.004620733426713526,Z,spin,10000,500,270,10000,1293
css,method_c,3,100.0,0.004620733426713526,Z,spin,10000,500,270,10000,934
css,method_c,3,10.0,0.004620733426713526,X,spin,10000,500,270,10000,4890
css,method_c,3,1000.0,0.004620733426713526,Z,spin,10000,500,270,10000,767
css,method_c,3,30.0,0.004620733426713526,X,spin,10000,500,270,10000,4921
css,method_c,3,100.0,0.004620733426713526,X,spin,10000,500,270,10000,4881
css,method_c,3,1000.0,0.004620733426713526,X,spin,10000,500,270,10000,4912
x3z3,pairs,3,0.5,0.004620733426713526,Z,spin,10000,500,432,10000,4752
x3z3,pairs,3,0.5,0.004620733426713526,X,spin,10000,500,432,10000,4719
x3z3,pairs,3,1.0,0.004620733426713526,Z,spin,10000,500,432,10000,4578
x3z3,pairs,3,1.0,0.004620733426713526,X,spin,10000,500,432,10000,4532
x3z3,pairs,3,3.0,0.004620733426713526,Z,spin,10000,500,432,10000,4391
x3z3,pairs,3,3.0,0.004620733426713526,X,spin,10000,500,432,10000,4488
x3z3,pairs,3,10.0,0.004620733426713526,Z,spin,10000,500,432,10000,4201
x3z3,pairs,3,10.0,0.004620733426713526,X,spin,10000,500,432,10000,4291
x3z3,pairs,3,30.0,0.004620733426713526,Z,spin,10000,500,432,10000,4048
x3z3,pairs,3,30.0,0.004620733426713526,X,spin,10000,500,432,10000,4122
x3z3,pairs,3,100.0,0.004620733426713526,X,spin,10000,500,432,10000,4034
x3z3,pairs,3,100.0,0.004620733426713526,Z,spin,10000,500,432,10000,4112
x3z3,pairs,3,1000.0,0.004620733426713526,Z,spin,10000,500,432,10000,4100
x3z3,pairs,3,1000.0,0.004620733426713526,X,spin,10000,500,432,10000,4015
x3z3,method_a,3,1.0,0.004620733426713526,Z,spin,10000,500,270,10000,4830
x3z3,method_a,3,0.5,0.004620733426713526,Z,spin,10000,500,270,10000,5003
x3z3,method_a,3,0.5,0.004620733426713526,X,spin,10000,500,270,10000,4903
x3z3,method_a,3,1.0,0.004620733426713526,X,spin,10000,500,270,10000,4829
x3z3,method_a,3,3.0,0.004620733426713526,Z,spin,10000,500,270,10000,4845
x3z3,method_a,3,10.0,0.004620733426713526,Z,spin,10000,500,270,10000,4614
x3z3,method_a,3,3.0,0.004620733426713526,X,spin,10000,500,270,10000,4812
x3z3,method_a,3,10.0,0.004620733426713526,X,spin,10000,500,270,10000,4610
x3z3,method_a,3,30.0,0.004620733426713526,Z,spin,10000,500,270,10000,4470
x3z3,method_a,3,100.0,0.004620733426713526,Z,spin,10000,500,270,10000,4438
x3z3,method_a,3,30.0,0.004620733426713526,X,spin,10000,500,270,10000,4556
x3z3,method_a,3,100.0,0.004620733426713526,X,spin,10000,500,270,10000,4550
x3z3,method_a,3,1000.0,0.004620733426713526,Z,spin,10000,500,270,10000,4480
x3z3,method_a,3,1000.0,0.004620733426713526,X,spin,10000,500,270,10000,4551
x3z3,method_b,3,0.5,0.004620733426713526,Z,spin,10000,500,270,10000,4819
x3z3,method_b,3,0.5,0.004620733426713526,X,spin,10000,500,270,10000,4838
x3z3,method_b,3,3.0,0.004620733426713526,Z,spin,10000,500,270,10000,4525
x3z3,method_b,3,1.0,0.004620733426713526,Z,spin,10000,500,270,10000,4662
x3z3,method_b,3,1.0,0.004620733426713526,X,spin,10000,500,270,10000,4878
x3z3,method_b,3,3.0,0.004620733426713526,X,spin,10000,500,270,10000,4597
x3z3,method_b,3,10.0,0.004620733426713526,Z,spin,10000,500,270,10000,4364
x3z3,method_b,3,10.0,0.004620733426713526,X,spin,10000,500,270,10000,4479
x3z3,method_b,3,30.0,0.004620733426713526,Z,spin,10000,500,270,10000,4413
x3z3,method_b,3,30.0,0.004620733426713526,X,spin,10000,500,270,10000,4225
x3z3,method_b,3,100.0,0.004620733426713526,Z,spin,10000,500,270,10000,4281
x3z3,method_b,3,100.0,0.004620733426713526,X,spin,10000,500,270,10000,4252
x3z3,method_b,3,1000.0,0.004620733426713526,Z,spin,10000,500,270,10000,4153
x3z3,method_b,3,1000.0,0.004620733426713526,X,spin,10000,500,270,10000,4230
x3z3,method_c,3,0.5,0.004620733426713526,Z,spin,10000,500,270,10000,4813
x3z3,method_c,3,10.0,0.004620733426713526,Z,spin,10000,500,270,10000,4446
x3z3,method_c,3,10.0,0.004620733426713526,X,spin,10000,500,270,10000,4422
x3z3,method_c,3,0.5,0.004620733426713526,X,spin,10000,500,270,10000,4884
x3z3,method_c,3,3.0,0.004620733426713526,Z,spin,10000,500,270,10000,4611
x3z3,method_c,3,1.0,0.004620733426713526,X,spin,10000,500,270,10000,4815
x3z3,method_c,3,3.0,0.004620733426713526,X,spin,10000,500,270,10000,4623
x3z3,method_c,3,1.0,0.004620733426713526,Z,spin,10000,500,270,10000,4833
x3z3,method_c,3,30.0,0.004620733426713526,Z,spin,10000,500,270,10000,4295
x3z3,method_c,3,30.0,0.004620733426713526,X,spin,10000,500,270,10000,4284
x3z3,method_c,3,100.0,0.004620733426713526,Z,spin,10000,500,270,10000,4264
css,pairs,3,0.5,0.0031206912240472166,Z,spin,10000,500,432,10000,3191
x3z3,method_c,3,1000.0,0.004620733426713526,Z,spin,10000,500,270,10000,4174
x3z3,method_c,3,100.0,0.004620733426713526,X,spin,10000,500,270,10000,4237
css,pairs,3,1.0,0.0031206912240472166,Z,spin,10000,500,432,10000,2484
x3z3,method_c,3,1000.0,0.004620733426713526,X,spin,10000,500,270,10000,4238
css,pairs,3,0.5,0.0031206912240472166,X,spin,10000,500,432,10000,3194
css,pairs,3,3.0,0.0031206912240472166,Z,spin,10000,500,432,10000,1216
css,pairs,3,1.0,0.0031206912240472166,X,spin,10000,500,432,10000,3403
css,pairs,3,30.0,0.0031206912240472166,Z,spin,10000,500,432,10000,240
css,pairs,3,10.0,0.0031206912240472166,Z,spin,10000,500,432,10000,475
css,pairs,3,3.0,0.0031206912240472166,X,spin,10000,500,432,10000,3803
css,pairs,3,100.0,0.0031206912240472166,Z,spin,10000,500,432,10000,148
css,pairs,3,30.0,0.0031206912240472166,X,spin,10000,500,432,10000,4044
css,pairs,3,10.0,0.0031206912240472166,X,spin,10000,500,432,10000,3956
css,pairs,3,1000.0,0.0031206912240472166,Z,spin,10000,500,432,10000,124
css,pairs,3,100.0,0.0031206912240472166,X,spin,10000,500,432,10000,3964
css,pairs,3,1000.0,0.0031206912240472166,X,spin,10000,500,432,10000,4039
css,method_a,3,0.5,0.0031206912240472166,X,spin,10000,500,270,10000,4127
css,method_a,3,0.5,0.0031206912240472166,Z,spin,10000,500,270,10000,4220
css,method_a,3,1.0,0.0031206912240472166,Z,spin,10000,500,270,10000,3567
css,method_a,3,3.0,0.0031206912240472166,Z,spin,10000,500,270,10000,1929
css,method_a,3,30.0,0.0031206912240472166,Z,spin,10000,500,270,10000,289
css,method_a,3,10.0,0.0031206912240472166,Z,spin,10000,500,270,10000,705
css,method_a,3,1.0,0.0031206912240472166,X,spin,10000,500,270,10000,4286
css,method_a,3,100.0,0.0031206912240472166,Z,spin,10000,500,270,10000,186
css,method_a,3,3.0,0.0031206912240472166,X,spin,10000,500,270,10000,4472
css,method_a,3,10.0,0.0031206912240472166,X,spin,10000,500,270,10000,4621
css,method_a,3,30.0,0.0031206912240472166,X,spin,10000,500,270,10000,4584
css,method_a,3,1000.0,0.0031206912240472166,Z,spin,10000,500,270,10000,137
css,method_b,3,0.5,0.0031206912240472166,X,spin,10000,500,270,10000,3711
css,method_b,3,1.0,0.0031206912240472166,X,spin,10000,500,270,10000,3862
css,method_b,3,3.0,0.0031206912240472166,Z,spin,10000,500,270,10000,1527
css,method_a,3,100.0,0.0031206912240472166,X,spin,10000,500,270,10000,4672
css,method_b,3,0.5,0.0031206912240472166,Z,spin,10000,500,270,10000,3691
css,method_b,3,1.0,0.0031206912240472166,Z,spin,10000,500,270,10000,3003
css,method_a,3,1000.0,0.0031206912240472166,X,spin,10000,500,270,10000,4548
css,method_b,3,3.0,0.0031206912240472166,X,spin,10000,500,270,10000,4087
css,method_b,3,10.0,0.0031206912240472166,Z,spin,10000,500,270,10000,566
css,method_b,3,30.0,0.0031206912240472166,Z,spin,10000,500,270,10000,227
css,method_b,3,100.0,0.0031206912240472166,Z,spin,10000,500,270,10000,156
css,method_b,3,1000.0,0.0031206912240472166,Z,spin,10000,500,270,10000,118
css,method_b,3,10.0,0.0031206912240472166,X,spin,10000,500,270,10000,4210
css,method_b,3,30.0,0.0031206912240472166,X,spin,10000,500,270,10000,4286
css,method_b,3,1000.0,0.0031206912240472166,X,spin,10000,500,270,10000,4237
css,method_b,3,100.0,0.0031206912240472166,X,spin,10000,500,270,10000,4270
css,method_c,3,0.5,0.0031206912240472166,Z,spin,10000,500,270,10000,3727
css,method_c,3,0.5,0.0031206912240472166,X,spin,10000,500,270,10000,3691
css,method_c,3,3.0,0.0031206912240472166,Z,spin,10000,500,270,10000,1560
css,method_c,3,1.0,0.0031206912240472166,Z,spin,10000,500,270,10000,3042
css,method_c,3,1.0,0.0031206912240472166,X,spin,10000,500,270,10000,3871
css,method_c,3,10.0,0.0031206912240472166,Z,spin,10000,500,270,10000,590
css,method_c,3,3.0,0.0031206912240472166,X,spin,10000,500,270,10000,4068
css,method_c,3,10.0,0.0031206912240472166,X,spin,10000,500,270,10000,4230
css,method_c,3,30.0,0.0031206912240472166,Z,spin,10000,500,270,10000,273
css,method_c,3,100.0,0.0031206912240472166,Z,spin,10000,500,270,10000,134
css,method_c,3,1000.0,0.0031206912240472166,Z,spin,10000,500,270,10000,114
css,method_c,3,30.0,0.0031206912240472166,X,spin,10000,500,270,10000,4321
css,method_c,3,100.0,0.0031206912240472166,X,spin,10000,500,270,10000,4316
css,method_c,3,1000.0,0.0031206912240472166,X,spin,10000,500,270,10000,4220
x3z3,pairs,3,0.5,0.0031206912240472166,Z,spin,10000,500,432,10000,3318
x3z3,pairs,3,1.0,0.0031206912240472166,Z,spin,10000,500,432,10000,3007
x3z3,pairs,3,0.5,0.0031206912240472166,X,spin,10000,500,432,10000,3245
x3z3,pairs,3,3.0,0.0031206912240472166,Z,spin,10000,500,432,10000,2693
x3z3,pairs,3,1.0,0.0031206912240472166,X,spin,10000,500,432,10000,3002
x3z3,pairs,3,10.0,0.0031206912240472166,Z,spin,10000,500,432,10000,2275
x3z3,pairs,3,3.0,0.0031206912240472166,X,spin,10000,500,432,10000,2671
x3z3,pairs,3,10.0,0.0031206912240472166,X,spin,10000,500,432,10000,2228
x3z3,pairs,3,30.0,0.0031206912240472166,Z,spin,10000,500,432,10000,2141
x3z3,pairs,3,30.0,0.0031206912240472166,X,spin,10000,500,432,10000,2079
x3z3,pairs,3,100.0,0.0031206912240472166,Z,spin,10000,500,432,10000,2036
x3z3,pairs,3,1000.0,0.0031206912240472166,Z,spin,10000,500,432,10000,1976
x3z3,pairs,3,100.0,0.0031206912240472166,X,spin,10000,500,432,10000,2070
x3z3,pairs,3,1000.0,0.0031206912240472166,X,spin,10000,500,432,10000,1978
x3z3,method_a,3,0.5,0.0031206912240472166,Z,spin,10000,500,270,10000,4169
x3z3,method_a,3,0.5,0.0031206912240472166,X,spin,10000,500,270,10000,4162
x3z3,method_a,3,1.0,0.0031206912240472166,Z,spin,10000,500,270,10000,3925
x3z3,method_a,3,3.0,0.0031206912240472166,Z,spin,10000,500,270,10000,3468
x3z3,method_a,3,1.0,0.0031206912240472166,X,spin,10000,500,270,10000,4018
x3z3,method_a,3,3.0,0.0031206912240472166,X,spin,10000,500,270,10000,3505
x3z3,method_a,3,10.0,0.0031206912240472166,Z,spin,10000,500,270,10000,3022
x3z3,method_a,3,10.0,0.0031206912240472166,X,spin,10000,500,270,10000,3035
x3z3,method_a,3,30.0,0.0031206912240472166,Z,spin,10000,500,270,10000,2889
x3z3,method_a,3,30.0,0.0031206912240472166,X,spin,10000,500,270,10000,2884
x3z3,method_a,3,100.0,0.0031206912240472166,Z,spin,10000,500,270,10000,2774
x3z3,method_a,3,100.0,0.0031206912240472166,X,spin,10000,500,270,10000,2749
x3z3,method_a,3,1000.0,0.0031206912240472166,X,spin,10000,500,270,10000,2787
x3z3,method_a,3,1000.0,0.0031206912240472166,Z,spin,10000,500,270,10000,2771
x3z3,method_b,3,0.5,0.0031206912240472166,Z,spin,10000,500,270,10000,3834
x3z3,method_b,3,0.5,0.0031206912240472166,X,spin,10000,500,270,10000,3679
x3z3,method_b,3,1.0,0.0031206912240472166,Z,spin,10000,500,270,10000,3586
x3z3,method_b,3,1.0,0.0031206912240472166,X,spin,10000,500,270,10000,3585
x3z3,method_b,3,3.0,0.0031206912240472166,Z,spin,10000,500,270,10000,3047
x3z3,method_b,3,10.0,0.0031206912240472166,Z,spin,10000,500,270,10000,2492
x3z3,method_b,3,10.0,0.0031206912240472166,X,spin,10000,500,270,10000,2681
x3z3,method_b,3,3.0,0.0031206912240472166,X,spin,10000,500,270,10000,3049
x3z3,method_b,3,30.0,0.0031206912240472166,X,spin,10000,500,270,10000,2377
x3z3,method_b,3,30.0,0.0031206912240472166,Z,spin,10000,500,270,10000,2427
x3z3,method_b,3,100.0,0.0031206912240472166,Z,spin,10000,500,270,10000,2230
x3z3,method_b,3,100.0,0.0031206912240472166,X,spin,10000,500,270,10000,2296
x3z3,method_b,3,1000.0,0.0031206912240472166,X,spin,10000,500,270,10000,2215
x3z3,method_b,3,1000.0,0.0031206912240472166,Z,spin,10000,500,270,10000,2200
x3z3,method_c,3,0.5,0.0031206912240472166,Z,spin,10000,500,270,10000,3681
x3z3,method_c,3,0.5,0.0031206912240472166,X,spin,10000,500,270,10000,3788
x3z3,method_c,3,1.0,0.0031206912240472166,Z,spin,10000,500,270,10000,3493
x3z3,method_c,3,3.0,0.0031206912240472166,Z,spin,10000,500,270,10000,3003
x3z3,method_c,3,1.0,0.0031206912240472166,X,spin,10000,500,270,10000,3523
x3z3,method_c,3,3.0,0.0031206912240472166,X,spin,10000,500,270,10000,3027
x3z3,method_c,3,10.0,0.0031206912240472166,Z,spin,10000,500,270,10000,2684
x3z3,method_c,3,10.0,0.0031206912240472166,X,spin,10000,500,270,10000,2568
x3z3,method_c,3,100.0,0.0031206912240472166,X,spin,10000,500,270,10000,2368
x3z3,method_c,3,100.0,0.0031206912240472166,Z,spin,10000,500,270,10000,2259
x3z3,method_c,3,30.0,0.0031206912240472166,Z,spin,10000,500,270,10000,2492
x3z3,method_c,3,30.0,0.0031206912240472166,X,spin,10000,500,270,10000,2372
x3z3,method_c,3,1000.0,0.0031206912240472166,Z,spin,10000,500,270,10000,2268
x3z3,method_c,3,1000.0,0.0031206912240472166,X,spin,10000,500,270,10000,2277
css,pairs,3,0.5,0.00210761210753764,Z,spin,10000,500,432,10000,1307
css,pairs,3,0.5,0.00210761210753764,X,spin,10000,500,432,10000,1266
css,pairs,3,3.0,0.00210761210753764,Z,spin,10000,500,432,10000,248
css,pairs,3,1.0,0.00210761210753764,Z,spin,10000,500,432,10000,811
css,pairs,3,10.0,0.00210761210753764,Z,spin,10000,500,432,10000,78
css,pairs,3,1.0,0.00210761210753764,X,spin,10000,500,432,10000,1426
css,pairs,3,3.0,0.00210761210753764,X,spin,10000,500,432,10000,1742
css,pairs,3,30.0,0.00210761210753764,Z,spin,10000,500,432,10000,27
css,pairs,3,10.0,0.00210761210753764,X,spin,10000,500,432,10000,1951
css,pairs,3,30.0,0.00210761210753764,X,spin,10000,500,432,10000,1976
css,pairs,3,100.0,0.00210761210753764,Z,spin,10000,500,432,10000,19
css,pairs,3,1000.0,0.00210761210753764,Z,spin,10000,500,432,10000,12
css,pairs,3,100.0,0.00210761210753764,X,spin,10000,500,432,10000,2056
css,pairs,3,1000.0,0.00210761210753764,X,spin,10000,500,432,10000,2004
css,method_a,3,0.5,0.00210761210753764,Z,spin,10000,500,270,10000,2094
css,method_a,3,0.5,0.00210761210753764,X,spin,10000,500,270,10000,2228
css,method_a,3,1.0,0.00210761210753764,Z,spin,10000,500,270,10000,1531
css,method_a,3,10.0,0.00210761210753764,Z,spin,10000,500,270,10000,119
css,method_a,3,3.0,0.00210761210753764,Z,spin,10000,500,270,10000,539
css,method_a,3,1.0,0.00210761210753764,X,spin,10000,500,270,10000,2441
css,method_a,3,10.0,0.00210761210753764,X,spin,10000,500,270,10000,2971
css,method_a,3,100.0,0.00210761210753764,Z,spin,10000,500,270,10000,19
css,method_a,3,3.0,0.00210761210753764,X,spin,10000,500,270,10000,2778
css,method_a,3,30.0,0.00210761210753764,X,spin,10000,500,270,10000,3086
css,method_a,3,30.0,0.00210761210753764,Z,spin,10000,500,270,10000,40
css,method_a,3,1000.0,0.00210761210753764,Z,spin,10000,500,270,10000,19
css,method_b,3,0.5,0.00210761210753764,Z,spin,10000,500,270,10000,1730
css,method_b,3,0.5,0.00210761210753764,X,spin,10000,500,270,10000,1610
css,method_b,3,1.0,0.00210761210753764,X,spin,10000,500,270,10000,1886
css,method_a,3,100.0,0.00210761210753764,X,spin,10000,500,270,10000,2992
css,method_b,3,3.0,0.00210761210753764,X,spin,10000,500,270,10000,2122
css,method_b,3,3.0,0.00210761210753764,Z,spin,10000,500,270,10000,348
css,method_a,3,1000.0,0.00210761210753764,X,spin,10000,500,270,10000,3133
css,method_b,3,1.0,0.00210761210753764,Z,spin,10000,500,270,10000,1065
css,method_b,3,10.0,0.00210761210753764,Z,spin,10000,500,270,10000,78
css,method_b,3,10.0,0.00210761210753764,X,spin,10000,500,270,10000,2255
css,method_b,3,30.0,0.00210761210753764,Z,spin,10000,500,270,10000,20
css,method_b,3,100.0,0.00210761210753764,Z,spin,10000,500,270,10000,10
css,method_b,3,30.0,0.00210761210753764,X,spin,10000,500,270,10000,2398
css,method_b,3,1000.0,0.00210761210753764,Z,spin,10000,500,270,10000,15
css,method_c,3,0.5,0.00210761210753764,Z,spin,10000,500,270,10000,1706
css,method_b,3,100.0,0.00210761210753764,X,spin,10000,500,270,10000,2428
css,method_b,3,1000.0,0.00210761210753764,X,spin,10000,500,270,10000,2450
css,method_c,3,1.0,0.00210761210753764,Z,spin,10000,500,270,10000,1140
css,method_c,3,0.5,0.00210761210753764,X,spin,10000,500,270,10000,1675
css,method_c,3,1.0,0.00210761210753764,X,spin,10000,500,270,10000,1848
css,method_c,3,3.0,0.00210761210753764,Z,spin,10000,500,270,10000,385
css,method_c,3,10.0,0.00210761210753764,Z,spin,10000,500,270,10000,93
css,method_c,3,3.0,0.00210761210753764,X,spin,10000,500,270,10000,2189
css,method_c,3,30.0,0.00210761210753764,Z,spin,10000,500,270,10000,34
css,method_c,3,100.0,0.00210761210753764,Z,spin,10000,500,270,10000,13
css,method_c,3,10.0,0.00210761210753764,X,spin,10000,500,270,10000,2272
css,method_c,3,30.0,0.00210761210753764,X,spin,10000,500,270,10000,2333
css,method_c,3,1000.0,0.00210761210753764,Z,spin,10000,500,270,10000,10
css,method_c,3,100.0,0.00210761210753764,X,spin,10000,500,270,10000,2401
css,method_c,3,1000.0,0.00210761210753764,X,spin,10000,500,270,10000,2404
x3z3,pairs,3,1.0,0.00210761210753764,Z,spin,10000,500,432,10000,1112
x3z3,pairs,3,0.5,0.00210761210753764,Z,spin,10000,500,432,10000,1298
x3z3,pairs,3,0.5,0.00210761210753764,X,spin,10000,500,432,10000,1313
x3z3,pairs,3,3.0,0.00210761210753764,Z,spin,10000,500,432,10000,852
x3z3,pairs,3,1.0,0.00210761210753764,X,spin,10000,500,432,10000,1185
x3z3,pairs,3,10.0,0.00210761210753764,Z,spin,10000,500,432,10000,574
x3z3,pairs,3,3.0,0.00210761210753764,X,spin,10000,500,432,10000,801
x3z3,pairs,3,10.0,0.00210761210753764,X,spin,10000,500,432,10000,662
x3z3,pairs,3,30.0,0.00210761210753764,Z,spin,10000,500,432,10000,538
x3z3,pairs,3,100.0,0.00210761210753764,Z,spin,10000,500,432,10000,531
x3z3,pairs,3,30.0,0.00210761210753764,X,spin,10000,500,432,10000,579
x3z3,pairs,3,100.0,0.00210761210753764,X,spin,10000,500,432,10000,527
x3z3,pairs,3,1000.0,0.00210761210753764,Z,spin,10000,500,432,10000,517
x3z3,pairs,3,1000.0,0.00210761210753764,X,spin,10000,500,432,10000,504
x3z3,method_a,3,0.5,0.00210761210753764,X,spin,10000,500,270,10000,2117
x3z3,method_a,3,0.5,0.00210761210753764,Z,spin,10000,500,270,10000,2182
x3z3,method_a,3,1.0,0.00210761210753764,Z,spin,10000,500,270,10000,2018
x3z3,method_a,3,3.0,0.00210761210753764,X,spin,10000,500,270,10000,1414
x3z3,method_a,3,3.0,0.00210761210753764,Z,spin,10000,500,270,10000,1453
x3z3,method_a,3,1.0,0.00210761210753764,X,spin,10000,500,270,10000,1954
x3z3,method_a,3,10.0,0.00210761210753764,X,spin,10000,500,270,10000,1072
x3z3,method_a,3,10.0,0.00210761210753764,Z,spin,10000,500,270,10000,1121
x3z3,method_a,3,30.0,0.00210761210753764,Z,spin,10000,500,270,10000,947
x3z3,method_a,3,30.0,0.00210761210753764,X,spin,10000,500,270,10000,959
x3z3,method_a,3,100.0,0.00210761210753764,Z,spin,10000,500,270,10000,869
x3z3,method_a,3,100.0,0.00210761210753764,X,spin,10000,500,270,10000,898
x3z3,method_a,3,1000.0,0.00210761210753764,Z,spin,10000,500,270,10000,874
x3z3,method_a,3,1000.0,0.00210761210753764,X,spin,10000,500,270,10000,833
x3z3,method_b,3,0.5,0.00210761210753764,Z,spin,10000,500,270,10000,1676
x3z3,method_b,3,0.5,0.00210761210753764,X,spin,10000,500,270,10000,1726
x3z3,method_b,3,1.0,0.00210761210753764,Z,spin,10000,500,270,10000,1448
x3z3,method_b,3,1.0,0.00210761210753764,X,spin,10000,500,270,10000,1480
x3z3,method_b,3,3.0,0.00210761210753764,Z,spin,10000,500,270,10000,1110
x3z3,method_b,3,3.0,0.00210761210753764,X,spin,10000,500,270,10000,1113
x3z3,method_b,3,10.0,0.00210761210753764,Z,spin,10000,500,270,10000,847
x3z3,method_b,3,10.0,0.00210761210753764,X,spin,10000,500,270,10000,817
x3z3,method_b,3,30.0,0.00210761210753764,Z,spin,10000,500,270,10000,672
x3z3,method_b,3,100.0,0.00210761210753764,Z,spin,10000,500,270,10000,625
x3z3,method_b,3,30.0,0.00210761210753764,X,spin,10000,500,270,10000,695
x3z3,method_b,3,100.0,0.00210761210753764,X,spin,10000,500,270,10000,648
x3z3,method_b,3,1000.0,0.00210761210753764,Z,spin,10000,500,270,10000,659
x3z3,method_b,3,1000.0,0.00210761210753764,X,spin,10000,500,270,10000,675
x3z3,method_c,3,0.5,0.00210761210753764,Z,spin,10000,500,270,10000,1701
x3z3,method_c,3,1.0,0.00210761210753764,Z,spin,10000,500,270,10000,1466
x3z3,method_c,3,0.5,0.00210761210753764,X,spin,10000,500,270,10000,1712
x3z3,method_c,3,1.0,0.00210761210753764,X,spin,10000,500,270,10000,1468
x3z3,method_c,3,3.0,0.00210761210753764,Z,spin,10000,500,270,10000,1066
x3z3,method_c,3,10.0,0.00210761210753764,Z,spin,10000,500,270,10000,820
x3z3,method_c,3,3.0,0.00210761210753764,X,spin,10000,500,270,10000,1134
x3z3,method_c,3,10.0,0.00210761210753764,X,spin,10000,500,270,10000,804
x3z3,method_c,3,30.0,0.00210761210753764,X,spin,10000,500,270,10000,710
x3z3,method_c,3,30.0,0.00210761210753764,Z,spin,10000,500,270,10000,736
x3z3,method_c,3,100.0,0.00210761210753764,X,spin,10000,500,270,10000,648
x3z3,method_c,3,100.0,0.00210761210753764,Z,spin,10000,500,270,10000,638
x3z3,method_c,3,1000.0,0.00210761210753764,X,spin,10000,500,270,10000,606
x3z3,method_c,3,1000.0,0.00210761210753764,Z,spin,10000,500,270,10000,617
css,pairs,3,0.5,0.0014234118267165174,Z,spin,10000,500,432,10000,259
css,pairs,3,0.5,0.0014234118267165174,X,spin,10000,500,432,10000,274
css,pairs,3,1.0,0.0014234118267165174,Z,spin,10000,500,432,10000,139
css,pairs,3,1.0,0.0014234118267165174,X,spin,10000,500,432,10000,388
css,pairs,3,3.0,0.0014234118267165174,Z,spin,10000,500,432,10000,39
css,pairs,3,10.0,0.0014234118267165174,Z,spin,10000,500,432,10000,9
css,pairs,3,3.0,0.0014234118267165174,X,spin,10000,500,432,10000,502
css,pairs,3,30.0,0.0014234118267165174,Z,spin,10000,500,432,10000,2
css,pairs,3,10.0,0.0014234118267165174,X,spin,10000,500,432,10000,522
css,pairs,3,30.0,0.0014234118267165174,X,spin,10000,500,432,10000,584
css,pairs,3,100.0,0.0014234118267165174,Z,spin,10000,500,432,10000,1
css,pairs,3,1000.0,0.0014234118267165174,Z,spin,10000,500,432,10000,2
css,pairs,3,1000.0,0.0014234118267165174,X,spin,10000,500,432,10000,566
css,pairs,3,100.0,0.0014234118267165174,X,spin,10000,500,432,10000,533
css,method_a,3,0.5,0.0014234118267165174,Z,spin,10000,500,270,10000,650
css,method_a,3,0.5,0.0014234118267165174,X,spin,10000,500,270,10000,608
css,method_a,3,1.0,0.0014234118267165174,X,spin,10000,500,270,10000,771
css,method_a,3,1.0,0.0014234118267165174,Z,spin,10000,500,270,10000,376
css,method_a,3,3.0,0.0014234118267165174,Z,spin,10000,500,270,10000,102
css,method_a,3,3.0,0.0014234118267165174,X,spin,10000,500,270,10000,916
css,method_a,3,10.0,0.0014234118267165174,Z,spin,10000,500,270,10000,8
css,method_a,3,100.0,0.0014234118267165174,Z,spin,10000,500,270,10000,0
css,method_a,3,30.0,0.0014234118267165174,Z,spin,10000,500,270,10000,6
css,method_a,3,10.0,0.0014234118267165174,X,spin,10000,500,270,10000,1074
css,method_a,3,1000.0,0.0014234118267165174,Z,spin,10000,500,270,10000,0
css,method_a,3,30.0,0.0014234118267165174,X,spin,10000,500,270,10000,1100
css,method_a,3,100.0,0.0014234118267165174,X,spin,10000,500,270,10000,1114
css,method_a,3,1000.0,0.0014234118267165174,X,spin,10000,500,270,10000,1121
css,method_b,3,0.5,0.0014234118267165174,Z,spin,10000,500,270,10000,440
css,method_b,3,0.5,0.0014234118267165174,X,spin,10000,500,270,10000,428
css,method_b,3,3.0,0.0014234118267165174,Z,spin,10000,500,270,10000,64
css,method_b,3,1.0,0.0014234118267165174,Z,spin,10000,500,270,10000,229
css,method_b,3,1.0,0.0014234118267165174,X,spin,10000,500,270,10000,485
css,method_b,3,10.0,0.0014234118267165174,Z,spin,10000,500,270,10000,5
css,method_b,3,3.0,0.0014234118267165174,X,spin,10000,500,270,10000,573
css,method_b,3,30.0,0.0014234118267165174,Z,spin,10000,500,270,10000,2
css,method_b,3,10.0,0.0014234118267165174,X,spin,10000,500,270,10000,709
css,method_b,3,100.0,0.0014234118267165174,Z,spin,10000,500,270,10000,3
css,method_b,3,30.0,0.0014234118267165174,X,spin,10000,500,270,10000,741
css,method_b,3,1000.0,0.0014234118267165174,Z,spin,10000,500,270,10000,0
css,method_b,3,100.0,0.0014234118267165174,X,spin,10000,500,270,10000,741
css,method_b,3,1000.0,0.0014234118267165174,X,spin,10000,500,270,10000,776
css,method_c,3,0.5,0.0014234118267165174,X,spin,10000,500,270,10000,453
css,method_c,3,1.0,0.0014234118267165174,Z,spin,10000,500,270,10000,256
css,method_c,3,0.5,0.0014234118267165174,Z,spin,10000,500,270,10000,442
css,method_c,3,3.0,0.0014234118267165174,Z,spin,10000,500,270,10000,51
css,method_c,3,1.0,0.0014234118267165174,X,spin,10000,500,270,10000,504
css,method_c,3,10.0,0.0014234118267165174,Z,spin,10000,500,270,10000,14
css,method_c,3,3.0,0.0014234118267165174,X,spin,10000,500,270,10000,613
css,method_c,3,30.0,0.0014234118267165174,Z,spin,10000,500,270,10000,3
css,method_c,3,10.0,0.0014234118267165174,X,spin,10000,500,270,10000,715
css,method_c,3,100.0,0.0014234118267165174,Z,spin,10000,500,270,10000,3
css,method_c,3,30.0,0.0014234118267165174,X,spin,10000,500,270,10000,680
css,method_c,3,1000.0,0.0014234118267165174,Z,spin,10000,500,270,10000,2
css,method_c,3,100.0,0.0014234118267165174,X,spin,10000,500,270,10000,722
css,method_c,3,1000.0,0.0014234118267165174,X,spin,10000,500,270,10000,703
x3z3,pairs,3,0.5,0.0014234118267165174,Z,spin,10000,500,432,10000,266
x3z3,pairs,3,0.5,0.0014234118267165174,X,spin,10000,500,432,10000,275
x3z3,pairs,3,3.0,0.0014234118267165174,Z,spin,10000,500,432,10000,161
x3z3,pairs,3,1.0,0.0014234118267165174,Z,spin,10000,500,432,10000,236
x3z3,pairs,3,1.0,0.0014234118267165174,X,spin,10000,500,432,10000,208
x3z3,pairs,3,3.0,0.0014234118267165174,X,spin,10000,500,432,10000,143
x3z3,pairs,3,10.0,0.0014234118267165174,Z,spin,10000,500,432,10000,116
x3z3,pairs,3,10.0,0.0014234118267165174,X,spin,10000,500,432,10000,88
x3z3,pairs,3,30.0,0.0014234118267165174,Z,spin,10000,500,432,10000,88
x3z3,pairs,3,30.0,0.0014234118267165174,X,spin,10000,500,432,10000,87
x3z3,pairs,3,100.0,0.0014234118267165174,Z,spin,10000,500,432,10000,77
x3z3,pairs,3,100.0,0.0014234118267165174,X,spin,10000,500,432,10000,81
x3z3,pairs,3,1000.0,0.0014234118267165174,X,spin,10000,500,432,10000,82
x3z3,pairs,3,1000.0,0.0014234118267165174,Z,spin,10000,500,432,10000,82
x3z3,method_a,3,0.5,0.0014234118267165174,Z,spin,10000,500,270,10000,611
x3z3,method_a,3,0.5,0.0014234118267165174,X,spin,10000,500,270,10000,615
x3z3,method_a,3,1.0,0.0014234118267165174,X,spin,10000,500,270,10000,462
x3z3,method_a,3,1.0,0.0014234118267165174,Z,spin,10000,500,270,10000,507
x3z3,method_a,3,3.0,0.0014234118267165174,Z,spin,10000,500,270,10000,328
x3z3,method_a,3,10.0,0.0014234118267165174,Z,spin,10000,500,270,10000,232
x3z3,method_a,3,3.0,0.0014234118267165174,X,spin,10000,500,270,10000,321
x3z3,method_a,3,30.0,0.0014234118267165174,Z,spin,10000,500,270,10000,176
x3z3,method_a,3,10.0,0.0014234118267165174,X,spin,10000,500,270,10000,224
x3z3,method_a,3,30.0,0.0014234118267165174,X,spin,10000,500,270,10000,144
x3z3,method_a,3,100.0,0.0014234118267165174,Z,spin,10000,500,270,10000,185
x3z3,method_a,3,1000.0,0.0014234118267165174,Z,spin,10000,500,270,10000,147
x3z3,method_a,3,100.0,0.0014234118267165174,X,spin,10000,500,270,10000,175
x3z3,method_a,3,1000.0,0.0014234118267165174,X,spin,10000,500,270,10000,162
x3z3,method_b,3,0.5,0.0014234118267165174,X,spin,10000,500,270,10000,390
x3z3,method_b,3,0.5,0.0014234118267165174,Z,spin,10000,500,270,10000,379
x3z3,method_b,3,1.0,0.0014234118267165174,Z,spin,10000,500,270,10000,341
x3z3,method_b,3,1.0,0.0014234118267165174,X,spin,10000,500,270,10000,360
x3z3,method_b,3,3.0,0.0014234118267165174,Z,spin,10000,500,270,10000,221
x3z3,method_b,3,3.0,0.0014234118267165174,X,spin,10000,500,270,10000,221
x3z3,method_b,3,10.0,0.0014234118267165174,Z,spin,10000,500,270,10000,150
x3z3,method_b,3,10.0,0.0014234118267165174,X,spin,10000,500,270,10000,148
x3z3,method_b,3,30.0,0.0014234118267165174,Z,spin,10000,500,270,10000,106
x3z3,method_b,3,30.0,0.0014234118267165174,X,spin,10000,500,270,10000,116
x3z3,method_b,3,100.0,0.0014234118267165174,Z,spin,10000,500,270,10000,97
x3z3,method_b,3,100.0,0.0014234118267165174,X,spin,10000,500,270,10000,94
x3z3,method_b,3,1000.0,0.0014234118267165174,Z,spin,10000,500,270,10000,100
x3z3,method_b,3,1000.0,0.0014234118267165174,X,spin,10000,500,270,10000,92
x3z3,method_c,3,0.5,0.0014234118267165174,Z,spin,10000,500,270,10000,409
x3z3,method_c,3,0.5,0.0014234118267165174,X,spin,10000,500,270,10000,436
x3z3,method_c,3,1.0,0.0014234118267165174,Z,spin,10000,500,270,10000,346
x3z3,method_c,3,3.0,0.0014234118267165174,Z,spin,10000,500,270,10000,209
x3z3,method_c,3,1.0,0.0014234118267165174,X,spin,10000,500,270,10000,358
x3z3,method_c,3,10.0,0.0014234118267165174,Z,spin,10000,500,270,10000,148
x3z3,method_c,3,3.0,0.0014234118267165174,X,spin,10000,500,270,10000,199
x3z3,method_c,3,10.0,0.0014234118267165174,X,spin,10000,500,270,10000,162
x3z3,method_c,3,30.0,0.0014234118267165174,X,spin,10000,500,270,10000,120
x3z3,method_c,3,100.0,0.0014234118267165174,Z,spin,10000,500,270,10000,105
x3z3,method_c,3,30.0,0.0014234118267165174,Z,spin,10000,500,270,10000,117
x3z3,method_c,3,1000.0,0.0014234118267165174,X,spin,10000,500,270,10000,117
x3z3,method_c,3,100.0,0.0014234118267165174,X,spin,10000,500,270,10000,94
x3z3,method_c,3,1000.0,0.0014234118267165174,Z,spin,10000,500,270,10000,96
css,pairs,3,0.5,0.001,X,spin,10000,500,432,10000,53
css,pairs,3,0.5,0.001,Z,spin,10000,500,432,10000,46
css,pairs,3,1.0,0.001,Z,spin,10000,500,432,10000,15
css,pairs,3,1.0,0.001,X,spin,10000,500,432,10000,56
css,pairs,3,3.0,0.001,X,spin,10000,500,432,10000,99
css,pairs,3,3.0,0.001,Z,spin,10000,500,432,10000,2
css,pairs,3,30.0,0.001,Z,spin,10000,500,432,10000,0
css,pairs,3,10.0,0.001,Z,spin,10000,500,432,10000,1
css,pairs,3,100.0,0.001,Z,spin,10000,500,432,10000,0
css,pairs,3,10.0,0.001,X,spin,10000,500,432,10000,97
css,pairs,3,100.0,0.001,X,spin,10000,500,432,10000,119
css,pairs,3,30.0,0.001,X,spin,10000,500,432,10000,110
css,pairs,3,1000.0,0.001,Z,spin,10000,500,432,10000,0
css,method_a,3,0.5,0.001,Z,spin,10000,500,270,10000,123
css,method_a,3,1.0,0.001,Z,spin,10000,500,270,10000,69
css,pairs,3,1000.0,0.001,X,spin,10000,500,432,10000,106
css,method_a,3,1.0,0.001,X,spin,10000,500,270,10000,154
css,method_a,3,0.5,0.001,X,spin,10000,500,270,10000,116
css,method_a,3,3.0,0.001,Z,spin,10000,500,270,10000,13
css,method_a,3,3.0,0.001,X,spin,10000,500,270,10000,192
css,method_a,3,10.0,0.001,Z,spin,10000,500,270,10000,1
css,method_a,3,10.0,0.001,X,spin,10000,500,270,10000,275
css,method_a,3,30.0,0.001,Z,spin,10000,500,270,10000,0
css,method_a,3,30.0,0.001,X,spin,10000,500,270,10000,264
css,method_a,3,100.0,0.001,Z,spin,10000,500,270,10000,0
css,method_a,3,100.0,0.001,X,spin,10000,500,270,10000,307
css,method_a,3,1000.0,0.001,Z,spin,10000,500,270,10000,0
css,method_a,3,1000.0,0.001,X,spin,10000,500,270,10000,292
css,method_b,3,0.5,0.001,Z,spin,10000,500,270,10000,82
css,method_b,3,1.0,0.001,X,spin,10000,500,270,10000,88
css,method_b,3,1.0,0.001,Z,spin,10000,500,270,10000,36
css,method_b,3,0.5,0.001,X,spin,10000,500,270,10000,82
css,method_b,3,3.0,0.001,Z,spin,10000,500,270,10000,10
css,method_b,3,3.0,0.001,X,spin,10000,500,270,10000,142
css,method_b,3,10.0,0.001,Z,spin,10000,500,270,10000,2
css,method_b,3,10.0,0.001,X,spin,10000,500,270,10000,179
css,method_b,3,30.0,0.001,Z,spin,10000,500,270,10000,0
css,method_b,3,100.0,0.001,Z,spin,10000,500,270,10000,0
css,method_b,3,100.0,0.001,X,spin,10000,500,270,10000,134
css,method_b,3,30.0,0.001,X,spin,10000,500,270,10000,156
css,method_b,3,1000.0,0.001,Z,spin,10000,500,270,10000,1
css,method_c,3,0.5,0.001,Z,spin,10000,500,270,10000,92
css,method_b,3,1000.0,0.001,X,spin,10000,500,270,10000,179
css,method_c,3,1.0,0.001,Z,spin,10000,500,270,10000,27
css,method_c,3,1.0,0.001,X,spin,10000,500,270,10000,103
css,method_c,3,3.0,0.001,Z,spin,10000,500,270,10000,10
css,method_c,3,0.5,0.001,X,spin,10000,500,270,10000,90
css,method_c,3,10.0,0.001,X,spin,10000,500,270,10000,154
css,method_c,3,10.0,0.001,Z,spin,10000,500,270,10000,0
css,method_c,3,3.0,0.001,X,spin,10000,500,270,10000,115
css,method_c,3,30.0,0.001,X,spin,10000,500,270,10000,170
css,method_c,3,100.0,0.001,Z,spin,10000,500,270,10000,0
css,method_c,3,30.0,0.001,Z,spin,10000,500,270,10000,1
css,method_c,3,100.0,0.001,X,spin,10000,500,270,10000,159
css,method_c,3,1000.0,0.001,Z,spin,10000,500,270,10000,0
css,method_c,3,1000.0,0.001,X,spin,10000,500,270,10000,162
x3z3,pairs,3,0.5,0.001,Z,spin,10000,500,432,10000,57
x3z3,pairs,3,0.5,0.001,X,spin,10000,500,432,10000,37
x3z3,pairs,3,3.0,0.001,Z,spin,10000,500,432,10000,26
x3z3,pairs,3,1.0,0.001,Z,spin,10000,500,432,10000,47
x3z3,pairs,3,1.0,0.001,X,spin,10000,500,432,10000,29
x3z3,pairs,3,3.0,0.001,X,spin,10000,500,432,10000,30
x3z3,pairs,3,10.0,0.001,Z,spin,10000,500,432,10000,21
x3z3,pairs,3,10.0,0.001,X,spin,10000,500,432,10000,15
x3z3,pairs,3,30.0,0.001,Z,spin,10000,500,432,10000,15
x3z3,pairs,3,30.0,0.001,X,spin,10000,500,432,10000,10
x3z3,pairs,3,100.0,0.001,X,spin,10000,500,432,10000,13
x3z3,pairs,3,100.0,0.001,Z,spin,10000,500,432,10000,12
x3z3,pairs,3,1000.0,0.001,Z,spin,10000,500,432,10000,6
x3z3,method_a,3,0.5,0.001,Z,spin,10000,500,270,10000,106
x3z3,pairs,3,1000.0,0.001,X,spin,10000,500,432,10000,6
x3z3,method_a,3,0.5,0.001,X,spin,10000,500,270,10000,123
x3z3,method_a,3,1.0,0.001,Z,spin,10000,500,270,10000,106
x3z3,method_a,3,1.0,0.001,X,spin,10000,500,270,10000,112
x3z3,method_a,3,3.0,0.001,X,spin,10000,500,270,10000,63
x3z3,method_a,3,3.0,0.001,Z,spin,10000,500,270,10000,64
x3z3,method_a,3,10.0,0.001,Z,spin,10000,500,270,10000,33
x3z3,method_a,3,10.0,0.001,X,spin,10000,500,270,10000,34
x3z3,method_a,3,30.0,0.001,Z,spin,10000,500,270,10000,40
x3z3,method_a,3,30.0,0.001,X,spin,10000,500,270,10000,32
x3z3,method_a,3,100.0,0.001,X,spin,10000,500,270,10000,25
x3z3,method_a,3,100.0,0.001,Z,spin,10000,500,270,10000,16
x3z3,method_a,3,1000.0,0.001,X,spin,10000,500,270,10000,30
x3z3,method_a,3,1000.0,0.001,Z,spin,10000,500,270,10000,19
x3z3,method_b,3,0.5,0.001,Z,spin,10000,500,270,10000,76
x3z3,method_b,3,1.0,0.001,Z,spin,10000,500,270,10000,62
x3z3,method_b,3,0.5,0.001,X,spin,10000,500,270,10000,88
x3z3,method_b,3,1.0,0.001,X,spin,10000,500,270,10000,78
x3z3,method_b,3,3.0,0.001,X,spin,10000,500,270,10000,38
x3z3,method_b,3,3.0,0.001,Z,spin,10000,500,270,10000,33
x3z3,method_b,3,10.0,0.001,Z,spin,10000,500,270,10000,21
x3z3,method_b,3,10.0,0.001,X,spin,10000,500,270,10000,22
x3z3,method_b,3,30.0,0.001,Z,spin,10000,500,270,10000,13
x3z3,method_b,3,30.0,0.001,X,spin,10000,500,270,10000,14
x3z3,method_b,3,100.0,0.001,Z,spin,10000,500,270,10000,12
x3z3,method_b,3,100.0,0.001,X,spin,10000,500,270,10000,20
x3z3,method_b,3,1000.0,0.001,Z,spin,10000,500,270,10000,14
x3z3,method_b,3,1000.0,0.001,X,spin,10000,500,270,10000,15
x3z3,method_c,3,0.5,0.001,Z,spin,10000,500,270,10000,82
x3z3,method_c,3,0.5,0.001,X,spin,10000,500,270,10000,84
x3z3,method_c,3,1.0,0.001,Z,spin,10000,500,270,10000,78
x3z3,method_c,3,1.0,0.001,X,spin,10000,500,270,10000,69
x3z3,method_c,3,3.0,0.001,Z,spin,10000,500,270,10000,44
x3z3,method_c,3,3.0,0.001,X,spin,10000,500,270,10000,34
x3z3,method_c,3,10.0,0.001,Z,spin,10000,500,270,10000,26
x3z3,method_c,3,10.0,0.001,X,spin,10000,500,270,10000,27
x3z3,method_c,3,30.0,0.001,Z,spin,10000,500,270,10000,18
x3z3,method_c,3,100.0,0.001,X,spin,10000,500,270,10000,9
x3z3,method_c,3,100.0,0.001,Z,spin,10000,500,270,10000,15
x3z3,method_c,3,30.0,0.001,X,spin,10000,500,270,10000,15
x3z3,method_c,3,1000.0,0.001,X,spin,10000,500,270,10000,18
x3z3,method_c,3,1000.0,0.001,Z,spin,10000,500,270,10000,14
css,pairs,3,1.0,0.0009613254835604356,Z,spin,10000,500,432,10000,18
css,pairs,3,0.5,0.0009613254835604356,X,spin,10000,500,432,10000,32
css,pairs,3,0.5,0.0009613254835604356,Z,spin,10000,500,432,10000,34
css,pairs,3,3.0,0.0009613254835604356,Z,spin,10000,500,432,10000,5
css,pairs,3,1.0,0.0009613254835604356,X,spin,10000,500,432,10000,45
css,pairs,3,3.0,0.0009613254835604356,X,spin,10000,500,432,10000,65
css,pairs,3,10.0,0.0009613254835604356,Z,spin,10000,500,432,10000,0
css,pairs,3,10.0,0.0009613254835604356,X,spin,10000,500,432,10000,91
css,pairs,3,100.0,0.0009613254835604356,Z,spin,10000,500,432,10000,1
css,pairs,3,30.0,0.0009613254835604356,Z,spin,10000,500,432,10000,0
css,pairs,3,30.0,0.0009613254835604356,X,spin,10000,500,432,10000,88
css,pairs,3,1000.0,0.0009613254835604356,Z,spin,10000,500,432,10000,0
css,pairs,3,100.0,0.0009613254835604356,X,spin,10000,500,432,10000,91
css,method_a,3,0.5,0.0009613254835604356,Z,spin,10000,500,270,10000,120
css,pairs,3,1000.0,0.0009613254835604356,X,spin,10000,500,432,10000,110
css,method_a,3,0.5,0.0009613254835604356,X,spin,10000,500,270,10000,95
css,method_a,3,1.0,0.0009613254835604356,X,spin,10000,500,270,10000,113
css,method_a,3,3.0,0.0009613254835604356,Z,spin,10000,500,270,10000,5
css,method_a,3,1.0,0.0009613254835604356,Z,spin,10000,500,270,10000,44
css,method_a,3,3.0,0.0009613254835604356,X,spin,10000,500,270,10000,187
css,method_a,3,10.0,0.0009613254835604356,Z,spin,10000,500,270,10000,1
css,method_a,3,30.0,0.0009613254835604356,Z,spin,10000,500,270,10000,0
css,method_a,3,10.0,0.0009613254835604356,X,spin,10000,500,270,10000,198
css,method_a,3,30.0,0.0009613254835604356,X,spin,10000,500,270,10000,228
css,method_a,3,100.0,0.0009613254835604356,Z,spin,10000,500,270,10000,0
css,method_a,3,1000.0,0.0009613254835604356,Z,spin,10000,500,270,10000,1
css,method_a,3,100.0,0.0009613254835604356,X,spin,10000,500,270,10000,262
css,method_b,3,0.5,0.0009613254835604356,Z,spin,10000,500,270,10000,69
css,method_a,3,1000.0,0.0009613254835604356,X,spin,10000,500,270,10000,252
css,method_b,3,1.0,0.0009613254835604356,Z,spin,10000,500,270,10000,29
css,method_b,3,0.5,0.0009613254835604356,X,spin,10000,500,270,10000,67
css,method_b,3,1.0,0.0009613254835604356,X,spin,10000,500,270,10000,80
css,method_b,3,3.0,0.0009613254835604356,Z,spin,10000,500,270,10000,11
css,method_b,3,30.0,0.0009613254835604356,Z,spin,10000,500,270,10000,0
css,method_b,3,10.0,0.0009613254835604356,X,spin,10000,500,270,10000,124
css,method_b,3,30.0,0.0009613254835604356,X,spin,10000,500,270,10000,118
css,method_b,3,10.0,0.0009613254835604356,Z,spin,10000,500,270,10000,1
css,method_b,3,3.0,0.0009613254835604356,X,spin,10000,500,270,10000,109
css,method_b,3,100.0,0.0009613254835604356,Z,spin,10000,500,270,10000,0
css,method_b,3,1000.0,0.0009613254835604356,Z,spin,10000,500,270,10000,0
css,method_b,3,1000.0,0.0009613254835604356,X,spin,10000,500,270,10000,133
css,method_b,3,100.0,0.0009613254835604356,X,spin,10000,500,270,10000,120
css,method_c,3,0.5,0.0009613254835604356,Z,spin,10000,500,270,10000,62
css,method_c,3,0.5,0.0009613254835604356,X,spin,10000,500,270,10000,70
css,method_c,3,1.0,0.0009613254835604356,Z,spin,10000,500,270,10000,24
css,method_c,3,1.0,0.0009613254835604356,X,spin,10000,500,270,10000,80
css,method_c,3,3.0,0.0009613254835604356,X,spin,10000,500,270,10000,109
css,method_c,3,3.0,0.0009613254835604356,Z,spin,10000,500,270,10000,5
css,method_c,3,10.0,0.0009613254835604356,Z,spin,10000,500,270,10000,3
css,method_c,3,30.0,0.0009613254835604356,Z,spin,10000,500,270,10000,0
css,method_c,3,10.0,0.0009613254835604356,X,spin,10000,500,270,10000,120
css,method_c,3,30.0,0.0009613254835604356,X,spin,10000,500,270,10000,134
css,method_c,3,100.0,0.0009613254835604356,Z,spin,10000,500,270,10000,0
css,method_c,3,1000.0,0.0009613254835604356,Z,spin,10000,500,270,10000,0
css,method_c,3,100.0,0.0009613254835604356,X,spin,10000,500,270,10000,128
css,method_c,3,1000.0,0.0009613254835604356,X,spin,10000,500,270,10000,126
x3z3,pairs,3,0.5,0.0009613254835604356,X,spin,10000,500,432,10000,45
x3z3,pairs,3,0.5,0.0009613254835604356,Z,spin,10000,500,432,10000,36
x3z3,pairs,3,1.0,0.0009613254835604356,X,spin,10000,500,432,10000,18
x3z3,pairs,3,1.0,0.0009613254835604356,Z,spin,10000,500,432,10000,25
x3z3,pairs,3,3.0,0.0009613254835604356,Z,spin,10000,500,432,10000,20
x3z3,pairs,3,3.0,0.0009613254835604356,X,spin,10000,500,432,10000,31
x3z3,pairs,3,10.0,0.0009613254835604356,Z,spin,10000,500,432,10000,15
x3z3,pairs,3,10.0,0.0009613254835604356,X,spin,10000,500,432,10000,6
x3z3,pairs,3,30.0,0.0009613254835604356,Z,spin,10000,500,432,10000,8
x3z3,pairs,3,30.0,0.0009613254835604356,X,spin,10000,500,432,10000,8
x3z3,pairs,3,100.0,0.0009613254835604356,Z,spin,10000,500,432,10000,11
x3z3,pairs,3,100.0,0.0009613254835604356,X,spin,10000,500,432,10000,12
x3z3,pairs,3,1000.0,0.0009613254835604356,Z,spin,10000,500,432,10000,4
x3z3,pairs,3,1000.0,0.0009613254835604356,X,spin,10000,500,432,10000,6
x3z3,method_a,3,0.5,0.0009613254835604356,Z,spin,10000,500,270,10000,128
x3z3,method_a,3,0.5,0.0009613254835604356,X,spin,10000,500,270,10000,103
x3z3,method_a,3,1.0,0.0009613254835604356,Z,spin,10000,500,270,10000,91
x3z3,method_a,3,1.0,0.0009613254835604356,X,spin,10000,500,270,10000,80
x3z3,method_a,3,3.0,0.0009613254835604356,Z,spin,10000,500,270,10000,51
x3z3,method_a,3,10.0,0.0009613254835604356,Z,spin,10000,500,270,10000,23
x3z3,method_a,3,3.0,0.0009613254835604356,X,spin,10000,500,270,10000,46
x3z3,method_a,3,10.0,0.0009613254835604356,X,spin,10000,500,270,10000,32
x3z3,method_a,3,30.0,0.0009613254835604356,Z,spin,10000,500,270,10000,23
x3z3,method_a,3,30.0,0.0009613254835604356,X,spin,10000,500,270,10000,25
x3z3,method_a,3,100.0,0.0009613254835604356,Z,spin,10000,500,270,10000,21
x3z3,method_a,3,1000.0,0.0009613254835604356,Z,spin,10000,500,270,10000,17
x3z3,method_a,3,100.0,0.0009613254835604356,X,spin,10000,500,270,10000,17
x3z3,method_a,3,1000.0,0.0009613254835604356,X,spin,10000,500,270,10000,17
x3z3,method_b,3,0.5,0.0009613254835604356,Z,spin,10000,500,270,10000,62
x3z3,method_b,3,0.5,0.0009613254835604356,X,spin,10000,500,270,10000,71
x3z3,method_b,3,1.0,0.0009613254835604356,Z,spin,10000,500,270,10000,47
x3z3,method_b,3,1.0,0.0009613254835604356,X,spin,10000,500,270,10000,49
x3z3,method_b,3,3.0,0.0009613254835604356,Z,spin,10000,500,270,10000,25
x3z3,method_b,3,3.0,0.0009613254835604356,X,spin,10000,500,270,10000,37
x3z3,method_b,3,10.0,0.0009613254835604356,Z,spin,10000,500,270,10000,19
x3z3,method_b,3,10.0,0.0009613254835604356,X,spin,10000,500,270,10000,16
x3z3,method_b,3,30.0,0.0009613254835604356,Z,spin,10000,500,270,10000,10
x3z3,method_b,3,30.0,0.0009613254835604356,X,spin,10000,500,270,10000,10
x3z3,method_b,3,100.0,0.0009613254835604356,Z,spin,10000,500,270,10000,12
x3z3,method_b,3,100.0,0.0009613254835604356,X,spin,10000,500,270,10000,17
x3z3,method_b,3,1000.0,0.0009613254835604356,Z,spin,10000,500,270,10000,12
x3z3,method_b,3,1000.0,0.0009613254835604356,X,spin,10000,500,270,10000,17
x3z3,method_c,3,0.5,0.0009613254835604356,X,spin,10000,500,270,10000,54
x3z3,method_c,3,0.5,0.0009613254835604356,Z,spin,10000,500,270,10000,74
x3z3,method_c,3,1.0,0.0009613254835604356,Z,spin,10000,500,270,10000,51
x3z3,method_c,3,1.0,0.0009613254835604356,X,spin,10000,500,270,10000,45
x3z3,method_c,3,3.0,0.0009613254835604356,Z,spin,10000,500,270,10000,30
x3z3,method_c,3,3.0,0.0009613254835604356,X,spin,10000,500,270,10000,27
x3z3,method_c,3,10.0,0.0009613254835604356,Z,spin,10000,500,270,10000,15
x3z3,method_c,3,10.0,0.0009613254835604356,X,spin,10000,500,270,10000,14
x3z3,method_c,3,30.0,0.0009613254835604356,Z,spin,10000,500,270,10000,14
x3z3,method_c,3,30.0,0.0009613254835604356,X,spin,10000,500,270,10000,13
x3z3,method_c,3,100.0,0.0009613254835604356,Z,spin,10000,500,270,10000,16
x3z3,method_c,3,100.0,0.0009613254835604356,X,spin,10000,500,270,10000,12
x3z3,method_c,3,1000.0,0.0009613254835604356,Z,spin,10000,500,270,10000,14
x3z3,method_c,3,1000.0,0.0009613254835604356,X,spin,10000,500,270,10000,17
css,pairs,3,0.5,0.0006492475810563549,Z,spin,10000,500,432,10000,2
css,pairs,3,0.5,0.0006492475810563549,X,spin,10000,500,432,10000,7
css,pairs,3,1.0,0.0006492475810563549,Z,spin,10000,500,432,10000,1
css,pairs,3,1.0,0.0006492475810563549,X,spin,10000,500,432,10000,7
css,pairs,3,3.0,0.0006492475810563549,X,spin,10000,500,432,10000,9
css,pairs,3,3.0,0.0006492475810563549,Z,spin,10000,500,432,10000,1
css,pairs,3,10.0,0.0006492475810563549,Z,spin,10000,500,432,10000,0
css,pairs,3,10.0,0.0006492475810563549,X,spin,10000,500,432,10000,14
css,pairs,3,30.0,0.0006492475810563549,Z,spin,10000,500,432,10000,0
css,pairs,3,30.0,0.0006492475810563549,X,spin,10000,500,432,10000,13
css,pairs,3,100.0,0.0006492475810563549,Z,spin,10000,500,432,10000,0
css,pairs,3,100.0,0.0006492475810563549,X,spin,10000,500,432,10000,6
css,pairs,3,1000.0,0.0006492475810563549,Z,spin,10000,500,432,10000,0
css,pairs,3,1000.0,0.0006492475810563549,X,spin,10000,500,432,10000,8
css,method_a,3,0.5,0.0006492475810563549,Z,spin,10000,500,270,10000,15
css,method_a,3,0.5,0.0006492475810563549,X,spin,10000,500,270,10000,11
css,method_a,3,1.0,0.0006492475810563549,Z,spin,10000,500,270,10000,4
css,method_a,3,1.0,0.0006492475810563549,X,spin,10000,500,270,10000,28
css,method_a,3,3.0,0.0006492475810563549,Z,spin,10000,500,270,10000,1
css,method_a,3,10.0,0.0006492475810563549,Z,spin,10000,500,270,10000,0
css,method_a,3,3.0,0.0006492475810563549,X,spin,10000,500,270,10000,23
css,method_a,3,10.0,0.0006492475810563549,X,spin,10000,500,270,10000,32
css,method_a,3,30.0,0.0006492475810563549,Z,spin,10000,500,270,10000,0
css,method_a,3,100.0,0.0006492475810563549,Z,spin,10000,500,270,10000,0
css,method_a,3,30.0,0.0006492475810563549,X,spin,10000,500,270,10000,27
css,method_a,3,1000.0,0.0006492475810563549,Z,spin,10000,500,270,10000,0
css,method_a,3,100.0,0.0006492475810563549,X,spin,10000,500,270,10000,40
css,method_a,3,1000.0,0.0006492475810563549,X,spin,10000,500,270,10000,29
css,method_b,3,0.5,0.0006492475810563549,Z,spin,10000,500,270,10000,6
css,method_b,3,1.0,0.0006492475810563549,Z,spin,10000,500,270,10000,0
css,method_b,3,0.5,0.0006492475810563549,X,spin,10000,500,270,10000,11
css,method_b,3,1.0,0.0006492475810563549,X,spin,10000,500,270,10000,10
css,method_b,3,3.0,0.0006492475810563549,Z,spin,10000,500,270,10000,0
css,method_b,3,3.0,0.0006492475810563549,X,spin,10000,500,270,10000,7
css,method_b,3,10.0,0.0006492475810563549,Z,spin,10000,500,270,10000,0
css,method_b,3,10.0,0.0006492475810563549,X,spin,10000,500,270,10000,13
css,method_b,3,30.0,0.0006492475810563549,Z,spin,10000,500,270,10000,0
css,method_b,3,100.0,0.0006492475810563549,Z,spin,10000,500,270,10000,0
css,method_b,3,30.0,0.0006492475810563549,X,spin,10000,500,270,10000,23
css,method_b,3,100.0,0.0006492475810563549,X,spin,10000,500,270,10000,20
css,method_b,3,1000.0,0.0006492475810563549,Z,spin,10000,500,270,10000,0
css,method_c,3,0.5,0.0006492475810563549,Z,spin,10000,500,270,10000,11
css,method_b,3,1000.0,0.0006492475810563549,X,spin,10000,500,270,10000,13
css,method_c,3,0.5,0.0006492475810563549,X,spin,10000,500,270,10000,5
css,method_c,3,3.0,0.0006492475810563549,X,spin,10000,500,270,10000,10
css,method_c,3,1.0,0.0006492475810563549,Z,spin,10000,500,270,10000,4
css,method_c,3,3.0,0.0006492475810563549,Z,spin,10000,500,270,10000,0
css,method_c,3,1.0,0.0006492475810563549,X,spin,10000,500,270,10000,9
css,method_c,3,10.0,0.0006492475810563549,Z,spin,10000,500,270,10000,0
css,method_c,3,30.0,0.0006492475810563549,Z,spin,10000,500,270,10000,0
css,method_c,3,10.0,0.0006492475810563549,X,spin,10000,500,270,10000,20
css,method_c,3,30.0,0.0006492475810563549,X,spin,10000,500,270,10000,19
css,method_c,3,100.0,0.0006492475810563549,Z,spin,10000,500,270,10000,0
css,method_c,3,100.0,0.0006492475810563549,X,spin,10000,500,270,10000,17
css,method_c,3,1000.0,0.0006492475810563549,Z,spin,10000,500,270,10000,0
css,method_c,3,1000.0,0.0006492475810563549,X,spin,10000,500,270,10000,13
x3z3,pairs,3,0.5,0.0006492475810563549,Z,spin,10000,500,432,10000,3
x3z3,pairs,3,1.0,0.0006492475810563549,Z,spin,10000,500,432,10000,4
x3z3,pairs,3,0.5,0.0006492475810563549,X,spin,10000,500,432,10000,5
x3z3,pairs,3,1.0,0.0006492475810563549,X,spin,10000,500,432,10000,3
x3z3,pairs,3,3.0,0.0006492475810563549,Z,spin,10000,500,432,10000,2
x3z3,pairs,3,3.0,0.0006492475810563549,X,spin,10000,500,432,10000,1
x3z3,pairs,3,10.0,0.0006492475810563549,Z,spin,10000,500,432,10000,2
x3z3,pairs,3,10.0,0.0006492475810563549,X,spin,10000,500,432,10000,3
x3z3,pairs,3,30.0,0.0006492475810563549,X,spin,10000,500,432,10000,3
x3z3,pairs,3,30.0,0.0006492475810563549,Z,spin,10000,500,432,10000,0
x3z3,pairs,3,100.0,0.0006492475810563549,Z,spin,10000,500,432,10000,1
x3z3,pairs,3,100.0,0.0006492475810563549,X,spin,10000,500,432,10000,1
x3z3,pairs,3,1000.0,0.0006492475810563549,Z,spin,10000,500,432,10000,2
x3z3,method_a,3,0.5,0.0006492475810563549,Z,spin,10000,500,270,10000,9
x3z3,method_a,3,0.5,0.0006492475810563549,X,spin,10000,500,270,10000,13
x3z3,pairs,3,1000.0,0.0006492475810563549,X,spin,10000,500,432,10000,1
x3z3,method_a,3,1.0,0.0006492475810563549,Z,spin,10000,500,270,10000,13
x3z3,method_a,3,1.0,0.0006492475810563549,X,spin,10000,500,270,10000,11
x3z3,method_a,3,3.0,0.0006492475810563549,Z,spin,10000,500,270,10000,4
x3z3,method_a,3,3.0,0.0006492475810563549,X,spin,10000,500,270,10000,6
x3z3,method_a,3,10.0,0.0006492475810563549,Z,spin,10000,500,270,10000,2
x3z3,method_a,3,10.0,0.0006492475810563549,X,spin,10000,500,270,10000,1
x3z3,method_a,3,30.0,0.0006492475810563549,X,spin,10000,500,270,10000,3
x3z3,method_a,3,30.0,0.0006492475810563549,Z,spin,10000,500,270,10000,2
x3z3,method_a,3,100.0,0.0006492475810563549,Z,spin,10000,500,270,10000,1
x3z3,method_a,3,1000.0,0.0006492475810563549,X,spin,10000,500,270,10000,2
x3z3,method_a,3,100.0,0.0006492475810563549,X,spin,10000,500,270,10000,2
x3z3,method_a,3,1000.0,0.0006492475810563549,Z,spin,10000,500,270,10000,4
x3z3,method_b,3,0.5,0.0006492475810563549,Z,spin,10000,500,270,10000,9
x3z3,method_b,3,1.0,0.0006492475810563549,Z,spin,10000,500,270,10000,3
x3z3,method_b,3,0.5,0.0006492475810563549,X,spin,10000,500,270,10000,16
x3z3,method_b,3,1.0,0.0006492475810563549,X,spin,10000,500,270,10000,5
x3z3,method_b,3,3.0,0.0006492475810563549,Z,spin,10000,500,270,10000,3
x3z3,method_b,3,3.0,0.0006492475810563549,X,spin,10000,500,270,10000,3
x3z3,method_b,3,10.0,0.0006492475810563549,Z,spin,10000,500,270,10000,2
x3z3,method_b,3,10.0,0.0006492475810563549,X,spin,10000,500,270,10000,2
x3z3,method_b,3,30.0,0.0006492475810563549,Z,spin,10000,500,270,10000,3
x3z3,method_b,3,30.0,0.0006492475810563549,X,spin,10000,500,270,10000,3
x3z3,method_b,3,100.0,0.0006492475810563549,Z,spin,10000,500,270,10000,2
x3z3,method_b,3,100.0,0.0006492475810563549,X,spin,10000,500,270,10000,2
x3z3,method_b,3,1000.0,0.0006492475810563549,Z,spin,10000,500,270,10000,0
x3z3,method_b,3,1000.0,0.0006492475810563549,X,spin,10000,500,270,10000,0
x3z3,method_c,3,0.5,0.0006492475810563549,Z,spin,10000,500,270,10000,5
x3z3,method_c,3,0.5,0.0006492475810563549,X,spin,10000,500,270,10000,10
x3z3,method_c,3,1.0,0.0006492475810563549,Z,spin,10000,500,270,10000,6
x3z3,method_c,3,1.0,0.0006492475810563549,X,spin,10000,500,270,10000,3
x3z3,method_c,3,3.0,0.0006492475810563549,Z,spin,10000,500,270,10000,3
x3z3,method_c,3,10.0,0.0006492475810563549,Z,spin,10000,500,270,10000,1
x3z3,method_c,3,3.0,0.0006492475810563549,X,spin,10000,500,270,10000,6
x3z3,method_c,3,10.0,0.0006492475810563549,X,spin,10000,500,270,10000,0
x3z3,method_c,3,30.0,0.0006492475810563549,Z,spin,10000,500,270,10000,0
x3z3,method_c,3,30.0,0.0006492475810563549,X,spin,10000,500,270,10000,4
x3z3,method_c,3,100.0,0.0006492475810563549,Z,spin,10000,500,270,10000,2
x3z3,method_c,3,100.0,0.0006492475810563549,X,spin,10000,500,270,10000,1
x3z3,method_c,3,1000.0,0.0006492475810563549,Z,spin,10000,500,270,10000,1
x3z3,method_c,3,1000.0,0.0006492475810563549,X,spin,10000,500,270,10000,3
css,pairs,3,0.5,0.0004384804405125585,Z,spin,10000,500,432,10000,0
css,pairs,3,0.5,0.0004384804405125585,X,spin,10000,500,432,10000,1
css,pairs,3,1.0,0.0004384804405125585,Z,spin,10000,500,432,10000,2
css,pairs,3,1.0,0.0004384804405125585,X,spin,10000,500,432,10000,1
css,pairs,3,3.0,0.0004384804405125585,Z,spin,10000,500,432,10000,0
css,pairs,3,3.0,0.0004384804405125585,X,spin,10000,500,432,10000,0
css,pairs,3,10.0,0.0004384804405125585,X,spin,10000,500,432,10000,1
css,pairs,3,10.0,0.0004384804405125585,Z,spin,10000,500,432,10000,0
css,pairs,3,30.0,0.0004384804405125585,Z,spin,10000,500,432,10000,0
css,pairs,3,30.0,0.0004384804405125585,X,spin,10000,500,432,10000,0
css,pairs,3,100.0,0.0004384804405125585,Z,spin,10000,500,432,10000,0
css,pairs,3,1000.0,0.0004384804405125585,Z,spin,10000,500,432,10000,0
css,pairs,3,1000.0,0.0004384804405125585,X,spin,10000,500,432,10000,2
css,pairs,3,100.0,0.0004384804405125585,X,spin,10000,500,432,10000,2
css,method_a,3,0.5,0.0004384804405125585,Z,spin,10000,500,270,10000,0
css,method_a,3,0.5,0.0004384804405125585,X,spin,10000,500,270,10000,1
css,method_a,3,1.0,0.0004384804405125585,X,spin,10000,500,270,10000,7
css,method_a,3,1.0,0.0004384804405125585,Z,spin,10000,500,270,10000,0
css,method_a,3,3.0,0.0004384804405125585,Z,spin,10000,500,270,10000,0
css,method_a,3,3.0,0.0004384804405125585,X,spin,10000,500,270,10000,5
css,method_a,3,10.0,0.0004384804405125585,Z,spin,10000,500,270,10000,0
css,method_a,3,10.0,0.0004384804405125585,X,spin,10000,500,270,10000,1
css,method_a,3,30.0,0.0004384804405125585,Z,spin,10000,500,270,10000,0
css,method_a,3,30.0,0.0004384804405125585,X,spin,10000,500,270,10000,3
css,method_a,3,100.0,0.0004384804405125585,Z,spin,10000,500,270,10000,0
css,method_a,3,100.0,0.0004384804405125585,X,spin,10000,500,270,10000,2
css,method_a,3,1000.0,0.0004384804405125585,Z,spin,10000,500,270,10000,0
css,method_a,3,1000.0,0.0004384804405125585,X,spin,10000,500,270,10000,0
css,method_b,3,0.5,0.0004384804405125585,Z,spin,10000,500,270,10000,0
css,method_b,3,0.5,0.0004384804405125585,X,spin,10000,500,270,10000,0
css,method_b,3,1.0,0.0004384804405125585,Z,spin,10000,500,270,10000,0
css,method_b,3,1.0,0.0004384804405125585,X,spin,10000,500,270,10000,3
css,method_b,3,3.0,0.0004384804405125585,Z,spin,10000,500,270,10000,0
css,method_b,3,3.0,0.0004384804405125585,X,spin,10000,500,270,10000,1
css,method_b,3,30.0,0.0004384804405125585,Z,spin,10000,500,270,10000,0
css,method_b,3,10.0,0.0004384804405125585,Z,spin,10000,500,270,10000,0
css,method_b,3,10.0,0.0004384804405125585,X,spin,10000,500,270,10000,6
css,method_b,3,30.0,0.0004384804405125585,X,spin,10000,500,270,10000,2
css,method_b,3,100.0,0.0004384804405125585,Z,spin,10000,500,270,10000,0
css,method_b,3,1000.0,0.0004384804405125585,Z,spin,10000,500,270,10000,0
css,method_b,3,100.0,0.0004384804405125585,X,spin,10000,500,270,10000,3
css,method_b,3,1000.0,0.0004384804405125585,X,spin,10000,500,270,10000,1
css,method_c,3,0.5,0.0004384804405125585,Z,spin,10000,500,270,10000,0
css,method_c,3,1.0,0.0004384804405125585,Z,spin,10000,500,270,10000,0
css,method_c,3,0.5,0.0004384804405125585,X,spin,10000,500,270,10000,1
css,method_c,3,1.0,0.0004384804405125585,X,spin,10000,500,270,10000,0
css,method_c,3,3.0,0.0004384804405125585,Z,spin,10000,500,270,10000,0
css,method_c,3,3.0,0.0004384804405125585,X,spin,10000,500,270,10000,1
css,method_c,3,10.0,0.0004384804405125585,Z,spin,10000,500,270,10000,0
css,method_c,3,10.0,0.0004384804405125585,X,spin,10000,500,270,10000,3
css,method_c,3,30.0,0.0004384804405125585,Z,spin,10000,500,270,10000,0
css,method_c,3,30.0,0.0004384804405125585,X,spin,10000,500,270,10000,2
css,method_c,3,100.0,0.0004384804405125585,Z,spin,10000,500,270,10000,0
css,method_c,3,100.0,0.0004384804405125585,X,spin,10000,500,270,10000,2
css,method_c,3,1000.0,0.0004384804405125585,Z,spin,10000,500,270,10000,0
css,method_c,3,1000.0,0.0004384804405125585,X,spin,10000,500,270,10000,0
x3z3,pairs,3,0.5,0.0004384804405125585,Z,spin,10000,500,432,10000,0
x3z3,pairs,3,0.5,0.0004384804405125585,X,spin,10000,500,432,10000,0
x3z3,pairs,3,1.0,0.0004384804405125585,Z,spin,10000,500,432,10000,0
x3z3,pairs,3,1.0,0.0004384804405125585,X,spin,10000,500,432,10000,1
x3z3,pairs,3,3.0,0.0004384804405125585,Z,spin,10000,500,432,10000,0
x3z3,pairs,3,10.0,0.0004384804405125585,Z,spin,10000,500,432,10000,0
x3z3,pairs,3,3.0,0.0004384804405125585,X,spin,10000,500,432,10000,0
x3z3,pairs,3,10.0,0.0004384804405125585,X,spin,10000,500,432,10000,0
x3z3,pairs,3,30.0,0.0004384804405125585,Z,spin,10000,500,432,10000,0
x3z3,pairs,3,30.0,0.0004384804405125585,X,spin,10000,500,432,10000,0
x3z3,pairs,3,100.0,0.0004384804405125585,Z,spin,10000,500,432,10000,0
x3z3,pairs,3,100.0,0.0004384804405125585,X,spin,10000,500,432,10000,1
x3z3,method_a,3,0.5,0.0004384804405125585,X,spin,10000,500,270,10000,0
x3z3,method_a,3,0.5,0.0004384804405125585,Z,spin,10000,500,270,10000,1
x3z3,pairs,3,1000.0,0.0004384804405125585,X,spin,10000,500,432,10000,0
x3z3,pairs,3,1000.0,0.0004384804405125585,Z,spin,10000,500,432,10000,0
x3z3,method_a,3,1.0,0.0004384804405125585,Z,spin,10000,500,270,10000,0
x3z3,method_a,3,3.0,0.0004384804405125585,Z,spin,10000,500,270,10000,0
x3z3,method_a,3,1.0,0.0004384804405125585,X,spin,10000,500,270,10000,1
x3z3,method_a,3,3.0,0.0004384804405125585,X,spin,10000,500,270,10000,0
x3z3,method_a,3,10.0,0.0004384804405125585,Z,spin,10000,500,270,10000,0
x3z3,method_a,3,10.0,0.0004384804405125585,X,spin,10000,500,270,10000,1
x3z3,method_a,3,30.0,0.0004384804405125585,Z,spin,10000,500,270,10000,0
x3z3,method_a,3,30.0,0.0004384804405125585,X,spin,10000,500,270,10000,1
x3z3,method_a,3,100.0,0.0004384804405125585,Z,spin,10000,500,270,10000,1
x3z3,method_a,3,1000.0,0.0004384804405125585,Z,spin,10000,500,270,10000,0
x3z3,method_a,3,100.0,0.0004384804405125585,X,spin,10000,500,270,10000,0
x3z3,method_a,3,1000.0,0.0004384804405125585,X,spin,10000,500,270,10000,0
x3z3,method_b,3,0.5,0.0004384804405125585,Z,spin,10000,500,270,10000,1
x3z3,method_b,3,0.5,0.0004384804405125585,X,spin,10000,500,270,10000,2
x3z3,method_b,3,1.0,0.0004384804405125585,Z,spin,10000,500,270,10000,0
x3z3,method_b,3,1.0,0.0004384804405125585,X,spin,10000,500,270,10000,0
x3z3,method_b,3,3.0,0.0004384804405125585,Z,spin,10000,500,270,10000,1
x3z3,method_b,3,10.0,0.0004384804405125585,Z,spin,10000,500,270,10000,0
x3z3,method_b,3,3.0,0.0004384804405125585,X,spin,10000,500,270,10000,0
x3z3,method_b,3,10.0,0.0004384804405125585,X,spin,10000,500,270,10000,0
x3z3,method_b,3,30.0,0.0004384804405125585,Z,spin,10000,500,270,10000,0
x3z3,method_b,3,100.0,0.0004384804405125585,Z,spin,10000,500,270,10000,0
x3z3,method_b,3,30.0,0.0004384804405125585,X,spin,10000,500,270,10000,0
x3z3,method_b,3,100.0,0.0004384804405125585,X,spin,10000,500,270,10000,0
x3z3,method_b,3,1000.0,0.0004384804405125585,Z,spin,10000,500,270,10000,0
x3z3,method_b,3,1000.0,0.0004384804405125585,X,spin,10000,500,270,10000,0
x3z3,method_c,3,0.5,0.0004384804405125585,X,spin,10000,500,270,10000,0
x3z3,method_c,3,0.5,0.0004384804405125585,Z,spin,10000,500,270,10000,1
x3z3,method_c,3,1.0,0.0004384804405125585,Z,spin,10000,500,270,10000,1
x3z3,method_c,3,1.0,0.0004384804405125585,X,spin,10000,500,270,10000,0
x3z3,method_c,3,3.0,0.0004384804405125585,Z,spin,10000,500,270,10000,0
x3z3,method_c,3,3.0,0.0004384804405125585,X,spin,10000,500,270,10000,0
x3z3,method_c,3,10.0,0.0004384804405125585,Z,spin,10000,500,270,10000,0
x3z3,method_c,3,10.0,0.0004384804405125585,X,spin,10000,500,270,10000,0
x3z3,method_c,3,30.0,0.0004384804405125585,Z,spin,10000,500,270,10000,0
x3z3,method_c,3,100.0,0.0004384804405125585,Z,spin,10000,500,270,10000,0
x3z3,method_c,3,30.0,0.0004384804405125585,X,spin,10000,500,270,10000,0
x3z3,method_c,3,100.0,0.0004384804405125585,X,spin,10000,500,270,10000,0
x3z3,method_c,3,1000.0,0.0004384804405125585,Z,spin,10000,500,270,10000,0
x3z3,method_c,3,1000.0,0.0004384804405125585,X,spin,10000,500,270,10000,0
css,pairs,3,0.5,0.0002961352530559501,X,spin,10000,500,432,10000,0
css,pairs,3,0.5,0.0002961352530559501,Z,spin,10000,500,432,10000,0
css,pairs,3,1.0,0.0002961352530559501,Z,spin,10000,500,432,10000,0
css,pairs,3,1.0,0.0002961352530559501,X,spin,10000,500,432,10000,0
css,pairs,3,3.0,0.0002961352530559501,Z,spin,10000,500,432,10000,0
css,pairs,3,3.0,0.0002961352530559501,X,spin,10000,500,432,10000,0
css,pairs,3,10.0,0.0002961352530559501,Z,spin,10000,500,432,10000,0
css,pairs,3,10.0,0.0002961352530559501,X,spin,10000,500,432,10000,0
css,pairs,3,30.0,0.0002961352530559501,Z,spin,10000,500,432,10000,0
css,pairs,3,100.0,0.0002961352530559501,Z,spin,10000,500,432,10000,0
css,pairs,3,30.0,0.0002961352530559501,X,spin,10000,500,432,10000,0
css,pairs,3,100.0,0.0002961352530559501,X,spin,10000,500,432,10000,0
css,pairs,3,1000.0,0.0002961352530559501,Z,spin,10000,500,432,10000,0
css,pairs,3,1000.0,0.0002961352530559501,X,spin,10000,500,432,10000,0
css,method_a,3,0.5,0.0002961352530559501,Z,spin,10000,500,270,10000,0
css,method_a,3,0.5,0.0002961352530559501,X,spin,10000,500,270,10000,0
css,method_a,3,1.0,0.0002961352530559501,Z,spin,10000,500,270,10000,0
css,method_a,3,1.0,0.0002961352530559501,X,spin,10000,500,270,10000,0
css,method_a,3,3.0,0.0002961352530559501,Z,spin,10000,500,270,10000,0
css,method_a,3,3.0,0.0002961352530559501,X,spin,10000,500,270,10000,0
css,method_a,3,10.0,0.0002961352530559501,X,spin,10000,500,270,10000,2
css,method_a,3,10.0,0.0002961352530559501,Z,spin,10000,500,270,10000,0
css,method_a,3,30.0,0.0002961352530559501,Z,spin,10000,500,270,10000,0
css,method_a,3,30.0,0.0002961352530559501,X,spin,10000,500,270,10000,0
css,method_a,3,100.0,0.0002961352530559501,Z,spin,10000,500,270,10000,0
css,method_a,3,100.0,0.0002961352530559501,X,spin,10000,500,270,10000,1
css,method_a,3,1000.0,0.0002961352530559501,X,spin,10000,500,270,10000,0
css,method_a,3,1000.0,0.0002961352530559501,Z,spin,10000,500,270,10000,0
css,method_b,3,0.5,0.0002961352530559501,Z,spin,10000,500,270,10000,0
css,method_b,3,0.5,0.0002961352530559501,X,spin,10000,500,270,10000,0
css,method_b,3,1.0,0.0002961352530559501,Z,spin,10000,500,270,10000,0
css,method_b,3,1.0,0.0002961352530559501,X,spin,10000,500,270,10000,0
css,method_b,3,3.0,0.0002961352530559501,Z,spin,10000,500,270,10000,0
css,method_b,3,3.0,0.0002961352530559501,X,spin,10000,500,270,10000,0
css,method_b,3,10.0,0.0002961352530559501,X,spin,10000,500,270,10000,1
css,method_b,3,10.0,0.0002961352530559501,Z,spin,10000,500,270,10000,0
css,method_b,3,30.0,0.0002961352530559501,Z,spin,10000,500,270,10000,0
css,method_b,3,30.0,0.0002961352530559501,X,spin,10000,500,270,10000,0
css,method_b,3,100.0,0.0002961352530559501,Z,spin,10000,500,270,10000,0
css,method_b,3,100.0,0.0002961352530559501,X,spin,10000,500,270,10000,1
css,method_b,3,1000.0,0.0002961352530559501,Z,spin,10000,500,270,10000,0
css,method_b,3,1000.0,0.0002961352530559501,X,spin,10000,500,270,10000,0
css,method_c,3,0.5,0.0002961352530559501,X,spin,10000,500,270,10000,0
css,method_c,3,1.0,0.0002961352530559501,Z,spin,10000,500,270,10000,0
css,method_c,3,0.5,0.0002961352530559501,Z,spin,10000,500,270,10000,0
css,method_c,3,1.0,0.0002961352530559501,X,spin,10000,500,270,10000,0
css,method_c,3,3.0,0.0002961352530559501,Z,spin,10000,500,270,10000,0
css,method_c,3,3.0,0.0002961352530559501,X,spin,10000,500,270,10000,1
css,method_c,3,10.0,0.0002961352530559501,Z,spin,10000,500,270,10000,0
css,method_c,3,10.0,0.0002961352530559501,X,spin,10000,500,270,10000,0
css,method_c,3,30.0,0.0002961352530559501,Z,spin,10000,500,270,10000,0
css,method_c,3,30.0,0.0002961352530559501,X,spin,10000,500,270,10000,1
css,method_c,3,100.0,0.0002961352530559501,Z,spin,10000,500,270,10000,0
css,method_c,3,100.0,0.0002961352530559501,X,spin,10000,500,270,10000,0
css,method_c,3,1000.0,0.0002961352530559501,Z,spin,10000,500,270,10000,0
css,method_c,3,1000.0,0.0002961352530559501,X,spin,10000,500,270,10000,0
x3z3,pairs,3,0.5,0.0002961352530559501,Z,spin,10000,500,432,10000,0
x3z3,pairs,3,0.5,0.0002961352530559501,X,spin,10000,500,432,10000,0
x3z3,pairs,3,1.0,0.0002961352530559501,X,spin,10000,500,432,10000,0
x3z3,pairs,3,1.0,0.0002961352530559501,Z,spin,10000,500,432,10000,0
x3z3,pairs,3,3.0,0.0002961352530559501,Z,spin,10000,500,432,10000,0
x3z3,pairs,3,3.0,0.0002961352530559501,X,spin,10000,500,432,10000,0
x3z3,pairs,3,10.0,0.0002961352530559501,Z,spin,10000,500,432,10000,0
x3z3,pairs,3,10.0,0.0002961352530559501,X,spin,10000,500,432,10000,0
x3z3,pairs,3,30.0,0.0002961352530559501,Z,spin,10000,500,432,10000,0
x3z3,pairs,3,30.0,0.0002961352530559501,X,spin,10000,500,432,10000,0
x3z3,pairs,3,100.0,0.0002961352530559501,Z,spin,10000,500,432,10000,0
x3z3,pairs,3,100.0,0.0002961352530559501,X,spin,10000,500,432,10000,0
x3z3,method_a,3,0.5,0.0002961352530559501,Z,spin,10000,500,270,10000,0
x3z3,pairs,3,1000.0,0.0002961352530559501,Z,spin,10000,500,432,10000,0
x3z3,pairs,3,1000.0,0.0002961352530559501,X,spin,10000,500,432,10000,0
x3z3,method_a,3,0.5,0.0002961352530559501,X,spin,10000,500,270,10000,0
x3z3,method_a,3,1.0,0.0002961352530559501,Z,spin,10000,500,270,10000,0
x3z3,method_a,3,1.0,0.0002961352530559501,X,spin,10000,500,270,10000,0
x3z3,method_a,3,3.0,0.0002961352530559501,Z,spin,10000,500,270,10000,1
x3z3,method_a,3,3.0,0.0002961352530559501,X,spin,10000,500,270,10000,0
x3z3,method_a,3,10.0,0.0002961352530559501,Z,spin,10000,500,270,10000,0
x3z3,method_a,3,10.0,0.0002961352530559501,X,spin,10000,500,270,10000,0
x3z3,method_a,3,30.0,0.0002961352530559501,X,spin,10000,500,270,10000,0
x3z3,method_a,3,30.0,0.0002961352530559501,Z,spin,10000,500,270,10000,0
x3z3,method_a,3,100.0,0.0002961352530559501,Z,spin,10000,500,270,10000,0
x3z3,method_a,3,100.0,0.0002961352530559501,X,spin,10000,500,270,10000,0
x3z3,method_a,3,1000.0,0.0002961352530559501,X,spin,10000,500,270,10000,0
x3z3,method_a,3,1000.0,0.0002961352530559501,Z,spin,10000,500,270,10000,0
x3z3,method_b,3,0.5,0.0002961352530559501,Z,spin,10000,500,270,10000,0
x3z3,method_b,3,0.5,0.0002961352530559501,X,spin,10000,500,270,10000,0
x3z3,method_b,3,1.0,0.0002961352530559501,Z,spin,10000,500,270,10000,0
x3z3,method_b,3,1.0,0.0002961352530559501,X,spin,10000,500,270,10000,0
x3z3,method_b,3,3.0,0.0002961352530559501,Z,spin,10000,500,270,10000,0
x3z3,method_b,3,3.0,0.0002961352530559501,X,spin,10000,500,270,10000,0
x3z3,method_b,3,10.0,0.0002961352530559501,Z,spin,10000,500,270,10000,0
x3z3,method_b,3,10.0,0.0002961352530559501,X,spin,10000,500,270,10000,0
x3z3,method_b,3,30.0,0.0002961352530559501,Z,spin,10000,500,270,10000,0
x3z3,method_b,3,30.0,0.0002961352530559501,X,spin,10000,500,270,10000,0
x3z3,method_b,3,100.0,0.0002961352530559501,Z,spin,10000,500,270,10000,0
x3z3,method_b,3,100.0,0.0002961352530559501,X,spin,10000,500,270,10000,0
x3z3,method_b,3,1000.0,0.0002961352530559501,Z,spin,10000,500,270,10000,0
x3z3,method_b,3,1000.0,0.0002961352530559501,X,spin,10000,500,270,10000,0
x3z3,method_c,3,0.5,0.0002961352530559501,Z,spin,10000,500,270,10000,0
x3z3,method_c,3,0.5,0.0002961352530559501,X,spin,10000,500,270,10000,1
x3z3,method_c,3,1.0,0.0002961352530559501,Z,spin,10000,500,270,10000,0
x3z3,method_c,3,1.0,0.0002961352530559501,X,spin,10000,500,270,10000,0
x3z3,method_c,3,3.0,0.0002961352530559501,X,spin,10000,500,270,10000,0
x3z3,method_c,3,3.0,0.0002961352530559501,Z,spin,10000,500,270,10000,0
x3z3,method_c,3,10.0,0.0002961352530559501,Z,spin,10000,500,270,10000,0
x3z3,method_c,3,10.0,0.0002961352530559501,X,spin,10000,500,270,10000,0
x3z3,method_c,3,30.0,0.0002961352530559501,Z,spin,10000,500,270,10000,0
x3z3,method_c,3,100.0,0.0002961352530559501,Z,spin,10000,500,270,10000,0
x3z3,method_c,3,30.0,0.0002961352530559501,X,spin,10000,500,270,10000,0
x3z3,method_c,3,100.0,0.0002961352530559501,X,spin,10000,500,270,10000,0
css,pairs,3,0.5,0.0002,Z,spin,10000,500,432,10000,0
x3z3,method_c,3,1000.0,0.0002961352530559501,Z,spin,10000,500,270,10000,0
css,pairs,3,0.5,0.0002,X,spin,10000,500,432,10000,0
x3z3,method_c,3,1000.0,0.0002961352530559501,X,spin,10000,500,270,10000,0
css,pairs,3,1.0,0.0002,Z,spin,10000,500,432,10000,0
css,pairs,3,3.0,0.0002,Z,spin,10000,500,432,10000,0
css,pairs,3,10.0,0.0002,Z,spin,10000,500,432,10000,0
css,pairs,3,30.0,0.0002,Z,spin,10000,500,432,10000,0
css,pairs,3,1.0,0.0002,X,spin,10000,500,432,10000,0
css,pairs,3,100.0,0.0002,Z,spin,10000,500,432,10000,0
css,pairs,3,3.0,0.0002,X,spin,10000,500,432,10000,0
css,pairs,3,100.0,0.0002,X,spin,10000,500,432,10000,0
css,pairs,3,10.0,0.0002,X,spin,10000,500,432,10000,0
css,pairs,3,30.0,0.0002,X,spin,10000,500,432,10000,0
css,pairs,3,1000.0,0.0002,Z,spin,10000,500,432,10000,0
css,pairs,3,1000.0,0.0002,X,spin,10000,500,432,10000,0
css,method_a,3,0.5,0.0002,X,spin,10000,500,270,10000,0
css,method_a,3,0.5,0.0002,Z,spin,10000,500,270,10000,0
css,method_a,3,1.0,0.0002,X,spin,10000,500,270,10000,0
css,method_a,3,1.0,0.0002,Z,spin,10000,500,270,10000,0
css,method_a,3,10.0,0.0002,Z,spin,10000,500,270,10000,0
css,method_a,3,3.0,0.0002,Z,spin,10000,500,270,10000,0
css,method_a,3,3.0,0.0002,X,spin,10000,500,270,10000,0
css,method_a,3,30.0,0.0002,Z,spin,10000,500,270,10000,0
css,method_a,3,10.0,0.0002,X,spin,10000,500,270,10000,0
css,method_a,3,100.0,0.0002,Z,spin,10000,500,270,10000,0
css,method_a,3,30.0,0.0002,X,spin,10000,500,270,10000,0
css,method_a,3,100.0,0.0002,X,spin,10000,500,270,10000,0
css,method_a,3,1000.0,0.0002,X,spin,10000,500,270,10000,0
css,method_a,3,1000.0,0.0002,Z,spin,10000,500,270,10000,0
css,method_b,3,0.5,0.0002,Z,spin,10000,500,270,10000,0
css,method_b,3,1.0,0.0002,Z,spin,10000,500,270,10000,0
css,method_b,3,0.5,0.0002,X,spin,10000,500,270,10000,0
css,method_b,3,3.0,0.0002,Z,spin,10000,500,270,10000,0
css,method_b,3,1.0,0.0002,X,spin,10000,500,270,10000,0
css,method_b,3,3.0,0.0002,X,spin,10000,500,270,10000,0
css,method_b,3,10.0,0.0002,Z,spin,10000,500,270,10000,0
css,method_b,3,30.0,0.0002,Z,spin,10000,500,270,10000,0
css,method_b,3,10.0,0.0002,X,spin,10000,500,270,10000,0
css,method_b,3,30.0,0.0002,X,spin,10000,500,270,10000,0
css,method_b,3,100.0,0.0002,X,spin,10000,500,270,10000,0
css,method_b,3,100.0,0.0002,Z,spin,10000,500,270,10000,0
css,method_b,3,1000.0,0.0002,X,spin,10000,500,270,10000,0
css,method_b,3,1000.0,0.0002,Z,spin,10000,500,270,10000,0
css,method_c,3,0.5,0.0002,X,spin,10000,500,270,10000,0
css,method_c,3,0.5,0.0002,Z,spin,10000,500,270,10000,0
css,method_c,3,1.0,0.0002,Z,spin,10000,500,270,10000,0
css,method_c,3,1.0,0.0002,X,spin,10000,500,270,10000,0
css,method_c,3,3.0,0.0002,Z,spin,10000,500,270,10000,0
css,method_c,3,10.0,0.0002,Z,spin,10000,500,270,10000,0
css,method_c,3,3.0,0.0002,X,spin,10000,500,270,10000,0
css,method_c,3,30.0,0.0002,Z,spin,10000,500,270,10000,0
css,method_c,3,10.0,0.0002,X,spin,10000,500,270,10000,0
css,method_c,3,30.0,0.0002,X,spin,10000,500,270,10000,0
css,method_c,3,100.0,0.0002,X,spin,10000,500,270,10000,0
css,method_c,3,1000.0,0.0002,Z,spin,10000,500,270,10000,0
css,method_c,3,100.0,0.0002,Z,spin,10000,500,270,10000,0
css,method_c,3,1000.0,0.0002,X,spin,10000,500,270,10000,0
x3z3,pairs,3,0.5,0.0002,X,spin,10000,500,432,10000,0
x3z3,pairs,3,0.5,0.0002,Z,spin,10000,500,432,10000,0
x3z3,pairs,3,1.0,0.0002,Z,spin,10000,500,432,10000,0
x3z3,pairs,3,1.0,0.0002,X,spin,10000,500,432,10000,0
x3z3,pairs,3,3.0,0.0002,Z,spin,10000,500,432,10000,0
x3z3,pairs,3,3.0,0.0002,X,spin,10000,500,432,10000,0
x3z3,pairs,3,10.0,0.0002,X,spin,10000,500,432,10000,0
x3z3,pairs,3,10.0,0.0002,Z,spin,10000,500,432,10000,0
x3z3,pairs,3,30.0,0.0002,Z,spin,10000,500,432,10000,0
x3z3,pairs,3,30.0,0.0002,X,spin,10000,500,432,10000,0
x3z3,method_a,3,0.5,0.0002,Z,spin,10000,500,270,10000,0
x3z3,pairs,3,100.0,0.0002,Z,spin,10000,500,432,10000,0
x3z3,pairs,3,1000.0,0.0002,Z,spin,10000,500,432,10000,0
x3z3,method_a,3,0.5,0.0002,X,spin,10000,500,270,10000,0
x3z3,pairs,3,1000.0,0.0002,X,spin,10000,500,432,10000,0
x3z3,pairs,3,100.0,0.0002,X,spin,10000,500,432,10000,0
x3z3,method_a,3,1.0,0.0002,Z,spin,10000,500,270,10000,0
x3z3,method_a,3,1.0,0.0002,X,spin,10000,500,270,10000,0
x3z3,method_a,3,3.0,0.0002,X,spin,10000,500,270,10000,0
x3z3,method_a,3,3.0,0.0002,Z,spin,10000,500,270,10000,0
x3z3,method_a,3,10.0,0.0002,X,spin,10000,500,270,10000,0
x3z3,method_a,3,30.0,0.0002,X,spin,10000,500,270,10000,0
x3z3,method_a,3,10.0,0.0002,Z,spin,10000,500,270,10000,0
x3z3,method_a,3,30.0,0.0002,Z,spin,10000,500,270,10000,0
x3z3,method_a,3,100.0,0.0002,Z,spin,10000,500,270,10000,0
x3z3,method_a,3,100.0,0.0002,X,spin,10000,500,270,10000,0
x3z3,method_a,3,1000.0,0.0002,Z,spin,10000,500,270,10000,0
x3z3,method_b,3,0.5,0.0002,Z,spin,10000,500,270,10000,0
x3z3,method_a,3,1000.0,0.0002,X,spin,10000,500,270,10000,0
x3z3,method_b,3,0.5,0.0002,X,spin,10000,500,270,10000,0
x3z3,method_b,3,1.0,0.0002,Z,spin,10000,500,270,10000,0
x3z3,method_b,3,1.0,0.0002,X,spin,10000,500,270,10000,0
x3z3,method_b,3,3.0,0.0002,X,spin,10000,500,270,10000,0
x3z3,method_b,3,10.0,0.0002,Z,spin,10000,500,270,10000,0
x3z3,method_b,3,10.0,0.0002,X,spin,10000,500,270,10000,0
x3z3,method_b,3,30.0,0.0002,X,spin,10000,500,270,10000,0
x3z3,method_b,3,3.0,0.0002,Z,spin,10000,500,270,10000,0
x3z3,method_b,3,30.0,0.0002,Z,spin,10000,500,270,10000,0
x3z3,method_b,3,1000.0,0.0002,Z,spin,10000,500,270,10000,0
x3z3,method_b,3,100.0,0.0002,Z,spin,10000,500,270,10000,0
x3z3,method_b,3,1000.0,0.0002,X,spin,10000,500,270,10000,0
x3z3,method_b,3,100.0,0.0002,X,spin,10000,500,270,10000,0
x3z3,method_c,3,0.5,0.0002,Z,spin,10000,500,270,10000,0
x3z3,method_c,3,0.5,0.0002,X,spin,10000,500,270,10000,0
x3z3,method_c,3,3.0,0.0002,Z,spin,10000,500,270,10000,0
x3z3,method_c,3,1.0,0.0002,Z,spin,10000,500,270,10000,0
x3z3,method_c,3,10.0,0.0002,Z,spin,10000,500,270,10000,0
x3z3,method_c,3,30.0,0.0002,Z,spin,10000,500,270,10000,0
x3z3,method_c,3,30.0,0.0002,X,spin,10000,500,270,10000,0
x3z3,method_c,3,1.0,0.0002,X,spin,10000,500,270,10000,0
x3z3,method_c,3,3.0,0.0002,X,spin,10000,500,270,10000,0
x3z3,method_c,3,10.0,0.0002,X,spin,10000,500,270,10000,0
x3z3,method_c,3,100.0,0.0002,Z,spin,10000,500,270,10000,0
x3z3,method_c,3,1000.0,0.0002,Z,spin,10000,500,270,10000,0
x3z3,method_c,3,100.0,0.0002,X,spin,10000,500,270,10000,0
x3z3,method_c,3,1000.0,0.0002,X,spin,10000,500,270,10000,0
