scheme,code,decoder,basis,distance,p,theta,phi,eta_g,eta_t,shots_max,batch,max_fail,shots,errors
method_b,css,uniform,Z,3,0.004210943415496124,0.0,0.0,1.0,20.0,20000,2000,2000,20000,85
method_b,css,uniform,Z,3,0.0051467086189397075,0.0,0.0,1.0,20.0,20000,2000,2000,20000,251
method_b,css,uniform,Z,3,0.00608247382238329,0.0,0.0,1.0,20.0,20000,2000,2000,20000,592
method_b,css,uniform,Z,3,0.007018239025826873,0.0,0.0,1.0,20.0,20000,2000,2000,20000,1004
method_b,css,uniform,Z,3,0.007954004229270456,0.0,0.0,1.0,20.0,20000,2000,2000,20000,1656
method_b,css,uniform,Z,3,0.008889769432714039,0.0,0.0,1.0,20.0,20000,2000,2000,18000,2228
method_b,css,uniform,Z,3,0.00982553463615762,0.0,0.0,1.0,20.0,20000,2000,2000,14000,2327
method_b,css,uniform,Z,3,0.010761299839601205,0.0,0.0,1.0,20.0,20000,2000,2000,10000,2093
method_b,css,uniform,Z,3,0.011697065043044788,0.0,0.0,1.0,20.0,20000,2000,2000,8000,2047
method_b,css,uniform,Z,3,0.012632830246488373,0.0,0.0,1.0,20.0,20000,2000,2000,8000,2435
method_b,css,uniform,Z,5,0.004210943415496124,0.0,0.0,1.0,20.0,20000,2000,2000,20000,50
method_b,css,uniform,Z,5,0.0051467086189397075,0.0,0.0,1.0,20.0,20000,2000,2000,20000,312
method_b,css,uniform,Z,5,0.00608247382238329,0.0,0.0,1.0,20.0,20000,2000,2000,20000,1016
method_b,css,uniform,Z,5,0.007018239025826873,0.0,0.0,1.0,20.0,20000,2000,2000,18000,2032
method_b,css,uniform,Z,5,0.007954004229270456,0.0,0.0,1.0,20.0,20000,2000,2000,10000,2021
method_b,css,uniform,Z,5,0.008889769432714039,0.0,0.0,1.0,20.0,20000,2000,2000,8000,2281
method_b,css,uniform,Z,5,0.00982553463615762,0.0,0.0,1.0,20.0,20000,2000,2000,6000,2173
method_b,css,uniform,Z,5,0.010761299839601205,0.0,0.0,1.0,20.0,20000,2000,2000,6000,2568
method_b,css,uniform,Z,5,0.011697065043044788,0.0,0.0,1.0,20.0,20000,2000,2000,6000,2717
method_b,css,uniform,X,3,0.0016843773661984495,0.0,0.0,1.0,20.0,20000,2000,2000,20000,1
method_b,css,uniform,X,3,0.002058683447575883,0.0,0.0,1.0,20.0,20000,2000,2000,20000,2
method_b,css,uniform,X,3,0.002432989528953316,0.0,0.0,1.0,20.0,20000,2000,2000,20000,7
method_b,css,uniform,X,3,0.002807295610330749,0.0,0.0,1.0,20.0,20000,2000,2000,20000,25
method_b,css,uniform,X,3,0.0031816016917081825,0.0,0.0,1.0,20.0,20000,2000,2000,20000,55
method_b,css,uniform,X,3,0.0035559077730856156,0.0,0.0,1.0,20.0,20000,2000,2000,20000,72
method_b,css,uniform,X,3,0.003930213854463048,0.0,0.0,1.0,20.0,20000,2000,2000,20000,149
method_b,css,uniform,X,3,0.004304519935840482,0.0,0.0,1.0,20.0,20000,2000,2000,20000,221
method_b,css,uniform,X,3,0.004678826017217915,0.0,0.0,1.0,20.0,20000,2000,2000,20000,337
method_b,css,uniform,X,3,0.005053132098595349,0.0,0.0,1.0,20.0,20000,2000,2000,20000,518
method_b,css,uniform,X,5,0.0016843773661984495,0.0,0.0,1.0,20.0,20000,2000,2000,20000,0
method_b,css,uniform,X,5,0.002058683447575883,0.0,0.0,1.0,20.0,20000,2000,2000,20000,0
method_b,css,uniform,X,5,0.002432989528953316,0.0,0.0,1.0,20.0,20000,2000,2000,20000,0
method_b,css,uniform,X,5,0.002807295610330749,0.0,0.0,1.0,20.0,20000,2000,2000,20000,9
method_b,css,uniform,X,5,0.0031816016917081825,0.0,0.0,1.0,20.0,20000,2000,2000,20000,18
method_b,css,uniform,X,5,0.0035559077730856156,0.0,0.0,1.0,20.0,20000,2000,2000,20000,57
method_b,css,uniform,X,5,0.003930213854463048,0.0,0.0,1.0,20.0,20000,2000,2000,20000,132
method_b,css,uniform,X,5,0.004304519935840482,0.0,0.0,1.0,20.0,20000,2000,2000,20000,253
method_b,css,uniform,X,5,0.004678826017217915,0.0,0.0,1.0,20.0,20000,2000,2000,20000,473
method_b,css,uniform,X,5,0.005053132098595349,0.0,0.0,1.0,20.0,20000,2000,2000,20000,912
method_b,css,uniform,Z,3,0.0014355616488640561,0.3520774734832585,0.0,1.0,20.0,20000,2000,2000,20000,1
method_b,css,uniform,Z,3,0.0017545753486116243,0.3520774734832585,0.0,1.0,20.0,20000,2000,2000,20000,5
method_b,css,uniform,Z,3,0.0020735890483591923,0.3520774734832585,0.0,1.0,20.0,20000,2000,2000,20000,2
method_b,css,uniform,Z,3,0.00239260274810676,0.3520774734832585,0.0,1.0,20.0,20000,2000,2000,20000,10
method_b,css,uniform,Z,3,0.0027116164478543283,0.3520774734832585,0.0,1.0,20.0,20000,2000,2000,20000,26
method_b,css,uniform,Z,3,0.0030306301476018963,0.3520774734832585,0.0,1.0,20.0,20000,2000,2000,20000,46
method_b,css,uniform,Z,3,0.003349643847349464,0.3520774734832585,0.0,1.0,20.0,20000,2000,2000,20000,87
method_b,css,uniform,Z,3,0.0036686575470970323,0.3520774734832585,0.0,1.0,20.0,20000,2000,2000,20000,111
method_b,css,uniform,Z,3,0.0039876712468446,0.3520774734832585,0.0,1.0,20.0,20000,2000,2000,20000,185
method_b,css,uniform,Z,3,0.004306684946592168,0.3520774734832585,0.0,1.0,20.0,20000,2000,2000,20000,291
method_b,css,uniform,Z,5,0.0014355616488640561,0.3520774734832585,0.0,1.0,20.0,20000,2000,2000,20000,0
method_b,css,uniform,Z,5,0.0017545753486116243,0.3520774734832585,0.0,1.0,20.0,20000,2000,2000,20000,0
method_b,css,uniform,Z,5,0.0020735890483591923,0.3520774734832585,0.0,1.0,20.0,20000,2000,2000,20000,0
method_b,css,uniform,Z,5,0.00239260274810676,0.3520774734832585,0.0,1.0,20.0,20000,2000,2000,20000,2
method_b,css,uniform,Z,5,0.0027116164478543283,0.3520774734832585,0.0,1.0,20.0,20000,2000,2000,20000,7
method_b,css,uniform,Z,5,0.0030306301476018963,0.3520774734832585,0.0,1.0,20.0,20000,2000,2000,20000,9
method_b,css,uniform,Z,5,0.003349643847349464,0.3520774734832585,0.0,1.0,20.0,20000,2000,2000,20000,48
method_b,css,uniform,Z,5,0.0036686575470970323,0.3520774734832585,0.0,1.0,20.0,20000,2000,2000,20000,101
method_b,css,uniform,Z,5,0.0039876712468446,0.3520774734832585,0.0,1.0,20.0,20000,2000,2000,20000,192
method_b,css,uniform,Z,5,0.004306684946592168,0.3520774734832585,0.0,1.0,20.0,20000,2000,2000,20000,312
method_b,css,uniform,X,3,0.0014355616488640561,0.3520774734832585,0.0,1.0,20.0,20000,2000,2000,20000,0
method_b,css,uniform,X,3,0.0017545753486116243,0.3520774734832585,0.0,1.0,20.0,20000,2000,2000,20000,6
method_b,css,uniform,X,3,0.0020735890483591923,0.3520774734832585,0.0,1.0,20.0,20000,2000,2000,20000,13
method_b,css,uniform,X,3,0.00239260274810676,0.3520774734832585,0.0,1.0,20.0,20000,2000,2000,20000,18
method_b,css,uniform,X,3,0.0027116164478543283,0.3520774734832585,0.0,1.0,20.0,20000,2000,2000,20000,55
method_b,css,uniform,X,3,0.0030306301476018963,0.3520774734832585,0.0,1.0,20.0,20000,2000,2000,20000,89
method_b,css,uniform,X,3,0.003349643847349464,0.3520774734832585,0.0,1.0,20.0,20000,2000,2000,20000,143
method_b,css,uniform,X,3,0.0036686575470970323,0.3520774734832585,0.0,1.0,20.0,20000,2000,2000,20000,226
method_b,css,uniform,X,3,0.0039876712468446,0.3520774734832585,0.0,1.0,20.0,20000,2000,2000,20000,352
method_b,css,uniform,X,3,0.004306684946592168,0.3520774734832585,0.0,1.0,20.0,20000,2000,2000,20000,483
method_b,css,uniform,X,5,0.0014355616488640561,0.3520774734832585,0.0,1.0,20.0,20000,2000,2000,20000,0
method_b,css,uniform,X,5,0.0017545753486116243,0.3520774734832585,0.0,1.0,20.0,20000,2000,2000,20000,1
method_b,css,uniform,X,5,0.0020735890483591923,0.3520774734832585,0.0,1.0,20.0,20000,2000,2000,20000,1
method_b,css,uniform,X,5,0.00239260274810676,0.3520774734832585,0.0,1.0,20.0,20000,2000,2000,20000,8
method_b,css,uniform,X,5,0.0027116164478543283,0.3520774734832585,0.0,1.0,20.0,20000,2000,2000,20000,20
method_b,css,uniform,X,5,0.0030306301476018963,0.3520774734832585,0.0,1.0,20.0,20000,2000,2000,20000,46
method_b,css,uniform,X,5,0.003349643847349464,0.3520774734832585,0.0,1.0,20.0,20000,2000,2000,20000,121
method_b,css,uniform,X,5,0.0036686575470970323,0.3520774734832585,0.0,1.0,20.0,20000,2000,2000,20000,278
method_b,css,uniform,X,5,0.0039876712468446,0.3520774734832585,0.0,1.0,20.0,20000,2000,2000,20000,481
method_b,css,uniform,X,5,0.004306684946592168,0.3520774734832585,0.0,1.0,20.0,20000,2000,2000,20000,903
method_b,css,uniform,Z,3,0.001414803641810966,0.7751404611899297,0.0,1.0,20.0,20000,2000,2000,20000,0
method_b,css,uniform,Z,3,0.0017292044511022918,0.7751404611899297,0.0,1.0,20.0,20000,2000,2000,20000,2
method_b,css,uniform,Z,3,0.0020436052603936177,0.7751404611899297,0.0,1.0,20.0,20000,2000,2000,20000,4
method_b,css,uniform,Z,3,0.0023580060696849433,0.7751404611899297,0.0,1.0,20.0,20000,2000,2000,20000,14
method_b,css,uniform,Z,3,0.002672406878976269,0.7751404611899297,0.0,1.0,20.0,20000,2000,2000,20000,31
method_b,css,uniform,Z,3,0.002986807688267595,0.7751404611899297,0.0,1.0,20.0,20000,2000,2000,20000,47
method_b,css,uniform,Z,3,0.00330120849755892,0.7751404611899297,0.0,1.0,20.0,20000,2000,2000,20000,86
method_b,css,uniform,Z,3,0.0036156093068502463,0.7751404611899297,0.0,1.0,20.0,20000,2000,2000,20000,148
method_b,css,uniform,Z,3,0.003930010116141572,0.7751404611899297,0.0,1.0,20.0,20000,2000,2000,20000,209
method_b,css,uniform,Z,3,0.0042444109254328975,0.7751404611899297,0.0,1.0,20.0,20000,2000,2000,20000,292
method_b,css,uniform,Z,5,0.001414803641810966,0.7751404611899297,0.0,1.0,20.0,20000,2000,2000,20000,0
method_b,css,uniform,Z,5,0.0017292044511022918,0.7751404611899297,0.0,1.0,20.0,20000,2000,2000,20000,0
method_b,css,uniform,Z,5,0.0020436052603936177,0.7751404611899297,0.0,1.0,20.0,20000,2000,2000,20000,0
method_b,css,uniform,Z,5,0.0023580060696849433,0.7751404611899297,0.0,1.0,20.0,20000,2000,2000,20000,0
method_b,css,uniform,Z,5,0.002672406878976269,0.7751404611899297,0.0,1.0,20.0,20000,2000,2000,20000,9
method_b,css,uniform,Z,5,0.002986807688267595,0.7751404611899297,0.0,1.0,20.0,20000,2000,2000,20000,23
method_b,css,uniform,Z,5,0.00330120849755892,0.7751404611899297,0.0,1.0,20.0,20000,2000,2000,20000,65
method_b,css,uniform,Z,5,0.0036156093068502463,0.7751404611899297,0.0,1.0,20.0,20000,2000,2000,20000,138
method_b,css,uniform,Z,5,0.003930010116141572,0.7751404611899297,0.0,1.0,20.0,20000,2000,2000,20000,223
method_b,css,uniform,Z,5,0.0042444109254328975,0.7751404611899297,0.0,1.0,20.0,20000,2000,2000,20000,418
method_b,css,uniform,X,3,0.001414803641810966,0.7751404611899297,0.0,1.0,20.0,20000,2000,2000,20000,1
method_b,css,uniform,X,3,0.0017292044511022918,0.7751404611899297,0.0,1.0,20.0,20000,2000,2000,20000,4
method_b,css,uniform,X,3,0.0020436052603936177,0.7751404611899297,0.0,1.0,20.0,20000,2000,2000,20000,12
method_b,css,uniform,X,3,0.0023580060696849433,0.7751404611899297,0.0,1.0,20.0,20000,2000,2000,20000,18
method_b,css,uniform,X,3,0.002672406878976269,0.7751404611899297,0.0,1.0,20.0,20000,2000,2000,20000,36
method_b,css,uniform,X,3,0.002986807688267595,0.7751404611899297,0.0,1.0,20.0,20000,2000,2000,20000,69
method_b,css,uniform,X,3,0.00330120849755892,0.7751404611899297,0.0,1.0,20.0,20000,2000,2000,20000,140
method_b,css,uniform,X,3,0.0036156093068502463,0.7751404611899297,0.0,1.0,20.0,20000,2000,2000,20000,205
method_b,css,uniform,X,3,0.003930010116141572,0.7751404611899297,0.0,1.0,20.0,20000,2000,2000,20000,308
method_b,css,uniform,X,3,0.0042444109254328975,0.7751404611899297,0.0,1.0,20.0,20000,2000,2000,20000,463
method_b,css,uniform,X,5,0.001414803641810966,0.7751404611899297,0.0,1.0,20.0,20000,2000,2000,20000,0
method_b,css,uniform,X,5,0.0017292044511022918,0.7751404611899297,0.0,1.0,20.0,20000,2000,2000,20000,0
method_b,css,uniform,X,5,0.0020436052603936177,0.7751404611899297,0.0,1.0,20.0,20000,2000,2000,20000,0
method_b,css,uniform,X,5,0.0023580060696849433,0.7751404611899297,0.0,1.0,20.0,20000,2000,2000,20000,4
method_b,css,uniform,X,5,0.002672406878976269,0.7751404611899297,0.0,1.0,20.0,20000,2000,2000,20000,15
method_b,css,uniform,X,5,0.002986807688267595,0.7751404611899297,0.0,1.0,20.0,20000,2000,2000,20000,52
method_b,css,uniform,X,5,0.00330120849755892,0.7751404611899297,0.0,1.0,20.0,20000,2000,2000,20000,113
method_b,css,uniform,X,5,0.0036156093068502463,0.7751404611899297,0.0,1.0,20.0,20000,2000,2000,20000,241
method_b,css,uniform,X,5,0.003930010116141572,0.7751404611899297,0.0,1.0,20.0,20000,2000,2000,20000,440
method_b,css,uniform,X,5,0.0042444109254328975,0.7751404611899297,0.0,1.0,20.0,20000,2000,2000,20000,786
method_b,css,uniform,Z,3,0.0016308351858291754,1.1449052136623201,0.0,1.0,20.0,20000,2000,2000,20000,0
method_b,css,uniform,Z,3,0.0019932430049023255,1.1449052136623201,0.0,1.0,20.0,20000,2000,2000,20000,3
method_b,css,uniform,Z,3,0.0023556508239754755,1.1449052136623201,0.0,1.0,20.0,20000,2000,2000,20000,7
method_b,css,uniform,Z,3,0.0027180586430486254,1.1449052136623201,0.0,1.0,20.0,20000,2000,2000,20000,16
method_b,css,uniform,Z,3,0.0030804664621217758,1.1449052136623201,0.0,1.0,20.0,20000,2000,2000,20000,25
method_b,css,uniform,Z,3,0.0034428742811949257,1.1449052136623201,0.0,1.0,20.0,20000,2000,2000,20000,61
method_b,css,uniform,Z,3,0.003805282100268075,1.1449052136623201,0.0,1.0,20.0,20000,2000,2000,20000,100
method_b,css,uniform,Z,3,0.004167689919341226,1.1449052136623201,0.0,1.0,20.0,20000,2000,2000,20000,147
method_b,css,uniform,Z,3,0.004530097738414376,1.1449052136623201,0.0,1.0,20.0,20000,2000,2000,20000,241
method_b,css,uniform,Z,3,0.004892505557487526,1.1449052136623201,0.0,1.0,20.0,20000,2000,2000,20000,313
method_b,css,uniform,Z,5,0.0016308351858291754,1.1449052136623201,0.0,1.0,20.0,20000,2000,2000,20000,0
method_b,css,uniform,Z,5,0.0019932430049023255,1.1449052136623201,0.0,1.0,20.0,20000,2000,2000,20000,0
method_b,css,uniform,Z,5,0.0023556508239754755,1.1449052136623201,0.0,1.0,20.0,20000,2000,2000,20000,1
method_b,css,uniform,Z,5,0.0027180586430486254,1.1449052136623201,0.0,1.0,20.0,20000,2000,2000,20000,2
method_b,css,uniform,Z,5,0.0030804664621217758,1.1449052136623201,0.0,1.0,20.0,20000,2000,2000,20000,11
method_b,css,uniform,Z,5,0.0034428742811949257,1.1449052136623201,0.0,1.0,20.0,20000,2000,2000,20000,25
method_b,css,uniform,Z,5,0.003805282100268075,1.1449052136623201,0.0,1.0,20.0,20000,2000,2000,20000,67
method_b,css,uniform,Z,5,0.004167689919341226,1.1449052136623201,0.0,1.0,20.0,20000,2000,2000,20000,174
method_b,css,uniform,Z,5,0.004530097738414376,1.1449052136623201,0.0,1.0,20.0,20000,2000,2000,20000,292
method_b,css,uniform,Z,5,0.004892505557487526,1.1449052136623201,0.0,1.0,20.0,20000,2000,2000,20000,535
method_b,css,uniform,X,3,0.0016308351858291754,1.1449052136623201,0.0,1.0,20.0,20000,2000,2000,20000,0
method_b,css,uniform,X,3,0.0019932430049023255,1.1449052136623201,0.0,1.0,20.0,20000,2000,2000,20000,7
method_b,css,uniform,X,3,0.0023556508239754755,1.1449052136623201,0.0,1.0,20.0,20000,2000,2000,20000,9
method_b,css,uniform,X,3,0.0027180586430486254,1.1449052136623201,0.0,1.0,20.0,20000,2000,2000,20000,24
method_b,css,uniform,X,3,0.0030804664621217758,1.1449052136623201,0.0,1.0,20.0,20000,2000,2000,20000,42
method_b,css,uniform,X,3,0.0034428742811949257,1.1449052136623201,0.0,1.0,20.0,20000,2000,2000,20000,67
method_b,css,uniform,X,3,0.003805282100268075,1.1449052136623201,0.0,1.0,20.0,20000,2000,2000,20000,124
method_b,css,uniform,X,3,0.004167689919341226,1.1449052136623201,0.0,1.0,20.0,20000,2000,2000,20000,176
method_b,css,uniform,X,3,0.004530097738414376,1.1449052136623201,0.0,1.0,20.0,20000,2000,2000,20000,255
method_b,css,uniform,X,3,0.004892505557487526,1.1449052136623201,0.0,1.0,20.0,20000,2000,2000,20000,429
method_b,css,uniform,X,5,0.0016308351858291754,1.1449052136623201,0.0,1.0,20.0,20000,2000,2000,20000,0
method_b,css,uniform,X,5,0.0019932430049023255,1.1449052136623201,0.0,1.0,20.0,20000,2000,2000,20000,0
method_b,css,uniform,X,5,0.0023556508239754755,1.1449052136623201,0.0,1.0,20.0,20000,2000,2000,20000,1
method_b,css,uniform,X,5,0.0027180586430486254,1.1449052136623201,0.0,1.0,20.0,20000,2000,2000,20000,11
method_b,css,uniform,X,5,0.0030804664621217758,1.1449052136623201,0.0,1.0,20.0,20000,2000,2000,20000,13
method_b,css,uniform,X,5,0.0034428742811949257,1.1449052136623201,0.0,1.0,20.0,20000,2000,2000,20000,37
method_b,css,uniform,X,5,0.003805282100268075,1.1449052136623201,0.0,1.0,20.0,20000,2000,2000,20000,112
method_b,css,uniform,X,5,0.004167689919341226,1.1449052136623201,0.0,1.0,20.0,20000,2000,2000,20000,213
method_b,css,uniform,X,5,0.004530097738414376,1.1449052136623201,0.0,1.0,20.0,20000,2000,2000,20000,409
method_b,css,uniform,X,5,0.004892505557487526,1.1449052136623201,0.0,1.0,20.0,20000,2000,2000,20000,709
method_b,css,uniform,Z,3,0.0020086561236458598,1.4022881234688462,0.0,1.0,20.0,20000,2000,2000,20000,1
method_b,css,uniform,Z,3,0.0024550241511227177,1.4022881234688462,0.0,1.0,20.0,20000,2000,2000,20000,3
method_b,css,uniform,Z,3,0.0029013921785995753,1.4022881234688462,0.0,1.0,20.0,20000,2000,2000,20000,8
method_b,css,uniform,Z,3,0.003347760206076433,1.4022881234688462,0.0,1.0,20.0,20000,2000,2000,20000,24
method_b,css,uniform,Z,3,0.0037941282335532908,1.4022881234688462,0.0,1.0,20.0,20000,2000,2000,20000,30
method_b,css,uniform,Z,3,0.004240496261030149,1.4022881234688462,0.0,1.0,20.0,20000,2000,2000,20000,70
method_b,css,uniform,Z,3,0.004686864288507005,1.4022881234688462,0.0,1.0,20.0,20000,2000,2000,20000,111
method_b,css,uniform,Z,3,0.005133232315983864,1.4022881234688462,0.0,1.0,20.0,20000,2000,2000,20000,155
method_b,css,uniform,Z,3,0.005579600343460721,1.4022881234688462,0.0,1.0,20.0,20000,2000,2000,20000,273
method_b,css,uniform,Z,3,0.006025968370937579,1.4022881234688462,0.0,1.0,20.0,20000,2000,2000,20000,368
method_b,css,uniform,Z,5,0.0020086561236458598,1.4022881234688462,0.0,1.0,20.0,20000,2000,2000,20000,0
method_b,css,uniform,Z,5,0.0024550241511227177,1.4022881234688462,0.0,1.0,20.0,20000,2000,2000,20000,0
method_b,css,uniform,Z,5,0.0029013921785995753,1.4022881234688462,0.0,1.0,20.0,20000,2000,2000,20000,2
method_b,css,uniform,Z,5,0.003347760206076433,1.4022881234688462,0.0,1.0,20.0,20000,2000,2000,20000,5
method_b,css,uniform,Z,5,0.0037941282335532908,1.4022881234688462,0.0,1.0,20.0,20000,2000,2000,20000,15
method_b,css,uniform,Z,5,0.004240496261030149,1.4022881234688462,0.0,1.0,20.0,20000,2000,2000,20000,46
method_b,css,uniform,Z,5,0.004686864288507005,1.4022881234688462,0.0,1.0,20.0,20000,2000,2000,20000,100
method_b,css,uniform,Z,5,0.005133232315983864,1.4022881234688462,0.0,1.0,20.0,20000,2000,2000,20000,216
method_b,css,uniform,Z,5,0.005579600343460721,1.4022881234688462,0.0,1.0,20.0,20000,2000,2000,20000,391
method_b,css,uniform,Z,5,0.006025968370937579,1.4022881234688462,0.0,1.0,20.0,20000,2000,2000,20000,685
method_b,css,uniform,X,3,0.0020086561236458598,1.4022881234688462,0.0,1.0,20.0,20000,2000,2000,20000,2
method_b,css,uniform,X,3,0.0024550241511227177,1.4022881234688462,0.0,1.0,20.0,20000,2000,2000,20000,2
method_b,css,uniform,X,3,0.0029013921785995753,1.4022881234688462,0.0,1.0,20.0,20000,2000,2000,20000,7
method_b,css,uniform,X,3,0.003347760206076433,1.4022881234688462,0.0,1.0,20.0,20000,2000,2000,20000,16
method_b,css,uniform,X,3,0.0037941282335532908,1.4022881234688462,0.0,1.0,20.0,20000,2000,2000,20000,38
method_b,css,uniform,X,3,0.004240496261030149,1.4022881234688462,0.0,1.0,20.0,20000,2000,2000,20000,60
method_b,css,uniform,X,3,0.004686864288507005,1.4022881234688462,0.0,1.0,20.0,20000,2000,2000,20000,121
method_b,css,uniform,X,3,0.005133232315983864,1.4022881234688462,0.0,1.0,20.0,20000,2000,2000,20000,154
method_b,css,uniform,X,3,0.005579600343460721,1.4022881234688462,0.0,1.0,20.0,20000,2000,2000,20000,303
method_b,css,uniform,X,3,0.006025968370937579,1.4022881234688462,0.0,1.0,20.0,20000,2000,2000,20000,379
method_b,css,uniform,X,5,0.0020086561236458598,1.4022881234688462,0.0,1.0,20.0,20000,2000,2000,20000,0
method_b,css,uniform,X,5,0.0024550241511227177,1.4022881234688462,0.0,1.0,20.0,20000,2000,2000,20000,0
method_b,css,uniform,X,5,0.0029013921785995753,1.4022881234688462,0.0,1.0,20.0,20000,2000,2000,20000,1
method_b,css,uniform,X,5,0.003347760206076433,1.4022881234688462,0.0,1.0,20.0,20000,2000,2000,20000,7
method_b,css,uniform,X,5,0.0037941282335532908,1.4022881234688462,0.0,1.0,20.0,20000,2000,2000,20000,15
method_b,css,uniform,X,5,0.004240496261030149,1.4022881234688462,0.0,1.0,20.0,20000,2000,2000,20000,34
method_b,css,uniform,X,5,0.004686864288507005,1.4022881234688462,0.0,1.0,20.0,20000,2000,2000,20000,94
method_b,css,uniform,X,5,0.005133232315983864,1.4022881234688462,0.0,1.0,20.0,20000,2000,2000,20000,234
method_b,css,uniform,X,5,0.005579600343460721,1.4022881234688462,0.0,1.0,20.0,20000,2000,2000,20000,364
method_b,css,uniform,X,5,0.006025968370937579,1.4022881234688462,0.0,1.0,20.0,20000,2000,2000,20000,643
method_b,css,uniform,Z,3,0.002475257037975282,1.5707963267948966,0.0,1.0,20.0,20000,2000,2000,20000,3
method_b,css,uniform,Z,3,0.003025314157525345,1.5707963267948966,0.0,1.0,20.0,20000,2000,2000,20000,4
method_b,css,uniform,Z,3,0.0035753712770754073,1.5707963267948966,0.0,1.0,20.0,20000,2000,2000,20000,10
method_b,css,uniform,Z,3,0.00412542839662547,1.5707963267948966,0.0,1.0,20.0,20000,2000,2000,20000,21
method_b,css,uniform,Z,3,0.004675485516175533,1.5707963267948966,0.0,1.0,20.0,20000,2000,2000,20000,42
method_b,css,uniform,Z,3,0.005225542635725595,1.5707963267948966,0.0,1.0,20.0,20000,2000,2000,20000,84
method_b,css,uniform,Z,3,0.005775599755275657,1.5707963267948966,0.0,1.0,20.0,20000,2000,2000,20000,133
method_b,css,uniform,Z,3,0.00632565687482572,1.5707963267948966,0.0,1.0,20.0,20000,2000,2000,20000,179
method_b,css,uniform,Z,3,0.006875713994375783,1.5707963267948966,0.0,1.0,20.0,20000,2000,2000,20000,285
method_b,css,uniform,Z,3,0.007425771113925846,1.5707963267948966,0.0,1.0,20.0,20000,2000,2000,20000,382
method_b,css,uniform,Z,5,0.002475257037975282,1.5707963267948966,0.0,1.0,20.0,20000,2000,2000,20000,0
method_b,css,uniform,Z,5,0.003025314157525345,1.5707963267948966,0.0,1.0,20.0,20000,2000,2000,20000,0
method_b,css,uniform,Z,5,0.0035753712770754073,1.5707963267948966,0.0,1.0,20.0,20000,2000,2000,20000,1
method_b,css,uniform,Z,5,0.00412542839662547,1.5707963267948966,0.0,1.0,20.0,20000,2000,2000,20000,10
method_b,css,uniform,Z,5,0.004675485516175533,1.5707963267948966,0.0,1.0,20.0,20000,2000,2000,20000,21
method_b,css,uniform,Z,5,0.005225542635725595,1.5707963267948966,0.0,1.0,20.0,20000,2000,2000,20000,52
method_b,css,uniform,Z,5,0.005775599755275657,1.5707963267948966,0.0,1.0,20.0,20000,2000,2000,20000,98
method_b,css,uniform,Z,5,0.00632565687482572,1.5707963267948966,0.0,1.0,20.0,20000,2000,2000,20000,253
method_b,css,uniform,Z,5,0.006875713994375783,1.5707963267948966,0.0,1.0,20.0,20000,2000,2000,20000,496
method_b,css,uniform,Z,5,0.007425771113925846,1.5707963267948966,0.0,1.0,20.0,20000,2000,2000,20000,824
method_b,css,uniform,X,3,0.002475257037975282,1.5707963267948966,0.0,1.0,20.0,20000,2000,2000,20000,1
method_b,css,uniform,X,3,0.003025314157525345,1.5707963267948966,0.0,1.0,20.0,20000,2000,2000,20000,1
method_b,css,uniform,X,3,0.0035753712770754073,1.5707963267948966,0.0,1.0,20.0,20000,2000,2000,20000,9
method_b,css,uniform,X,3,0.00412542839662547,1.5707963267948966,0.0,1.0,20.0,20000,2000,2000,20000,17
method_b,css,uniform,X,3,0.004675485516175533,1.5707963267948966,0.0,1.0,20.0,20000,2000,2000,20000,22
method_b,css,uniform,X,3,0.005225542635725595,1.5707963267948966,0.0,1.0,20.0,20000,2000,2000,20000,42
method_b,css,uniform,X,3,0.005775599755275657,1.5707963267948966,0.0,1.0,20.0,20000,2000,2000,20000,105
method_b,css,uniform,X,3,0.00632565687482572,1.5707963267948966,0.0,1.0,20.0,20000,2000,2000,20000,148
method_b,css,uniform,X,3,0.006875713994375783,1.5707963267948966,0.0,1.0,20.0,20000,2000,2000,20000,238
method_b,css,uniform,X,3,0.007425771113925846,1.5707963267948966,0.0,1.0,20.0,20000,2000,2000,20000,348
method_b,css,uniform,X,5,0.002475257037975282,1.5707963267948966,0.0,1.0,20.0,20000,2000,2000,20000,0
method_b,css,uniform,X,5,0.003025314157525345,1.5707963267948966,0.0,1.0,20.0,20000,2000,2000,20000,0
method_b,css,uniform,X,5,0.0035753712770754073,1.5707963267948966,0.0,1.0,20.0,20000,2000,2000,20000,0
method_b,css,uniform,X,5,0.00412542839662547,1.5707963267948966,0.0,1.0,20.0,20000,2000,2000,20000,7
method_b,css,uniform,X,5,0.004675485516175533,1.5707963267948966,0.0,1.0,20.0,20000,2000,2000,20000,13
method_b,css,uniform,X,5,0.005225542635725595,1.5707963267948966,0.0,1.0,20.0,20000,2000,2000,20000,30
method_b,css,uniform,X,5,0.005775599755275657,1.5707963267948966,0.0,1.0,20.0,20000,2000,2000,20000,86
method_b,css,uniform,X,5,0.00632565687482572,1.5707963267948966,0.0,1.0,20.0,20000,2000,2000,20000,168
method_b,css,uniform,X,5,0.006875713994375783,1.5707963267948966,0.0,1.0,20.0,20000,2000,2000,20000,340
method_b,css,uniform,X,5,0.007425771113925846,1.5707963267948966,0.0,1.0,20.0,20000,2000,2000,20000,628
method_b,css,uniform,Z,3,0.0037638485841131734,0.0,0.4622994529185076,1.0,20.0,20000,2000,2000,20000,26
method_b,css,uniform,Z,3,0.004600259380582768,0.0,0.4622994529185076,1.0,20.0,20000,2000,2000,20000,91
method_b,css,uniform,Z,3,0.005436670177052362,0.0,0.4622994529185076,1.0,20.0,20000,2000,2000,20000,195
method_b,css,uniform,Z,3,0.006273080973521956,0.0,0.4622994529185076,1.0,20.0,20000,2000,2000,20000,398
method_b,css,uniform,Z,3,0.0071094917699915505,0.0,0.4622994529185076,1.0,20.0,20000,2000,2000,20000,704
method_b,css,uniform,Z,3,0.007945902566461143,0.0,0.4622994529185076,1.0,20.0,20000,2000,2000,20000,1172
method_b,css,uniform,Z,3,0.008782313362930737,0.0,0.4622994529185076,1.0,20.0,20000,2000,2000,20000,1648
method_b,css,uniform,Z,3,0.009618724159400332,0.0,0.4622994529185076,1.0,20.0,20000,2000,2000,18000,2115
method_b,css,uniform,Z,3,0.010455134955869926,0.0,0.4622994529185076,1.0,20.0,20000,2000,2000,14000,2174
method_b,css,uniform,Z,3,0.01129154575233952,0.0,0.4622994529185076,1.0,20.0,20000,2000,2000,12000,2286
method_b,css,uniform,Z,5,0.0037638485841131734,0.0,0.4622994529185076,1.0,20.0,20000,2000,2000,20000,6
method_b,css,uniform,Z,5,0.004600259380582768,0.0,0.4622994529185076,1.0,20.0,20000,2000,2000,20000,53
method_b,css,uniform,Z,5,0.005436670177052362,0.0,0.4622994529185076,1.0,20.0,20000,2000,2000,20000,212
method_b,css,uniform,Z,5,0.006273080973521956,0.0,0.4622994529185076,1.0,20.0,20000,2000,2000,20000,627
method_b,css,uniform,Z,5,0.0071094917699915505,0.0,0.4622994529185076,1.0,20.0,20000,2000,2000,20000,1383
method_b,css,uniform,Z,5,0.007945902566461143,0.0,0.4622994529185076,1.0,20.0,20000,2000,2000,16000,2149
method_b,css,uniform,Z,5,0.008782313362930737,0.0,0.4622994529185076,1.0,20.0,20000,2000,2000,10000,2011
method_b,css,uniform,Z,5,0.009618724159400332,0.0,0.4622994529185076,1.0,20.0,20000,2000,2000,8000,2238
method_b,css,uniform,Z,5,0.010455134955869926,0.0,0.4622994529185076,1.0,20.0,20000,2000,2000,6000,2119
method_b,css,uniform,Z,5,0.01129154575233952,0.0,0.4622994529185076,1.0,20.0,20000,2000,2000,6000,2406
method_b,css,uniform,X,3,0.0015055394336452694,0.0,0.4622994529185076,1.0,20.0,20000,2000,2000,20000,1
method_b,css,uniform,X,3,0.0018401037522331072,0.0,0.4622994529185076,1.0,20.0,20000,2000,2000,20000,7
method_b,css,uniform,X,3,0.002174668070820945,0.0,0.4622994529185076,1.0,20.0,20000,2000,2000,20000,15
method_b,css,uniform,X,3,0.0025092323894087823,0.0,0.4622994529185076,1.0,20.0,20000,2000,2000,20000,29
method_b,css,uniform,X,3,0.00284379670799662,0.0,0.4622994529185076,1.0,20.0,20000,2000,2000,20000,67
method_b,css,uniform,X,3,0.0031783610265844575,0.0,0.4622994529185076,1.0,20.0,20000,2000,2000,20000,118
method_b,css,uniform,X,3,0.003512925345172295,0.0,0.4622994529185076,1.0,20.0,20000,2000,2000,20000,182
method_b,css,uniform,X,3,0.0038474896637601327,0.0,0.4622994529185076,1.0,20.0,20000,2000,2000,20000,265
method_b,css,uniform,X,3,0.00418205398234797,0.0,0.4622994529185076,1.0,20.0,20000,2000,2000,20000,421
method_b,css,uniform,X,3,0.004516618300935808,0.0,0.4622994529185076,1.0,20.0,20000,2000,2000,20000,634
method_b,css,uniform,X,5,0.0015055394336452694,0.0,0.4622994529185076,1.0,20.0,20000,2000,2000,20000,0
method_b,css,uniform,X,5,0.0018401037522331072,0.0,0.4622994529185076,1.0,20.0,20000,2000,2000,20000,1
method_b,css,uniform,X,5,0.002174668070820945,0.0,0.4622994529185076,1.0,20.0,20000,2000,2000,20000,4
method_b,css,uniform,X,5,0.0025092323894087823,0.0,0.4622994529185076,1.0,20.0,20000,2000,2000,20000,12
method_b,css,uniform,X,5,0.00284379670799662,0.0,0.4622994529185076,1.0,20.0,20000,2000,2000,20000,26
method_b,css,uniform,X,5,0.0031783610265844575,0.0,0.4622994529185076,1.0,20.0,20000,2000,2000,20000,71
method_b,css,uniform,X,5,0.003512925345172295,0.0,0.4622994529185076,1.0,20.0,20000,2000,2000,20000,196
method_b,css,uniform,X,5,0.0038474896637601327,0.0,0.4622994529185076,1.0,20.0,20000,2000,2000,20000,385
method_b,css,uniform,X,5,0.00418205398234797,0.0,0.4622994529185076,1.0,20.0,20000,2000,2000,20000,689
method_b,css,uniform,X,5,0.004516618300935808,0.0,0.4622994529185076,1.0,20.0,20000,2000,2000,20000,1238
method_b,css,uniform,Z,3,0.003276172777733103,0.387382925095568,0.5864464743294793,1.0,20.0,20000,2000,2000,20000,35
method_b,css,uniform,Z,3,0.004004211172784904,0.387382925095568,0.5864464743294793,1.0,20.0,20000,2000,2000,20000,95
method_b,css,uniform,Z,3,0.004732249567836704,0.387382925095568,0.5864464743294793,1.0,20.0,20000,2000,2000,20000,242
method_b,css,uniform,Z,3,0.0054602879628885045,0.387382925095568,0.5864464743294793,1.0,20.0,20000,2000,2000,20000,488
method_b,css,uniform,Z,3,0.006188326357940305,0.387382925095568,0.5864464743294793,1.0,20.0,20000,2000,2000,20000,822
method_b,css,uniform,Z,3,0.006916364752992107,0.387382925095568,0.5864464743294793,1.0,20.0,20000,2000,2000,20000,1335
method_b,css,uniform,Z,3,0.007644403148043906,0.387382925095568,0.5864464743294793,1.0,20.0,20000,2000,2000,20000,1948
method_b,css,uniform,Z,3,0.008372441543095709,0.387382925095568,0.5864464743294793,1.0,20.0,20000,2000,2000,16000,2066
method_b,css,uniform,Z,3,0.00910047993814751,0.387382925095568,0.5864464743294793,1.0,20.0,20000,2000,2000,14000,2269
method_b,css,uniform,Z,3,0.00982851833319931,0.387382925095568,0.5864464743294793,1.0,20.0,20000,2000,2000,10000,2061
method_b,css,uniform,Z,5,0.003276172777733103,0.387382925095568,0.5864464743294793,1.0,20.0,20000,2000,2000,20000,18
method_b,css,uniform,Z,5,0.004004211172784904,0.387382925095568,0.5864464743294793,1.0,20.0,20000,2000,2000,20000,82
method_b,css,uniform,Z,5,0.004732249567836704,0.387382925095568,0.5864464743294793,1.0,20.0,20000,2000,2000,20000,304
method_b,css,uniform,Z,5,0.0054602879628885045,0.387382925095568,0.5864464743294793,1.0,20.0,20000,2000,2000,20000,894
method_b,css,uniform,Z,5,0.006188326357940305,0.387382925095568,0.5864464743294793,1.0,20.0,20000,2000,2000,20000,1899
method_b,css,uniform,Z,5,0.006916364752992107,0.387382925095568,0.5864464743294793,1.0,20.0,20000,2000,2000,14000,2201
method_b,css,uniform,Z,5,0.007644403148043906,0.387382925095568,0.5864464743294793,1.0,20.0,20000,2000,2000,10000,2393
method_b,css,uniform,Z,5,0.008372441543095709,0.387382925095568,0.5864464743294793,1.0,20.0,20000,2000,2000,8000,2418
method_b,css,uniform,Z,5,0.00910047993814751,0.387382925095568,0.5864464743294793,1.0,20.0,20000,2000,2000,6000,2231
method_b,css,uniform,Z,5,0.00982851833319931,0.387382925095568,0.5864464743294793,1.0,20.0,20000,2000,2000,6000,2500
method_b,css,uniform,X,3,0.0013104691110932412,0.387382925095568,0.5864464743294793,1.0,20.0,20000,2000,2000,20000,1
method_b,css,uniform,X,3,0.0016016844691139616,0.387382925095568,0.5864464743294793,1.0,20.0,20000,2000,2000,20000,4
method_b,css,uniform,X,3,0.0018928998271346817,0.387382925095568,0.5864464743294793,1.0,20.0,20000,2000,2000,20000,12
method_b,css,uniform,X,3,0.002184115185155402,0.387382925095568,0.5864464743294793,1.0,20.0,20000,2000,2000,20000,27
method_b,css,uniform,X,3,0.002475330543176122,0.387382925095568,0.5864464743294793,1.0,20.0,20000,2000,2000,20000,67
method_b,css,uniform,X,3,0.002766545901196843,0.387382925095568,0.5864464743294793,1.0,20.0,20000,2000,2000,20000,77
method_b,css,uniform,X,3,0.0030577612592175623,0.387382925095568,0.5864464743294793,1.0,20.0,20000,2000,2000,20000,177
method_b,css,uniform,X,3,0.003348976617238283,0.387382925095568,0.5864464743294793,1.0,20.0,20000,2000,2000,20000,279
method_b,css,uniform,X,3,0.0036401919752590034,0.387382925095568,0.5864464743294793,1.0,20.0,20000,2000,2000,20000,407
method_b,css,uniform,X,3,0.003931407333279724,0.387382925095568,0.5864464743294793,1.0,20.0,20000,2000,2000,20000,594
method_b,css,uniform,X,5,0.0013104691110932412,0.387382925095568,0.5864464743294793,1.0,20.0,20000,2000,2000,20000,0
method_b,css,uniform,X,5,0.0016016844691139616,0.387382925095568,0.5864464743294793,1.0,20.0,20000,2000,2000,20000,1
method_b,css,uniform,X,5,0.0018928998271346817,0.387382925095568,0.5864464743294793,1.0,20.0,20000,2000,2000,20000,1
method_b,css,uniform,X,5,0.002184115185155402,0.387382925095568,0.5864464743294793,1.0,20.0,20000,2000,2000,20000,11
method_b,css,uniform,X,5,0.002475330543176122,0.387382925095568,0.5864464743294793,1.0,20.0,20000,2000,2000,20000,28
method_b,css,uniform,X,5,0.002766545901196843,0.387382925095568,0.5864464743294793,1.0,20.0,20000,2000,2000,20000,66
method_b,css,uniform,X,5,0.0030577612592175623,0.387382925095568,0.5864464743294793,1.0,20.0,20000,2000,2000,20000,175
method_b,css,uniform,X,5,0.003348976617238283,0.387382925095568,0.5864464743294793,1.0,20.0,20000,2000,2000,20000,380
method_b,css,uniform,X,5,0.0036401919752590034,0.387382925095568,0.5864464743294793,1.0,20.0,20000,2000,2000,20000,688
method_b,css,uniform,X,5,0.003931407333279724,0.387382925095568,0.5864464743294793,1.0,20.0,20000,2000,2000,20000,1158
method_b,css,uniform,Z,3,0.0013730009312679743,0.8054221746402757,0.7837112632175095,1.0,20.0,20000,2000,2000,20000,0
method_b,css,uniform,Z,3,0.0016781122493275242,0.8054221746402757,0.7837112632175095,1.0,20.0,20000,2000,2000,20000,0
method_b,css,uniform,Z,3,0.001983223567387074,0.8054221746402757,0.7837112632175095,1.0,20.0,20000,2000,2000,20000,3
method_b,css,uniform,Z,3,0.0022883348854466235,0.8054221746402757,0.7837112632175095,1.0,20.0,20000,2000,2000,20000,8
method_b,css,uniform,Z,3,0.0025934462035061734,0.8054221746402757,0.7837112632175095,1.0,20.0,20000,2000,2000,20000,6
method_b,css,uniform,Z,3,0.0028985575215657237,0.8054221746402757,0.7837112632175095,1.0,20.0,20000,2000,2000,20000,17
method_b,css,uniform,Z,3,0.0032036688396252727,0.8054221746402757,0.7837112632175095,1.0,20.0,20000,2000,2000,20000,28
method_b,css,uniform,Z,3,0.003508780157684823,0.8054221746402757,0.7837112632175095,1.0,20.0,20000,2000,2000,20000,34
method_b,css,uniform,Z,3,0.003813891475744373,0.8054221746402757,0.7837112632175095,1.0,20.0,20000,2000,2000,20000,70
method_b,css,uniform,Z,3,0.004119002793803923,0.8054221746402757,0.7837112632175095,1.0,20.0,20000,2000,2000,20000,118
method_b,css,uniform,Z,5,0.0013730009312679743,0.8054221746402757,0.7837112632175095,1.0,20.0,20000,2000,2000,20000,0
method_b,css,uniform,Z,5,0.0016781122493275242,0.8054221746402757,0.7837112632175095,1.0,20.0,20000,2000,2000,20000,0
method_b,css,uniform,Z,5,0.001983223567387074,0.8054221746402757,0.7837112632175095,1.0,20.0,20000,2000,2000,20000,0
method_b,css,uniform,Z,5,0.0022883348854466235,0.8054221746402757,0.7837112632175095,1.0,20.0,20000,2000,2000,20000,1
method_b,css,uniform,Z,5,0.0025934462035061734,0.8054221746402757,0.7837112632175095,1.0,20.0,20000,2000,2000,20000,1
method_b,css,uniform,Z,5,0.0028985575215657237,0.8054221746402757,0.7837112632175095,1.0,20.0,20000,2000,2000,20000,2
method_b,css,uniform,Z,5,0.0032036688396252727,0.8054221746402757,0.7837112632175095,1.0,20.0,20000,2000,2000,20000,11
method_b,css,uniform,Z,5,0.003508780157684823,0.8054221746402757,0.7837112632175095,1.0,20.0,20000,2000,2000,20000,36
method_b,css,uniform,Z,5,0.003813891475744373,0.8054221746402757,0.7837112632175095,1.0,20.0,20000,2000,2000,20000,58
method_b,css,uniform,Z,5,0.004119002793803923,0.8054221746402757,0.7837112632175095,1.0,20.0,20000,2000,2000,20000,93
method_b,css,uniform,X,3,0.0013730009312679743,0.8054221746402757,0.7837112632175095,1.0,20.0,20000,2000,2000,20000,0
method_b,css,uniform,X,3,0.0016781122493275242,0.8054221746402757,0.7837112632175095,1.0,20.0,20000,2000,2000,20000,7
method_b,css,uniform,X,3,0.001983223567387074,0.8054221746402757,0.7837112632175095,1.0,20.0,20000,2000,2000,20000,11
method_b,css,uniform,X,3,0.0022883348854466235,0.8054221746402757,0.7837112632175095,1.0,20.0,20000,2000,2000,20000,29
method_b,css,uniform,X,3,0.0025934462035061734,0.8054221746402757,0.7837112632175095,1.0,20.0,20000,2000,2000,20000,40
method_b,css,uniform,X,3,0.0028985575215657237,0.8054221746402757,0.7837112632175095,1.0,20.0,20000,2000,2000,20000,111
method_b,css,uniform,X,3,0.0032036688396252727,0.8054221746402757,0.7837112632175095,1.0,20.0,20000,2000,2000,20000,183
method_b,css,uniform,X,3,0.003508780157684823,0.8054221746402757,0.7837112632175095,1.0,20.0,20000,2000,2000,20000,249
method_b,css,uniform,X,3,0.003813891475744373,0.8054221746402757,0.7837112632175095,1.0,20.0,20000,2000,2000,20000,406
method_b,css,uniform,X,3,0.004119002793803923,0.8054221746402757,0.7837112632175095,1.0,20.0,20000,2000,2000,20000,609
method_b,css,uniform,X,5,0.0013730009312679743,0.8054221746402757,0.7837112632175095,1.0,20.0,20000,2000,2000,20000,0
method_b,css,uniform,X,5,0.0016781122493275242,0.8054221746402757,0.7837112632175095,1.0,20.0,20000,2000,2000,20000,1
method_b,css,uniform,X,5,0.001983223567387074,0.8054221746402757,0.7837112632175095,1.0,20.0,20000,2000,2000,20000,4
method_b,css,uniform,X,5,0.0022883348854466235,0.8054221746402757,0.7837112632175095,1.0,20.0,20000,2000,2000,20000,10
method_b,css,uniform,X,5,0.0025934462035061734,0.8054221746402757,0.7837112632175095,1.0,20.0,20000,2000,2000,20000,22
method_b,css,uniform,X,5,0.0028985575215657237,0.8054221746402757,0.7837112632175095,1.0,20.0,20000,2000,2000,20000,70
method_b,css,uniform,X,5,0.0032036688396252727,0.8054221746402757,0.7837112632175095,1.0,20.0,20000,2000,2000,20000,171
method_b,css,uniform,X,5,0.003508780157684823,0.8054221746402757,0.7837112632175095,1.0,20.0,20000,2000,2000,20000,383
method_b,css,uniform,X,5,0.003813891475744373,0.8054221746402757,0.7837112632175095,1.0,20.0,20000,2000,2000,20000,636
method_b,css,uniform,X,5,0.004119002793803923,0.8054221746402757,0.7837112632175095,1.0,20.0,20000,2000,2000,20000,1136
method_b,css,uniform,Z,3,0.004160871141254981,1.1024892322541766,1.1057978299018578,1.0,20.0,20000,2000,2000,20000,61
method_b,css,uniform,Z,3,0.005085509172644977,1.1024892322541766,1.1057978299018578,1.0,20.0,20000,2000,2000,20000,148
method_b,css,uniform,Z,3,0.006010147204034972,1.1024892322541766,1.1057978299018578,1.0,20.0,20000,2000,2000,20000,343
method_b,css,uniform,Z,3,0.006934785235424967,1.1024892322541766,1.1057978299018578,1.0,20.0,20000,2000,2000,20000,629
method_b,css,uniform,Z,3,0.007859423266814963,1.1024892322541766,1.1057978299018578,1.0,20.0,20000,2000,2000,20000,1035
method_b,css,uniform,Z,3,0.00878406129820496,1.1024892322541766,1.1057978299018578,1.0,20.0,20000,2000,2000,20000,1501
method_b,css,uniform,Z,3,0.009708699329594953,1.1024892322541766,1.1057978299018578,1.0,20.0,20000,2000,2000,18000,2016
method_b,css,uniform,Z,3,0.01063333736098495,1.1024892322541766,1.1057978299018578,1.0,20.0,20000,2000,2000,14000,2168
method_b,css,uniform,Z,3,0.011557975392374947,1.1024892322541766,1.1057978299018578,1.0,20.0,20000,2000,2000,12000,2211
method_b,css,uniform,Z,3,0.012482613423764942,1.1024892322541766,1.1057978299018578,1.0,20.0,20000,2000,2000,10000,2203
method_b,css,uniform,Z,5,0.004160871141254981,1.1024892322541766,1.1057978299018578,1.0,20.0,20000,2000,2000,20000,29
method_b,css,uniform,Z,5,0.005085509172644977,1.1024892322541766,1.1057978299018578,1.0,20.0,20000,2000,2000,20000,177
method_b,css,uniform,Z,5,0.006010147204034972,1.1024892322541766,1.1057978299018578,1.0,20.0,20000,2000,2000,20000,534
method_b,css,uniform,Z,5,0.006934785235424967,1.1024892322541766,1.1057978299018578,1.0,20.0,20000,2000,2000,20000,1297
method_b,css,uniform,Z,5,0.007859423266814963,1.1024892322541766,1.1057978299018578,1.0,20.0,20000,2000,2000,16000,2185
method_b,css,uniform,Z,5,0.00878406129820496,1.1024892322541766,1.1057978299018578,1.0,20.0,20000,2000,2000,10000,2046
method_b,css,uniform,Z,5,0.009708699329594953,1.1024892322541766,1.1057978299018578,1.0,20.0,20000,2000,2000,8000,2294
method_b,css,uniform,Z,5,0.01063333736098495,1.1024892322541766,1.1057978299018578,1.0,20.0,20000,2000,2000,6000,2129
method_b,css,uniform,Z,5,0.011557975392374947,1.1024892322541766,1.1057978299018578,1.0,20.0,20000,2000,2000,6000,2405
method_b,css,uniform,Z,5,0.012482613423764942,1.1024892322541766,1.1057978299018578,1.0,20.0,20000,2000,2000,6000,2636
method_b,css,uniform,X,3,0.0016643484565019922,1.1024892322541766,1.1057978299018578,1.0,20.0,20000,2000,2000,20000,1
method_b,css,uniform,X,3,0.0020342036690579905,1.1024892322541766,1.1057978299018578,1.0,20.0,20000,2000,2000,20000,7
method_b,css,uniform,X,3,0.0024040588816139886,1.1024892322541766,1.1057978299018578,1.0,20.0,20000,2000,2000,20000,9
method_b,css,uniform,X,3,0.0027739140941699866,1.1024892322541766,1.1057978299018578,1.0,20.0,20000,2000,2000,20000,23
method_b,css,uniform,X,3,0.003143769306725985,1.1024892322541766,1.1057978299018578,1.0,20.0,20000,2000,2000,20000,39
method_b,css,uniform,X,3,0.0035136245192819836,1.1024892322541766,1.1057978299018578,1.0,20.0,20000,2000,2000,20000,94
method_b,css,uniform,X,3,0.0038834797318379813,1.1024892322541766,1.1057978299018578,1.0,20.0,20000,2000,2000,20000,142
method_b,css,uniform,X,3,0.00425333494439398,1.1024892322541766,1.1057978299018578,1.0,20.0,20000,2000,2000,20000,247
method_b,css,uniform,X,3,0.004623190156949978,1.1024892322541766,1.1057978299018578,1.0,20.0,20000,2000,2000,20000,376
method_b,css,uniform,X,3,0.004993045369505977,1.1024892322541766,1.1057978299018578,1.0,20.0,20000,2000,2000,20000,505
method_b,css,uniform,X,5,0.0016643484565019922,1.1024892322541766,1.1057978299018578,1.0,20.0,20000,2000,2000,20000,0
method_b,css,uniform,X,5,0.0020342036690579905,1.1024892322541766,1.1057978299018578,1.0,20.0,20000,2000,2000,20000,0
method_b,css,uniform,X,5,0.0024040588816139886,1.1024892322541766,1.1057978299018578,1.0,20.0,20000,2000,2000,20000,1
method_b,css,uniform,X,5,0.0027739140941699866,1.1024892322541766,1.1057978299018578,1.0,20.0,20000,2000,2000,20000,13
method_b,css,uniform,X,5,0.003143769306725985,1.1024892322541766,1.1057978299018578,1.0,20.0,20000,2000,2000,20000,31
method_b,css,uniform,X,5,0.0035136245192819836,1.1024892322541766,1.1057978299018578,1.0,20.0,20000,2000,2000,20000,61
method_b,css,uniform,X,5,0.0038834797318379813,1.1024892322541766,1.1057978299018578,1.0,20.0,20000,2000,2000,20000,160
method_b,css,uniform,X,5,0.00425333494439398,1.1024892322541766,1.1057978299018578,1.0,20.0,20000,2000,2000,20000,338
method_b,css,uniform,X,5,0.004623190156949978,1.1024892322541766,1.1057978299018578,1.0,20.0,20000,2000,2000,20000,584
method_b,css,uniform,X,5,0.004993045369505977,1.1024892322541766,1.1057978299018578,1.0,20.0,20000,2000,2000,20000,943
method_b,css,uniform,Z,3,0.002090957190695932,1.2438675257631784,1.5707963267948966,1.0,20.0,20000,2000,2000,20000,0
method_b,css,uniform,Z,3,0.0025556143441839174,1.2438675257631784,1.5707963267948966,1.0,20.0,20000,2000,2000,20000,2
method_b,css,uniform,Z,3,0.003020271497671902,1.2438675257631784,1.5707963267948966,1.0,20.0,20000,2000,2000,20000,2
method_b,css,uniform,Z,3,0.003484928651159887,1.2438675257631784,1.5707963267948966,1.0,20.0,20000,2000,2000,20000,2
method_b,css,uniform,Z,3,0.003949585804647872,1.2438675257631784,1.5707963267948966,1.0,20.0,20000,2000,2000,20000,14
method_b,css,uniform,Z,3,0.004414242958135857,1.2438675257631784,1.5707963267948966,1.0,20.0,20000,2000,2000,20000,24
method_b,css,uniform,Z,3,0.0048789001116238415,1.2438675257631784,1.5707963267948966,1.0,20.0,20000,2000,2000,20000,27
method_b,css,uniform,Z,3,0.005343557265111826,1.2438675257631784,1.5707963267948966,1.0,20.0,20000,2000,2000,20000,56
method_b,css,uniform,Z,3,0.005808214418599812,1.2438675257631784,1.5707963267948966,1.0,20.0,20000,2000,2000,20000,106
method_b,css,uniform,Z,3,0.006272871572087797,1.2438675257631784,1.5707963267948966,1.0,20.0,20000,2000,2000,20000,163
method_b,css,uniform,Z,5,0.002090957190695932,1.2438675257631784,1.5707963267948966,1.0,20.0,20000,2000,2000,20000,0
method_b,css,uniform,Z,5,0.0025556143441839174,1.2438675257631784,1.5707963267948966,1.0,20.0,20000,2000,2000,20000,1
method_b,css,uniform,Z,5,0.003020271497671902,1.2438675257631784,1.5707963267948966,1.0,20.0,20000,2000,2000,20000,0
method_b,css,uniform,Z,5,0.003484928651159887,1.2438675257631784,1.5707963267948966,1.0,20.0,20000,2000,2000,20000,2
method_b,css,uniform,Z,5,0.003949585804647872,1.2438675257631784,1.5707963267948966,1.0,20.0,20000,2000,2000,20000,2
method_b,css,uniform,Z,5,0.004414242958135857,1.2438675257631784,1.5707963267948966,1.0,20.0,20000,2000,2000,20000,10
method_b,css,uniform,Z,5,0.0048789001116238415,1.2438675257631784,1.5707963267948966,1.0,20.0,20000,2000,2000,20000,21
method_b,css,uniform,Z,5,0.005343557265111826,1.2438675257631784,1.5707963267948966,1.0,20.0,20000,2000,2000,20000,42
method_b,css,uniform,Z,5,0.005808214418599812,1.2438675257631784,1.5707963267948966,1.0,20.0,20000,2000,2000,20000,92
method_b,css,uniform,Z,5,0.006272871572087797,1.2438675257631784,1.5707963267948966,1.0,20.0,20000,2000,2000,20000,154
method_b,css,uniform,X,3,0.002090957190695932,1.2438675257631784,1.5707963267948966,1.0,20.0,20000,2000,2000,20000,0
method_b,css,uniform,X,3,0.0025556143441839174,1.2438675257631784,1.5707963267948966,1.0,20.0,20000,2000,2000,20000,3
method_b,css,uniform,X,3,0.003020271497671902,1.2438675257631784,1.5707963267948966,1.0,20.0,20000,2000,2000,20000,6
method_b,css,uniform,X,3,0.003484928651159887,1.2438675257631784,1.5707963267948966,1.0,20.0,20000,2000,2000,20000,33
method_b,css,uniform,X,3,0.003949585804647872,1.2438675257631784,1.5707963267948966,1.0,20.0,20000,2000,2000,20000,40
method_b,css,uniform,X,3,0.004414242958135857,1.2438675257631784,1.5707963267948966,1.0,20.0,20000,2000,2000,20000,97
method_b,css,uniform,X,3,0.0048789001116238415,1.2438675257631784,1.5707963267948966,1.0,20.0,20000,2000,2000,20000,150
method_b,css,uniform,X,3,0.005343557265111826,1.2438675257631784,1.5707963267948966,1.0,20.0,20000,2000,2000,20000,216
method_b,css,uniform,X,3,0.005808214418599812,1.2438675257631784,1.5707963267948966,1.0,20.0,20000,2000,2000,20000,386
method_b,css,uniform,X,3,0.006272871572087797,1.2438675257631784,1.5707963267948966,1.0,20.0,20000,2000,2000,20000,491
method_b,css,uniform,X,5,0.002090957190695932,1.2438675257631784,1.5707963267948966,1.0,20.0,20000,2000,2000,20000,0
method_b,css,uniform,X,5,0.0025556143441839174,1.2438675257631784,1.5707963267948966,1.0,20.0,20000,2000,2000,20000,0
method_b,css,uniform,X,5,0.003020271497671902,1.2438675257631784,1.5707963267948966,1.0,20.0,20000,2000,2000,20000,0
method_b,css,uniform,X,5,0.003484928651159887,1.2438675257631784,1.5707963267948966,1.0,20.0,20000,2000,2000,20000,12
method_b,css,uniform,X,5,0.003949585804647872,1.2438675257631784,1.5707963267948966,1.0,20.0,20000,2000,2000,20000,22
method_b,css,uniform,X,5,0.004414242958135857,1.2438675257631784,1.5707963267948966,1.0,20.0,20000,2000,2000,20000,64
method_b,css,uniform,X,5,0.0048789001116238415,1.2438675257631784,1.5707963267948966,1.0,20.0,20000,2000,2000,20000,137
method_b,css,uniform,X,5,0.005343557265111826,1.2438675257631784,1.5707963267948966,1.0,20.0,20000,2000,2000,20000,301
method_b,css,uniform,X,5,0.005808214418599812,1.2438675257631784,1.5707963267948966,1.0,20.0,20000,2000,2000,20000,572
method_b,css,uniform,X,5,0.006272871572087797,1.2438675257631784,1.5707963267948966,1.0,20.0,20000,2000,2000,20000,907
method_b,css,uniform,Z,3,0.004201871829292346,0.0,0.9256750284415967,1.0,20.0,20000,2000,2000,20000,5
method_b,css,uniform,Z,3,0.005135621124690645,0.0,0.9256750284415967,1.0,20.0,20000,2000,2000,20000,17
method_b,css,uniform,Z,3,0.006069370420088944,0.0,0.9256750284415967,1.0,20.0,20000,2000,2000,20000,53
method_b,css,uniform,Z,3,0.007003119715487242,0.0,0.9256750284415967,1.0,20.0,20000,2000,2000,20000,106
method_b,css,uniform,Z,3,0.007936869010885542,0.0,0.9256750284415967,1.0,20.0,20000,2000,2000,20000,223
method_b,css,uniform,Z,3,0.00887061830628384,0.0,0.9256750284415967,1.0,20.0,20000,2000,2000,20000,355
method_b,css,uniform,Z,3,0.00980436760168214,0.0,0.9256750284415967,1.0,20.0,20000,2000,2000,20000,597
method_b,css,uniform,Z,3,0.010738116897080437,0.0,0.9256750284415967,1.0,20.0,20000,2000,2000,20000,868
method_b,css,uniform,Z,3,0.011671866192478739,0.0,0.9256750284415967,1.0,20.0,20000,2000,2000,20000,1253
method_b,css,uniform,Z,3,0.012605615487877038,0.0,0.9256750284415967,1.0,20.0,20000,2000,2000,20000,1619
method_b,css,uniform,Z,5,0.004201871829292346,0.0,0.9256750284415967,1.0,20.0,20000,2000,2000,20000,1
method_b,css,uniform,Z,5,0.005135621124690645,0.0,0.9256750284415967,1.0,20.0,20000,2000,2000,20000,8
method_b,css,uniform,Z,5,0.006069370420088944,0.0,0.9256750284415967,1.0,20.0,20000,2000,2000,20000,22
method_b,css,uniform,Z,5,0.007003119715487242,0.0,0.9256750284415967,1.0,20.0,20000,2000,2000,20000,73
method_b,css,uniform,Z,5,0.007936869010885542,0.0,0.9256750284415967,1.0,20.0,20000,2000,2000,20000,234
method_b,css,uniform,Z,5,0.00887061830628384,0.0,0.9256750284415967,1.0,20.0,20000,2000,2000,20000,540
method_b,css,uniform,Z,5,0.00980436760168214,0.0,0.9256750284415967,1.0,20.0,20000,2000,2000,20000,999
method_b,css,uniform,Z,5,0.010738116897080437,0.0,0.9256750284415967,1.0,20.0,20000,2000,2000,20000,1871
method_b,css,uniform,Z,5,0.011671866192478739,0.0,0.9256750284415967,1.0,20.0,20000,2000,2000,14000,2039
method_b,css,uniform,Z,5,0.012605615487877038,0.0,0.9256750284415967,1.0,20.0,20000,2000,2000,12000,2394
method_b,css,uniform,X,3,0.0016807487317169383,0.0,0.9256750284415967,1.0,20.0,20000,2000,2000,20000,1
method_b,css,uniform,X,3,0.002054248449876258,0.0,0.9256750284415967,1.0,20.0,20000,2000,2000,20000,6
method_b,css,uniform,X,3,0.0024277481680355776,0.0,0.9256750284415967,1.0,20.0,20000,2000,2000,20000,9
method_b,css,uniform,X,3,0.0028012478861948967,0.0,0.9256750284415967,1.0,20.0,20000,2000,2000,20000,49
method_b,css,uniform,X,3,0.0031747476043542167,0.0,0.9256750284415967,1.0,20.0,20000,2000,2000,20000,82
method_b,css,uniform,X,3,0.0035482473225135363,0.0,0.9256750284415967,1.0,20.0,20000,2000,2000,20000,164
method_b,css,uniform,X,3,0.0039217470406728554,0.0,0.9256750284415967,1.0,20.0,20000,2000,2000,20000,222
method_b,css,uniform,X,3,0.004295246758832175,0.0,0.9256750284415967,1.0,20.0,20000,2000,2000,20000,394
method_b,css,uniform,X,3,0.0046687464769914954,0.0,0.9256750284415967,1.0,20.0,20000,2000,2000,20000,522
method_b,css,uniform,X,3,0.005042246195150815,0.0,0.9256750284415967,1.0,20.0,20000,2000,2000,20000,776
method_b,css,uniform,X,5,0.0016807487317169383,0.0,0.9256750284415967,1.0,20.0,20000,2000,2000,20000,0
method_b,css,uniform,X,5,0.002054248449876258,0.0,0.9256750284415967,1.0,20.0,20000,2000,2000,20000,1
method_b,css,uniform,X,5,0.0024277481680355776,0.0,0.9256750284415967,1.0,20.0,20000,2000,2000,20000,6
method_b,css,uniform,X,5,0.0028012478861948967,0.0,0.9256750284415967,1.0,20.0,20000,2000,2000,20000,14
method_b,css,uniform,X,5,0.0031747476043542167,0.0,0.9256750284415967,1.0,20.0,20000,2000,2000,20000,42
method_b,css,uniform,X,5,0.0035482473225135363,0.0,0.9256750284415967,1.0,20.0,20000,2000,2000,20000,129
method_b,css,uniform,X,5,0.0039217470406728554,0.0,0.9256750284415967,1.0,20.0,20000,2000,2000,20000,250
method_b,css,uniform,X,5,0.004295246758832175,0.0,0.9256750284415967,1.0,20.0,20000,2000,2000,20000,583
method_b,css,uniform,X,5,0.0046687464769914954,0.0,0.9256750284415967,1.0,20.0,20000,2000,2000,20000,1005
method_b,css,uniform,X,5,0.005042246195150815,0.0,0.9256750284415967,1.0,20.0,20000,2000,2000,20000,1576
method_b,css,uniform,Z,3,0.003954875766836439,0.3182841941991764,1.1057978299018578,1.0,20.0,20000,2000,2000,20000,8
method_b,css,uniform,Z,3,0.004833737048355648,0.3182841941991764,1.1057978299018578,1.0,20.0,20000,2000,2000,20000,35
method_b,css,uniform,Z,3,0.005712598329874856,0.3182841941991764,1.1057978299018578,1.0,20.0,20000,2000,2000,20000,64
method_b,css,uniform,Z,3,0.006591459611394065,0.3182841941991764,1.1057978299018578,1.0,20.0,20000,2000,2000,20000,152
method_b,css,uniform,Z,3,0.007470320892913274,0.3182841941991764,1.1057978299018578,1.0,20.0,20000,2000,2000,20000,262
method_b,css,uniform,Z,3,0.008349182174432482,0.3182841941991764,1.1057978299018578,1.0,20.0,20000,2000,2000,20000,461
method_b,css,uniform,Z,3,0.00922804345595169,0.3182841941991764,1.1057978299018578,1.0,20.0,20000,2000,2000,20000,698
method_b,css,uniform,Z,3,0.010106904737470898,0.3182841941991764,1.1057978299018578,1.0,20.0,20000,2000,2000,20000,1017
method_b,css,uniform,Z,3,0.010985766018990109,0.3182841941991764,1.1057978299018578,1.0,20.0,20000,2000,2000,20000,1447
method_b,css,uniform,Z,3,0.011864627300509318,0.3182841941991764,1.1057978299018578,1.0,20.0,20000,2000,2000,20000,1971
method_b,css,uniform,Z,5,0.003954875766836439,0.3182841941991764,1.1057978299018578,1.0,20.0,20000,2000,2000,20000,0
method_b,css,uniform,Z,5,0.004833737048355648,0.3182841941991764,1.1057978299018578,1.0,20.0,20000,2000,2000,20000,9
method_b,css,uniform,Z,5,0.005712598329874856,0.3182841941991764,1.1057978299018578,1.0,20.0,20000,2000,2000,20000,36
method_b,css,uniform,Z,5,0.006591459611394065,0.3182841941991764,1.1057978299018578,1.0,20.0,20000,2000,2000,20000,130
method_b,css,uniform,Z,5,0.007470320892913274,0.3182841941991764,1.1057978299018578,1.0,20.0,20000,2000,2000,20000,354
method_b,css,uniform,Z,5,0.008349182174432482,0.3182841941991764,1.1057978299018578,1.0,20.0,20000,2000,2000,20000,836
method_b,css,uniform,Z,5,0.00922804345595169,0.3182841941991764,1.1057978299018578,1.0,20.0,20000,2000,2000,20000,1463
method_b,css,uniform,Z,5,0.010106904737470898,0.3182841941991764,1.1057978299018578,1.0,20.0,20000,2000,2000,18000,2160
method_b,css,uniform,Z,5,0.010985766018990109,0.3182841941991764,1.1057978299018578,1.0,20.0,20000,2000,2000,12000,2164
method_b,css,uniform,Z,5,0.011864627300509318,0.3182841941991764,1.1057978299018578,1.0,20.0,20000,2000,2000,10000,2445
method_b,css,uniform,X,3,0.0015819503067345756,0.3182841941991764,1.1057978299018578,1.0,20.0,20000,2000,2000,20000,2
method_b,css,uniform,X,3,0.0019334948193422592,0.3182841941991764,1.1057978299018578,1.0,20.0,20000,2000,2000,20000,11
method_b,css,uniform,X,3,0.0022850393319499424,0.3182841941991764,1.1057978299018578,1.0,20.0,20000,2000,2000,20000,16
method_b,css,uniform,X,3,0.0026365838445576257,0.3182841941991764,1.1057978299018578,1.0,20.0,20000,2000,2000,20000,42
method_b,css,uniform,X,3,0.0029881283571653095,0.3182841941991764,1.1057978299018578,1.0,20.0,20000,2000,2000,20000,71
method_b,css,uniform,X,3,0.003339672869772993,0.3182841941991764,1.1057978299018578,1.0,20.0,20000,2000,2000,20000,129
method_b,css,uniform,X,3,0.003691217382380676,0.3182841941991764,1.1057978299018578,1.0,20.0,20000,2000,2000,20000,259
method_b,css,uniform,X,3,0.004042761894988359,0.3182841941991764,1.1057978299018578,1.0,20.0,20000,2000,2000,20000,348
method_b,css,uniform,X,3,0.0043943064075960435,0.3182841941991764,1.1057978299018578,1.0,20.0,20000,2000,2000,20000,532
method_b,css,uniform,X,3,0.004745850920203727,0.3182841941991764,1.1057978299018578,1.0,20.0,20000,2000,2000,20000,796
method_b,css,uniform,X,5,0.0015819503067345756,0.3182841941991764,1.1057978299018578,1.0,20.0,20000,2000,2000,20000,0
method_b,css,uniform,X,5,0.0019334948193422592,0.3182841941991764,1.1057978299018578,1.0,20.0,20000,2000,2000,20000,1
method_b,css,uniform,X,5,0.0022850393319499424,0.3182841941991764,1.1057978299018578,1.0,20.0,20000,2000,2000,20000,6
method_b,css,uniform,X,5,0.0026365838445576257,0.3182841941991764,1.1057978299018578,1.0,20.0,20000,2000,2000,20000,21
method_b,css,uniform,X,5,0.0029881283571653095,0.3182841941991764,1.1057978299018578,1.0,20.0,20000,2000,2000,20000,47
method_b,css,uniform,X,5,0.003339672869772993,0.3182841941991764,1.1057978299018578,1.0,20.0,20000,2000,2000,20000,133
method_b,css,uniform,X,5,0.003691217382380676,0.3182841941991764,1.1057978299018578,1.0,20.0,20000,2000,2000,20000,261
method_b,css,uniform,X,5,0.004042761894988359,0.3182841941991764,1.1057978299018578,1.0,20.0,20000,2000,2000,20000,500
method_b,css,uniform,X,5,0.0043943064075960435,0.3182841941991764,1.1057978299018578,1.0,20.0,20000,2000,2000,20000,939
method_b,css,uniform,X,5,0.004745850920203727,0.3182841941991764,1.1057978299018578,1.0,20.0,20000,2000,2000,20000,1533
method_b,css,uniform,Z,3,0.004255393054739306,0.6207867523887534,1.32502264436278,1.0,20.0,20000,2000,2000,20000,5
method_b,css,uniform,Z,3,0.005201035955792485,0.6207867523887534,1.32502264436278,1.0,20.0,20000,2000,2000,20000,40
method_b,css,uniform,Z,3,0.006146678856845663,0.6207867523887534,1.32502264436278,1.0,20.0,20000,2000,2000,20000,73
method_b,css,uniform,Z,3,0.007092321757898842,0.6207867523887534,1.32502264436278,1.0,20.0,20000,2000,2000,20000,173
method_b,css,uniform,Z,3,0.008037964658952021,0.6207867523887534,1.32502264436278,1.0,20.0,20000,2000,2000,20000,327
method_b,css,uniform,Z,3,0.008983607560005201,0.6207867523887534,1.32502264436278,1.0,20.0,20000,2000,2000,20000,554
method_b,css,uniform,Z,3,0.00992925046105838,0.6207867523887534,1.32502264436278,1.0,20.0,20000,2000,2000,20000,851
method_b,css,uniform,Z,3,0.010874893362111558,0.6207867523887534,1.32502264436278,1.0,20.0,20000,2000,2000,20000,1218
method_b,css,uniform,Z,3,0.011820536263164736,0.6207867523887534,1.32502264436278,1.0,20.0,20000,2000,2000,20000,1605
method_b,css,uniform,Z,3,0.012766179164217916,0.6207867523887534,1.32502264436278,1.0,20.0,20000,2000,2000,20000,2139
method_b,css,uniform,Z,5,0.004255393054739306,0.6207867523887534,1.32502264436278,1.0,20.0,20000,2000,2000,20000,0
method_b,css,uniform,Z,5,0.005201035955792485,0.6207867523887534,1.32502264436278,1.0,20.0,20000,2000,2000,20000,19
method_b,css,uniform,Z,5,0.006146678856845663,0.6207867523887534,1.32502264436278,1.0,20.0,20000,2000,2000,20000,68
method_b,css,uniform,Z,5,0.007092321757898842,0.6207867523887534,1.32502264436278,1.0,20.0,20000,2000,2000,20000,208
method_b,css,uniform,Z,5,0.008037964658952021,0.6207867523887534,1.32502264436278,1.0,20.0,20000,2000,2000,20000,566
method_b,css,uniform,Z,5,0.008983607560005201,0.6207867523887534,1.32502264436278,1.0,20.0,20000,2000,2000,20000,1113
method_b,css,uniform,Z,5,0.00992925046105838,0.6207867523887534,1.32502264436278,1.0,20.0,20000,2000,2000,20000,1927
method_b,css,uniform,Z,5,0.010874893362111558,0.6207867523887534,1.32502264436278,1.0,20.0,20000,2000,2000,14000,2102
method_b,css,uniform,Z,5,0.011820536263164736,0.6207867523887534,1.32502264436278,1.0,20.0,20000,2000,2000,10000,2126
method_b,css,uniform,Z,5,0.012766179164217916,0.6207867523887534,1.32502264436278,1.0,20.0,20000,2000,2000,8000,2226
method_b,css,uniform,X,3,0.0017021572218957222,0.6207867523887534,1.32502264436278,1.0,20.0,20000,2000,2000,20000,2
method_b,css,uniform,X,3,0.002080414382316994,0.6207867523887534,1.32502264436278,1.0,20.0,20000,2000,2000,20000,4
method_b,css,uniform,X,3,0.0024586715427382653,0.6207867523887534,1.32502264436278,1.0,20.0,20000,2000,2000,20000,10
method_b,css,uniform,X,3,0.002836928703159537,0.6207867523887534,1.32502264436278,1.0,20.0,20000,2000,2000,20000,32
method_b,css,uniform,X,3,0.0032151858635808086,0.6207867523887534,1.32502264436278,1.0,20.0,20000,2000,2000,20000,69
method_b,css,uniform,X,3,0.0035934430240020803,0.6207867523887534,1.32502264436278,1.0,20.0,20000,2000,2000,20000,145
method_b,css,uniform,X,3,0.0039717001844233515,0.6207867523887534,1.32502264436278,1.0,20.0,20000,2000,2000,20000,217
method_b,css,uniform,X,3,0.004349957344844623,0.6207867523887534,1.32502264436278,1.0,20.0,20000,2000,2000,20000,338
method_b,css,uniform,X,3,0.004728214505265895,0.6207867523887534,1.32502264436278,1.0,20.0,20000,2000,2000,20000,512
method_b,css,uniform,X,3,0.005106471665687166,0.6207867523887534,1.32502264436278,1.0,20.0,20000,2000,2000,20000,671
method_b,css,uniform,X,5,0.0017021572218957222,0.6207867523887534,1.32502264436278,1.0,20.0,20000,2000,2000,20000,1
method_b,css,uniform,X,5,0.002080414382316994,0.6207867523887534,1.32502264436278,1.0,20.0,20000,2000,2000,20000,1
method_b,css,uniform,X,5,0.0024586715427382653,0.6207867523887534,1.32502264436278,1.0,20.0,20000,2000,2000,20000,5
method_b,css,uniform,X,5,0.002836928703159537,0.6207867523887534,1.32502264436278,1.0,20.0,20000,2000,2000,20000,11
method_b,css,uniform,X,5,0.0032151858635808086,0.6207867523887534,1.32502264436278,1.0,20.0,20000,2000,2000,20000,35
method_b,css,uniform,X,5,0.0035934430240020803,0.6207867523887534,1.32502264436278,1.0,20.0,20000,2000,2000,20000,108
method_b,css,uniform,X,5,0.0039717001844233515,0.6207867523887534,1.32502264436278,1.0,20.0,20000,2000,2000,20000,278
method_b,css,uniform,X,5,0.004349957344844623,0.6207867523887534,1.32502264436278,1.0,20.0,20000,2000,2000,20000,482
method_b,css,uniform,X,5,0.004728214505265895,0.6207867523887534,1.32502264436278,1.0,20.0,20000,2000,2000,20000,901
method_b,css,uniform,X,5,0.005106471665687166,0.6207867523887534,1.32502264436278,1.0,20.0,20000,2000,2000,20000,1506
method_b,css,uniform,Z,3,0.005005767676135283,0.8356334336388772,1.5707963267948966,1.0,20.0,20000,2000,2000,20000,23
method_b,css,uniform,Z,3,0.0061181604930542356,0.8356334336388772,1.5707963267948966,1.0,20.0,20000,2000,2000,20000,42
method_b,css,uniform,Z,3,0.007230553309973187,0.8356334336388772,1.5707963267948966,1.0,20.0,20000,2000,2000,20000,93
method_b,css,uniform,Z,3,0.008342946126892136,0.8356334336388772,1.5707963267948966,1.0,20.0,20000,2000,2000,20000,235
method_b,css,uniform,Z,3,0.009455338943811089,0.8356334336388772,1.5707963267948966,1.0,20.0,20000,2000,2000,20000,387
method_b,css,uniform,Z,3,0.01056773176073004,0.8356334336388772,1.5707963267948966,1.0,20.0,20000,2000,2000,20000,632
method_b,css,uniform,Z,3,0.011680124577648991,0.8356334336388772,1.5707963267948966,1.0,20.0,20000,2000,2000,20000,979
method_b,css,uniform,Z,3,0.012792517394567944,0.8356334336388772,1.5707963267948966,1.0,20.0,20000,2000,2000,20000,1398
method_b,css,uniform,Z,3,0.013904910211486895,0.8356334336388772,1.5707963267948966,1.0,20.0,20000,2000,2000,20000,1940
method_b,css,uniform,Z,3,0.015017303028405848,0.8356334336388772,1.5707963267948966,1.0,20.0,20000,2000,2000,18000,2118
method_b,css,uniform,Z,5,0.005005767676135283,0.8356334336388772,1.5707963267948966,1.0,20.0,20000,2000,2000,20000,6
method_b,css,uniform,Z,5,0.0061181604930542356,0.8356334336388772,1.5707963267948966,1.0,20.0,20000,2000,2000,20000,29
method_b,css,uniform,Z,5,0.007230553309973187,0.8356334336388772,1.5707963267948966,1.0,20.0,20000,2000,2000,20000,95
method_b,css,uniform,Z,5,0.008342946126892136,0.8356334336388772,1.5707963267948966,1.0,20.0,20000,2000,2000,20000,273
method_b,css,uniform,Z,5,0.009455338943811089,0.8356334336388772,1.5707963267948966,1.0,20.0,20000,2000,2000,20000,715
method_b,css,uniform,Z,5,0.01056773176073004,0.8356334336388772,1.5707963267948966,1.0,20.0,20000,2000,2000,20000,1434
method_b,css,uniform,Z,5,0.011680124577648991,0.8356334336388772,1.5707963267948966,1.0,20.0,20000,2000,2000,18000,2172
method_b,css,uniform,Z,5,0.012792517394567944,0.8356334336388772,1.5707963267948966,1.0,20.0,20000,2000,2000,12000,2139
method_b,css,uniform,Z,5,0.013904910211486895,0.8356334336388772,1.5707963267948966,1.0,20.0,20000,2000,2000,10000,2444
method_b,css,uniform,Z,5,0.015017303028405848,0.8356334336388772,1.5707963267948966,1.0,20.0,20000,2000,2000,8000,2455
method_b,css,uniform,X,3,0.002002307070454113,0.8356334336388772,1.5707963267948966,1.0,20.0,20000,2000,2000,20000,2
method_b,css,uniform,X,3,0.002447264197221694,0.8356334336388772,1.5707963267948966,1.0,20.0,20000,2000,2000,20000,7
method_b,css,uniform,X,3,0.0028922213239892746,0.8356334336388772,1.5707963267948966,1.0,20.0,20000,2000,2000,20000,15
method_b,css,uniform,X,3,0.0033371784507568547,0.8356334336388772,1.5707963267948966,1.0,20.0,20000,2000,2000,20000,40
method_b,css,uniform,X,3,0.0037821355775244357,0.8356334336388772,1.5707963267948966,1.0,20.0,20000,2000,2000,20000,71
method_b,css,uniform,X,3,0.004227092704292016,0.8356334336388772,1.5707963267948966,1.0,20.0,20000,2000,2000,20000,139
method_b,css,uniform,X,3,0.004672049831059596,0.8356334336388772,1.5707963267948966,1.0,20.0,20000,2000,2000,20000,233
method_b,css,uniform,X,3,0.005117006957827177,0.8356334336388772,1.5707963267948966,1.0,20.0,20000,2000,2000,20000,299
method_b,css,uniform,X,3,0.005561964084594758,0.8356334336388772,1.5707963267948966,1.0,20.0,20000,2000,2000,20000,502
method_b,css,uniform,X,3,0.006006921211362339,0.8356334336388772,1.5707963267948966,1.0,20.0,20000,2000,2000,20000,695
method_b,css,uniform,X,5,0.002002307070454113,0.8356334336388772,1.5707963267948966,1.0,20.0,20000,2000,2000,20000,0
method_b,css,uniform,X,5,0.002447264197221694,0.8356334336388772,1.5707963267948966,1.0,20.0,20000,2000,2000,20000,1
method_b,css,uniform,X,5,0.0028922213239892746,0.8356334336388772,1.5707963267948966,1.0,20.0,20000,2000,2000,20000,2
method_b,css,uniform,X,5,0.0033371784507568547,0.8356334336388772,1.5707963267948966,1.0,20.0,20000,2000,2000,20000,8
method_b,css,uniform,X,5,0.0037821355775244357,0.8356334336388772,1.5707963267948966,1.0,20.0,20000,2000,2000,20000,31
method_b,css,uniform,X,5,0.004227092704292016,0.8356334336388772,1.5707963267948966,1.0,20.0,20000,2000,2000,20000,111
method_b,css,uniform,X,5,0.004672049831059596,0.8356334336388772,1.5707963267948966,1.0,20.0,20000,2000,2000,20000,226
method_b,css,uniform,X,5,0.005117006957827177,0.8356334336388772,1.5707963267948966,1.0,20.0,20000,2000,2000,20000,489
method_b,css,uniform,X,5,0.005561964084594758,0.8356334336388772,1.5707963267948966,1.0,20.0,20000,2000,2000,20000,873
method_b,css,uniform,X,5,0.006006921211362339,0.8356334336388772,1.5707963267948966,1.0,20.0,20000,2000,2000,20000,1404
method_b,css,uniform,Z,3,0.005310325467004801,0.0,1.24803226392539,1.0,20.0,20000,2000,2000,20000,2
method_b,css,uniform,Z,3,0.006490397793005869,0.0,1.24803226392539,1.0,20.0,20000,2000,2000,20000,4
method_b,css,uniform,Z,3,0.007670470119006935,0.0,1.24803226392539,1.0,20.0,20000,2000,2000,20000,7
method_b,css,uniform,Z,3,0.008850542445008,0.0,1.24803226392539,1.0,20.0,20000,2000,2000,20000,13
method_b,css,uniform,Z,3,0.01003061477100907,0.0,1.24803226392539,1.0,20.0,20000,2000,2000,20000,37
method_b,css,uniform,Z,3,0.011210687097010135,0.0,1.24803226392539,1.0,20.0,20000,2000,2000,20000,59
method_b,css,uniform,Z,3,0.0123907594230112,0.0,1.24803226392539,1.0,20.0,20000,2000,2000,20000,107
method_b,css,uniform,Z,3,0.013570831749012267,0.0,1.24803226392539,1.0,20.0,20000,2000,2000,20000,155
method_b,css,uniform,Z,3,0.014750904075013335,0.0,1.24803226392539,1.0,20.0,20000,2000,2000,20000,250
method_b,css,uniform,Z,3,0.0159309764010144,0.0,1.24803226392539,1.0,20.0,20000,2000,2000,20000,366
method_b,css,uniform,Z,5,0.005310325467004801,0.0,1.24803226392539,1.0,20.0,20000,2000,2000,20000,0
method_b,css,uniform,Z,5,0.006490397793005869,0.0,1.24803226392539,1.0,20.0,20000,2000,2000,20000,0
method_b,css,uniform,Z,5,0.007670470119006935,0.0,1.24803226392539,1.0,20.0,20000,2000,2000,20000,2
method_b,css,uniform,Z,5,0.008850542445008,0.0,1.24803226392539,1.0,20.0,20000,2000,2000,20000,2
method_b,css,uniform,Z,5,0.01003061477100907,0.0,1.24803226392539,1.0,20.0,20000,2000,2000,20000,13
method_b,css,uniform,Z,5,0.011210687097010135,0.0,1.24803226392539,1.0,20.0,20000,2000,2000,20000,42
method_b,css,uniform,Z,5,0.0123907594230112,0.0,1.24803226392539,1.0,20.0,20000,2000,2000,20000,79
method_b,css,uniform,Z,5,0.013570831749012267,0.0,1.24803226392539,1.0,20.0,20000,2000,2000,20000,142
method_b,css,uniform,Z,5,0.014750904075013335,0.0,1.24803226392539,1.0,20.0,20000,2000,2000,20000,298
method_b,css,uniform,Z,5,0.0159309764010144,0.0,1.24803226392539,1.0,20.0,20000,2000,2000,20000,502
method_b,css,uniform,X,3,0.0021241301868019204,0.0,1.24803226392539,1.0,20.0,20000,2000,2000,20000,2
method_b,css,uniform,X,3,0.0025961591172023474,0.0,1.24803226392539,1.0,20.0,20000,2000,2000,20000,11
method_b,css,uniform,X,3,0.003068188047602774,0.0,1.24803226392539,1.0,20.0,20000,2000,2000,20000,35
method_b,css,uniform,X,3,0.0035402169780032002,0.0,1.24803226392539,1.0,20.0,20000,2000,2000,20000,47
method_b,css,uniform,X,3,0.004012245908403628,0.0,1.24803226392539,1.0,20.0,20000,2000,2000,20000,95
method_b,css,uniform,X,3,0.004484274838804054,0.0,1.24803226392539,1.0,20.0,20000,2000,2000,20000,178
method_b,css,uniform,X,3,0.00495630376920448,0.0,1.24803226392539,1.0,20.0,20000,2000,2000,20000,305
method_b,css,uniform,X,3,0.005428332699604907,0.0,1.24803226392539,1.0,20.0,20000,2000,2000,20000,458
method_b,css,uniform,X,3,0.005900361630005334,0.0,1.24803226392539,1.0,20.0,20000,2000,2000,20000,609
method_b,css,uniform,X,3,0.006372390560405761,0.0,1.24803226392539,1.0,20.0,20000,2000,2000,20000,933
method_b,css,uniform,X,5,0.0021241301868019204,0.0,1.24803226392539,1.0,20.0,20000,2000,2000,20000,0
method_b,css,uniform,X,5,0.0025961591172023474,0.0,1.24803226392539,1.0,20.0,20000,2000,2000,20000,0
method_b,css,uniform,X,5,0.003068188047602774,0.0,1.24803226392539,1.0,20.0,20000,2000,2000,20000,5
method_b,css,uniform,X,5,0.0035402169780032002,0.0,1.24803226392539,1.0,20.0,20000,2000,2000,20000,22
method_b,css,uniform,X,5,0.004012245908403628,0.0,1.24803226392539,1.0,20.0,20000,2000,2000,20000,62
method_b,css,uniform,X,5,0.004484274838804054,0.0,1.24803226392539,1.0,20.0,20000,2000,2000,20000,186
method_b,css,uniform,X,5,0.00495630376920448,0.0,1.24803226392539,1.0,20.0,20000,2000,2000,20000,361
method_b,css,uniform,X,5,0.005428332699604907,0.0,1.24803226392539,1.0,20.0,20000,2000,2000,20000,773
method_b,css,uniform,X,5,0.005900361630005334,0.0,1.24803226392539,1.0,20.0,20000,2000,2000,20000,1298
method_b,css,uniform,X,5,0.006372390560405761,0.0,1.24803226392539,1.0,20.0,20000,2000,2000,20000,2020
method_b,css,uniform,Z,3,0.005253897180447109,0.23779875737055453,1.4050996717372846,1.0,20.0,20000,2000,2000,20000,0
method_b,css,uniform,Z,3,0.006421429887213134,0.23779875737055453,1.4050996717372846,1.0,20.0,20000,2000,2000,20000,11
method_b,css,uniform,Z,3,0.007588962593979158,0.23779875737055453,1.4050996717372846,1.0,20.0,20000,2000,2000,20000,9
method_b,css,uniform,Z,3,0.008756495300745182,0.23779875737055453,1.4050996717372846,1.0,20.0,20000,2000,2000,20000,24
method_b,css,uniform,Z,3,0.009924028007511207,0.23779875737055453,1.4050996717372846,1.0,20.0,20000,2000,2000,20000,47
method_b,css,uniform,Z,3,0.011091560714277231,0.23779875737055453,1.4050996717372846,1.0,20.0,20000,2000,2000,20000,88
method_b,css,uniform,Z,3,0.012259093421043255,0.23779875737055453,1.4050996717372846,1.0,20.0,20000,2000,2000,20000,157
method_b,css,uniform,Z,3,0.01342662612780928,0.23779875737055453,1.4050996717372846,1.0,20.0,20000,2000,2000,20000,234
method_b,css,uniform,Z,3,0.014594158834575304,0.23779875737055453,1.4050996717372846,1.0,20.0,20000,2000,2000,20000,332
method_b,css,uniform,Z,3,0.015761691541341327,0.23779875737055453,1.4050996717372846,1.0,20.0,20000,2000,2000,20000,468
method_b,css,uniform,Z,5,0.005253897180447109,0.23779875737055453,1.4050996717372846,1.0,20.0,20000,2000,2000,20000,0
method_b,css,uniform,Z,5,0.006421429887213134,0.23779875737055453,1.4050996717372846,1.0,20.0,20000,2000,2000,20000,0
method_b,css,uniform,Z,5,0.007588962593979158,0.23779875737055453,1.4050996717372846,1.0,20.0,20000,2000,2000,20000,2
method_b,css,uniform,Z,5,0.008756495300745182,0.23779875737055453,1.4050996717372846,1.0,20.0,20000,2000,2000,20000,11
method_b,css,uniform,Z,5,0.009924028007511207,0.23779875737055453,1.4050996717372846,1.0,20.0,20000,2000,2000,20000,24
method_b,css,uniform,Z,5,0.011091560714277231,0.23779875737055453,1.4050996717372846,1.0,20.0,20000,2000,2000,20000,57
method_b,css,uniform,Z,5,0.012259093421043255,0.23779875737055453,1.4050996717372846,1.0,20.0,20000,2000,2000,20000,145
method_b,css,uniform,Z,5,0.01342662612780928,0.23779875737055453,1.4050996717372846,1.0,20.0,20000,2000,2000,20000,295
method_b,css,uniform,Z,5,0.014594158834575304,0.23779875737055453,1.4050996717372846,1.0,20.0,20000,2000,2000,20000,551
method_b,css,uniform,Z,5,0.015761691541341327,0.23779875737055453,1.4050996717372846,1.0,20.0,20000,2000,2000,20000,921
method_b,css,uniform,X,3,0.002101558872178844,0.23779875737055453,1.4050996717372846,1.0,20.0,20000,2000,2000,20000,0
method_b,css,uniform,X,3,0.0025685719548852537,0.23779875737055453,1.4050996717372846,1.0,20.0,20000,2000,2000,20000,7
method_b,css,uniform,X,3,0.0030355850375916632,0.23779875737055453,1.4050996717372846,1.0,20.0,20000,2000,2000,20000,19
method_b,css,uniform,X,3,0.0035025981202980727,0.23779875737055453,1.4050996717372846,1.0,20.0,20000,2000,2000,20000,37
method_b,css,uniform,X,3,0.003969611203004483,0.23779875737055453,1.4050996717372846,1.0,20.0,20000,2000,2000,20000,84
method_b,css,uniform,X,3,0.004436624285710893,0.23779875737055453,1.4050996717372846,1.0,20.0,20000,2000,2000,20000,165
method_b,css,uniform,X,3,0.004903637368417302,0.23779875737055453,1.4050996717372846,1.0,20.0,20000,2000,2000,20000,299
method_b,css,uniform,X,3,0.0053706504511237116,0.23779875737055453,1.4050996717372846,1.0,20.0,20000,2000,2000,20000,454
method_b,css,uniform,X,3,0.0058376635338301215,0.23779875737055453,1.4050996717372846,1.0,20.0,20000,2000,2000,20000,639
method_b,css,uniform,X,3,0.006304676616536531,0.23779875737055453,1.4050996717372846,1.0,20.0,20000,2000,2000,20000,886
method_b,css,uniform,X,5,0.002101558872178844,0.23779875737055453,1.4050996717372846,1.0,20.0,20000,2000,2000,20000,1
method_b,css,uniform,X,5,0.0025685719548852537,0.23779875737055453,1.4050996717372846,1.0,20.0,20000,2000,2000,20000,1
method_b,css,uniform,X,5,0.0030355850375916632,0.23779875737055453,1.4050996717372846,1.0,20.0,20000,2000,2000,20000,4
method_b,css,uniform,X,5,0.0035025981202980727,0.23779875737055453,1.4050996717372846,1.0,20.0,20000,2000,2000,20000,15
method_b,css,uniform,X,5,0.003969611203004483,0.23779875737055453,1.4050996717372846,1.0,20.0,20000,2000,2000,20000,80
method_b,css,uniform,X,5,0.004436624285710893,0.23779875737055453,1.4050996717372846,1.0,20.0,20000,2000,2000,20000,175
method_b,css,uniform,X,5,0.004903637368417302,0.23779875737055453,1.4050996717372846,1.0,20.0,20000,2000,2000,20000,397
method_b,css,uniform,X,5,0.0053706504511237116,0.23779875737055453,1.4050996717372846,1.0,20.0,20000,2000,2000,20000,745
method_b,css,uniform,X,5,0.0058376635338301215,0.23779875737055453,1.4050996717372846,1.0,20.0,20000,2000,2000,20000,1290
method_b,css,uniform,X,5,0.006304676616536531,0.23779875737055453,1.4050996717372846,1.0,20.0,20000,2000,2000,20000,1979
method_b,css,uniform,Z,3,0.0056115351605246395,0.4568257518874006,1.5707963267948966,1.0,20.0,20000,2000,2000,20000,3
method_b,css,uniform,Z,3,0.00685854297397456,0.4568257518874006,1.5707963267948966,1.0,20.0,20000,2000,2000,20000,6
method_b,css,uniform,Z,3,0.00810555078742448,0.4568257518874006,1.5707963267948966,1.0,20.0,20000,2000,2000,20000,16
method_b,css,uniform,Z,3,0.0093525586008744,0.4568257518874006,1.5707963267948966,1.0,20.0,20000,2000,2000,20000,25
method_b,css,uniform,Z,3,0.010599566414324321,0.4568257518874006,1.5707963267948966,1.0,20.0,20000,2000,2000,20000,54
method_b,css,uniform,Z,3,0.011846574227774239,0.4568257518874006,1.5707963267948966,1.0,20.0,20000,2000,2000,20000,106
method_b,css,uniform,Z,3,0.013093582041224159,0.4568257518874006,1.5707963267948966,1.0,20.0,20000,2000,2000,20000,163
method_b,css,uniform,Z,3,0.014340589854674079,0.4568257518874006,1.5707963267948966,1.0,20.0,20000,2000,2000,20000,287
method_b,css,uniform,Z,3,0.015587597668123999,0.4568257518874006,1.5707963267948966,1.0,20.0,20000,2000,2000,20000,436
method_b,css,uniform,Z,3,0.01683460548157392,0.4568257518874006,1.5707963267948966,1.0,20.0,20000,2000,2000,20000,676
method_b,css,uniform,Z,5,0.0056115351605246395,0.4568257518874006,1.5707963267948966,1.0,20.0,20000,2000,2000,20000,0
method_b,css,uniform,Z,5,0.00685854297397456,0.4568257518874006,1.5707963267948966,1.0,20.0,20000,2000,2000,20000,0
method_b,css,uniform,Z,5,0.00810555078742448,0.4568257518874006,1.5707963267948966,1.0,20.0,20000,2000,2000,20000,5
method_b,css,uniform,Z,5,0.0093525586008744,0.4568257518874006,1.5707963267948966,1.0,20.0,20000,2000,2000,20000,13
method_b,css,uniform,Z,5,0.010599566414324321,0.4568257518874006,1.5707963267948966,1.0,20.0,20000,2000,2000,20000,34
method_b,css,uniform,Z,5,0.011846574227774239,0.4568257518874006,1.5707963267948966,1.0,20.0,20000,2000,2000,20000,108
method_b,css,uniform,Z,5,0.013093582041224159,0.4568257518874006,1.5707963267948966,1.0,20.0,20000,2000,2000,20000,264
method_b,css,uniform,Z,5,0.014340589854674079,0.4568257518874006,1.5707963267948966,1.0,20.0,20000,2000,2000,20000,477
method_b,css,uniform,Z,5,0.015587597668123999,0.4568257518874006,1.5707963267948966,1.0,20.0,20000,2000,2000,20000,844
method_b,css,uniform,Z,5,0.01683460548157392,0.4568257518874006,1.5707963267948966,1.0,20.0,20000,2000,2000,20000,1412
method_b,css,uniform,X,3,0.002244614064209856,0.4568257518874006,1.5707963267948966,1.0,20.0,20000,2000,2000,20000,0
method_b,css,uniform,X,3,0.002743417189589824,0.4568257518874006,1.5707963267948966,1.0,20.0,20000,2000,2000,20000,12
method_b,css,uniform,X,3,0.003242220314969792,0.4568257518874006,1.5707963267948966,1.0,20.0,20000,2000,2000,20000,23
method_b,css,uniform,X,3,0.0037410234403497597,0.4568257518874006,1.5707963267948966,1.0,20.0,20000,2000,2000,20000,38
method_b,css,uniform,X,3,0.004239826565729728,0.4568257518874006,1.5707963267948966,1.0,20.0,20000,2000,2000,20000,78
method_b,css,uniform,X,3,0.004738629691109696,0.4568257518874006,1.5707963267948966,1.0,20.0,20000,2000,2000,20000,174
method_b,css,uniform,X,3,0.005237432816489663,0.4568257518874006,1.5707963267948966,1.0,20.0,20000,2000,2000,20000,264
method_b,css,uniform,X,3,0.005736235941869632,0.4568257518874006,1.5707963267948966,1.0,20.0,20000,2000,2000,20000,408
method_b,css,uniform,X,3,0.0062350390672495995,0.4568257518874006,1.5707963267948966,1.0,20.0,20000,2000,2000,20000,609
method_b,css,uniform,X,3,0.006733842192629568,0.4568257518874006,1.5707963267948966,1.0,20.0,20000,2000,2000,20000,873
method_b,css,uniform,X,5,0.002244614064209856,0.4568257518874006,1.5707963267948966,1.0,20.0,20000,2000,2000,20000,0
method_b,css,uniform,X,5,0.002743417189589824,0.4568257518874006,1.5707963267948966,1.0,20.0,20000,2000,2000,20000,2
method_b,css,uniform,X,5,0.003242220314969792,0.4568257518874006,1.5707963267948966,1.0,20.0,20000,2000,2000,20000,5
method_b,css,uniform,X,5,0.0037410234403497597,0.4568257518874006,1.5707963267948966,1.0,20.0,20000,2000,2000,20000,19
method_b,css,uniform,X,5,0.004239826565729728,0.4568257518874006,1.5707963267948966,1.0,20.0,20000,2000,2000,20000,69
method_b,css,uniform,X,5,0.004738629691109696,0.4568257518874006,1.5707963267948966,1.0,20.0,20000,2000,2000,20000,182
method_b,css,uniform,X,5,0.005237432816489663,0.4568257518874006,1.5707963267948966,1.0,20.0,20000,2000,2000,20000,365
method_b,css,uniform,X,5,0.005736235941869632,0.4568257518874006,1.5707963267948966,1.0,20.0,20000,2000,2000,20000,648
method_b,css,uniform,X,5,0.0062350390672495995,0.4568257518874006,1.5707963267948966,1.0,20.0,20000,2000,2000,20000,1216
method_b,css,uniform,X,5,0.006733842192629568,0.4568257518874006,1.5707963267948966,1.0,20.0,20000,2000,2000,20000,1915
method_b,css,uniform,Z,3,0.01691856326112094,0.0,1.4460254148871552,1.0,20.0,20000,2000,2000,20000,6
method_b,css,uniform,Z,3,0.020678243985814485,0.0,1.4460254148871552,1.0,20.0,20000,2000,2000,20000,31
method_b,css,uniform,Z,3,0.024437924710508024,0.0,1.4460254148871552,1.0,20.0,20000,2000,2000,20000,54
method_b,css,uniform,Z,3,0.028197605435201566,0.0,1.4460254148871552,1.0,20.0,20000,2000,2000,20000,131
method_b,css,uniform,Z,3,0.03195728615989511,0.0,1.4460254148871552,1.0,20.0,20000,2000,2000,20000,254
method_b,css,uniform,Z,3,0.03571696688458865,0.0,1.4460254148871552,1.0,20.0,20000,2000,2000,20000,432
method_b,css,uniform,Z,3,0.03947664760928219,0.0,1.4460254148871552,1.0,20.0,20000,2000,2000,20000,644
method_b,css,uniform,Z,3,0.04323632833397573,0.0,1.4460254148871552,1.0,20.0,20000,2000,2000,20000,967
method_b,css,uniform,Z,3,0.046996009058669276,0.0,1.4460254148871552,1.0,20.0,20000,2000,2000,20000,1379
method_b,css,uniform,Z,3,0.050755689783362826,0.0,1.4460254148871552,1.0,20.0,20000,2000,2000,20000,1827
method_b,css,uniform,Z,5,0.01691856326112094,0.0,1.4460254148871552,1.0,20.0,20000,2000,2000,20000,0
method_b,css,uniform,Z,5,0.020678243985814485,0.0,1.4460254148871552,1.0,20.0,20000,2000,2000,20000,2
method_b,css,uniform,Z,5,0.024437924710508024,0.0,1.4460254148871552,1.0,20.0,20000,2000,2000,20000,23
method_b,css,uniform,Z,5,0.028197605435201566,0.0,1.4460254148871552,1.0,20.0,20000,2000,2000,20000,83
method_b,css,uniform,Z,5,0.03195728615989511,0.0,1.4460254148871552,1.0,20.0,20000,2000,2000,20000,242
method_b,css,uniform,Z,5,0.03571696688458865,0.0,1.4460254148871552,1.0,20.0,20000,2000,2000,20000,615
method_b,css,uniform,Z,5,0.03947664760928219,0.0,1.4460254148871552,1.0,20.0,20000,2000,2000,20000,1111
method_b,css,uniform,Z,5,0.04323632833397573,0.0,1.4460254148871552,1.0,20.0,20000,2000,2000,20000,2082
method_b,css,uniform,Z,5,0.046996009058669276,0.0,1.4460254148871552,1.0,20.0,20000,2000,2000,14000,2267
method_b,css,uniform,Z,5,0.050755689783362826,0.0,1.4460254148871552,1.0,20.0,20000,2000,2000,10000,2175
method_b,css,uniform,X,3,0.0027069701217793504,0.0,1.4460254148871552,1.0,20.0,20000,2000,2000,20000,3
method_b,css,uniform,X,3,0.0033085190377303174,0.0,1.4460254148871552,1.0,20.0,20000,2000,2000,20000,10
method_b,css,uniform,X,3,0.003910067953681284,0.0,1.4460254148871552,1.0,20.0,20000,2000,2000,20000,26
method_b,css,uniform,X,3,0.00451161686963225,0.0,1.4460254148871552,1.0,20.0,20000,2000,2000,20000,54
method_b,css,uniform,X,3,0.005113165785583218,0.0,1.4460254148871552,1.0,20.0,20000,2000,2000,20000,118
method_b,css,uniform,X,3,0.005714714701534184,0.0,1.4460254148871552,1.0,20.0,20000,2000,2000,20000,226
method_b,css,uniform,X,3,0.006316263617485151,0.0,1.4460254148871552,1.0,20.0,20000,2000,2000,20000,383
method_b,css,uniform,X,3,0.006917812533436117,0.0,1.4460254148871552,1.0,20.0,20000,2000,2000,20000,595
method_b,css,uniform,X,3,0.007519361449387084,0.0,1.4460254148871552,1.0,20.0,20000,2000,2000,20000,845
method_b,css,uniform,X,3,0.008120910365338052,0.0,1.4460254148871552,1.0,20.0,20000,2000,2000,20000,1138
method_b,css,uniform,X,5,0.0027069701217793504,0.0,1.4460254148871552,1.0,20.0,20000,2000,2000,20000,0
method_b,css,uniform,X,5,0.0033085190377303174,0.0,1.4460254148871552,1.0,20.0,20000,2000,2000,20000,0
method_b,css,uniform,X,5,0.003910067953681284,0.0,1.4460254148871552,1.0,20.0,20000,2000,2000,20000,4
method_b,css,uniform,X,5,0.00451161686963225,0.0,1.4460254148871552,1.0,20.0,20000,2000,2000,20000,35
method_b,css,uniform,X,5,0.005113165785583218,0.0,1.4460254148871552,1.0,20.0,20000,2000,2000,20000,84
method_b,css,uniform,X,5,0.005714714701534184,0.0,1.4460254148871552,1.0,20.0,20000,2000,2000,20000,247
method_b,css,uniform,X,5,0.006316263617485151,0.0,1.4460254148871552,1.0,20.0,20000,2000,2000,20000,499
method_b,css,uniform,X,5,0.006917812533436117,0.0,1.4460254148871552,1.0,20.0,20000,2000,2000,20000,958
method_b,css,uniform,X,5,0.007519361449387084,0.0,1.4460254148871552,1.0,20.0,20000,2000,2000,20000,1608
method_b,css,uniform,X,5,0.008120910365338052,0.0,1.4460254148871552,1.0,20.0,20000,2000,2000,16000,2007
method_b,css,uniform,Z,3,0.006827919728904209,0.1822674921136424,1.5707963267948966,1.0,20.0,20000,2000,2000,20000,0
method_b,css,uniform,Z,3,0.008345235224216256,0.1822674921136424,1.5707963267948966,1.0,20.0,20000,2000,2000,20000,0
method_b,css,uniform,Z,3,0.009862550719528301,0.1822674921136424,1.5707963267948966,1.0,20.0,20000,2000,2000,20000,1
method_b,css,uniform,Z,3,0.011379866214840348,0.1822674921136424,1.5707963267948966,1.0,20.0,20000,2000,2000,20000,0
method_b,css,uniform,Z,3,0.012897181710152392,0.1822674921136424,1.5707963267948966,1.0,20.0,20000,2000,2000,20000,1
method_b,css,uniform,Z,3,0.014414497205464442,0.1822674921136424,1.5707963267948966,1.0,20.0,20000,2000,2000,20000,9
method_b,css,uniform,Z,3,0.015931812700776486,0.1822674921136424,1.5707963267948966,1.0,20.0,20000,2000,2000,20000,10
method_b,css,uniform,Z,3,0.017449128196088532,0.1822674921136424,1.5707963267948966,1.0,20.0,20000,2000,2000,20000,16
method_b,css,uniform,Z,3,0.01896644369140058,0.1822674921136424,1.5707963267948966,1.0,20.0,20000,2000,2000,20000,19
method_b,css,uniform,Z,3,0.020483759186712625,0.1822674921136424,1.5707963267948966,1.0,20.0,20000,2000,2000,20000,50
method_b,css,uniform,Z,5,0.006827919728904209,0.1822674921136424,1.5707963267948966,1.0,20.0,20000,2000,2000,20000,0
method_b,css,uniform,Z,5,0.008345235224216256,0.1822674921136424,1.5707963267948966,1.0,20.0,20000,2000,2000,20000,0
method_b,css,uniform,Z,5,0.009862550719528301,0.1822674921136424,1.5707963267948966,1.0,20.0,20000,2000,2000,20000,0
method_b,css,uniform,Z,5,0.011379866214840348,0.1822674921136424,1.5707963267948966,1.0,20.0,20000,2000,2000,20000,0
method_b,css,uniform,Z,5,0.012897181710152392,0.1822674921136424,1.5707963267948966,1.0,20.0,20000,2000,2000,20000,1
method_b,css,uniform,Z,5,0.014414497205464442,0.1822674921136424,1.5707963267948966,1.0,20.0,20000,2000,2000,20000,0
method_b,css,uniform,Z,5,0.015931812700776486,0.1822674921136424,1.5707963267948966,1.0,20.0,20000,2000,2000,20000,3
method_b,css,uniform,Z,5,0.017449128196088532,0.1822674921136424,1.5707963267948966,1.0,20.0,20000,2000,2000,20000,1
method_b,css,uniform,Z,5,0.01896644369140058,0.1822674921136424,1.5707963267948966,1.0,20.0,20000,2000,2000,20000,9
method_b,css,uniform,Z,5,0.020483759186712625,0.1822674921136424,1.5707963267948966,1.0,20.0,20000,2000,2000,20000,22
method_b,css,uniform,X,3,0.0027311678915616835,0.1822674921136424,1.5707963267948966,1.0,20.0,20000,2000,2000,20000,9
method_b,css,uniform,X,3,0.0033380940896865024,0.1822674921136424,1.5707963267948966,1.0,20.0,20000,2000,2000,20000,12
method_b,css,uniform,X,3,0.00394502028781132,0.1822674921136424,1.5707963267948966,1.0,20.0,20000,2000,2000,20000,21
method_b,css,uniform,X,3,0.004551946485936139,0.1822674921136424,1.5707963267948966,1.0,20.0,20000,2000,2000,20000,70
method_b,css,uniform,X,3,0.005158872684060957,0.1822674921136424,1.5707963267948966,1.0,20.0,20000,2000,2000,20000,128
method_b,css,uniform,X,3,0.005765798882185777,0.1822674921136424,1.5707963267948966,1.0,20.0,20000,2000,2000,20000,196
method_b,css,uniform,X,3,0.006372725080310594,0.1822674921136424,1.5707963267948966,1.0,20.0,20000,2000,2000,20000,390
method_b,css,uniform,X,3,0.006979651278435413,0.1822674921136424,1.5707963267948966,1.0,20.0,20000,2000,2000,20000,540
method_b,css,uniform,X,3,0.007586577476560232,0.1822674921136424,1.5707963267948966,1.0,20.0,20000,2000,2000,20000,823
method_b,css,uniform,X,3,0.00819350367468505,0.1822674921136424,1.5707963267948966,1.0,20.0,20000,2000,2000,20000,1120
method_b,css,uniform,X,5,0.0027311678915616835,0.1822674921136424,1.5707963267948966,1.0,20.0,20000,2000,2000,20000,0
method_b,css,uniform,X,5,0.0033380940896865024,0.1822674921136424,1.5707963267948966,1.0,20.0,20000,2000,2000,20000,2
method_b,css,uniform,X,5,0.00394502028781132,0.1822674921136424,1.5707963267948966,1.0,20.0,20000,2000,2000,20000,6
method_b,css,uniform,X,5,0.004551946485936139,0.1822674921136424,1.5707963267948966,1.0,20.0,20000,2000,2000,20000,22
method_b,css,uniform,X,5,0.005158872684060957,0.1822674921136424,1.5707963267948966,1.0,20.0,20000,2000,2000,20000,85
method_b,css,uniform,X,5,0.005765798882185777,0.1822674921136424,1.5707963267948966,1.0,20.0,20000,2000,2000,20000,232
method_b,css,uniform,X,5,0.006372725080310594,0.1822674921136424,1.5707963267948966,1.0,20.0,20000,2000,2000,20000,493
method_b,css,uniform,X,5,0.006979651278435413,0.1822674921136424,1.5707963267948966,1.0,20.0,20000,2000,2000,20000,989
method_b,css,uniform,X,5,0.007586577476560232,0.1822674921136424,1.5707963267948966,1.0,20.0,20000,2000,2000,20000,1703
method_b,css,uniform,X,5,0.00819350367468505,0.1822674921136424,1.5707963267948966,1.0,20.0,20000,2000,2000,18000,2187
method_b,css,uniform,Z,3,0.052459505561099934,0.0,1.5707963267948966,1.0,20.0,20000,2000,2000,20000,0
method_b,css,uniform,Z,3,0.06411717346356659,0.0,1.5707963267948966,1.0,20.0,20000,2000,2000,20000,3
method_b,css,uniform,Z,3,0.07577484136603323,0.0,1.5707963267948966,1.0,20.0,20000,2000,2000,20000,4
method_b,css,uniform,Z,3,0.08743250926849988,0.0,1.5707963267948966,1.0,20.0,20000,2000,2000,20000,13
method_b,css,uniform,Z,3,0.09909017717096653,0.0,1.5707963267948966,1.0,20.0,20000,2000,2000,20000,33
method_b,css,uniform,Z,3,0.11074784507343319,0.0,1.5707963267948966,1.0,20.0,20000,2000,2000,20000,52
method_b,css,uniform,Z,3,0.12240551297589983,0.0,1.5707963267948966,1.0,20.0,20000,2000,2000,20000,107
method_b,css,uniform,Z,3,0.1340631808783665,0.0,1.5707963267948966,1.0,20.0,20000,2000,2000,20000,152
method_b,css,uniform,Z,3,0.14572084878083316,0.0,1.5707963267948966,1.0,20.0,20000,2000,2000,20000,263
method_b,css,uniform,Z,3,0.15737851668329977,0.0,1.5707963267948966,1.0,20.0,20000,2000,2000,20000,374
method_b,css,uniform,Z,5,0.052459505561099934,0.0,1.5707963267948966,1.0,20.0,20000,2000,2000,20000,0
method_b,css,uniform,Z,5,0.06411717346356659,0.0,1.5707963267948966,1.0,20.0,20000,2000,2000,20000,0
method_b,css,uniform,Z,5,0.07577484136603323,0.0,1.5707963267948966,1.0,20.0,20000,2000,2000,20000,0
method_b,css,uniform,Z,5,0.08743250926849988,0.0,1.5707963267948966,1.0,20.0,20000,2000,2000,20000,1
method_b,css,uniform,Z,5,0.09909017717096653,0.0,1.5707963267948966,1.0,20.0,20000,2000,2000,20000,11
method_b,css,uniform,Z,5,0.11074784507343319,0.0,1.5707963267948966,1.0,20.0,20000,2000,2000,20000,33
method_b,css,uniform,Z,5,0.12240551297589983,0.0,1.5707963267948966,1.0,20.0,20000,2000,2000,20000,58
method_b,css,uniform,Z,5,0.1340631808783665,0.0,1.5707963267948966,1.0,20.0,20000,2000,2000,20000,132
method_b,css,uniform,Z,5,0.14572084878083316,0.0,1.5707963267948966,1.0,20.0,20000,2000,2000,20000,241
method_b,css,uniform,Z,5,0.15737851668329977,0.0,1.5707963267948966,1.0,20.0,20000,2000,2000,20000,454
method_b,css,uniform,X,3,0.0033574083559103954,0.0,1.5707963267948966,1.0,20.0,20000,2000,2000,20000,8
method_b,css,uniform,X,3,0.0041034991016682615,0.0,1.5707963267948966,1.0,20.0,20000,2000,2000,20000,14
method_b,css,uniform,X,3,0.004849589847426126,0.0,1.5707963267948966,1.0,20.0,20000,2000,2000,20000,35
method_b,css,uniform,X,3,0.005595680593183992,0.0,1.5707963267948966,1.0,20.0,20000,2000,2000,20000,75
method_b,css,uniform,X,3,0.006341771338941858,0.0,1.5707963267948966,1.0,20.0,20000,2000,2000,20000,158
method_b,css,uniform,X,3,0.007087862084699724,0.0,1.5707963267948966,1.0,20.0,20000,2000,2000,20000,271
method_b,css,uniform,X,3,0.007833952830457588,0.0,1.5707963267948966,1.0,20.0,20000,2000,2000,20000,469
method_b,css,uniform,X,3,0.008580043576215455,0.0,1.5707963267948966,1.0,20.0,20000,2000,2000,20000,716
method_b,css,uniform,X,3,0.009326134321973321,0.0,1.5707963267948966,1.0,20.0,20000,2000,2000,20000,978
method_b,css,uniform,X,3,0.010072225067731186,0.0,1.5707963267948966,1.0,20.0,20000,2000,2000,20000,1326
method_b,css,uniform,X,5,0.0033574083559103954,0.0,1.5707963267948966,1.0,20.0,20000,2000,2000,20000,0
method_b,css,uniform,X,5,0.0041034991016682615,0.0,1.5707963267948966,1.0,20.0,20000,2000,2000,20000,1
method_b,css,uniform,X,5,0.004849589847426126,0.0,1.5707963267948966,1.0,20.0,20000,2000,2000,20000,11
method_b,css,uniform,X,5,0.005595680593183992,0.0,1.5707963267948966,1.0,20.0,20000,2000,2000,20000,47
method_b,css,uniform,X,5,0.006341771338941858,0.0,1.5707963267948966,1.0,20.0,20000,2000,2000,20000,143
method_b,css,uniform,X,5,0.007087862084699724,0.0,1.5707963267948966,1.0,20.0,20000,2000,2000,20000,330
method_b,css,uniform,X,5,0.007833952830457588,0.0,1.5707963267948966,1.0,20.0,20000,2000,2000,20000,685
method_b,css,uniform,X,5,0.008580043576215455,0.0,1.5707963267948966,1.0,20.0,20000,2000,2000,20000,1270
method_b,css,uniform,X,5,0.009326134321973321,0.0,1.5707963267948966,1.0,20.0,20000,2000,2000,20000,2084
method_b,css,uniform,X,5,0.010072225067731186,0.0,1.5707963267948966,1.0,20.0,20000,2000,2000,14000,2158
method_b,css,uniform,Z,3,0.011697065043044788,0.0,0.0,0.01,20.0,20000,2000,2000,20000,0
method_b,css,uniform,Z,3,0.023394130086089576,0.0,0.0,0.01,20.0,20000,2000,2000,20000,0
method_b,css,uniform,Z,3,0.03509119512913436,0.0,0.0,0.01,20.0,20000,2000,2000,20000,0
method_b,css,uniform,Z,3,0.04678826017217915,0.0,0.0,0.01,20.0,20000,2000,2000,20000,0
method_b,css,uniform,Z,3,0.05848532521522395,0.0,0.0,0.01,20.0,20000,2000,2000,20000,0
method_b,css,uniform,Z,3,0.07018239025826872,0.0,0.0,0.01,20.0,20000,2000,2000,20000,0
method_b,css,uniform,Z,3,0.0818794553013135,0.0,0.0,0.01,20.0,20000,2000,2000,20000,1
method_b,css,uniform,Z,3,0.0935765203443583,0.0,0.0,0.01,20.0,20000,2000,2000,20000,0
method_b,css,uniform,Z,3,0.1052735853874031,0.0,0.0,0.01,20.0,20000,2000,2000,20000,1
method_b,css,uniform,Z,5,0.011697065043044788,0.0,0.0,0.01,20.0,20000,2000,2000,20000,0
method_b,css,uniform,Z,5,0.023394130086089576,0.0,0.0,0.01,20.0,20000,2000,2000,20000,0
method_b,css,uniform,Z,5,0.03509119512913436,0.0,0.0,0.01,20.0,20000,2000,2000,20000,0
method_b,css,uniform,Z,5,0.04678826017217915,0.0,0.0,0.01,20.0,20000,2000,2000,20000,0
method_b,css,uniform,Z,5,0.05848532521522395,0.0,0.0,0.01,20.0,20000,2000,2000,20000,0
method_b,css,uniform,Z,5,0.07018239025826872,0.0,0.0,0.01,20.0,20000,2000,2000,20000,0
method_b,css,uniform,Z,5,0.0818794553013135,0.0,0.0,0.01,20.0,20000,2000,2000,20000,0
method_b,css,uniform,Z,5,0.0935765203443583,0.0,0.0,0.01,20.0,20000,2000,2000,20000,0
method_b,css,uniform,Z,5,0.1052735853874031,0.0,0.0,0.01,20.0,20000,2000,2000,20000,0
method_b,css,uniform,X,3,0.001871530406887166,0.0,0.0,0.01,20.0,20000,2000,2000,20000,0
method_b,css,uniform,X,3,0.003743060813774332,0.0,0.0,0.01,20.0,20000,2000,2000,20000,0
method_b,css,uniform,X,3,0.005614591220661498,0.0,0.0,0.01,20.0,20000,2000,2000,20000,1
method_b,css,uniform,X,3,0.007486121627548664,0.0,0.0,0.01,20.0,20000,2000,2000,20000,7
method_b,css,uniform,X,3,0.009357652034435832,0.0,0.0,0.01,20.0,20000,2000,2000,20000,12
method_b,css,uniform,X,3,0.011229182441322996,0.0,0.0,0.01,20.0,20000,2000,2000,20000,55
method_b,css,uniform,X,3,0.01310071284821016,0.0,0.0,0.01,20.0,20000,2000,2000,20000,106
method_b,css,uniform,X,3,0.014972243255097328,0.0,0.0,0.01,20.0,20000,2000,2000,20000,214
method_b,css,uniform,X,3,0.016843773661984494,0.0,0.0,0.01,20.0,20000,2000,2000,20000,363
method_b,css,uniform,X,5,0.001871530406887166,0.0,0.0,0.01,20.0,20000,2000,2000,20000,0
method_b,css,uniform,X,5,0.003743060813774332,0.0,0.0,0.01,20.0,20000,2000,2000,20000,0
method_b,css,uniform,X,5,0.005614591220661498,0.0,0.0,0.01,20.0,20000,2000,2000,20000,0
method_b,css,uniform,X,5,0.007486121627548664,0.0,0.0,0.01,20.0,20000,2000,2000,20000,1
method_b,css,uniform,X,5,0.009357652034435832,0.0,0.0,0.01,20.0,20000,2000,2000,20000,9
method_b,css,uniform,X,5,0.011229182441322996,0.0,0.0,0.01,20.0,20000,2000,2000,20000,30
method_b,css,uniform,X,5,0.01310071284821016,0.0,0.0,0.01,20.0,20000,2000,2000,20000,116
method_b,css,uniform,X,5,0.014972243255097328,0.0,0.0,0.01,20.0,20000,2000,2000,20000,374
method_b,css,uniform,X,5,0.016843773661984494,0.0,0.0,0.01,20.0,20000,2000,2000,20000,799
method_b,css,uniform,Z,3,0.011697065043044788,0.0,0.0,0.03162277660168379,20.0,20000,2000,2000,20000,0
method_b,css,uniform,Z,3,0.023394130086089576,0.0,0.0,0.03162277660168379,20.0,20000,2000,2000,20000,1
method_b,css,uniform,Z,3,0.03509119512913436,0.0,0.0,0.03162277660168379,20.0,20000,2000,2000,20000,5
method_b,css,uniform,Z,3,0.04678826017217915,0.0,0.0,0.03162277660168379,20.0,20000,2000,2000,20000,11
method_b,css,uniform,Z,3,0.05848532521522395,0.0,0.0,0.03162277660168379,20.0,20000,2000,2000,20000,43
method_b,css,uniform,Z,3,0.07018239025826872,0.0,0.0,0.03162277660168379,20.0,20000,2000,2000,20000,80
method_b,css,uniform,Z,3,0.0818794553013135,0.0,0.0,0.03162277660168379,20.0,20000,2000,2000,20000,214
method_b,css,uniform,Z,3,0.0935765203443583,0.0,0.0,0.03162277660168379,20.0,20000,2000,2000,20000,454
method_b,css,uniform,Z,3,0.1052735853874031,0.0,0.0,0.03162277660168379,20.0,20000,2000,2000,20000,704
method_b,css,uniform,Z,5,0.011697065043044788,0.0,0.0,0.03162277660168379,20.0,20000,2000,2000,20000,0
method_b,css,uniform,Z,5,0.023394130086089576,0.0,0.0,0.03162277660168379,20.0,20000,2000,2000,20000,0
method_b,css,uniform,Z,5,0.03509119512913436,0.0,0.0,0.03162277660168379,20.0,20000,2000,2000,20000,0
method_b,css,uniform,Z,5,0.04678826017217915,0.0,0.0,0.03162277660168379,20.0,20000,2000,2000,20000,0
method_b,css,uniform,Z,5,0.05848532521522395,0.0,0.0,0.03162277660168379,20.0,20000,2000,2000,20000,14
method_b,css,uniform,Z,5,0.07018239025826872,0.0,0.0,0.03162277660168379,20.0,20000,2000,2000,20000,57
method_b,css,uniform,Z,5,0.0818794553013135,0.0,0.0,0.03162277660168379,20.0,20000,2000,2000,20000,229
method_b,css,uniform,Z,5,0.0935765203443583,0.0,0.0,0.03162277660168379,20.0,20000,2000,2000,20000,644
method_b,css,uniform,Z,5,0.1052735853874031,0.0,0.0,0.03162277660168379,20.0,20000,2000,2000,20000,1416
method_b,css,uniform,X,3,0.001871530406887166,0.0,0.0,0.03162277660168379,20.0,20000,2000,2000,20000,0
method_b,css,uniform,X,3,0.003743060813774332,0.0,0.0,0.03162277660168379,20.0,20000,2000,2000,20000,0
method_b,css,uniform,X,3,0.005614591220661498,0.0,0.0,0.03162277660168379,20.0,20000,2000,2000,20000,3
method_b,css,uniform,X,3,0.007486121627548664,0.0,0.0,0.03162277660168379,20.0,20000,2000,2000,20000,11
method_b,css,uniform,X,3,0.009357652034435832,0.0,0.0,0.03162277660168379,20.0,20000,2000,2000,20000,28
method_b,css,uniform,X,3,0.011229182441322996,0.0,0.0,0.03162277660168379,20.0,20000,2000,2000,20000,103
method_b,css,uniform,X,3,0.01310071284821016,0.0,0.0,0.03162277660168379,20.0,20000,2000,2000,20000,199
method_b,css,uniform,X,3,0.014972243255097328,0.0,0.0,0.03162277660168379,20.0,20000,2000,2000,20000,334
method_b,css,uniform,X,3,0.016843773661984494,0.0,0.0,0.03162277660168379,20.0,20000,2000,2000,20000,604
method_b,css,uniform,X,5,0.001871530406887166,0.0,0.0,0.03162277660168379,20.0,20000,2000,2000,20000,0
method_b,css,uniform,X,5,0.003743060813774332,0.0,0.0,0.03162277660168379,20.0,20000,2000,2000,20000,0
method_b,css,uniform,X,5,0.005614591220661498,0.0,0.0,0.03162277660168379,20.0,20000,2000,2000,20000,0
method_b,css,uniform,X,5,0.007486121627548664,0.0,0.0,0.03162277660168379,20.0,20000,2000,2000,20000,1
method_b,css,uniform,X,5,0.009357652034435832,0.0,0.0,0.03162277660168379,20.0,20000,2000,2000,20000,21
method_b,css,uniform,X,5,0.011229182441322996,0.0,0.0,0.03162277660168379,20.0,20000,2000,2000,20000,64
method_b,css,uniform,X,5,0.01310071284821016,0.0,0.0,0.03162277660168379,20.0,20000,2000,2000,20000,254
method_b,css,uniform,X,5,0.014972243255097328,0.0,0.0,0.03162277660168379,20.0,20000,2000,2000,20000,732
method_b,css,uniform,X,5,0.016843773661984494,0.0,0.0,0.03162277660168379,20.0,20000,2000,2000,20000,1523
method_b,css,uniform,Z,3,0.004678826017217915,0.0,0.0,0.1,20.0,20000,2000,2000,20000,0
method_b,css,uniform,Z,3,0.00935765203443583,0.0,0.0,0.1,20.0,20000,2000,2000,20000,1
method_b,css,uniform,Z,3,0.014036478051653745,0.0,0.0,0.1,20.0,20000,2000,2000,20000,4
method_b,css,uniform,Z,3,0.01871530406887166,0.0,0.0,0.1,20.0,20000,2000,2000,20000,24
method_b,css,uniform,Z,3,0.02339413008608958,0.0,0.0,0.1,20.0,20000,2000,2000,20000,102
method_b,css,uniform,Z,3,0.02807295610330749,0.0,0.0,0.1,20.0,20000,2000,2000,20000,250
method_b,css,uniform,Z,3,0.0327517821205254,0.0,0.0,0.1,20.0,20000,2000,2000,20000,526
method_b,css,uniform,Z,3,0.03743060813774332,0.0,0.0,0.1,20.0,20000,2000,2000,20000,908
method_b,css,uniform,Z,3,0.04210943415496124,0.0,0.0,0.1,20.0,20000,2000,2000,20000,1492
method_b,css,uniform,Z,5,0.004678826017217915,0.0,0.0,0.1,20.0,20000,2000,2000,20000,0
method_b,css,uniform,Z,5,0.00935765203443583,0.0,0.0,0.1,20.0,20000,2000,2000,20000,0
method_b,css,uniform,Z,5,0.014036478051653745,0.0,0.0,0.1,20.0,20000,2000,2000,20000,0
method_b,css,uniform,Z,5,0.01871530406887166,0.0,0.0,0.1,20.0,20000,2000,2000,20000,3
method_b,css,uniform,Z,5,0.02339413008608958,0.0,0.0,0.1,20.0,20000,2000,2000,20000,62
method_b,css,uniform,Z,5,0.02807295610330749,0.0,0.0,0.1,20.0,20000,2000,2000,20000,266
method_b,css,uniform,Z,5,0.0327517821205254,0.0,0.0,0.1,20.0,20000,2000,2000,20000,850
method_b,css,uniform,Z,5,0.03743060813774332,0.0,0.0,0.1,20.0,20000,2000,2000,20000,1873
method_b,css,uniform,Z,5,0.04210943415496124,0.0,0.0,0.1,20.0,20000,2000,2000,12000,2102
method_b,css,uniform,X,3,0.001871530406887166,0.0,0.0,0.1,20.0,20000,2000,2000,20000,0
method_b,css,uniform,X,3,0.003743060813774332,0.0,0.0,0.1,20.0,20000,2000,2000,20000,0
method_b,css,uniform,X,3,0.005614591220661498,0.0,0.0,0.1,20.0,20000,2000,2000,20000,11
method_b,css,uniform,X,3,0.007486121627548664,0.0,0.0,0.1,20.0,20000,2000,2000,20000,49
method_b,css,uniform,X,3,0.009357652034435832,0.0,0.0,0.1,20.0,20000,2000,2000,20000,103
method_b,css,uniform,X,3,0.011229182441322996,0.0,0.0,0.1,20.0,20000,2000,2000,20000,330
method_b,css,uniform,X,3,0.01310071284821016,0.0,0.0,0.1,20.0,20000,2000,2000,20000,601
method_b,css,uniform,X,3,0.014972243255097328,0.0,0.0,0.1,20.0,20000,2000,2000,20000,1064
method_b,css,uniform,X,3,0.016843773661984494,0.0,0.0,0.1,20.0,20000,2000,2000,20000,1636
method_b,css,uniform,X,5,0.001871530406887166,0.0,0.0,0.1,20.0,20000,2000,2000,20000,0
method_b,css,uniform,X,5,0.003743060813774332,0.0,0.0,0.1,20.0,20000,2000,2000,20000,0
method_b,css,uniform,X,5,0.005614591220661498,0.0,0.0,0.1,20.0,20000,2000,2000,20000,3
method_b,css,uniform,X,5,0.007486121627548664,0.0,0.0,0.1,20.0,20000,2000,2000,20000,24
method_b,css,uniform,X,5,0.009357652034435832,0.0,0.0,0.1,20.0,20000,2000,2000,20000,112
method_b,css,uniform,X,5,0.011229182441322996,0.0,0.0,0.1,20.0,20000,2000,2000,20000,481
method_b,css,uniform,X,5,0.01310071284821016,0.0,0.0,0.1,20.0,20000,2000,2000,20000,1371
method_b,css,uniform,X,5,0.014972243255097328,0.0,0.0,0.1,20.0,20000,2000,2000,16000,2145
method_b,css,uniform,X,5,0.016843773661984494,0.0,0.0,0.1,20.0,20000,2000,2000,10000,2177
method_b,css,uniform,Z,3,0.001871530406887166,0.0,0.0,0.31622776601683794,20.0,20000,2000,2000,20000,0
method_b,css,uniform,Z,3,0.003743060813774332,0.0,0.0,0.31622776601683794,20.0,20000,2000,2000,20000,0
method_b,css,uniform,Z,3,0.005614591220661498,0.0,0.0,0.31622776601683794,20.0,20000,2000,2000,20000,6
method_b,css,uniform,Z,3,0.007486121627548664,0.0,0.0,0.31622776601683794,20.0,20000,2000,2000,20000,28
method_b,css,uniform,Z,3,0.009357652034435832,0.0,0.0,0.31622776601683794,20.0,20000,2000,2000,20000,140
method_b,css,uniform,Z,3,0.011229182441322996,0.0,0.0,0.31622776601683794,20.0,20000,2000,2000,20000,308
method_b,css,uniform,Z,3,0.01310071284821016,0.0,0.0,0.31622776601683794,20.0,20000,2000,2000,20000,679
method_b,css,uniform,Z,3,0.014972243255097328,0.0,0.0,0.31622776601683794,20.0,20000,2000,2000,20000,1140
method_b,css,uniform,Z,3,0.016843773661984494,0.0,0.0,0.31622776601683794,20.0,20000,2000,2000,20000,1823
method_b,css,uniform,Z,5,0.001871530406887166,0.0,0.0,0.31622776601683794,20.0,20000,2000,2000,20000,0
method_b,css,uniform,Z,5,0.003743060813774332,0.0,0.0,0.31622776601683794,20.0,20000,2000,2000,20000,0
method_b,css,uniform,Z,5,0.005614591220661498,0.0,0.0,0.31622776601683794,20.0,20000,2000,2000,20000,0
method_b,css,uniform,Z,5,0.007486121627548664,0.0,0.0,0.31622776601683794,20.0,20000,2000,2000,20000,10
method_b,css,uniform,Z,5,0.009357652034435832,0.0,0.0,0.31622776601683794,20.0,20000,2000,2000,20000,89
method_b,css,uniform,Z,5,0.011229182441322996,0.0,0.0,0.31622776601683794,20.0,20000,2000,2000,20000,414
method_b,css,uniform,Z,5,0.01310071284821016,0.0,0.0,0.31622776601683794,20.0,20000,2000,2000,20000,1236
method_b,css,uniform,Z,5,0.014972243255097328,0.0,0.0,0.31622776601683794,20.0,20000,2000,2000,16000,2117
method_b,css,uniform,Z,5,0.016843773661984494,0.0,0.0,0.31622776601683794,20.0,20000,2000,2000,10000,2130
method_b,css,uniform,X,3,0.001871530406887166,0.0,0.0,0.31622776601683794,20.0,20000,2000,2000,20000,0
method_b,css,uniform,X,3,0.003743060813774332,0.0,0.0,0.31622776601683794,20.0,20000,2000,2000,20000,7
method_b,css,uniform,X,3,0.005614591220661498,0.0,0.0,0.31622776601683794,20.0,20000,2000,2000,20000,76
method_b,css,uniform,X,3,0.007486121627548664,0.0,0.0,0.31622776601683794,20.0,20000,2000,2000,20000,318
method_b,css,uniform,X,3,0.009357652034435832,0.0,0.0,0.31622776601683794,20.0,20000,2000,2000,20000,866
method_b,css,uniform,X,3,0.011229182441322996,0.0,0.0,0.31622776601683794,20.0,20000,2000,2000,20000,1887
method_b,css,uniform,X,3,0.01310071284821016,0.0,0.0,0.31622776601683794,20.0,20000,2000,2000,14000,2116
method_b,css,uniform,X,3,0.014972243255097328,0.0,0.0,0.31622776601683794,20.0,20000,2000,2000,10000,2065
method_b,css,uniform,X,3,0.016843773661984494,0.0,0.0,0.31622776601683794,20.0,20000,2000,2000,8000,2233
method_b,css,uniform,X,5,0.001871530406887166,0.0,0.0,0.31622776601683794,20.0,20000,2000,2000,20000,0
method_b,css,uniform,X,5,0.003743060813774332,0.0,0.0,0.31622776601683794,20.0,20000,2000,2000,20000,0
method_b,css,uniform,X,5,0.005614591220661498,0.0,0.0,0.31622776601683794,20.0,20000,2000,2000,20000,47
method_b,css,uniform,X,5,0.007486121627548664,0.0,0.0,0.31622776601683794,20.0,20000,2000,2000,20000,546
method_b,css,uniform,X,5,0.009357652034435832,0.0,0.0,0.31622776601683794,20.0,20000,2000,2000,18000,2033
method_b,css,uniform,X,5,0.011229182441322996,0.0,0.0,0.31622776601683794,20.0,20000,2000,2000,10000,2436
method_b,css,uniform,X,5,0.01310071284821016,0.0,0.0,0.31622776601683794,20.0,20000,2000,2000,6000,2112
method_b,css,uniform,X,5,0.014972243255097328,0.0,0.0,0.31622776601683794,20.0,20000,2000,2000,6000,2600
method_b,css,uniform,X,5,0.016843773661984494,0.0,0.0,0.31622776601683794,20.0,20000,2000,2000,6000,2819
method_b,css,uniform,Z,3,0.0007486121627548664,0.0,0.0,1.0,20.0,20000,2000,2000,20000,0
method_b,css,uniform,Z,3,0.0014972243255097328,0.0,0.0,1.0,20.0,20000,2000,2000,20000,1
method_b,css,uniform,Z,3,0.002245836488264599,0.0,0.0,1.0,20.0,20000,2000,2000,20000,3
method_b,css,uniform,Z,3,0.0029944486510194656,0.0,0.0,1.0,20.0,20000,2000,2000,20000,12
method_b,css,uniform,Z,3,0.0037430608137743325,0.0,0.0,1.0,20.0,20000,2000,2000,20000,44
method_b,css,uniform,Z,3,0.004491672976529198,0.0,0.0,1.0,20.0,20000,2000,2000,20000,126
method_b,css,uniform,Z,3,0.005240285139284064,0.0,0.0,1.0,20.0,20000,2000,2000,20000,297
method_b,css,uniform,Z,3,0.005988897302038931,0.0,0.0,1.0,20.0,20000,2000,2000,20000,516
method_b,css,uniform,Z,3,0.006737509464793798,0.0,0.0,1.0,20.0,20000,2000,2000,20000,869
method_b,css,uniform,Z,5,0.0007486121627548664,0.0,0.0,1.0,20.0,20000,2000,2000,20000,0
method_b,css,uniform,Z,5,0.0014972243255097328,0.0,0.0,1.0,20.0,20000,2000,2000,20000,0
method_b,css,uniform,Z,5,0.002245836488264599,0.0,0.0,1.0,20.0,20000,2000,2000,20000,0
method_b,css,uniform,Z,5,0.0029944486510194656,0.0,0.0,1.0,20.0,20000,2000,2000,20000,3
method_b,css,uniform,Z,5,0.0037430608137743325,0.0,0.0,1.0,20.0,20000,2000,2000,20000,18
method_b,css,uniform,Z,5,0.004491672976529198,0.0,0.0,1.0,20.0,20000,2000,2000,20000,108
method_b,css,uniform,Z,5,0.005240285139284064,0.0,0.0,1.0,20.0,20000,2000,2000,20000,334
method_b,css,uniform,Z,5,0.005988897302038931,0.0,0.0,1.0,20.0,20000,2000,2000,20000,892
method_b,css,uniform,Z,5,0.006737509464793798,0.0,0.0,1.0,20.0,20000,2000,2000,20000,1827
method_b,css,uniform,X,3,0.0007486121627548664,0.0,0.0,1.0,20.0,20000,2000,2000,20000,0
method_b,css,uniform,X,3,0.0014972243255097328,0.0,0.0,1.0,20.0,20000,2000,2000,20000,1
method_b,css,uniform,X,3,0.002245836488264599,0.0,0.0,1.0,20.0,20000,2000,2000,20000,6
method_b,css,uniform,X,3,0.0029944486510194656,0.0,0.0,1.0,20.0,20000,2000,2000,20000,37
method_b,css,uniform,X,3,0.0037430608137743325,0.0,0.0,1.0,20.0,20000,2000,2000,20000,94
method_b,css,uniform,X,3,0.004491672976529198,0.0,0.0,1.0,20.0,20000,2000,2000,20000,265
method_b,css,uniform,X,3,0.005240285139284064,0.0,0.0,1.0,20.0,20000,2000,2000,20000,561
method_b,css,uniform,X,3,0.005988897302038931,0.0,0.0,1.0,20.0,20000,2000,2000,20000,1019
method_b,css,uniform,X,3,0.006737509464793798,0.0,0.0,1.0,20.0,20000,2000,2000,20000,1602
method_b,css,uniform,X,5,0.0007486121627548664,0.0,0.0,1.0,20.0,20000,2000,2000,20000,0
method_b,css,uniform,X,5,0.0014972243255097328,0.0,0.0,1.0,20.0,20000,2000,2000,20000,0
method_b,css,uniform,X,5,0.002245836488264599,0.0,0.0,1.0,20.0,20000,2000,2000,20000,0
method_b,css,uniform,X,5,0.0029944486510194656,0.0,0.0,1.0,20.0,20000,2000,2000,20000,6
method_b,css,uniform,X,5,0.0037430608137743325,0.0,0.0,1.0,20.0,20000,2000,2000,20000,86
method_b,css,uniform,X,5,0.004491672976529198,0.0,0.0,1.0,20.0,20000,2000,2000,20000,351
method_b,css,uniform,X,5,0.005240285139284064,0.0,0.0,1.0,20.0,20000,2000,2000,20000,1090
method_b,css,uniform,X,5,0.005988897302038931,0.0,0.0,1.0,20.0,20000,2000,2000,18000,2168
method_b,css,uniform,X,5,0.006737509464793798,0.0,0.0,1.0,20.0,20000,2000,2000,10000,2098
method_b,css,uniform,Z,3,0.0007486121627548664,0.0,0.0,3.1622776601683795,20.0,20000,2000,2000,20000,0
method_b,css,uniform,Z,3,0.0014972243255097328,0.0,0.0,3.1622776601683795,20.0,20000,2000,2000,20000,2
method_b,css,uniform,Z,3,0.002245836488264599,0.0,0.0,3.1622776601683795,20.0,20000,2000,2000,20000,37
method_b,css,uniform,Z,3,0.0029944486510194656,0.0,0.0,3.1622776601683795,20.0,20000,2000,2000,20000,144
method_b,css,uniform,Z,3,0.0037430608137743325,0.0,0.0,3.1622776601683795,20.0,20000,2000,2000,20000,416
method_b,css,uniform,Z,3,0.004491672976529198,0.0,0.0,3.1622776601683795,20.0,20000,2000,2000,20000,884
method_b,css,uniform,Z,3,0.005240285139284064,0.0,0.0,3.1622776601683795,20.0,20000,2000,2000,20000,1783
method_b,css,uniform,Z,3,0.005988897302038931,0.0,0.0,3.1622776601683795,20.0,20000,2000,2000,16000,2156
method_b,css,uniform,Z,3,0.006737509464793798,0.0,0.0,3.1622776601683795,20.0,20000,2000,2000,12000,2216
method_b,css,uniform,Z,5,0.0007486121627548664,0.0,0.0,3.1622776601683795,20.0,20000,2000,2000,20000,0
method_b,css,uniform,Z,5,0.0014972243255097328,0.0,0.0,3.1622776601683795,20.0,20000,2000,2000,20000,0
method_b,css,uniform,Z,5,0.002245836488264599,0.0,0.0,3.1622776601683795,20.0,20000,2000,2000,20000,11
method_b,css,uniform,Z,5,0.0029944486510194656,0.0,0.0,3.1622776601683795,20.0,20000,2000,2000,20000,109
method_b,css,uniform,Z,5,0.0037430608137743325,0.0,0.0,3.1622776601683795,20.0,20000,2000,2000,20000,629
method_b,css,uniform,Z,5,0.004491672976529198,0.0,0.0,3.1622776601683795,20.0,20000,2000,2000,20000,1928
method_b,css,uniform,Z,5,0.005240285139284064,0.0,0.0,3.1622776601683795,20.0,20000,2000,2000,10000,2063
method_b,css,uniform,Z,5,0.005988897302038931,0.0,0.0,3.1622776601683795,20.0,20000,2000,2000,8000,2489
method_b,css,uniform,Z,5,0.006737509464793798,0.0,0.0,3.1622776601683795,20.0,20000,2000,2000,6000,2378
method_b,css,uniform,X,3,0.0007486121627548664,0.0,0.0,3.1622776601683795,20.0,20000,2000,2000,20000,0
method_b,css,uniform,X,3,0.0014972243255097328,0.0,0.0,3.1622776601683795,20.0,20000,2000,2000,20000,1
method_b,css,uniform,X,3,0.002245836488264599,0.0,0.0,3.1622776601683795,20.0,20000,2000,2000,20000,44
method_b,css,uniform,X,3,0.0029944486510194656,0.0,0.0,3.1622776601683795,20.0,20000,2000,2000,20000,182
method_b,css,uniform,X,3,0.0037430608137743325,0.0,0.0,3.1622776601683795,20.0,20000,2000,2000,20000,572
method_b,css,uniform,X,3,0.004491672976529198,0.0,0.0,3.1622776601683795,20.0,20000,2000,2000,20000,1151
method_b,css,uniform,X,3,0.005240285139284064,0.0,0.0,3.1622776601683795,20.0,20000,2000,2000,20000,2087
method_b,css,uniform,X,3,0.005988897302038931,0.0,0.0,3.1622776601683795,20.0,20000,2000,2000,14000,2235
method_b,css,uniform,X,3,0.006737509464793798,0.0,0.0,3.1622776601683795,20.0,20000,2000,2000,10000,2156
method_b,css,uniform,X,5,0.0007486121627548664,0.0,0.0,3.1622776601683795,20.0,20000,2000,2000,20000,0
method_b,css,uniform,X,5,0.0014972243255097328,0.0,0.0,3.1622776601683795,20.0,20000,2000,2000,20000,0
method_b,css,uniform,X,5,0.002245836488264599,0.0,0.0,3.1622776601683795,20.0,20000,2000,2000,20000,17
method_b,css,uniform,X,5,0.0029944486510194656,0.0,0.0,3.1622776601683795,20.0,20000,2000,2000,20000,184
method_b,css,uniform,X,5,0.0037430608137743325,0.0,0.0,3.1622776601683795,20.0,20000,2000,2000,20000,991
method_b,css,uniform,X,5,0.004491672976529198,0.0,0.0,3.1622776601683795,20.0,20000,2000,2000,16000,2167
method_b,css,uniform,X,5,0.005240285139284064,0.0,0.0,3.1622776601683795,20.0,20000,2000,2000,8000,2029
method_b,css,uniform,X,5,0.005988897302038931,0.0,0.0,3.1622776601683795,20.0,20000,2000,2000,6000,2160
method_b,css,uniform,X,5,0.006737509464793798,0.0,0.0,3.1622776601683795,20.0,20000,2000,2000,6000,2601
method_b,css,uniform,Z,3,0.0007486121627548664,0.0,0.0,10.0,20.0,20000,2000,2000,20000,0
method_b,css,uniform,Z,3,0.0014972243255097328,0.0,0.0,10.0,20.0,20000,2000,2000,20000,5
method_b,css,uniform,Z,3,0.002245836488264599,0.0,0.0,10.0,20.0,20000,2000,2000,20000,79
method_b,css,uniform,Z,3,0.0029944486510194656,0.0,0.0,10.0,20.0,20000,2000,2000,20000,349
method_b,css,uniform,Z,3,0.0037430608137743325,0.0,0.0,10.0,20.0,20000,2000,2000,20000,898
method_b,css,uniform,Z,3,0.004491672976529198,0.0,0.0,10.0,20.0,20000,2000,2000,20000,1826
method_b,css,uniform,Z,3,0.005240285139284064,0.0,0.0,10.0,20.0,20000,2000,2000,14000,2180
method_b,css,uniform,Z,3,0.005988897302038931,0.0,0.0,10.0,20.0,20000,2000,2000,10000,2226
method_b,css,uniform,Z,3,0.006737509464793798,0.0,0.0,10.0,20.0,20000,2000,2000,8000,2309
method_b,css,uniform,Z,5,0.0007486121627548664,0.0,0.0,10.0,20.0,20000,2000,2000,20000,0
method_b,css,uniform,Z,5,0.0014972243255097328,0.0,0.0,10.0,20.0,20000,2000,2000,20000,1
method_b,css,uniform,Z,5,0.002245836488264599,0.0,0.0,10.0,20.0,20000,2000,2000,20000,42
method_b,css,uniform,Z,5,0.0029944486510194656,0.0,0.0,10.0,20.0,20000,2000,2000,20000,431
method_b,css,uniform,Z,5,0.0037430608137743325,0.0,0.0,10.0,20.0,20000,2000,2000,20000,1896
method_b,css,uniform,Z,5,0.004491672976529198,0.0,0.0,10.0,20.0,20000,2000,2000,10000,2270
method_b,css,uniform,Z,5,0.005240285139284064,0.0,0.0,10.0,20.0,20000,2000,2000,6000,2093
method_b,css,uniform,Z,5,0.005988897302038931,0.0,0.0,10.0,20.0,20000,2000,2000,6000,2591
method_b,css,uniform,Z,5,0.006737509464793798,0.0,0.0,10.0,20.0,20000,2000,2000,6000,2809
method_b,css,uniform,X,3,0.0007486121627548664,0.0,0.0,10.0,20.0,20000,2000,2000,20000,0
method_b,css,uniform,X,3,0.0014972243255097328,0.0,0.0,10.0,20.0,20000,2000,2000,20000,8
method_b,css,uniform,X,3,0.002245836488264599,0.0,0.0,10.0,20.0,20000,2000,2000,20000,98
method_b,css,uniform,X,3,0.0029944486510194656,0.0,0.0,10.0,20.0,20000,2000,2000,20000,413
method_b,css,uniform,X,3,0.0037430608137743325,0.0,0.0,10.0,20.0,20000,2000,2000,20000,986
method_b,css,uniform,X,3,0.004491672976529198,0.0,0.0,10.0,20.0,20000,2000,2000,20000,1932
method_b,css,uniform,X,3,0.005240285139284064,0.0,0.0,10.0,20.0,20000,2000,2000,14000,2249
method_b,css,uniform,X,3,0.005988897302038931,0.0,0.0,10.0,20.0,20000,2000,2000,10000,2387
method_b,css,uniform,X,3,0.006737509464793798,0.0,0.0,10.0,20.0,20000,2000,2000,8000,2435
method_b,css,uniform,X,5,0.0007486121627548664,0.0,0.0,10.0,20.0,20000,2000,2000,20000,0
method_b,css,uniform,X,5,0.0014972243255097328,0.0,0.0,10.0,20.0,20000,2000,2000,20000,0
method_b,css,uniform,X,5,0.002245836488264599,0.0,0.0,10.0,20.0,20000,2000,2000,20000,53
method_b,css,uniform,X,5,0.0029944486510194656,0.0,0.0,10.0,20.0,20000,2000,2000,20000,554
method_b,css,uniform,X,5,0.0037430608137743325,0.0,0.0,10.0,20.0,20000,2000,2000,18000,2095
method_b,css,uniform,X,5,0.004491672976529198,0.0,0.0,10.0,20.0,20000,2000,2000,8000,2050
method_b,css,uniform,X,5,0.005240285139284064,0.0,0.0,10.0,20.0,20000,2000,2000,6000,2162
method_b,css,uniform,X,5,0.005988897302038931,0.0,0.0,10.0,20.0,20000,2000,2000,6000,2640
method_b,css,uniform,X,5,0.006737509464793798,0.0,0.0,10.0,20.0,20000,2000,2000,6000,2869
method_b,css,uniform,Z,3,0.0007486121627548664,0.0,0.0,31.622776601683793,20.0,20000,2000,2000,20000,0
method_b,css,uniform,Z,3,0.0014972243255097328,0.0,0.0,31.622776601683793,20.0,20000,2000,2000,20000,9
method_b,css,uniform,Z,3,0.002245836488264599,0.0,0.0,31.622776601683793,20.0,20000,2000,2000,20000,87
method_b,css,uniform,Z,3,0.0029944486510194656,0.0,0.0,31.622776601683793,20.0,20000,2000,2000,20000,449
method_b,css,uniform,Z,3,0.0037430608137743325,0.0,0.0,31.622776601683793,20.0,20000,2000,2000,20000,1272
method_b,css,uniform,Z,3,0.004491672976529198,0.0,0.0,31.622776601683793,20.0,20000,2000,2000,18000,2088
method_b,css,uniform,Z,3,0.005240285139284064,0.0,0.0,31.622776601683793,20.0,20000,2000,2000,12000,2278
method_b,css,uniform,Z,3,0.005988897302038931,0.0,0.0,31.622776601683793,20.0,20000,2000,2000,8000,2095
method_b,css,uniform,Z,3,0.006737509464793798,0.0,0.0,31.622776601683793,20.0,20000,2000,2000,8000,2532
method_b,css,uniform,Z,5,0.0007486121627548664,0.0,0.0,31.622776601683793,20.0,20000,2000,2000,20000,0
method_b,css,uniform,Z,5,0.0014972243255097328,0.0,0.0,31.622776601683793,20.0,20000,2000,2000,20000,1
method_b,css,uniform,Z,5,0.002245836488264599,0.0,0.0,31.622776601683793,20.0,20000,2000,2000,20000,77
method_b,css,uniform,Z,5,0.0029944486510194656,0.0,0.0,31.622776601683793,20.0,20000,2000,2000,20000,747
method_b,css,uniform,Z,5,0.0037430608137743325,0.0,0.0,31.622776601683793,20.0,20000,2000,2000,16000,2139
method_b,css,uniform,Z,5,0.004491672976529198,0.0,0.0,31.622776601683793,20.0,20000,2000,2000,8000,2191
method_b,css,uniform,Z,5,0.005240285139284064,0.0,0.0,31.622776601683793,20.0,20000,2000,2000,6000,2409
method_b,css,uniform,Z,5,0.005988897302038931,0.0,0.0,31.622776601683793,20.0,20000,2000,2000,6000,2774
method_b,css,uniform,X,3,0.0007486121627548664,0.0,0.0,31.622776601683793,20.0,20000,2000,2000,20000,0
method_b,css,uniform,X,3,0.0014972243255097328,0.0,0.0,31.622776601683793,20.0,20000,2000,2000,20000,7
method_b,css,uniform,X,3,0.002245836488264599,0.0,0.0,31.622776601683793,20.0,20000,2000,2000,20000,123
method_b,css,uniform,X,3,0.0029944486510194656,0.0,0.0,31.622776601683793,20.0,20000,2000,2000,20000,479
method_b,css,uniform,X,3,0.0037430608137743325,0.0,0.0,31.622776601683793,20.0,20000,2000,2000,20000,1243
method_b,css,uniform,X,3,0.004491672976529198,0.0,0.0,31.622776601683793,20.0,20000,2000,2000,18000,2180
method_b,css,uniform,X,3,0.005240285139284064,0.0,0.0,31.622776601683793,20.0,20000,2000,2000,12000,2296
method_b,css,uniform,X,3,0.005988897302038931,0.0,0.0,31.622776601683793,20.0,20000,2000,2000,8000,2083
method_b,css,uniform,X,3,0.006737509464793798,0.0,0.0,31.622776601683793,20.0,20000,2000,2000,8000,2591
method_b,css,uniform,X,5,0.0007486121627548664,0.0,0.0,31.622776601683793,20.0,20000,2000,2000,20000,0
method_b,css,uniform,X,5,0.0014972243255097328,0.0,0.0,31.622776601683793,20.0,20000,2000,2000,20000,2
method_b,css,uniform,X,5,0.002245836488264599,0.0,0.0,31.622776601683793,20.0,20000,2000,2000,20000,86
method_b,css,uniform,X,5,0.0029944486510194656,0.0,0.0,31.622776601683793,20.0,20000,2000,2000,20000,851
method_b,css,uniform,X,5,0.0037430608137743325,0.0,0.0,31.622776601683793,20.0,20000,2000,2000,14000,2123
method_b,css,uniform,X,5,0.004491672976529198,0.0,0.0,31.622776601683793,20.0,20000,2000,2000,8000,2375
method_b,css,uniform,X,5,0.005240285139284064,0.0,0.0,31.622776601683793,20.0,20000,2000,2000,6000,2454
method_b,css,uniform,X,5,0.005988897302038931,0.0,0.0,31.622776601683793,20.0,20000,2000,2000,6000,2741
method_b,css,uniform,Z,3,0.0007486121627548664,0.0,0.0,100.0,20.0,20000,2000,2000,20000,0
method_b,css,uniform,Z,3,0.0014972243255097328,0.0,0.0,100.0,20.0,20000,2000,2000,20000,9
method_b,css,uniform,Z,3,0.002245836488264599,0.0,0.0,100.0,20.0,20000,2000,2000,20000,125
method_b,css,uniform,Z,3,0.0029944486510194656,0.0,0.0,100.0,20.0,20000,2000,2000,20000,496
method_b,css,uniform,Z,3,0.0037430608137743325,0.0,0.0,100.0,20.0,20000,2000,2000,20000,1312
method_b,css,uniform,Z,3,0.004491672976529198,0.0,0.0,100.0,20.0,20000,2000,2000,18000,2219
method_b,css,uniform,Z,3,0.005240285139284064,0.0,0.0,100.0,20.0,20000,2000,2000,12000,2312
method_b,css,uniform,Z,3,0.005988897302038931,0.0,0.0,100.0,20.0,20000,2000,2000,8000,2151
method_b,css,uniform,Z,3,0.006737509464793798,0.0,0.0,100.0,20.0,20000,2000,2000,8000,2620
method_b,css,uniform,Z,5,0.0007486121627548664,0.0,0.0,100.0,20.0,20000,2000,2000,20000,0
method_b,css,uniform,Z,5,0.0014972243255097328,0.0,0.0,100.0,20.0,20000,2000,2000,20000,3
method_b,css,uniform,Z,5,0.002245836488264599,0.0,0.0,100.0,20.0,20000,2000,2000,20000,88
method_b,css,uniform,Z,5,0.0029944486510194656,0.0,0.0,100.0,20.0,20000,2000,2000,20000,829
method_b,css,uniform,Z,5,0.0037430608137743325,0.0,0.0,100.0,20.0,20000,2000,2000,14000,2075
method_b,css,uniform,Z,5,0.004491672976529198,0.0,0.0,100.0,20.0,20000,2000,2000,8000,2287
method_b,css,uniform,Z,5,0.005240285139284064,0.0,0.0,100.0,20.0,20000,2000,2000,6000,2418
method_b,css,uniform,Z,5,0.005988897302038931,0.0,0.0,100.0,20.0,20000,2000,2000,6000,2811
method_b,css,uniform,X,3,0.0007486121627548664,0.0,0.0,100.0,20.0,20000,2000,2000,20000,0
method_b,css,uniform,X,3,0.0014972243255097328,0.0,0.0,100.0,20.0,20000,2000,2000,20000,14
method_b,css,uniform,X,3,0.002245836488264599,0.0,0.0,100.0,20.0,20000,2000,2000,20000,101
method_b,css,uniform,X,3,0.0029944486510194656,0.0,0.0,100.0,20.0,20000,2000,2000,20000,525
method_b,css,uniform,X,3,0.0037430608137743325,0.0,0.0,100.0,20.0,20000,2000,2000,20000,1386
method_b,css,uniform,X,3,0.004491672976529198,0.0,0.0,100.0,20.0,20000,2000,2000,16000,2022
method_b,css,uniform,X,3,0.005240285139284064,0.0,0.0,100.0,20.0,20000,2000,2000,10000,2014
method_b,css,uniform,X,3,0.005988897302038931,0.0,0.0,100.0,20.0,20000,2000,2000,8000,2186
method_b,css,uniform,X,3,0.006737509464793798,0.0,0.0,100.0,20.0,20000,2000,2000,8000,2661
method_b,css,uniform,X,5,0.0007486121627548664,0.0,0.0,100.0,20.0,20000,2000,2000,20000,0
method_b,css,uniform,X,5,0.0014972243255097328,0.0,0.0,100.0,20.0,20000,2000,2000,20000,4
method_b,css,uniform,X,5,0.002245836488264599,0.0,0.0,100.0,20.0,20000,2000,2000,20000,110
method_b,css,uniform,X,5,0.0029944486510194656,0.0,0.0,100.0,20.0,20000,2000,2000,20000,884
method_b,css,uniform,X,5,0.0037430608137743325,0.0,0.0,100.0,20.0,20000,2000,2000,14000,2233
method_b,css,uniform,X,5,0.004491672976529198,0.0,0.0,100.0,20.0,20000,2000,2000,8000,2389
method_b,css,uniform,X,5,0.005240285139284064,0.0,0.0,100.0,20.0,20000,2000,2000,6000,2511
method_b,css,uniform,X,5,0.005988897302038931,0.0,0.0,100.0,20.0,20000,2000,2000,6000,2877
method_b,css,uniform,Z,3,0.0014921814915157313,0.0,1.5707963267948966,1.0,0.01,20000,2000,2000,20000,0
method_b,css,uniform,Z,3,0.0029843629830314626,0.0,1.5707963267948966,1.0,0.01,20000,2000,2000,20000,4
method_b,css,uniform,Z,3,0.004476544474547194,0.0,1.5707963267948966,1.0,0.01,20000,2000,2000,20000,21
method_b,css,uniform,Z,3,0.005968725966062925,0.0,1.5707963267948966,1.0,0.01,20000,2000,2000,20000,82
method_b,css,uniform,Z,3,0.0074609074575786565,0.0,1.5707963267948966,1.0,0.01,20000,2000,2000,20000,337
method_b,css,uniform,Z,3,0.008953088949094388,0.0,1.5707963267948966,1.0,0.01,20000,2000,2000,20000,821
method_b,css,uniform,Z,3,0.010445270440610117,0.0,1.5707963267948966,1.0,0.01,20000,2000,2000,20000,1519
method_b,css,uniform,Z,3,0.01193745193212585,0.0,1.5707963267948966,1.0,0.01,20000,2000,2000,16000,2056
method_b,css,uniform,Z,3,0.013429633423641582,0.0,1.5707963267948966,1.0,0.01,20000,2000,2000,12000,2214
method_b,css,uniform,Z,5,0.0014921814915157313,0.0,1.5707963267948966,1.0,0.01,20000,2000,2000,20000,0
method_b,css,uniform,Z,5,0.0029843629830314626,0.0,1.5707963267948966,1.0,0.01,20000,2000,2000,20000,0
method_b,css,uniform,Z,5,0.004476544474547194,0.0,1.5707963267948966,1.0,0.01,20000,2000,2000,20000,3
method_b,css,uniform,Z,5,0.005968725966062925,0.0,1.5707963267948966,1.0,0.01,20000,2000,2000,20000,64
method_b,css,uniform,Z,5,0.0074609074575786565,0.0,1.5707963267948966,1.0,0.01,20000,2000,2000,20000,420
method_b,css,uniform,Z,5,0.008953088949094388,0.0,1.5707963267948966,1.0,0.01,20000,2000,2000,20000,1461
method_b,css,uniform,Z,5,0.010445270440610117,0.0,1.5707963267948966,1.0,0.01,20000,2000,2000,12000,2076
method_b,css,uniform,Z,5,0.01193745193212585,0.0,1.5707963267948966,1.0,0.01,20000,2000,2000,8000,2255
method_b,css,uniform,Z,5,0.013429633423641582,0.0,1.5707963267948966,1.0,0.01,20000,2000,2000,6000,2229
method_b,css,uniform,X,3,0.0037304537287893283,0.0,1.5707963267948966,1.0,0.01,20000,2000,2000,20000,0
method_b,css,uniform,X,3,0.0074609074575786565,0.0,1.5707963267948966,1.0,0.01,20000,2000,2000,20000,11
method_b,css,uniform,X,3,0.011191361186367984,0.0,1.5707963267948966,1.0,0.01,20000,2000,2000,20000,111
method_b,css,uniform,X,3,0.014921814915157313,0.0,1.5707963267948966,1.0,0.01,20000,2000,2000,20000,393
method_b,css,uniform,X,3,0.018652268643946642,0.0,1.5707963267948966,1.0,0.01,20000,2000,2000,20000,1164
method_b,css,uniform,X,3,0.022382722372735968,0.0,1.5707963267948966,1.0,0.01,20000,2000,2000,18000,2113
method_b,css,uniform,X,3,0.026113176101525293,0.0,1.5707963267948966,1.0,0.01,20000,2000,2000,12000,2231
method_b,css,uniform,X,3,0.029843629830314626,0.0,1.5707963267948966,1.0,0.01,20000,2000,2000,10000,2480
method_b,css,uniform,X,3,0.033574083559103955,0.0,1.5707963267948966,1.0,0.01,20000,2000,2000,8000,2578
method_b,css,uniform,X,5,0.0037304537287893283,0.0,1.5707963267948966,1.0,0.01,20000,2000,2000,20000,0
method_b,css,uniform,X,5,0.0074609074575786565,0.0,1.5707963267948966,1.0,0.01,20000,2000,2000,20000,1
method_b,css,uniform,X,5,0.011191361186367984,0.0,1.5707963267948966,1.0,0.01,20000,2000,2000,20000,62
method_b,css,uniform,X,5,0.014921814915157313,0.0,1.5707963267948966,1.0,0.01,20000,2000,2000,20000,620
method_b,css,uniform,X,5,0.018652268643946642,0.0,1.5707963267948966,1.0,0.01,20000,2000,2000,18000,2240
method_b,css,uniform,X,5,0.022382722372735968,0.0,1.5707963267948966,1.0,0.01,20000,2000,2000,8000,2112
method_b,css,uniform,X,5,0.026113176101525293,0.0,1.5707963267948966,1.0,0.01,20000,2000,2000,6000,2301
method_b,css,uniform,X,5,0.029843629830314626,0.0,1.5707963267948966,1.0,0.01,20000,2000,2000,6000,2695
method_b,css,uniform,X,5,0.033574083559103955,0.0,1.5707963267948966,1.0,0.01,20000,2000,2000,6000,2962
method_b,css,uniform,Z,3,0.0014921814915157313,0.0,1.5707963267948966,1.0,0.03162277660168379,20000,2000,2000,20000,0
method_b,css,uniform,Z,3,0.0029843629830314626,0.0,1.5707963267948966,1.0,0.03162277660168379,20000,2000,2000,20000,3
method_b,css,uniform,Z,3,0.004476544474547194,0.0,1.5707963267948966,1.0,0.03162277660168379,20000,2000,2000,20000,20
method_b,css,uniform,Z,3,0.005968725966062925,0.0,1.5707963267948966,1.0,0.03162277660168379,20000,2000,2000,20000,104
method_b,css,uniform,Z,3,0.0074609074575786565,0.0,1.5707963267948966,1.0,0.03162277660168379,20000,2000,2000,20000,322
method_b,css,uniform,Z,3,0.008953088949094388,0.0,1.5707963267948966,1.0,0.03162277660168379,20000,2000,2000,20000,750
method_b,css,uniform,Z,3,0.010445270440610117,0.0,1.5707963267948966,1.0,0.03162277660168379,20000,2000,2000,20000,1466
method_b,css,uniform,Z,3,0.01193745193212585,0.0,1.5707963267948966,1.0,0.03162277660168379,20000,2000,2000,18000,2158
method_b,css,uniform,Z,3,0.013429633423641582,0.0,1.5707963267948966,1.0,0.03162277660168379,20000,2000,2000,12000,2106
method_b,css,uniform,Z,5,0.0014921814915157313,0.0,1.5707963267948966,1.0,0.03162277660168379,20000,2000,2000,20000,0
method_b,css,uniform,Z,5,0.0029843629830314626,0.0,1.5707963267948966,1.0,0.03162277660168379,20000,2000,2000,20000,0
method_b,css,uniform,Z,5,0.004476544474547194,0.0,1.5707963267948966,1.0,0.03162277660168379,20000,2000,2000,20000,5
method_b,css,uniform,Z,5,0.005968725966062925,0.0,1.5707963267948966,1.0,0.03162277660168379,20000,2000,2000,20000,50
method_b,css,uniform,Z,5,0.0074609074575786565,0.0,1.5707963267948966,1.0,0.03162277660168379,20000,2000,2000,20000,302
method_b,css,uniform,Z,5,0.008953088949094388,0.0,1.5707963267948966,1.0,0.03162277660168379,20000,2000,2000,20000,1288
method_b,css,uniform,Z,5,0.010445270440610117,0.0,1.5707963267948966,1.0,0.03162277660168379,20000,2000,2000,14000,2068
method_b,css,uniform,Z,5,0.01193745193212585,0.0,1.5707963267948966,1.0,0.03162277660168379,20000,2000,2000,8000,2165
method_b,css,uniform,Z,5,0.013429633423641582,0.0,1.5707963267948966,1.0,0.03162277660168379,20000,2000,2000,6000,2167
method_b,css,uniform,X,3,0.0037304537287893283,0.0,1.5707963267948966,1.0,0.03162277660168379,20000,2000,2000,20000,1
method_b,css,uniform,X,3,0.0074609074575786565,0.0,1.5707963267948966,1.0,0.03162277660168379,20000,2000,2000,20000,10
method_b,css,uniform,X,3,0.011191361186367984,0.0,1.5707963267948966,1.0,0.03162277660168379,20000,2000,2000,20000,85
method_b,css,uniform,X,3,0.014921814915157313,0.0,1.5707963267948966,1.0,0.03162277660168379,20000,2000,2000,20000,478
method_b,css,uniform,X,3,0.018652268643946642,0.0,1.5707963267948966,1.0,0.03162277660168379,20000,2000,2000,20000,1301
method_b,css,uniform,X,3,0.022382722372735968,0.0,1.5707963267948966,1.0,0.03162277660168379,20000,2000,2000,18000,2160
method_b,css,uniform,X,3,0.026113176101525293,0.0,1.5707963267948966,1.0,0.03162277660168379,20000,2000,2000,12000,2392
method_b,css,uniform,X,3,0.029843629830314626,0.0,1.5707963267948966,1.0,0.03162277660168379,20000,2000,2000,8000,2186
method_b,css,uniform,X,3,0.033574083559103955,0.0,1.5707963267948966,1.0,0.03162277660168379,20000,2000,2000,8000,2673
method_b,css,uniform,X,5,0.0037304537287893283,0.0,1.5707963267948966,1.0,0.03162277660168379,20000,2000,2000,20000,0
method_b,css,uniform,X,5,0.0074609074575786565,0.0,1.5707963267948966,1.0,0.03162277660168379,20000,2000,2000,20000,0
method_b,css,uniform,X,5,0.011191361186367984,0.0,1.5707963267948966,1.0,0.03162277660168379,20000,2000,2000,20000,76
method_b,css,uniform,X,5,0.014921814915157313,0.0,1.5707963267948966,1.0,0.03162277660168379,20000,2000,2000,20000,759
method_b,css,uniform,X,5,0.018652268643946642,0.0,1.5707963267948966,1.0,0.03162277660168379,20000,2000,2000,16000,2213
method_b,css,uniform,X,5,0.022382722372735968,0.0,1.5707963267948966,1.0,0.03162277660168379,20000,2000,2000,8000,2255
method_b,css,uniform,X,5,0.026113176101525293,0.0,1.5707963267948966,1.0,0.03162277660168379,20000,2000,2000,6000,2451
method_b,css,uniform,X,5,0.029843629830314626,0.0,1.5707963267948966,1.0,0.03162277660168379,20000,2000,2000,6000,2799
method_b,css,uniform,Z,3,0.0014921814915157313,0.0,1.5707963267948966,1.0,0.1,20000,2000,2000,20000,0
method_b,css,uniform,Z,3,0.0029843629830314626,0.0,1.5707963267948966,1.0,0.1,20000,2000,2000,20000,2
method_b,css,uniform,Z,3,0.004476544474547194,0.0,1.5707963267948966,1.0,0.1,20000,2000,2000,20000,19
method_b,css,uniform,Z,3,0.005968725966062925,0.0,1.5707963267948966,1.0,0.1,20000,2000,2000,20000,61
method_b,css,uniform,Z,3,0.0074609074575786565,0.0,1.5707963267948966,1.0,0.1,20000,2000,2000,20000,230
method_b,css,uniform,Z,3,0.008953088949094388,0.0,1.5707963267948966,1.0,0.1,20000,2000,2000,20000,586
method_b,css,uniform,Z,3,0.010445270440610117,0.0,1.5707963267948966,1.0,0.1,20000,2000,2000,20000,1153
method_b,css,uniform,Z,3,0.01193745193212585,0.0,1.5707963267948966,1.0,0.1,20000,2000,2000,20000,1915
method_b,css,uniform,Z,3,0.013429633423641582,0.0,1.5707963267948966,1.0,0.1,20000,2000,2000,16000,2206
method_b,css,uniform,Z,5,0.0014921814915157313,0.0,1.5707963267948966,1.0,0.1,20000,2000,2000,20000,0
method_b,css,uniform,Z,5,0.0029843629830314626,0.0,1.5707963267948966,1.0,0.1,20000,2000,2000,20000,0
method_b,css,uniform,Z,5,0.004476544474547194,0.0,1.5707963267948966,1.0,0.1,20000,2000,2000,20000,2
method_b,css,uniform,Z,5,0.005968725966062925,0.0,1.5707963267948966,1.0,0.1,20000,2000,2000,20000,29
method_b,css,uniform,Z,5,0.0074609074575786565,0.0,1.5707963267948966,1.0,0.1,20000,2000,2000,20000,216
method_b,css,uniform,Z,5,0.008953088949094388,0.0,1.5707963267948966,1.0,0.1,20000,2000,2000,20000,864
method_b,css,uniform,Z,5,0.010445270440610117,0.0,1.5707963267948966,1.0,0.1,20000,2000,2000,20000,2186
method_b,css,uniform,Z,5,0.01193745193212585,0.0,1.5707963267948966,1.0,0.1,20000,2000,2000,10000,2117
method_b,css,uniform,Z,5,0.013429633423641582,0.0,1.5707963267948966,1.0,0.1,20000,2000,2000,8000,2466
method_b,css,uniform,X,3,0.0037304537287893283,0.0,1.5707963267948966,1.0,0.1,20000,2000,2000,20000,0
method_b,css,uniform,X,3,0.0074609074575786565,0.0,1.5707963267948966,1.0,0.1,20000,2000,2000,20000,21
method_b,css,uniform,X,3,0.011191361186367984,0.0,1.5707963267948966,1.0,0.1,20000,2000,2000,20000,137
method_b,css,uniform,X,3,0.014921814915157313,0.0,1.5707963267948966,1.0,0.1,20000,2000,2000,20000,592
method_b,css,uniform,X,3,0.018652268643946642,0.0,1.5707963267948966,1.0,0.1,20000,2000,2000,20000,1557
method_b,css,uniform,X,3,0.022382722372735968,0.0,1.5707963267948966,1.0,0.1,20000,2000,2000,14000,2115
method_b,css,uniform,X,3,0.026113176101525293,0.0,1.5707963267948966,1.0,0.1,20000,2000,2000,10000,2196
method_b,css,uniform,X,3,0.029843629830314626,0.0,1.5707963267948966,1.0,0.1,20000,2000,2000,8000,2418
method_b,css,uniform,X,3,0.033574083559103955,0.0,1.5707963267948966,1.0,0.1,20000,2000,2000,6000,2184
method_b,css,uniform,X,5,0.0037304537287893283,0.0,1.5707963267948966,1.0,0.1,20000,2000,2000,20000,0
method_b,css,uniform,X,5,0.0074609074575786565,0.0,1.5707963267948966,1.0,0.1,20000,2000,2000,20000,0
method_b,css,uniform,X,5,0.011191361186367984,0.0,1.5707963267948966,1.0,0.1,20000,2000,2000,20000,102
method_b,css,uniform,X,5,0.014921814915157313,0.0,1.5707963267948966,1.0,0.1,20000,2000,2000,20000,1011
method_b,css,uniform,X,5,0.018652268643946642,0.0,1.5707963267948966,1.0,0.1,20000,2000,2000,12000,2217
method_b,css,uniform,X,5,0.022382722372735968,0.0,1.5707963267948966,1.0,0.1,20000,2000,2000,8000,2607
method_b,css,uniform,X,5,0.026113176101525293,0.0,1.5707963267948966,1.0,0.1,20000,2000,2000,6000,2647
method_b,css,uniform,X,5,0.029843629830314626,0.0,1.5707963267948966,1.0,0.1,20000,2000,2000,6000,2891
method_b,css,uniform,Z,3,0.0014921814915157313,0.0,1.5707963267948966,1.0,0.31622776601683794,20000,2000,2000,20000,0
method_b,css,uniform,Z,3,0.0029843629830314626,0.0,1.5707963267948966,1.0,0.31622776601683794,20000,2000,2000,20000,1
method_b,css,uniform,Z,3,0.004476544474547194,0.0,1.5707963267948966,1.0,0.31622776601683794,20000,2000,2000,20000,4
method_b,css,uniform,Z,3,0.005968725966062925,0.0,1.5707963267948966,1.0,0.31622776601683794,20000,2000,2000,20000,30
method_b,css,uniform,Z,3,0.0074609074575786565,0.0,1.5707963267948966,1.0,0.31622776601683794,20000,2000,2000,20000,88
method_b,css,uniform,Z,3,0.008953088949094388,0.0,1.5707963267948966,1.0,0.31622776601683794,20000,2000,2000,20000,243
method_b,css,uniform,Z,3,0.010445270440610117,0.0,1.5707963267948966,1.0,0.31622776601683794,20000,2000,2000,20000,513
method_b,css,uniform,Z,3,0.01193745193212585,0.0,1.5707963267948966,1.0,0.31622776601683794,20000,2000,2000,20000,904
method_b,css,uniform,Z,3,0.013429633423641582,0.0,1.5707963267948966,1.0,0.31622776601683794,20000,2000,2000,20000,1431
method_b,css,uniform,Z,5,0.0014921814915157313,0.0,1.5707963267948966,1.0,0.31622776601683794,20000,2000,2000,20000,0
method_b,css,uniform,Z,5,0.0029843629830314626,0.0,1.5707963267948966,1.0,0.31622776601683794,20000,2000,2000,20000,0
method_b,css,uniform,Z,5,0.004476544474547194,0.0,1.5707963267948966,1.0,0.31622776601683794,20000,2000,2000,20000,1
method_b,css,uniform,Z,5,0.005968725966062925,0.0,1.5707963267948966,1.0,0.31622776601683794,20000,2000,2000,20000,0
method_b,css,uniform,Z,5,0.0074609074575786565,0.0,1.5707963267948966,1.0,0.31622776601683794,20000,2000,2000,20000,38
method_b,css,uniform,Z,5,0.008953088949094388,0.0,1.5707963267948966,1.0,0.31622776601683794,20000,2000,2000,20000,206
method_b,css,uniform,Z,5,0.010445270440610117,0.0,1.5707963267948966,1.0,0.31622776601683794,20000,2000,2000,20000,689
method_b,css,uniform,Z,5,0.01193745193212585,0.0,1.5707963267948966,1.0,0.31622776601683794,20000,2000,2000,20000,1663
method_b,css,uniform,Z,5,0.013429633423641582,0.0,1.5707963267948966,1.0,0.31622776601683794,20000,2000,2000,14000,2201
method_b,css,uniform,X,3,0.0014921814915157313,0.0,1.5707963267948966,1.0,0.31622776601683794,20000,2000,2000,20000,0
method_b,css,uniform,X,3,0.0029843629830314626,0.0,1.5707963267948966,1.0,0.31622776601683794,20000,2000,2000,20000,0
method_b,css,uniform,X,3,0.004476544474547194,0.0,1.5707963267948966,1.0,0.31622776601683794,20000,2000,2000,20000,4
method_b,css,uniform,X,3,0.005968725966062925,0.0,1.5707963267948966,1.0,0.31622776601683794,20000,2000,2000,20000,9
method_b,css,uniform,X,3,0.0074609074575786565,0.0,1.5707963267948966,1.0,0.31622776601683794,20000,2000,2000,20000,26
method_b,css,uniform,X,3,0.008953088949094388,0.0,1.5707963267948966,1.0,0.31622776601683794,20000,2000,2000,20000,93
method_b,css,uniform,X,3,0.010445270440610117,0.0,1.5707963267948966,1.0,0.31622776601683794,20000,2000,2000,20000,193
method_b,css,uniform,X,3,0.01193745193212585,0.0,1.5707963267948966,1.0,0.31622776601683794,20000,2000,2000,20000,388
method_b,css,uniform,X,3,0.013429633423641582,0.0,1.5707963267948966,1.0,0.31622776601683794,20000,2000,2000,20000,640
method_b,css,uniform,X,5,0.0014921814915157313,0.0,1.5707963267948966,1.0,0.31622776601683794,20000,2000,2000,20000,0
method_b,css,uniform,X,5,0.0029843629830314626,0.0,1.5707963267948966,1.0,0.31622776601683794,20000,2000,2000,20000,0
method_b,css,uniform,X,5,0.004476544474547194,0.0,1.5707963267948966,1.0,0.31622776601683794,20000,2000,2000,20000,0
method_b,css,uniform,X,5,0.005968725966062925,0.0,1.5707963267948966,1.0,0.31622776601683794,20000,2000,2000,20000,2
method_b,css,uniform,X,5,0.0074609074575786565,0.0,1.5707963267948966,1.0,0.31622776601683794,20000,2000,2000,20000,9
method_b,css,uniform,X,5,0.008953088949094388,0.0,1.5707963267948966,1.0,0.31622776601683794,20000,2000,2000,20000,48
method_b,css,uniform,X,5,0.010445270440610117,0.0,1.5707963267948966,1.0,0.31622776601683794,20000,2000,2000,20000,169
method_b,css,uniform,X,5,0.01193745193212585,0.0,1.5707963267948966,1.0,0.31622776601683794,20000,2000,2000,20000,578
method_b,css,uniform,X,5,0.013429633423641582,0.0,1.5707963267948966,1.0,0.31622776601683794,20000,2000,2000,20000,1195
method_b,css,uniform,Z,3,0.0037304537287893283,0.0,1.5707963267948966,1.0,1.0,20000,2000,2000,20000,0
method_b,css,uniform,Z,3,0.0074609074575786565,0.0,1.5707963267948966,1.0,1.0,20000,2000,2000,20000,8
method_b,css,uniform,Z,3,0.011191361186367984,0.0,1.5707963267948966,1.0,1.0,20000,2000,2000,20000,53
method_b,css,uniform,Z,3,0.014921814915157313,0.0,1.5707963267948966,1.0,1.0,20000,2000,2000,20000,337
method_b,css,uniform,Z,3,0.018652268643946642,0.0,1.5707963267948966,1.0,1.0,20000,2000,2000,20000,1032
method_b,css,uniform,Z,3,0.022382722372735968,0.0,1.5707963267948966,1.0,1.0,20000,2000,2000,20000,2111
method_b,css,uniform,Z,3,0.026113176101525293,0.0,1.5707963267948966,1.0,1.0,20000,2000,2000,12000,2069
method_b,css,uniform,Z,3,0.029843629830314626,0.0,1.5707963267948966,1.0,1.0,20000,2000,2000,8000,2051
method_b,css,uniform,Z,3,0.033574083559103955,0.0,1.5707963267948966,1.0,1.0,20000,2000,2000,8000,2509
method_b,css,uniform,Z,5,0.0037304537287893283,0.0,1.5707963267948966,1.0,1.0,20000,2000,2000,20000,0
method_b,css,uniform,Z,5,0.0074609074575786565,0.0,1.5707963267948966,1.0,1.0,20000,2000,2000,20000,0
method_b,css,uniform,Z,5,0.011191361186367984,0.0,1.5707963267948966,1.0,1.0,20000,2000,2000,20000,40
method_b,css,uniform,Z,5,0.014921814915157313,0.0,1.5707963267948966,1.0,1.0,20000,2000,2000,20000,406
method_b,css,uniform,Z,5,0.018652268643946642,0.0,1.5707963267948966,1.0,1.0,20000,2000,2000,20000,1965
method_b,css,uniform,Z,5,0.022382722372735968,0.0,1.5707963267948966,1.0,1.0,20000,2000,2000,10000,2326
method_b,css,uniform,Z,5,0.026113176101525293,0.0,1.5707963267948966,1.0,1.0,20000,2000,2000,6000,2176
method_b,css,uniform,Z,5,0.029843629830314626,0.0,1.5707963267948966,1.0,1.0,20000,2000,2000,6000,2713
method_b,css,uniform,X,3,0.0014921814915157313,0.0,1.5707963267948966,1.0,1.0,20000,2000,2000,20000,0
method_b,css,uniform,X,3,0.0029843629830314626,0.0,1.5707963267948966,1.0,1.0,20000,2000,2000,20000,1
method_b,css,uniform,X,3,0.004476544474547194,0.0,1.5707963267948966,1.0,1.0,20000,2000,2000,20000,5
method_b,css,uniform,X,3,0.005968725966062925,0.0,1.5707963267948966,1.0,1.0,20000,2000,2000,20000,24
method_b,css,uniform,X,3,0.0074609074575786565,0.0,1.5707963267948966,1.0,1.0,20000,2000,2000,20000,87
method_b,css,uniform,X,3,0.008953088949094388,0.0,1.5707963267948966,1.0,1.0,20000,2000,2000,20000,250
method_b,css,uniform,X,3,0.010445270440610117,0.0,1.5707963267948966,1.0,1.0,20000,2000,2000,20000,534
method_b,css,uniform,X,3,0.01193745193212585,0.0,1.5707963267948966,1.0,1.0,20000,2000,2000,20000,902
method_b,css,uniform,X,3,0.013429633423641582,0.0,1.5707963267948966,1.0,1.0,20000,2000,2000,20000,1539
method_b,css,uniform,X,5,0.0014921814915157313,0.0,1.5707963267948966,1.0,1.0,20000,2000,2000,20000,0
method_b,css,uniform,X,5,0.0029843629830314626,0.0,1.5707963267948966,1.0,1.0,20000,2000,2000,20000,0
method_b,css,uniform,X,5,0.004476544474547194,0.0,1.5707963267948966,1.0,1.0,20000,2000,2000,20000,2
method_b,css,uniform,X,5,0.005968725966062925,0.0,1.5707963267948966,1.0,1.0,20000,2000,2000,20000,6
method_b,css,uniform,X,5,0.0074609074575786565,0.0,1.5707963267948966,1.0,1.0,20000,2000,2000,20000,60
method_b,css,uniform,X,5,0.008953088949094388,0.0,1.5707963267948966,1.0,1.0,20000,2000,2000,20000,255
method_b,css,uniform,X,5,0.010445270440610117,0.0,1.5707963267948966,1.0,1.0,20000,2000,2000,20000,796
method_b,css,uniform,X,5,0.01193745193212585,0.0,1.5707963267948966,1.0,1.0,20000,2000,2000,20000,1979
method_b,css,uniform,X,5,0.013429633423641582,0.0,1.5707963267948966,1.0,1.0,20000,2000,2000,12000,2078
method_b,css,uniform,Z,3,0.0037304537287893283,0.0,1.5707963267948966,1.0,3.1622776601683795,20000,2000,2000,20000,0
method_b,css,uniform,Z,3,0.0074609074575786565,0.0,1.5707963267948966,1.0,3.1622776601683795,20000,2000,2000,20000,0
method_b,css,uniform,Z,3,0.011191361186367984,0.0,1.5707963267948966,1.0,3.1622776601683795,20000,2000,2000,20000,4
method_b,css,uniform,Z,3,0.014921814915157313,0.0,1.5707963267948966,1.0,3.1622776601683795,20000,2000,2000,20000,8
method_b,css,uniform,Z,3,0.018652268643946642,0.0,1.5707963267948966,1.0,3.1622776601683795,20000,2000,2000,20000,14
method_b,css,uniform,Z,3,0.022382722372735968,0.0,1.5707963267948966,1.0,3.1622776601683795,20000,2000,2000,20000,80
method_b,css,uniform,Z,3,0.026113176101525293,0.0,1.5707963267948966,1.0,3.1622776601683795,20000,2000,2000,20000,158
method_b,css,uniform,Z,3,0.029843629830314626,0.0,1.5707963267948966,1.0,3.1622776601683795,20000,2000,2000,20000,272
method_b,css,uniform,Z,3,0.033574083559103955,0.0,1.5707963267948966,1.0,3.1622776601683795,20000,2000,2000,20000,553
method_b,css,uniform,Z,5,0.0037304537287893283,0.0,1.5707963267948966,1.0,3.1622776601683795,20000,2000,2000,20000,0
method_b,css,uniform,Z,5,0.0074609074575786565,0.0,1.5707963267948966,1.0,3.1622776601683795,20000,2000,2000,20000,0
method_b,css,uniform,Z,5,0.011191361186367984,0.0,1.5707963267948966,1.0,3.1622776601683795,20000,2000,2000,20000,0
method_b,css,uniform,Z,5,0.014921814915157313,0.0,1.5707963267948966,1.0,3.1622776601683795,20000,2000,2000,20000,1
method_b,css,uniform,Z,5,0.018652268643946642,0.0,1.5707963267948966,1.0,3.1622776601683795,20000,2000,2000,20000,1
method_b,css,uniform,Z,5,0.022382722372735968,0.0,1.5707963267948966,1.0,3.1622776601683795,20000,2000,2000,20000,26
method_b,css,uniform,Z,5,0.026113176101525293,0.0,1.5707963267948966,1.0,3.1622776601683795,20000,2000,2000,20000,108
method_b,css,uniform,Z,5,0.029843629830314626,0.0,1.5707963267948966,1.0,3.1622776601683795,20000,2000,2000,20000,351
method_b,css,uniform,Z,5,0.033574083559103955,0.0,1.5707963267948966,1.0,3.1622776601683795,20000,2000,2000,20000,830
method_b,css,uniform,X,3,0.0014921814915157313,0.0,1.5707963267948966,1.0,3.1622776601683795,20000,2000,2000,20000,0
method_b,css,uniform,X,3,0.0029843629830314626,0.0,1.5707963267948966,1.0,3.1622776601683795,20000,2000,2000,20000,2
method_b,css,uniform,X,3,0.004476544474547194,0.0,1.5707963267948966,1.0,3.1622776601683795,20000,2000,2000,20000,11
method_b,css,uniform,X,3,0.005968725966062925,0.0,1.5707963267948966,1.0,3.1622776601683795,20000,2000,2000,20000,66
method_b,css,uniform,X,3,0.0074609074575786565,0.0,1.5707963267948966,1.0,3.1622776601683795,20000,2000,2000,20000,193
method_b,css,uniform,X,3,0.008953088949094388,0.0,1.5707963267948966,1.0,3.1622776601683795,20000,2000,2000,20000,520
method_b,css,uniform,X,3,0.010445270440610117,0.0,1.5707963267948966,1.0,3.1622776601683795,20000,2000,2000,20000,1015
method_b,css,uniform,X,3,0.01193745193212585,0.0,1.5707963267948966,1.0,3.1622776601683795,20000,2000,2000,20000,1789
method_b,css,uniform,X,3,0.013429633423641582,0.0,1.5707963267948966,1.0,3.1622776601683795,20000,2000,2000,16000,2101
method_b,css,uniform,X,5,0.0014921814915157313,0.0,1.5707963267948966,1.0,3.1622776601683795,20000,2000,2000,20000,0
method_b,css,uniform,X,5,0.0029843629830314626,0.0,1.5707963267948966,1.0,3.1622776601683795,20000,2000,2000,20000,0
method_b,css,uniform,X,5,0.004476544474547194,0.0,1.5707963267948966,1.0,3.1622776601683795,20000,2000,2000,20000,1
method_b,css,uniform,X,5,0.005968725966062925,0.0,1.5707963267948966,1.0,3.1622776601683795,20000,2000,2000,20000,28
method_b,css,uniform,X,5,0.0074609074575786565,0.0,1.5707963267948966,1.0,3.1622776601683795,20000,2000,2000,20000,204
method_b,css,uniform,X,5,0.008953088949094388,0.0,1.5707963267948966,1.0,3.1622776601683795,20000,2000,2000,20000,834
method_b,css,uniform,X,5,0.010445270440610117,0.0,1.5707963267948966,1.0,3.1622776601683795,20000,2000,2000,20000,2201
method_b,css,uniform,X,5,0.01193745193212585,0.0,1.5707963267948966,1.0,3.1622776601683795,20000,2000,2000,10000,2034
method_b,css,uniform,X,5,0.013429633423641582,0.0,1.5707963267948966,1.0,3.1622776601683795,20000,2000,2000,8000,2409
method_b,css,uniform,Z,3,0.023315335804933304,0.0,1.5707963267948966,1.0,10.0,20000,2000,2000,20000,1
method_b,css,uniform,Z,3,0.04663067160986661,0.0,1.5707963267948966,1.0,10.0,20000,2000,2000,20000,21
method_b,css,uniform,Z,3,0.06994600741479991,0.0,1.5707963267948966,1.0,10.0,20000,2000,2000,20000,149
method_b,css,uniform,Z,3,0.09326134321973321,0.0,1.5707963267948966,1.0,10.0,20000,2000,2000,20000,688
method_b,css,uniform,Z,3,0.11657667902466652,0.0,1.5707963267948966,1.0,10.0,20000,2000,2000,20000,1686
method_b,css,uniform,Z,3,0.13989201482959981,0.0,1.5707963267948966,1.0,10.0,20000,2000,2000,14000,2291
method_b,css,uniform,Z,3,0.16320735063453307,0.0,1.5707963267948966,1.0,10.0,20000,2000,2000,10000,2423
method_b,css,uniform,Z,3,0.18652268643946643,0.0,1.5707963267948966,1.0,10.0,20000,2000,2000,8000,2545
method_b,css,uniform,Z,3,0.20983802224439974,0.0,1.5707963267948966,1.0,10.0,20000,2000,2000,6000,2266
method_b,css,uniform,Z,5,0.023315335804933304,0.0,1.5707963267948966,1.0,10.0,20000,2000,2000,20000,0
method_b,css,uniform,Z,5,0.04663067160986661,0.0,1.5707963267948966,1.0,10.0,20000,2000,2000,20000,1
method_b,css,uniform,Z,5,0.06994600741479991,0.0,1.5707963267948966,1.0,10.0,20000,2000,2000,20000,136
method_b,css,uniform,Z,5,0.09326134321973321,0.0,1.5707963267948966,1.0,10.0,20000,2000,2000,20000,1095
method_b,css,uniform,Z,5,0.11657667902466652,0.0,1.5707963267948966,1.0,10.0,20000,2000,2000,12000,2292
method_b,css,uniform,Z,5,0.13989201482959981,0.0,1.5707963267948966,1.0,10.0,20000,2000,2000,6000,2044
method_b,css,uniform,Z,5,0.16320735063453307,0.0,1.5707963267948966,1.0,10.0,20000,2000,2000,6000,2681
method_b,css,uniform,Z,5,0.18652268643946643,0.0,1.5707963267948966,1.0,10.0,20000,2000,2000,6000,2801
method_b,css,uniform,X,3,0.0014921814915157313,0.0,1.5707963267948966,1.0,10.0,20000,2000,2000,20000,1
method_b,css,uniform,X,3,0.0029843629830314626,0.0,1.5707963267948966,1.0,10.0,20000,2000,2000,20000,2
method_b,css,uniform,X,3,0.004476544474547194,0.0,1.5707963267948966,1.0,10.0,20000,2000,2000,20000,12
method_b,css,uniform,X,3,0.005968725966062925,0.0,1.5707963267948966,1.0,10.0,20000,2000,2000,20000,93
method_b,css,uniform,X,3,0.0074609074575786565,0.0,1.5707963267948966,1.0,10.0,20000,2000,2000,20000,330
method_b,css,uniform,X,3,0.008953088949094388,0.0,1.5707963267948966,1.0,10.0,20000,2000,2000,20000,730
method_b,css,uniform,X,3,0.010445270440610117,0.0,1.5707963267948966,1.0,10.0,20000,2000,2000,20000,1410
method_b,css,uniform,X,3,0.01193745193212585,0.0,1.5707963267948966,1.0,10.0,20000,2000,2000,18000,2088
method_b,css,uniform,X,3,0.013429633423641582,0.0,1.5707963267948966,1.0,10.0,20000,2000,2000,12000,2034
method_b,css,uniform,X,5,0.0014921814915157313,0.0,1.5707963267948966,1.0,10.0,20000,2000,2000,20000,0
method_b,css,uniform,X,5,0.0029843629830314626,0.0,1.5707963267948966,1.0,10.0,20000,2000,2000,20000,0
method_b,css,uniform,X,5,0.004476544474547194,0.0,1.5707963267948966,1.0,10.0,20000,2000,2000,20000,3
method_b,css,uniform,X,5,0.005968725966062925,0.0,1.5707963267948966,1.0,10.0,20000,2000,2000,20000,65
method_b,css,uniform,X,5,0.0074609074575786565,0.0,1.5707963267948966,1.0,10.0,20000,2000,2000,20000,383
method_b,css,uniform,X,5,0.008953088949094388,0.0,1.5707963267948966,1.0,10.0,20000,2000,2000,20000,1434
method_b,css,uniform,X,5,0.010445270440610117,0.0,1.5707963267948966,1.0,10.0,20000,2000,2000,12000,2001
method_b,css,uniform,X,5,0.01193745193212585,0.0,1.5707963267948966,1.0,10.0,20000,2000,2000,8000,2193
method_b,css,uniform,X,5,0.013429633423641582,0.0,1.5707963267948966,1.0,10.0,20000,2000,2000,6000,2239
method_b,css,uniform,Z,3,0.023315335804933304,0.0,1.5707963267948966,1.0,31.622776601683793,20000,2000,2000,20000,0
method_b,css,uniform,Z,3,0.04663067160986661,0.0,1.5707963267948966,1.0,31.622776601683793,20000,2000,2000,20000,0
method_b,css,uniform,Z,3,0.06994600741479991,0.0,1.5707963267948966,1.0,31.622776601683793,20000,2000,2000,20000,0
method_b,css,uniform,Z,3,0.09326134321973321,0.0,1.5707963267948966,1.0,31.622776601683793,20000,2000,2000,20000,2
method_b,css,uniform,Z,3,0.11657667902466652,0.0,1.5707963267948966,1.0,31.622776601683793,20000,2000,2000,20000,4
method_b,css,uniform,Z,3,0.13989201482959981,0.0,1.5707963267948966,1.0,31.622776601683793,20000,2000,2000,20000,26
method_b,css,uniform,Z,3,0.16320735063453307,0.0,1.5707963267948966,1.0,31.622776601683793,20000,2000,2000,20000,35
method_b,css,uniform,Z,3,0.18652268643946643,0.0,1.5707963267948966,1.0,31.622776601683793,20000,2000,2000,20000,81
method_b,css,uniform,Z,3,0.20983802224439974,0.0,1.5707963267948966,1.0,31.622776601683793,20000,2000,2000,20000,173
method_b,css,uniform,Z,5,0.023315335804933304,0.0,1.5707963267948966,1.0,31.622776601683793,20000,2000,2000,20000,0
method_b,css,uniform,Z,5,0.04663067160986661,0.0,1.5707963267948966,1.0,31.622776601683793,20000,2000,2000,20000,0
method_b,css,uniform,Z,5,0.06994600741479991,0.0,1.5707963267948966,1.0,31.622776601683793,20000,2000,2000,20000,0
method_b,css,uniform,Z,5,0.09326134321973321,0.0,1.5707963267948966,1.0,31.622776601683793,20000,2000,2000,20000,0
method_b,css,uniform,Z,5,0.11657667902466652,0.0,1.5707963267948966,1.0,31.622776601683793,20000,2000,2000,20000,0
method_b,css,uniform,Z,5,0.13989201482959981,0.0,1.5707963267948966,1.0,31.622776601683793,20000,2000,2000,20000,4
method_b,css,uniform,Z,5,0.16320735063453307,0.0,1.5707963267948966,1.0,31.622776601683793,20000,2000,2000,20000,10
method_b,css,uniform,Z,5,0.18652268643946643,0.0,1.5707963267948966,1.0,31.622776601683793,20000,2000,2000,20000,41
method_b,css,uniform,Z,5,0.20983802224439974,0.0,1.5707963267948966,1.0,31.622776601683793,20000,2000,2000,20000,120
method_b,css,uniform,X,3,0.0014921814915157313,0.0,1.5707963267948966,1.0,31.622776601683793,20000,2000,2000,20000,0
method_b,css,uniform,X,3,0.0029843629830314626,0.0,1.5707963267948966,1.0,31.622776601683793,20000,2000,2000,20000,2
method_b,css,uniform,X,3,0.004476544474547194,0.0,1.5707963267948966,1.0,31.622776601683793,20000,2000,2000,20000,15
method_b,css,uniform,X,3,0.005968725966062925,0.0,1.5707963267948966,1.0,31.622776601683793,20000,2000,2000,20000,118
method_b,css,uniform,X,3,0.0074609074575786565,0.0,1.5707963267948966,1.0,31.622776601683793,20000,2000,2000,20000,357
method_b,css,uniform,X,3,0.008953088949094388,0.0,1.5707963267948966,1.0,31.622776601683793,20000,2000,2000,20000,864
method_b,css,uniform,X,3,0.010445270440610117,0.0,1.5707963267948966,1.0,31.622776601683793,20000,2000,2000,20000,1589
method_b,css,uniform,X,3,0.01193745193212585,0.0,1.5707963267948966,1.0,31.622776601683793,20000,2000,2000,16000,2170
method_b,css,uniform,X,3,0.013429633423641582,0.0,1.5707963267948966,1.0,31.622776601683793,20000,2000,2000,12000,2257
method_b,css,uniform,X,5,0.0014921814915157313,0.0,1.5707963267948966,1.0,31.622776601683793,20000,2000,2000,20000,0
method_b,css,uniform,X,5,0.0029843629830314626,0.0,1.5707963267948966,1.0,31.622776601683793,20000,2000,2000,20000,0
method_b,css,uniform,X,5,0.004476544474547194,0.0,1.5707963267948966,1.0,31.622776601683793,20000,2000,2000,20000,10
method_b,css,uniform,X,5,0.005968725966062925,0.0,1.5707963267948966,1.0,31.622776601683793,20000,2000,2000,20000,94
method_b,css,uniform,X,5,0.0074609074575786565,0.0,1.5707963267948966,1.0,31.622776601683793,20000,2000,2000,20000,510
method_b,css,uniform,X,5,0.008953088949094388,0.0,1.5707963267948966,1.0,31.622776601683793,20000,2000,2000,20000,1702
method_b,css,uniform,X,5,0.010445270440610117,0.0,1.5707963267948966,1.0,31.622776601683793,20000,2000,2000,12000,2266
method_b,css,uniform,X,5,0.01193745193212585,0.0,1.5707963267948966,1.0,31.622776601683793,20000,2000,2000,8000,2369
method_b,css,uniform,X,5,0.013429633423641582,0.0,1.5707963267948966,1.0,31.622776601683793,20000,2000,2000,6000,2326
method_b,css,uniform,Z,3,0.023315335804933304,0.0,1.5707963267948966,1.0,100.0,20000,2000,2000,20000,0
method_b,css,uniform,Z,3,0.04663067160986661,0.0,1.5707963267948966,1.0,100.0,20000,2000,2000,20000,0
method_b,css,uniform,Z,3,0.06994600741479991,0.0,1.5707963267948966,1.0,100.0,20000,2000,2000,20000,0
method_b,css,uniform,Z,3,0.09326134321973321,0.0,1.5707963267948966,1.0,100.0,20000,2000,2000,20000,0
method_b,css,uniform,Z,3,0.11657667902466652,0.0,1.5707963267948966,1.0,100.0,20000,2000,2000,20000,0
method_b,css,uniform,Z,3,0.13989201482959981,0.0,1.5707963267948966,1.0,100.0,20000,2000,2000,20000,0
method_b,css,uniform,Z,3,0.16320735063453307,0.0,1.5707963267948966,1.0,100.0,20000,2000,2000,20000,0
method_b,css,uniform,Z,3,0.18652268643946643,0.0,1.5707963267948966,1.0,100.0,20000,2000,2000,20000,0
method_b,css,uniform,Z,3,0.20983802224439974,0.0,1.5707963267948966,1.0,100.0,20000,2000,2000,20000,0
method_b,css,uniform,Z,5,0.023315335804933304,0.0,1.5707963267948966,1.0,100.0,20000,2000,2000,20000,0
method_b,css,uniform,Z,5,0.04663067160986661,0.0,1.5707963267948966,1.0,100.0,20000,2000,2000,20000,0
method_b,css,uniform,Z,5,0.06994600741479991,0.0,1.5707963267948966,1.0,100.0,20000,2000,2000,20000,0
method_b,css,uniform,Z,5,0.09326134321973321,0.0,1.5707963267948966,1.0,100.0,20000,2000,2000,20000,0
method_b,css,uniform,Z,5,0.11657667902466652,0.0,1.5707963267948966,1.0,100.0,20000,2000,2000,20000,0
method_b,css,uniform,Z,5,0.13989201482959981,0.0,1.5707963267948966,1.0,100.0,20000,2000,2000,20000,0
method_b,css,uniform,Z,5,0.16320735063453307,0.0,1.5707963267948966,1.0,100.0,20000,2000,2000,20000,0
method_b,css,uniform,Z,5,0.18652268643946643,0.0,1.5707963267948966,1.0,100.0,20000,2000,2000,20000,0
method_b,css,uniform,Z,5,0.20983802224439974,0.0,1.5707963267948966,1.0,100.0,20000,2000,2000,20000,0
method_b,css,uniform,X,3,0.0014921814915157313,0.0,1.5707963267948966,1.0,100.0,20000,2000,2000,20000,0
method_b,css,uniform,X,3,0.0029843629830314626,0.0,1.5707963267948966,1.0,100.0,20000,2000,2000,20000,1
method_b,css,uniform,X,3,0.004476544474547194,0.0,1.5707963267948966,1.0,100.0,20000,2000,2000,20000,36
method_b,css,uniform,X,3,0.005968725966062925,0.0,1.5707963267948966,1.0,100.0,20000,2000,2000,20000,133
method_b,css,uniform,X,3,0.0074609074575786565,0.0,1.5707963267948966,1.0,100.0,20000,2000,2000,20000,401
method_b,css,uniform,X,3,0.008953088949094388,0.0,1.5707963267948966,1.0,100.0,20000,2000,2000,20000,895
method_b,css,uniform,X,3,0.010445270440610117,0.0,1.5707963267948966,1.0,100.0,20000,2000,2000,20000,1702
method_b,css,uniform,X,3,0.01193745193212585,0.0,1.5707963267948966,1.0,100.0,20000,2000,2000,16000,2110
method_b,css,uniform,X,3,0.013429633423641582,0.0,1.5707963267948966,1.0,100.0,20000,2000,2000,12000,2281
method_b,css,uniform,X,5,0.0014921814915157313,0.0,1.5707963267948966,1.0,100.0,20000,2000,2000,20000,0
method_b,css,uniform,X,5,0.0029843629830314626,0.0,1.5707963267948966,1.0,100.0,20000,2000,2000,20000,0
method_b,css,uniform,X,5,0.004476544474547194,0.0,1.5707963267948966,1.0,100.0,20000,2000,2000,20000,7
method_b,css,uniform,X,5,0.005968725966062925,0.0,1.5707963267948966,1.0,100.0,20000,2000,2000,20000,104
method_b,css,uniform,X,5,0.0074609074575786565,0.0,1.5707963267948966,1.0,100.0,20000,2000,2000,20000,537
method_b,css,uniform,X,5,0.008953088949094388,0.0,1.5707963267948966,1.0,100.0,20000,2000,2000,20000,1846
method_b,css,uniform,X,5,0.010445270440610117,0.0,1.5707963267948966,1.0,100.0,20000,2000,2000,12000,2380
method_b,css,uniform,X,5,0.01193745193212585,0.0,1.5707963267948966,1.0,100.0,20000,2000,2000,8000,2494
method_b,css,uniform,X,5,0.013429633423641582,0.0,1.5707963267948966,1.0,100.0,20000,2000,2000,6000,2374
