scheme,code,decoder,basis,distance,p,theta,phi,eta_g,eta_t,shots_max,batch,max_fail,shots,errors
method_b,css,uniform,Z,3,0.004213023450981062,0.0,0.0,1.0,20.0,20000,2000,2000,20000,99
method_b,css,uniform,Z,3,0.00514925088453241,0.0,0.0,1.0,20.0,20000,2000,2000,20000,264
method_b,css,uniform,Z,3,0.0060854783180837565,0.0,0.0,1.0,20.0,20000,2000,2000,20000,574
method_b,css,uniform,Z,3,0.007021705751635103,0.0,0.0,1.0,20.0,20000,2000,2000,20000,1046
method_b,css,uniform,Z,3,0.00795793318518645,0.0,0.0,1.0,20.0,20000,2000,2000,20000,1667
method_b,css,uniform,Z,3,0.008894160618737799,0.0,0.0,1.0,20.0,20000,2000,2000,16000,2033
method_b,css,uniform,Z,3,0.009830388052289144,0.0,0.0,1.0,20.0,20000,2000,2000,12000,2085
method_b,css,uniform,Z,3,0.010766615485840491,0.0,0.0,1.0,20.0,20000,2000,2000,10000,2065
method_b,css,uniform,Z,3,0.011702842919391838,0.0,0.0,1.0,20.0,20000,2000,2000,8000,2077
method_b,css,uniform,Z,3,0.012639070352943186,0.0,0.0,1.0,20.0,20000,2000,2000,8000,2457
method_b,css,uniform,Z,5,0.004213023450981062,0.0,0.0,1.0,20.0,20000,2000,2000,20000,51
method_b,css,uniform,Z,5,0.00514925088453241,0.0,0.0,1.0,20.0,20000,2000,2000,20000,298
method_b,css,uniform,Z,5,0.0060854783180837565,0.0,0.0,1.0,20.0,20000,2000,2000,20000,939
method_b,css,uniform,Z,5,0.007021705751635103,0.0,0.0,1.0,20.0,20000,2000,2000,20000,2186
method_b,css,uniform,Z,5,0.00795793318518645,0.0,0.0,1.0,20.0,20000,2000,2000,10000,2114
method_b,css,uniform,Z,5,0.008894160618737799,0.0,0.0,1.0,20.0,20000,2000,2000,8000,2248
method_b,css,uniform,Z,5,0.009830388052289144,0.0,0.0,1.0,20.0,20000,2000,2000,6000,2306
method_b,css,uniform,Z,5,0.010766615485840491,0.0,0.0,1.0,20.0,20000,2000,2000,6000,2551
method_b,css,uniform,Z,5,0.011702842919391838,0.0,0.0,1.0,20.0,20000,2000,2000,6000,2771
method_b,css,uniform,X,3,0.0016852093803924248,0.0,0.0,1.0,20.0,20000,2000,2000,20000,0
method_b,css,uniform,X,3,0.002059700353812964,0.0,0.0,1.0,20.0,20000,2000,2000,20000,2
method_b,css,uniform,X,3,0.0024341913272335025,0.0,0.0,1.0,20.0,20000,2000,2000,20000,10
method_b,css,uniform,X,3,0.002808682300654041,0.0,0.0,1.0,20.0,20000,2000,2000,20000,28
method_b,css,uniform,X,3,0.00318317327407458,0.0,0.0,1.0,20.0,20000,2000,2000,20000,48
method_b,css,uniform,X,3,0.0035576642474951193,0.0,0.0,1.0,20.0,20000,2000,2000,20000,95
method_b,css,uniform,X,3,0.003932155220915658,0.0,0.0,1.0,20.0,20000,2000,2000,20000,132
method_b,css,uniform,X,3,0.004306646194336196,0.0,0.0,1.0,20.0,20000,2000,2000,20000,248
method_b,css,uniform,X,3,0.004681137167756736,0.0,0.0,1.0,20.0,20000,2000,2000,20000,343
method_b,css,uniform,X,3,0.005055628141177274,0.0,0.0,1.0,20.0,20000,2000,2000,20000,506
method_b,css,uniform,X,5,0.0016852093803924248,0.0,0.0,1.0,20.0,20000,2000,2000,20000,0
method_b,css,uniform,X,5,0.002059700353812964,0.0,0.0,1.0,20.0,20000,2000,2000,20000,0
method_b,css,uniform,X,5,0.0024341913272335025,0.0,0.0,1.0,20.0,20000,2000,2000,20000,1
method_b,css,uniform,X,5,0.002808682300654041,0.0,0.0,1.0,20.0,20000,2000,2000,20000,3
method_b,css,uniform,X,5,0.00318317327407458,0.0,0.0,1.0,20.0,20000,2000,2000,20000,21
method_b,css,uniform,X,5,0.0035576642474951193,0.0,0.0,1.0,20.0,20000,2000,2000,20000,51
method_b,css,uniform,X,5,0.003932155220915658,0.0,0.0,1.0,20.0,20000,2000,2000,20000,131
method_b,css,uniform,X,5,0.004306646194336196,0.0,0.0,1.0,20.0,20000,2000,2000,20000,271
method_b,css,uniform,X,5,0.004681137167756736,0.0,0.0,1.0,20.0,20000,2000,2000,20000,540
method_b,css,uniform,X,5,0.005055628141177274,0.0,0.0,1.0,20.0,20000,2000,2000,20000,951
method_b,css,uniform,Z,3,0.0038041845693758194,0.1767603757043068,0.0,1.0,20.0,20000,2000,2000,20000,93
method_b,css,uniform,Z,3,0.004649558918126002,0.1767603757043068,0.0,1.0,20.0,20000,2000,2000,20000,296
method_b,css,uniform,Z,3,0.005494933266876183,0.1767603757043068,0.0,1.0,20.0,20000,2000,2000,20000,584
method_b,css,uniform,Z,3,0.006340307615626365,0.1767603757043068,0.0,1.0,20.0,20000,2000,2000,20000,1092
method_b,css,uniform,Z,3,0.007185681964376547,0.1767603757043068,0.0,1.0,20.0,20000,2000,2000,20000,1762
method_b,css,uniform,Z,3,0.008031056313126731,0.1767603757043068,0.0,1.0,20.0,20000,2000,2000,16000,2098
method_b,css,uniform,Z,3,0.00887643066187691,0.1767603757043068,0.0,1.0,20.0,20000,2000,2000,12000,2100
method_b,css,uniform,Z,3,0.009721805010627093,0.1767603757043068,0.0,1.0,20.0,20000,2000,2000,10000,2208
method_b,css,uniform,Z,3,0.010567179359377274,0.1767603757043068,0.0,1.0,20.0,20000,2000,2000,8000,2024
method_b,css,uniform,Z,3,0.011412553708127458,0.1767603757043068,0.0,1.0,20.0,20000,2000,2000,8000,2426
method_b,css,uniform,Z,5,0.0038041845693758194,0.1767603757043068,0.0,1.0,20.0,20000,2000,2000,20000,49
method_b,css,uniform,Z,5,0.004649558918126002,0.1767603757043068,0.0,1.0,20.0,20000,2000,2000,20000,330
method_b,css,uniform,Z,5,0.005494933266876183,0.1767603757043068,0.0,1.0,20.0,20000,2000,2000,20000,1144
method_b,css,uniform,Z,5,0.006340307615626365,0.1767603757043068,0.0,1.0,20.0,20000,2000,2000,16000,2001
method_b,css,uniform,Z,5,0.007185681964376547,0.1767603757043068,0.0,1.0,20.0,20000,2000,2000,10000,2150
method_b,css,uniform,Z,5,0.008031056313126731,0.1767603757043068,0.0,1.0,20.0,20000,2000,2000,8000,2452
method_b,css,uniform,Z,5,0.00887643066187691,0.1767603757043068,0.0,1.0,20.0,20000,2000,2000,6000,2251
method_b,css,uniform,Z,5,0.009721805010627093,0.1767603757043068,0.0,1.0,20.0,20000,2000,2000,6000,2576
method_b,css,uniform,Z,5,0.010567179359377274,0.1767603757043068,0.0,1.0,20.0,20000,2000,2000,6000,2806
method_b,css,uniform,X,3,0.0015216738277503278,0.1767603757043068,0.0,1.0,20.0,20000,2000,2000,20000,1
method_b,css,uniform,X,3,0.0018598235672504008,0.1767603757043068,0.0,1.0,20.0,20000,2000,2000,20000,5
method_b,css,uniform,X,3,0.0021979733067504733,0.1767603757043068,0.0,1.0,20.0,20000,2000,2000,20000,11
method_b,css,uniform,X,3,0.002536123046250546,0.1767603757043068,0.0,1.0,20.0,20000,2000,2000,20000,22
method_b,css,uniform,X,3,0.002874272785750619,0.1767603757043068,0.0,1.0,20.0,20000,2000,2000,20000,46
method_b,css,uniform,X,3,0.0032124225252506923,0.1767603757043068,0.0,1.0,20.0,20000,2000,2000,20000,77
method_b,css,uniform,X,3,0.0035505722647507644,0.1767603757043068,0.0,1.0,20.0,20000,2000,2000,20000,132
method_b,css,uniform,X,3,0.0038887220042508374,0.1767603757043068,0.0,1.0,20.0,20000,2000,2000,20000,219
method_b,css,uniform,X,3,0.00422687174375091,0.1767603757043068,0.0,1.0,20.0,20000,2000,2000,20000,322
method_b,css,uniform,X,3,0.004565021483250983,0.1767603757043068,0.0,1.0,20.0,20000,2000,2000,20000,509
method_b,css,uniform,X,5,0.0015216738277503278,0.1767603757043068,0.0,1.0,20.0,20000,2000,2000,20000,0
method_b,css,uniform,X,5,0.0018598235672504008,0.1767603757043068,0.0,1.0,20.0,20000,2000,2000,20000,0
method_b,css,uniform,X,5,0.0021979733067504733,0.1767603757043068,0.0,1.0,20.0,20000,2000,2000,20000,2
method_b,css,uniform,X,5,0.002536123046250546,0.1767603757043068,0.0,1.0,20.0,20000,2000,2000,20000,6
method_b,css,uniform,X,5,0.002874272785750619,0.1767603757043068,0.0,1.0,20.0,20000,2000,2000,20000,30
method_b,css,uniform,X,5,0.0032124225252506923,0.1767603757043068,0.0,1.0,20.0,20000,2000,2000,20000,60
method_b,css,uniform,X,5,0.0035505722647507644,0.1767603757043068,0.0,1.0,20.0,20000,2000,2000,20000,140
method_b,css,uniform,X,5,0.0038887220042508374,0.1767603757043068,0.0,1.0,20.0,20000,2000,2000,20000,259
method_b,css,uniform,X,5,0.00422687174375091,0.1767603757043068,0.0,1.0,20.0,20000,2000,2000,20000,499
method_b,css,uniform,X,5,0.004565021483250983,0.1767603757043068,0.0,1.0,20.0,20000,2000,2000,20000,888
method_b,css,uniform,Z,3,0.0014157557654887521,0.3876279635698531,0.0,1.0,20.0,20000,2000,2000,20000,0
method_b,css,uniform,Z,3,0.001730368157819586,0.3876279635698531,0.0,1.0,20.0,20000,2000,2000,20000,3
method_b,css,uniform,Z,3,0.0020449805501504196,0.3876279635698531,0.0,1.0,20.0,20000,2000,2000,20000,4
method_b,css,uniform,Z,3,0.0023595929424812534,0.3876279635698531,0.0,1.0,20.0,20000,2000,2000,20000,11
method_b,css,uniform,Z,3,0.002674205334812087,0.3876279635698531,0.0,1.0,20.0,20000,2000,2000,20000,27
method_b,css,uniform,Z,3,0.0029888177271429213,0.3876279635698531,0.0,1.0,20.0,20000,2000,2000,20000,44
method_b,css,uniform,Z,3,0.0033034301194737547,0.3876279635698531,0.0,1.0,20.0,20000,2000,2000,20000,84
method_b,css,uniform,Z,3,0.0036180425118045884,0.3876279635698531,0.0,1.0,20.0,20000,2000,2000,20000,118
method_b,css,uniform,Z,3,0.003932654904135423,0.3876279635698531,0.0,1.0,20.0,20000,2000,2000,20000,169
method_b,css,uniform,Z,3,0.004247267296466257,0.3876279635698531,0.0,1.0,20.0,20000,2000,2000,20000,231
method_b,css,uniform,Z,5,0.0014157557654887521,0.3876279635698531,0.0,1.0,20.0,20000,2000,2000,20000,0
method_b,css,uniform,Z,5,0.001730368157819586,0.3876279635698531,0.0,1.0,20.0,20000,2000,2000,20000,0
method_b,css,uniform,Z,5,0.0020449805501504196,0.3876279635698531,0.0,1.0,20.0,20000,2000,2000,20000,1
method_b,css,uniform,Z,5,0.0023595929424812534,0.3876279635698531,0.0,1.0,20.0,20000,2000,2000,20000,1
method_b,css,uniform,Z,5,0.002674205334812087,0.3876279635698531,0.0,1.0,20.0,20000,2000,2000,20000,4
method_b,css,uniform,Z,5,0.0029888177271429213,0.3876279635698531,0.0,1.0,20.0,20000,2000,2000,20000,15
method_b,css,uniform,Z,5,0.0033034301194737547,0.3876279635698531,0.0,1.0,20.0,20000,2000,2000,20000,22
method_b,css,uniform,Z,5,0.0036180425118045884,0.3876279635698531,0.0,1.0,20.0,20000,2000,2000,20000,90
method_b,css,uniform,Z,5,0.003932654904135423,0.3876279635698531,0.0,1.0,20.0,20000,2000,2000,20000,201
method_b,css,uniform,Z,5,0.004247267296466257,0.3876279635698531,0.0,1.0,20.0,20000,2000,2000,20000,337
method_b,css,uniform,X,3,0.0014157557654887521,0.3876279635698531,0.0,1.0,20.0,20000,2000,2000,20000,2
method_b,css,uniform,X,3,0.001730368157819586,0.3876279635698531,0.0,1.0,20.0,20000,2000,2000,20000,0
method_b,css,uniform,X,3,0.0020449805501504196,0.3876279635698531,0.0,1.0,20.0,20000,2000,2000,20000,10
method_b,css,uniform,X,3,0.0023595929424812534,0.3876279635698531,0.0,1.0,20.0,20000,2000,2000,20000,25
method_b,css,uniform,X,3,0.002674205334812087,0.3876279635698531,0.0,1.0,20.0,20000,2000,2000,20000,49
method_b,css,uniform,X,3,0.0029888177271429213,0.3876279635698531,0.0,1.0,20.0,20000,2000,2000,20000,83
method_b,css,uniform,X,3,0.0033034301194737547,0.3876279635698531,0.0,1.0,20.0,20000,2000,2000,20000,127
method_b,css,uniform,X,3,0.0036180425118045884,0.3876279635698531,0.0,1.0,20.0,20000,2000,2000,20000,222
method_b,css,uniform,X,3,0.003932654904135423,0.3876279635698531,0.0,1.0,20.0,20000,2000,2000,20000,322
method_b,css,uniform,X,3,0.004247267296466257,0.3876279635698531,0.0,1.0,20.0,20000,2000,2000,20000,444
method_b,css,uniform,X,5,0.0014157557654887521,0.3876279635698531,0.0,1.0,20.0,20000,2000,2000,20000,0
method_b,css,uniform,X,5,0.001730368157819586,0.3876279635698531,0.0,1.0,20.0,20000,2000,2000,20000,0
method_b,css,uniform,X,5,0.0020449805501504196,0.3876279635698531,0.0,1.0,20.0,20000,2000,2000,20000,3
method_b,css,uniform,X,5,0.0023595929424812534,0.3876279635698531,0.0,1.0,20.0,20000,2000,2000,20000,2
method_b,css,uniform,X,5,0.002674205334812087,0.3876279635698531,0.0,1.0,20.0,20000,2000,2000,20000,21
method_b,css,uniform,X,5,0.0029888177271429213,0.3876279635698531,0.0,1.0,20.0,20000,2000,2000,20000,46
method_b,css,uniform,X,5,0.0033034301194737547,0.3876279635698531,0.0,1.0,20.0,20000,2000,2000,20000,130
method_b,css,uniform,X,5,0.0036180425118045884,0.3876279635698531,0.0,1.0,20.0,20000,2000,2000,20000,221
method_b,css,uniform,X,5,0.003932654904135423,0.3876279635698531,0.0,1.0,20.0,20000,2000,2000,20000,420
method_b,css,uniform,X,5,0.004247267296466257,0.3876279635698531,0.0,1.0,20.0,20000,2000,2000,20000,807
method_b,css,uniform,Z,3,0.0013807788034748876,0.6203902818465598,0.0,1.0,20.0,20000,2000,2000,20000,0
method_b,css,uniform,Z,3,0.0016876185375804182,0.6203902818465598,0.0,1.0,20.0,20000,2000,2000,20000,1
method_b,css,uniform,Z,3,0.0019944582716859486,0.6203902818465598,0.0,1.0,20.0,20000,2000,2000,20000,5
method_b,css,uniform,Z,3,0.002301298005791479,0.6203902818465598,0.0,1.0,20.0,20000,2000,2000,20000,19
method_b,css,uniform,Z,3,0.00260813773989701,0.6203902818465598,0.0,1.0,20.0,20000,2000,2000,20000,24
method_b,css,uniform,Z,3,0.0029149774740025404,0.6203902818465598,0.0,1.0,20.0,20000,2000,2000,20000,42
method_b,css,uniform,Z,3,0.003221817208108071,0.6203902818465598,0.0,1.0,20.0,20000,2000,2000,20000,74
method_b,css,uniform,Z,3,0.0035286569422136012,0.6203902818465598,0.0,1.0,20.0,20000,2000,2000,20000,119
method_b,css,uniform,Z,3,0.003835496676319132,0.6203902818465598,0.0,1.0,20.0,20000,2000,2000,20000,178
method_b,css,uniform,Z,3,0.004142336410424663,0.6203902818465598,0.0,1.0,20.0,20000,2000,2000,20000,259
method_b,css,uniform,Z,5,0.0013807788034748876,0.6203902818465598,0.0,1.0,20.0,20000,2000,2000,20000,0
method_b,css,uniform,Z,5,0.0016876185375804182,0.6203902818465598,0.0,1.0,20.0,20000,2000,2000,20000,0
method_b,css,uniform,Z,5,0.0019944582716859486,0.6203902818465598,0.0,1.0,20.0,20000,2000,2000,20000,0
method_b,css,uniform,Z,5,0.002301298005791479,0.6203902818465598,0.0,1.0,20.0,20000,2000,2000,20000,2
method_b,css,uniform,Z,5,0.00260813773989701,0.6203902818465598,0.0,1.0,20.0,20000,2000,2000,20000,6
method_b,css,uniform,Z,5,0.0029149774740025404,0.6203902818465598,0.0,1.0,20.0,20000,2000,2000,20000,21
method_b,css,uniform,Z,5,0.003221817208108071,0.6203902818465598,0.0,1.0,20.0,20000,2000,2000,20000,45
method_b,css,uniform,Z,5,0.0035286569422136012,0.6203902818465598,0.0,1.0,20.0,20000,2000,2000,20000,103
method_b,css,uniform,Z,5,0.003835496676319132,0.6203902818465598,0.0,1.0,20.0,20000,2000,2000,20000,208
method_b,css,uniform,Z,5,0.004142336410424663,0.6203902818465598,0.0,1.0,20.0,20000,2000,2000,20000,371
method_b,css,uniform,X,3,0.0013807788034748876,0.6203902818465598,0.0,1.0,20.0,20000,2000,2000,20000,0
method_b,css,uniform,X,3,0.0016876185375804182,0.6203902818465598,0.0,1.0,20.0,20000,2000,2000,20000,0
method_b,css,uniform,X,3,0.0019944582716859486,0.6203902818465598,0.0,1.0,20.0,20000,2000,2000,20000,6
method_b,css,uniform,X,3,0.002301298005791479,0.6203902818465598,0.0,1.0,20.0,20000,2000,2000,20000,16
method_b,css,uniform,X,3,0.00260813773989701,0.6203902818465598,0.0,1.0,20.0,20000,2000,2000,20000,32
method_b,css,uniform,X,3,0.0029149774740025404,0.6203902818465598,0.0,1.0,20.0,20000,2000,2000,20000,74
method_b,css,uniform,X,3,0.003221817208108071,0.6203902818465598,0.0,1.0,20.0,20000,2000,2000,20000,153
method_b,css,uniform,X,3,0.0035286569422136012,0.6203902818465598,0.0,1.0,20.0,20000,2000,2000,20000,206
method_b,css,uniform,X,3,0.003835496676319132,0.6203902818465598,0.0,1.0,20.0,20000,2000,2000,20000,269
method_b,css,uniform,X,3,0.004142336410424663,0.6203902818465598,0.0,1.0,20.0,20000,2000,2000,20000,451
method_b,css,uniform,X,5,0.0013807788034748876,0.6203902818465598,0.0,1.0,20.0,20000,2000,2000,20000,0
method_b,css,uniform,X,5,0.0016876185375804182,0.6203902818465598,0.0,1.0,20.0,20000,2000,2000,20000,0
method_b,css,uniform,X,5,0.0019944582716859486,0.6203902818465598,0.0,1.0,20.0,20000,2000,2000,20000,0
method_b,css,uniform,X,5,0.002301298005791479,0.6203902818465598,0.0,1.0,20.0,20000,2000,2000,20000,5
method_b,css,uniform,X,5,0.00260813773989701,0.6203902818465598,0.0,1.0,20.0,20000,2000,2000,20000,12
method_b,css,uniform,X,5,0.0029149774740025404,0.6203902818465598,0.0,1.0,20.0,20000,2000,2000,20000,39
method_b,css,uniform,X,5,0.003221817208108071,0.6203902818465598,0.0,1.0,20.0,20000,2000,2000,20000,118
method_b,css,uniform,X,5,0.0035286569422136012,0.6203902818465598,0.0,1.0,20.0,20000,2000,2000,20000,221
method_b,css,uniform,X,5,0.003835496676319132,0.6203902818465598,0.0,1.0,20.0,20000,2000,2000,20000,437
method_b,css,uniform,X,5,0.004142336410424663,0.6203902818465598,0.0,1.0,20.0,20000,2000,2000,20000,759
method_b,css,uniform,Z,3,0.0014219874781069754,0.8521138412993585,0.0,1.0,20.0,20000,2000,2000,20000,0
method_b,css,uniform,Z,3,0.0017379846954640812,0.8521138412993585,0.0,1.0,20.0,20000,2000,2000,20000,4
method_b,css,uniform,Z,3,0.0020539819128211866,0.8521138412993585,0.0,1.0,20.0,20000,2000,2000,20000,4
method_b,css,uniform,Z,3,0.002369979130178292,0.8521138412993585,0.0,1.0,20.0,20000,2000,2000,20000,9
method_b,css,uniform,Z,3,0.002685976347535398,0.8521138412993585,0.0,1.0,20.0,20000,2000,2000,20000,29
method_b,css,uniform,Z,3,0.0030019735648925037,0.8521138412993585,0.0,1.0,20.0,20000,2000,2000,20000,38
method_b,css,uniform,Z,3,0.003317970782249609,0.8521138412993585,0.0,1.0,20.0,20000,2000,2000,20000,86
method_b,css,uniform,Z,3,0.0036339679996067148,0.8521138412993585,0.0,1.0,20.0,20000,2000,2000,20000,140
method_b,css,uniform,Z,3,0.003949965216963821,0.8521138412993585,0.0,1.0,20.0,20000,2000,2000,20000,195
method_b,css,uniform,Z,3,0.004265962434320926,0.8521138412993585,0.0,1.0,20.0,20000,2000,2000,20000,278
method_b,css,uniform,Z,5,0.0014219874781069754,0.8521138412993585,0.0,1.0,20.0,20000,2000,2000,20000,0
method_b,css,uniform,Z,5,0.0017379846954640812,0.8521138412993585,0.0,1.0,20.0,20000,2000,2000,20000,0
method_b,css,uniform,Z,5,0.0020539819128211866,0.8521138412993585,0.0,1.0,20.0,20000,2000,2000,20000,0
method_b,css,uniform,Z,5,0.002369979130178292,0.8521138412993585,0.0,1.0,20.0,20000,2000,2000,20000,5
method_b,css,uniform,Z,5,0.002685976347535398,0.8521138412993585,0.0,1.0,20.0,20000,2000,2000,20000,6
method_b,css,uniform,Z,5,0.0030019735648925037,0.8521138412993585,0.0,1.0,20.0,20000,2000,2000,20000,27
method_b,css,uniform,Z,5,0.003317970782249609,0.8521138412993585,0.0,1.0,20.0,20000,2000,2000,20000,58
method_b,css,uniform,Z,5,0.0036339679996067148,0.8521138412993585,0.0,1.0,20.0,20000,2000,2000,20000,108
method_b,css,uniform,Z,5,0.003949965216963821,0.8521138412993585,0.0,1.0,20.0,20000,2000,2000,20000,250
method_b,css,uniform,Z,5,0.004265962434320926,0.8521138412993585,0.0,1.0,20.0,20000,2000,2000,20000,451
method_b,css,uniform,X,3,0.0014219874781069754,0.8521138412993585,0.0,1.0,20.0,20000,2000,2000,20000,1
method_b,css,uniform,X,3,0.0017379846954640812,0.8521138412993585,0.0,1.0,20.0,20000,2000,2000,20000,3
method_b,css,uniform,X,3,0.0020539819128211866,0.8521138412993585,0.0,1.0,20.0,20000,2000,2000,20000,9
method_b,css,uniform,X,3,0.002369979130178292,0.8521138412993585,0.0,1.0,20.0,20000,2000,2000,20000,19
method_b,css,uniform,X,3,0.002685976347535398,0.8521138412993585,0.0,1.0,20.0,20000,2000,2000,20000,34
method_b,css,uniform,X,3,0.0030019735648925037,0.8521138412993585,0.0,1.0,20.0,20000,2000,2000,20000,63
method_b,css,uniform,X,3,0.003317970782249609,0.8521138412993585,0.0,1.0,20.0,20000,2000,2000,20000,117
method_b,css,uniform,X,3,0.0036339679996067148,0.8521138412993585,0.0,1.0,20.0,20000,2000,2000,20000,207
method_b,css,uniform,X,3,0.003949965216963821,0.8521138412993585,0.0,1.0,20.0,20000,2000,2000,20000,319
method_b,css,uniform,X,3,0.004265962434320926,0.8521138412993585,0.0,1.0,20.0,20000,2000,2000,20000,432
method_b,css,uniform,X,5,0.0014219874781069754,0.8521138412993585,0.0,1.0,20.0,20000,2000,2000,20000,0
method_b,css,uniform,X,5,0.0017379846954640812,0.8521138412993585,0.0,1.0,20.0,20000,2000,2000,20000,0
method_b,css,uniform,X,5,0.0020539819128211866,0.8521138412993585,0.0,1.0,20.0,20000,2000,2000,20000,0
method_b,css,uniform,X,5,0.002369979130178292,0.8521138412993585,0.0,1.0,20.0,20000,2000,2000,20000,4
method_b,css,uniform,X,5,0.002685976347535398,0.8521138412993585,0.0,1.0,20.0,20000,2000,2000,20000,14
method_b,css,uniform,X,5,0.0030019735648925037,0.8521138412993585,0.0,1.0,20.0,20000,2000,2000,20000,32
method_b,css,uniform,X,5,0.003317970782249609,0.8521138412993585,0.0,1.0,20.0,20000,2000,2000,20000,105
method_b,css,uniform,X,5,0.0036339679996067148,0.8521138412993585,0.0,1.0,20.0,20000,2000,2000,20000,212
method_b,css,uniform,X,5,0.003949965216963821,0.8521138412993585,0.0,1.0,20.0,20000,2000,2000,20000,391
method_b,css,uniform,X,5,0.004265962434320926,0.8521138412993585,0.0,1.0,20.0,20000,2000,2000,20000,682
method_b,css,uniform,Z,3,0.0015332511988637486,1.060434893804065,0.0,1.0,20.0,20000,2000,2000,20000,1
method_b,css,uniform,Z,3,0.0018739736875001372,1.060434893804065,0.0,1.0,20.0,20000,2000,2000,20000,1
method_b,css,uniform,Z,3,0.002214696176136526,1.060434893804065,0.0,1.0,20.0,20000,2000,2000,20000,2
method_b,css,uniform,Z,3,0.002555418664772914,1.060434893804065,0.0,1.0,20.0,20000,2000,2000,20000,13
method_b,css,uniform,Z,3,0.0028961411534093027,1.060434893804065,0.0,1.0,20.0,20000,2000,2000,20000,21
method_b,css,uniform,Z,3,0.0032368636420456918,1.060434893804065,0.0,1.0,20.0,20000,2000,2000,20000,40
method_b,css,uniform,Z,3,0.0035775861306820795,1.060434893804065,0.0,1.0,20.0,20000,2000,2000,20000,79
method_b,css,uniform,Z,3,0.003918308619318469,1.060434893804065,0.0,1.0,20.0,20000,2000,2000,20000,150
method_b,css,uniform,Z,3,0.004259031107954857,1.060434893804065,0.0,1.0,20.0,20000,2000,2000,20000,187
method_b,css,uniform,Z,3,0.004599753596591246,1.060434893804065,0.0,1.0,20.0,20000,2000,2000,20000,315
method_b,css,uniform,Z,5,0.0015332511988637486,1.060434893804065,0.0,1.0,20.0,20000,2000,2000,20000,0
method_b,css,uniform,Z,5,0.0018739736875001372,1.060434893804065,0.0,1.0,20.0,20000,2000,2000,20000,0
method_b,css,uniform,Z,5,0.002214696176136526,1.060434893804065,0.0,1.0,20.0,20000,2000,2000,20000,0
method_b,css,uniform,Z,5,0.002555418664772914,1.060434893804065,0.0,1.0,20.0,20000,2000,2000,20000,3
method_b,css,uniform,Z,5,0.0028961411534093027,1.060434893804065,0.0,1.0,20.0,20000,2000,2000,20000,12
method_b,css,uniform,Z,5,0.0032368636420456918,1.060434893804065,0.0,1.0,20.0,20000,2000,2000,20000,23
method_b,css,uniform,Z,5,0.0035775861306820795,1.060434893804065,0.0,1.0,20.0,20000,2000,2000,20000,75
method_b,css,uniform,Z,5,0.003918308619318469,1.060434893804065,0.0,1.0,20.0,20000,2000,2000,20000,114
method_b,css,uniform,Z,5,0.004259031107954857,1.060434893804065,0.0,1.0,20.0,20000,2000,2000,20000,257
method_b,css,uniform,Z,5,0.004599753596591246,1.060434893804065,0.0,1.0,20.0,20000,2000,2000,20000,462
method_b,css,uniform,X,3,0.0015332511988637486,1.060434893804065,0.0,1.0,20.0,20000,2000,2000,20000,0
method_b,css,uniform,X,3,0.0018739736875001372,1.060434893804065,0.0,1.0,20.0,20000,2000,2000,20000,3
method_b,css,uniform,X,3,0.002214696176136526,1.060434893804065,0.0,1.0,20.0,20000,2000,2000,20000,5
method_b,css,uniform,X,3,0.002555418664772914,1.060434893804065,0.0,1.0,20.0,20000,2000,2000,20000,16
method_b,css,uniform,X,3,0.0028961411534093027,1.060434893804065,0.0,1.0,20.0,20000,2000,2000,20000,45
method_b,css,uniform,X,3,0.0032368636420456918,1.060434893804065,0.0,1.0,20.0,20000,2000,2000,20000,66
method_b,css,uniform,X,3,0.0035775861306820795,1.060434893804065,0.0,1.0,20.0,20000,2000,2000,20000,89
method_b,css,uniform,X,3,0.003918308619318469,1.060434893804065,0.0,1.0,20.0,20000,2000,2000,20000,187
method_b,css,uniform,X,3,0.004259031107954857,1.060434893804065,0.0,1.0,20.0,20000,2000,2000,20000,277
method_b,css,uniform,X,3,0.004599753596591246,1.060434893804065,0.0,1.0,20.0,20000,2000,2000,20000,366
method_b,css,uniform,X,5,0.0015332511988637486,1.060434893804065,0.0,1.0,20.0,20000,2000,2000,20000,0
method_b,css,uniform,X,5,0.0018739736875001372,1.060434893804065,0.0,1.0,20.0,20000,2000,2000,20000,1
method_b,css,uniform,X,5,0.002214696176136526,1.060434893804065,0.0,1.0,20.0,20000,2000,2000,20000,2
method_b,css,uniform,X,5,0.002555418664772914,1.060434893804065,0.0,1.0,20.0,20000,2000,2000,20000,3
method_b,css,uniform,X,5,0.0028961411534093027,1.060434893804065,0.0,1.0,20.0,20000,2000,2000,20000,10
method_b,css,uniform,X,5,0.0032368636420456918,1.060434893804065,0.0,1.0,20.0,20000,2000,2000,20000,42
method_b,css,uniform,X,5,0.0035775861306820795,1.060434893804065,0.0,1.0,20.0,20000,2000,2000,20000,101
method_b,css,uniform,X,5,0.003918308619318469,1.060434893804065,0.0,1.0,20.0,20000,2000,2000,20000,199
method_b,css,uniform,X,5,0.004259031107954857,1.060434893804065,0.0,1.0,20.0,20000,2000,2000,20000,356
method_b,css,uniform,X,5,0.004599753596591246,1.060434893804065,0.0,1.0,20.0,20000,2000,2000,20000,685
method_b,css,uniform,Z,3,0.0017008770258010429,1.2342143107845573,0.0,1.0,20.0,20000,2000,2000,20000,1
method_b,css,uniform,Z,3,0.002078849698201275,1.2342143107845573,0.0,1.0,20.0,20000,2000,2000,20000,4
method_b,css,uniform,Z,3,0.0024568223706015065,1.2342143107845573,0.0,1.0,20.0,20000,2000,2000,20000,15
method_b,css,uniform,Z,3,0.002834795043001738,1.2342143107845573,0.0,1.0,20.0,20000,2000,2000,20000,10
method_b,css,uniform,Z,3,0.00321276771540197,1.2342143107845573,0.0,1.0,20.0,20000,2000,2000,20000,34
method_b,css,uniform,Z,3,0.0035907403878022016,1.2342143107845573,0.0,1.0,20.0,20000,2000,2000,20000,50
method_b,css,uniform,Z,3,0.003968713060202433,1.2342143107845573,0.0,1.0,20.0,20000,2000,2000,20000,86
method_b,css,uniform,Z,3,0.004346685732602665,1.2342143107845573,0.0,1.0,20.0,20000,2000,2000,20000,166
method_b,css,uniform,Z,3,0.004724658405002897,1.2342143107845573,0.0,1.0,20.0,20000,2000,2000,20000,202
method_b,css,uniform,Z,3,0.005102631077403129,1.2342143107845573,0.0,1.0,20.0,20000,2000,2000,20000,279
method_b,css,uniform,Z,5,0.0017008770258010429,1.2342143107845573,0.0,1.0,20.0,20000,2000,2000,20000,0
method_b,css,uniform,Z,5,0.002078849698201275,1.2342143107845573,0.0,1.0,20.0,20000,2000,2000,20000,2
method_b,css,uniform,Z,5,0.0024568223706015065,1.2342143107845573,0.0,1.0,20.0,20000,2000,2000,20000,2
method_b,css,uniform,Z,5,0.002834795043001738,1.2342143107845573,0.0,1.0,20.0,20000,2000,2000,20000,4
method_b,css,uniform,Z,5,0.00321276771540197,1.2342143107845573,0.0,1.0,20.0,20000,2000,2000,20000,13
method_b,css,uniform,Z,5,0.0035907403878022016,1.2342143107845573,0.0,1.0,20.0,20000,2000,2000,20000,28
method_b,css,uniform,Z,5,0.003968713060202433,1.2342143107845573,0.0,1.0,20.0,20000,2000,2000,20000,76
method_b,css,uniform,Z,5,0.004346685732602665,1.2342143107845573,0.0,1.0,20.0,20000,2000,2000,20000,135
method_b,css,uniform,Z,5,0.004724658405002897,1.2342143107845573,0.0,1.0,20.0,20000,2000,2000,20000,292
method_b,css,uniform,Z,5,0.005102631077403129,1.2342143107845573,0.0,1.0,20.0,20000,2000,2000,20000,542
method_b,css,uniform,X,3,0.0017008770258010429,1.2342143107845573,0.0,1.0,20.0,20000,2000,2000,20000,1
method_b,css,uniform,X,3,0.002078849698201275,1.2342143107845573,0.0,1.0,20.0,20000,2000,2000,20000,3
method_b,css,uniform,X,3,0.0024568223706015065,1.2342143107845573,0.0,1.0,20.0,20000,2000,2000,20000,7
method_b,css,uniform,X,3,0.002834795043001738,1.2342143107845573,0.0,1.0,20.0,20000,2000,2000,20000,13
method_b,css,uniform,X,3,0.00321276771540197,1.2342143107845573,0.0,1.0,20.0,20000,2000,2000,20000,32
method_b,css,uniform,X,3,0.0035907403878022016,1.2342143107845573,0.0,1.0,20.0,20000,2000,2000,20000,70
method_b,css,uniform,X,3,0.003968713060202433,1.2342143107845573,0.0,1.0,20.0,20000,2000,2000,20000,132
method_b,css,uniform,X,3,0.004346685732602665,1.2342143107845573,0.0,1.0,20.0,20000,2000,2000,20000,179
method_b,css,uniform,X,3,0.004724658405002897,1.2342143107845573,0.0,1.0,20.0,20000,2000,2000,20000,254
method_b,css,uniform,X,3,0.005102631077403129,1.2342143107845573,0.0,1.0,20.0,20000,2000,2000,20000,384
method_b,css,uniform,X,5,0.0017008770258010429,1.2342143107845573,0.0,1.0,20.0,20000,2000,2000,20000,0
method_b,css,uniform,X,5,0.002078849698201275,1.2342143107845573,0.0,1.0,20.0,20000,2000,2000,20000,0
method_b,css,uniform,X,5,0.0024568223706015065,1.2342143107845573,0.0,1.0,20.0,20000,2000,2000,20000,1
method_b,css,uniform,X,5,0.002834795043001738,1.2342143107845573,0.0,1.0,20.0,20000,2000,2000,20000,2
method_b,css,uniform,X,5,0.00321276771540197,1.2342143107845573,0.0,1.0,20.0,20000,2000,2000,20000,11
method_b,css,uniform,X,5,0.0035907403878022016,1.2342143107845573,0.0,1.0,20.0,20000,2000,2000,20000,40
method_b,css,uniform,X,5,0.003968713060202433,1.2342143107845573,0.0,1.0,20.0,20000,2000,2000,20000,81
method_b,css,uniform,X,5,0.004346685732602665,1.2342143107845573,0.0,1.0,20.0,20000,2000,2000,20000,186
method_b,css,uniform,X,5,0.004724658405002897,1.2342143107845573,0.0,1.0,20.0,20000,2000,2000,20000,372
method_b,css,uniform,X,5,0.005102631077403129,1.2342143107845573,0.0,1.0,20.0,20000,2000,2000,20000,595
method_b,css,uniform,Z,3,0.0019100834123501186,1.3734580029884802,0.0,1.0,20.0,20000,2000,2000,20000,1
method_b,css,uniform,Z,3,0.0023345463928723673,1.3734580029884802,0.0,1.0,20.0,20000,2000,2000,20000,0
method_b,css,uniform,Z,3,0.0027590093733946158,1.3734580029884802,0.0,1.0,20.0,20000,2000,2000,20000,7
method_b,css,uniform,Z,3,0.0031834723539168643,1.3734580029884802,0.0,1.0,20.0,20000,2000,2000,20000,22
method_b,css,uniform,Z,3,0.0036079353344391127,1.3734580029884802,0.0,1.0,20.0,20000,2000,2000,20000,24
method_b,css,uniform,Z,3,0.004032398314961361,1.3734580029884802,0.0,1.0,20.0,20000,2000,2000,20000,60
method_b,css,uniform,Z,3,0.004456861295483609,1.3734580029884802,0.0,1.0,20.0,20000,2000,2000,20000,101
method_b,css,uniform,Z,3,0.004881324276005858,1.3734580029884802,0.0,1.0,20.0,20000,2000,2000,20000,154
method_b,css,uniform,Z,3,0.005305787256528107,1.3734580029884802,0.0,1.0,20.0,20000,2000,2000,20000,239
method_b,css,uniform,Z,3,0.005730250237050356,1.3734580029884802,0.0,1.0,20.0,20000,2000,2000,20000,339
method_b,css,uniform,Z,5,0.0019100834123501186,1.3734580029884802,0.0,1.0,20.0,20000,2000,2000,20000,0
method_b,css,uniform,Z,5,0.0023345463928723673,1.3734580029884802,0.0,1.0,20.0,20000,2000,2000,20000,0
method_b,css,uniform,Z,5,0.0027590093733946158,1.3734580029884802,0.0,1.0,20.0,20000,2000,2000,20000,2
method_b,css,uniform,Z,5,0.0031834723539168643,1.3734580029884802,0.0,1.0,20.0,20000,2000,2000,20000,2
method_b,css,uniform,Z,5,0.0036079353344391127,1.3734580029884802,0.0,1.0,20.0,20000,2000,2000,20000,14
method_b,css,uniform,Z,5,0.004032398314961361,1.3734580029884802,0.0,1.0,20.0,20000,2000,2000,20000,26
method_b,css,uniform,Z,5,0.004456861295483609,1.3734580029884802,0.0,1.0,20.0,20000,2000,2000,20000,85
method_b,css,uniform,Z,5,0.004881324276005858,1.3734580029884802,0.0,1.0,20.0,20000,2000,2000,20000,188
method_b,css,uniform,Z,5,0.005305787256528107,1.3734580029884802,0.0,1.0,20.0,20000,2000,2000,20000,309
method_b,css,uniform,Z,5,0.005730250237050356,1.3734580029884802,0.0,1.0,20.0,20000,2000,2000,20000,583
method_b,css,uniform,X,3,0.0019100834123501186,1.3734580029884802,0.0,1.0,20.0,20000,2000,2000,20000,0
method_b,css,uniform,X,3,0.0023345463928723673,1.3734580029884802,0.0,1.0,20.0,20000,2000,2000,20000,1
method_b,css,uniform,X,3,0.0027590093733946158,1.3734580029884802,0.0,1.0,20.0,20000,2000,2000,20000,7
method_b,css,uniform,X,3,0.0031834723539168643,1.3734580029884802,0.0,1.0,20.0,20000,2000,2000,20000,16
method_b,css,uniform,X,3,0.0036079353344391127,1.3734580029884802,0.0,1.0,20.0,20000,2000,2000,20000,29
method_b,css,uniform,X,3,0.004032398314961361,1.3734580029884802,0.0,1.0,20.0,20000,2000,2000,20000,58
method_b,css,uniform,X,3,0.004456861295483609,1.3734580029884802,0.0,1.0,20.0,20000,2000,2000,20000,114
method_b,css,uniform,X,3,0.004881324276005858,1.3734580029884802,0.0,1.0,20.0,20000,2000,2000,20000,185
method_b,css,uniform,X,3,0.005305787256528107,1.3734580029884802,0.0,1.0,20.0,20000,2000,2000,20000,229
method_b,css,uniform,X,3,0.005730250237050356,1.3734580029884802,0.0,1.0,20.0,20000,2000,2000,20000,319
method_b,css,uniform,X,5,0.0019100834123501186,1.3734580029884802,0.0,1.0,20.0,20000,2000,2000,20000,0
method_b,css,uniform,X,5,0.0023345463928723673,1.3734580029884802,0.0,1.0,20.0,20000,2000,2000,20000,0
method_b,css,uniform,X,5,0.0027590093733946158,1.3734580029884802,0.0,1.0,20.0,20000,2000,2000,20000,1
method_b,css,uniform,X,5,0.0031834723539168643,1.3734580029884802,0.0,1.0,20.0,20000,2000,2000,20000,3
method_b,css,uniform,X,5,0.0036079353344391127,1.3734580029884802,0.0,1.0,20.0,20000,2000,2000,20000,11
method_b,css,uniform,X,5,0.004032398314961361,1.3734580029884802,0.0,1.0,20.0,20000,2000,2000,20000,31
method_b,css,uniform,X,5,0.004456861295483609,1.3734580029884802,0.0,1.0,20.0,20000,2000,2000,20000,86
method_b,css,uniform,X,5,0.004881324276005858,1.3734580029884802,0.0,1.0,20.0,20000,2000,2000,20000,170
method_b,css,uniform,X,5,0.005305787256528107,1.3734580029884802,0.0,1.0,20.0,20000,2000,2000,20000,332
method_b,css,uniform,X,5,0.005730250237050356,1.3734580029884802,0.0,1.0,20.0,20000,2000,2000,20000,569
method_b,css,uniform,Z,3,0.002148759454785235,1.4835444581356685,0.0,1.0,20.0,20000,2000,2000,20000,1
method_b,css,uniform,Z,3,0.002626261555848621,1.4835444581356685,0.0,1.0,20.0,20000,2000,2000,20000,6
method_b,css,uniform,Z,3,0.0031037636569120064,1.4835444581356685,0.0,1.0,20.0,20000,2000,2000,20000,4
method_b,css,uniform,Z,3,0.003581265757975392,1.4835444581356685,0.0,1.0,20.0,20000,2000,2000,20000,13
method_b,css,uniform,Z,3,0.004058767859038777,1.4835444581356685,0.0,1.0,20.0,20000,2000,2000,20000,34
method_b,css,uniform,Z,3,0.0045362699601021635,1.4835444581356685,0.0,1.0,20.0,20000,2000,2000,20000,63
method_b,css,uniform,Z,3,0.005013772061165548,1.4835444581356685,0.0,1.0,20.0,20000,2000,2000,20000,108
method_b,css,uniform,Z,3,0.005491274162228934,1.4835444581356685,0.0,1.0,20.0,20000,2000,2000,20000,147
method_b,css,uniform,Z,3,0.00596877626329232,1.4835444581356685,0.0,1.0,20.0,20000,2000,2000,20000,246
method_b,css,uniform,Z,3,0.006446278364355705,1.4835444581356685,0.0,1.0,20.0,20000,2000,2000,20000,315
method_b,css,uniform,Z,5,0.002148759454785235,1.4835444581356685,0.0,1.0,20.0,20000,2000,2000,20000,0
method_b,css,uniform,Z,5,0.002626261555848621,1.4835444581356685,0.0,1.0,20.0,20000,2000,2000,20000,1
method_b,css,uniform,Z,5,0.0031037636569120064,1.4835444581356685,0.0,1.0,20.0,20000,2000,2000,20000,3
method_b,css,uniform,Z,5,0.003581265757975392,1.4835444581356685,0.0,1.0,20.0,20000,2000,2000,20000,2
method_b,css,uniform,Z,5,0.004058767859038777,1.4835444581356685,0.0,1.0,20.0,20000,2000,2000,20000,13
method_b,css,uniform,Z,5,0.0045362699601021635,1.4835444581356685,0.0,1.0,20.0,20000,2000,2000,20000,40
method_b,css,uniform,Z,5,0.005013772061165548,1.4835444581356685,0.0,1.0,20.0,20000,2000,2000,20000,87
method_b,css,uniform,Z,5,0.005491274162228934,1.4835444581356685,0.0,1.0,20.0,20000,2000,2000,20000,167
method_b,css,uniform,Z,5,0.00596877626329232,1.4835444581356685,0.0,1.0,20.0,20000,2000,2000,20000,368
method_b,css,uniform,Z,5,0.006446278364355705,1.4835444581356685,0.0,1.0,20.0,20000,2000,2000,20000,638
method_b,css,uniform,X,3,0.002148759454785235,1.4835444581356685,0.0,1.0,20.0,20000,2000,2000,20000,0
method_b,css,uniform,X,3,0.002626261555848621,1.4835444581356685,0.0,1.0,20.0,20000,2000,2000,20000,4
method_b,css,uniform,X,3,0.0031037636569120064,1.4835444581356685,0.0,1.0,20.0,20000,2000,2000,20000,2
method_b,css,uniform,X,3,0.003581265757975392,1.4835444581356685,0.0,1.0,20.0,20000,2000,2000,20000,12
method_b,css,uniform,X,3,0.004058767859038777,1.4835444581356685,0.0,1.0,20.0,20000,2000,2000,20000,25
method_b,css,uniform,X,3,0.0045362699601021635,1.4835444581356685,0.0,1.0,20.0,20000,2000,2000,20000,52
method_b,css,uniform,X,3,0.005013772061165548,1.4835444581356685,0.0,1.0,20.0,20000,2000,2000,20000,91
method_b,css,uniform,X,3,0.005491274162228934,1.4835444581356685,0.0,1.0,20.0,20000,2000,2000,20000,153
method_b,css,uniform,X,3,0.00596877626329232,1.4835444581356685,0.0,1.0,20.0,20000,2000,2000,20000,241
method_b,css,uniform,X,3,0.006446278364355705,1.4835444581356685,0.0,1.0,20.0,20000,2000,2000,20000,300
method_b,css,uniform,X,5,0.002148759454785235,1.4835444581356685,0.0,1.0,20.0,20000,2000,2000,20000,0
method_b,css,uniform,X,5,0.002626261555848621,1.4835444581356685,0.0,1.0,20.0,20000,2000,2000,20000,0
method_b,css,uniform,X,5,0.0031037636569120064,1.4835444581356685,0.0,1.0,20.0,20000,2000,2000,20000,0
method_b,css,uniform,X,5,0.003581265757975392,1.4835444581356685,0.0,1.0,20.0,20000,2000,2000,20000,1
method_b,css,uniform,X,5,0.004058767859038777,1.4835444581356685,0.0,1.0,20.0,20000,2000,2000,20000,8
method_b,css,uniform,X,5,0.0045362699601021635,1.4835444581356685,0.0,1.0,20.0,20000,2000,2000,20000,23
method_b,css,uniform,X,5,0.005013772061165548,1.4835444581356685,0.0,1.0,20.0,20000,2000,2000,20000,76
method_b,css,uniform,X,5,0.005491274162228934,1.4835444581356685,0.0,1.0,20.0,20000,2000,2000,20000,144
method_b,css,uniform,X,5,0.00596877626329232,1.4835444581356685,0.0,1.0,20.0,20000,2000,2000,20000,300
method_b,css,uniform,X,5,0.006446278364355705,1.4835444581356685,0.0,1.0,20.0,20000,2000,2000,20000,511
method_b,css,uniform,Z,3,0.0024081586978601304,1.5707963267948966,0.0,1.0,20.0,20000,2000,2000,20000,1
method_b,css,uniform,Z,3,0.0029433050751623818,1.5707963267948966,0.0,1.0,20.0,20000,2000,2000,20000,4
method_b,css,uniform,Z,3,0.0034784514524646326,1.5707963267948966,0.0,1.0,20.0,20000,2000,2000,20000,10
method_b,css,uniform,Z,3,0.0040135978297668835,1.5707963267948966,0.0,1.0,20.0,20000,2000,2000,20000,16
method_b,css,uniform,Z,3,0.004548744207069135,1.5707963267948966,0.0,1.0,20.0,20000,2000,2000,20000,43
method_b,css,uniform,Z,3,0.005083890584371387,1.5707963267948966,0.0,1.0,20.0,20000,2000,2000,20000,59
method_b,css,uniform,Z,3,0.005619036961673637,1.5707963267948966,0.0,1.0,20.0,20000,2000,2000,20000,94
method_b,css,uniform,Z,3,0.006154183338975889,1.5707963267948966,0.0,1.0,20.0,20000,2000,2000,20000,161
method_b,css,uniform,Z,3,0.00668932971627814,1.5707963267948966,0.0,1.0,20.0,20000,2000,2000,20000,218
method_b,css,uniform,Z,3,0.007224476093580391,1.5707963267948966,0.0,1.0,20.0,20000,2000,2000,20000,373
method_b,css,uniform,Z,5,0.0024081586978601304,1.5707963267948966,0.0,1.0,20.0,20000,2000,2000,20000,0
method_b,css,uniform,Z,5,0.0029433050751623818,1.5707963267948966,0.0,1.0,20.0,20000,2000,2000,20000,0
method_b,css,uniform,Z,5,0.0034784514524646326,1.5707963267948966,0.0,1.0,20.0,20000,2000,2000,20000,2
method_b,css,uniform,Z,5,0.0040135978297668835,1.5707963267948966,0.0,1.0,20.0,20000,2000,2000,20000,7
method_b,css,uniform,Z,5,0.004548744207069135,1.5707963267948966,0.0,1.0,20.0,20000,2000,2000,20000,22
method_b,css,uniform,Z,5,0.005083890584371387,1.5707963267948966,0.0,1.0,20.0,20000,2000,2000,20000,33
method_b,css,uniform,Z,5,0.005619036961673637,1.5707963267948966,0.0,1.0,20.0,20000,2000,2000,20000,96
method_b,css,uniform,Z,5,0.006154183338975889,1.5707963267948966,0.0,1.0,20.0,20000,2000,2000,20000,183
method_b,css,uniform,Z,5,0.00668932971627814,1.5707963267948966,0.0,1.0,20.0,20000,2000,2000,20000,396
method_b,css,uniform,Z,5,0.007224476093580391,1.5707963267948966,0.0,1.0,20.0,20000,2000,2000,20000,687
method_b,css,uniform,X,3,0.0024081586978601304,1.5707963267948966,0.0,1.0,20.0,20000,2000,2000,20000,1
method_b,css,uniform,X,3,0.0029433050751623818,1.5707963267948966,0.0,1.0,20.0,20000,2000,2000,20000,1
method_b,css,uniform,X,3,0.0034784514524646326,1.5707963267948966,0.0,1.0,20.0,20000,2000,2000,20000,4
method_b,css,uniform,X,3,0.0040135978297668835,1.5707963267948966,0.0,1.0,20.0,20000,2000,2000,20000,7
method_b,css,uniform,X,3,0.004548744207069135,1.5707963267948966,0.0,1.0,20.0,20000,2000,2000,20000,19
method_b,css,uniform,X,3,0.005083890584371387,1.5707963267948966,0.0,1.0,20.0,20000,2000,2000,20000,43
method_b,css,uniform,X,3,0.005619036961673637,1.5707963267948966,0.0,1.0,20.0,20000,2000,2000,20000,93
method_b,css,uniform,X,3,0.006154183338975889,1.5707963267948966,0.0,1.0,20.0,20000,2000,2000,20000,133
method_b,css,uniform,X,3,0.00668932971627814,1.5707963267948966,0.0,1.0,20.0,20000,2000,2000,20000,243
method_b,css,uniform,X,3,0.007224476093580391,1.5707963267948966,0.0,1.0,20.0,20000,2000,2000,20000,303
method_b,css,uniform,X,5,0.0024081586978601304,1.5707963267948966,0.0,1.0,20.0,20000,2000,2000,20000,0
method_b,css,uniform,X,5,0.0029433050751623818,1.5707963267948966,0.0,1.0,20.0,20000,2000,2000,20000,0
method_b,css,uniform,X,5,0.0034784514524646326,1.5707963267948966,0.0,1.0,20.0,20000,2000,2000,20000,0
method_b,css,uniform,X,5,0.0040135978297668835,1.5707963267948966,0.0,1.0,20.0,20000,2000,2000,20000,2
method_b,css,uniform,X,5,0.004548744207069135,1.5707963267948966,0.0,1.0,20.0,20000,2000,2000,20000,6
method_b,css,uniform,X,5,0.005083890584371387,1.5707963267948966,0.0,1.0,20.0,20000,2000,2000,20000,37
method_b,css,uniform,X,5,0.005619036961673637,1.5707963267948966,0.0,1.0,20.0,20000,2000,2000,20000,68
method_b,css,uniform,X,5,0.006154183338975889,1.5707963267948966,0.0,1.0,20.0,20000,2000,2000,20000,144
method_b,css,uniform,X,5,0.00668932971627814,1.5707963267948966,0.0,1.0,20.0,20000,2000,2000,20000,273
method_b,css,uniform,X,5,0.007224476093580391,1.5707963267948966,0.0,1.0,20.0,20000,2000,2000,20000,494
method_b,css,uniform,Z,3,0.0038292092853256295,0.0,0.21021952833767774,1.0,20.0,20000,2000,2000,20000,56
method_b,css,uniform,Z,3,0.004680144682064658,0.0,0.21021952833767774,1.0,20.0,20000,2000,2000,20000,135
method_b,css,uniform,Z,3,0.0055310800788036865,0.0,0.21021952833767774,1.0,20.0,20000,2000,2000,20000,334
method_b,css,uniform,Z,3,0.006382015475542715,0.0,0.21021952833767774,1.0,20.0,20000,2000,2000,20000,661
method_b,css,uniform,Z,3,0.007232950872281744,0.0,0.21021952833767774,1.0,20.0,20000,2000,2000,20000,1032
method_b,css,uniform,Z,3,0.008083886269020773,0.0,0.21021952833767774,1.0,20.0,20000,2000,2000,20000,1689
method_b,css,uniform,Z,3,0.0089348216657598,0.0,0.21021952833767774,1.0,20.0,20000,2000,2000,18000,2148
method_b,css,uniform,Z,3,0.00978575706249883,0.0,0.21021952833767774,1.0,20.0,20000,2000,2000,14000,2272
method_b,css,uniform,Z,3,0.01063669245923786,0.0,0.21021952833767774,1.0,20.0,20000,2000,2000,10000,2007
method_b,css,uniform,Z,3,0.011487627855976887,0.0,0.21021952833767774,1.0,20.0,20000,2000,2000,10000,2417
method_b,css,uniform,Z,5,0.0038292092853256295,0.0,0.21021952833767774,1.0,20.0,20000,2000,2000,20000,22
method_b,css,uniform,Z,5,0.004680144682064658,0.0,0.21021952833767774,1.0,20.0,20000,2000,2000,20000,114
method_b,css,uniform,Z,5,0.0055310800788036865,0.0,0.21021952833767774,1.0,20.0,20000,2000,2000,20000,463
method_b,css,uniform,Z,5,0.006382015475542715,0.0,0.21021952833767774,1.0,20.0,20000,2000,2000,20000,1196
method_b,css,uniform,Z,5,0.007232950872281744,0.0,0.21021952833767774,1.0,20.0,20000,2000,2000,18000,2225
method_b,css,uniform,Z,5,0.008083886269020773,0.0,0.21021952833767774,1.0,20.0,20000,2000,2000,10000,2033
method_b,css,uniform,Z,5,0.0089348216657598,0.0,0.21021952833767774,1.0,20.0,20000,2000,2000,8000,2240
method_b,css,uniform,Z,5,0.00978575706249883,0.0,0.21021952833767774,1.0,20.0,20000,2000,2000,6000,2167
method_b,css,uniform,Z,5,0.01063669245923786,0.0,0.21021952833767774,1.0,20.0,20000,2000,2000,6000,2464
method_b,css,uniform,Z,5,0.011487627855976887,0.0,0.21021952833767774,1.0,20.0,20000,2000,2000,6000,2726
method_b,css,uniform,X,3,0.0015316837141302517,0.0,0.21021952833767774,1.0,20.0,20000,2000,2000,20000,1
method_b,css,uniform,X,3,0.0018720578728258633,0.0,0.21021952833767774,1.0,20.0,20000,2000,2000,20000,5
method_b,css,uniform,X,3,0.0022124320315214745,0.0,0.21021952833767774,1.0,20.0,20000,2000,2000,20000,10
method_b,css,uniform,X,3,0.002552806190217086,0.0,0.21021952833767774,1.0,20.0,20000,2000,2000,20000,20
method_b,css,uniform,X,3,0.0028931803489126977,0.0,0.21021952833767774,1.0,20.0,20000,2000,2000,20000,47
method_b,css,uniform,X,3,0.003233554507608309,0.0,0.21021952833767774,1.0,20.0,20000,2000,2000,20000,94
method_b,css,uniform,X,3,0.00357392866630392,0.0,0.21021952833767774,1.0,20.0,20000,2000,2000,20000,123
method_b,css,uniform,X,3,0.003914302824999532,0.0,0.21021952833767774,1.0,20.0,20000,2000,2000,20000,224
method_b,css,uniform,X,3,0.004254676983695143,0.0,0.21021952833767774,1.0,20.0,20000,2000,2000,20000,363
method_b,css,uniform,X,3,0.004595051142390755,0.0,0.21021952833767774,1.0,20.0,20000,2000,2000,20000,534
method_b,css,uniform,X,5,0.0015316837141302517,0.0,0.21021952833767774,1.0,20.0,20000,2000,2000,20000,0
method_b,css,uniform,X,5,0.0018720578728258633,0.0,0.21021952833767774,1.0,20.0,20000,2000,2000,20000,0
method_b,css,uniform,X,5,0.0022124320315214745,0.0,0.21021952833767774,1.0,20.0,20000,2000,2000,20000,1
method_b,css,uniform,X,5,0.002552806190217086,0.0,0.21021952833767774,1.0,20.0,20000,2000,2000,20000,5
method_b,css,uniform,X,5,0.0028931803489126977,0.0,0.21021952833767774,1.0,20.0,20000,2000,2000,20000,23
method_b,css,uniform,X,5,0.003233554507608309,0.0,0.21021952833767774,1.0,20.0,20000,2000,2000,20000,57
method_b,css,uniform,X,5,0.00357392866630392,0.0,0.21021952833767774,1.0,20.0,20000,2000,2000,20000,140
method_b,css,uniform,X,5,0.003914302824999532,0.0,0.21021952833767774,1.0,20.0,20000,2000,2000,20000,309
method_b,css,uniform,X,5,0.004254676983695143,0.0,0.21021952833767774,1.0,20.0,20000,2000,2000,20000,538
method_b,css,uniform,X,5,0.004595051142390755,0.0,0.21021952833767774,1.0,20.0,20000,2000,2000,20000,918
method_b,css,uniform,Z,3,0.0034385110576893307,0.19578996014022507,0.2391855636685398,1.0,20.0,20000,2000,2000,20000,57
method_b,css,uniform,Z,3,0.004202624626064738,0.19578996014022507,0.2391855636685398,1.0,20.0,20000,2000,2000,20000,163
method_b,css,uniform,Z,3,0.004966738194440144,0.19578996014022507,0.2391855636685398,1.0,20.0,20000,2000,2000,20000,332
method_b,css,uniform,Z,3,0.005730851762815551,0.19578996014022507,0.2391855636685398,1.0,20.0,20000,2000,2000,20000,666
method_b,css,uniform,Z,3,0.0064949653311909585,0.19578996014022507,0.2391855636685398,1.0,20.0,20000,2000,2000,20000,1158
method_b,css,uniform,Z,3,0.0072590788995663645,0.19578996014022507,0.2391855636685398,1.0,20.0,20000,2000,2000,20000,1751
method_b,css,uniform,Z,3,0.00802319246794177,0.19578996014022507,0.2391855636685398,1.0,20.0,20000,2000,2000,18000,2231
method_b,css,uniform,Z,3,0.008787306036317177,0.19578996014022507,0.2391855636685398,1.0,20.0,20000,2000,2000,12000,2037
method_b,css,uniform,Z,3,0.009551419604692584,0.19578996014022507,0.2391855636685398,1.0,20.0,20000,2000,2000,10000,2094
method_b,css,uniform,Z,3,0.01031553317306799,0.19578996014022507,0.2391855636685398,1.0,20.0,20000,2000,2000,10000,2386
method_b,css,uniform,Z,5,0.0034385110576893307,0.19578996014022507,0.2391855636685398,1.0,20.0,20000,2000,2000,20000,13
method_b,css,uniform,Z,5,0.004202624626064738,0.19578996014022507,0.2391855636685398,1.0,20.0,20000,2000,2000,20000,164
method_b,css,uniform,Z,5,0.004966738194440144,0.19578996014022507,0.2391855636685398,1.0,20.0,20000,2000,2000,20000,536
method_b,css,uniform,Z,5,0.005730851762815551,0.19578996014022507,0.2391855636685398,1.0,20.0,20000,2000,2000,20000,1316
method_b,css,uniform,Z,5,0.0064949653311909585,0.19578996014022507,0.2391855636685398,1.0,20.0,20000,2000,2000,16000,2158
method_b,css,uniform,Z,5,0.0072590788995663645,0.19578996014022507,0.2391855636685398,1.0,20.0,20000,2000,2000,10000,2129
method_b,css,uniform,Z,5,0.00802319246794177,0.19578996014022507,0.2391855636685398,1.0,20.0,20000,2000,2000,8000,2332
method_b,css,uniform,Z,5,0.008787306036317177,0.19578996014022507,0.2391855636685398,1.0,20.0,20000,2000,2000,6000,2207
method_b,css,uniform,Z,5,0.009551419604692584,0.19578996014022507,0.2391855636685398,1.0,20.0,20000,2000,2000,6000,2542
method_b,css,uniform,Z,5,0.01031553317306799,0.19578996014022507,0.2391855636685398,1.0,20.0,20000,2000,2000,6000,2702
method_b,css,uniform,X,3,0.0013754044230757322,0.19578996014022507,0.2391855636685398,1.0,20.0,20000,2000,2000,20000,2
method_b,css,uniform,X,3,0.001681049850425895,0.19578996014022507,0.2391855636685398,1.0,20.0,20000,2000,2000,20000,5
method_b,css,uniform,X,3,0.0019866952777760575,0.19578996014022507,0.2391855636685398,1.0,20.0,20000,2000,2000,20000,11
method_b,css,uniform,X,3,0.0022923407051262203,0.19578996014022507,0.2391855636685398,1.0,20.0,20000,2000,2000,20000,18
method_b,css,uniform,X,3,0.002597986132476383,0.19578996014022507,0.2391855636685398,1.0,20.0,20000,2000,2000,20000,54
method_b,css,uniform,X,3,0.0029036315598265456,0.19578996014022507,0.2391855636685398,1.0,20.0,20000,2000,2000,20000,82
method_b,css,uniform,X,3,0.003209276987176708,0.19578996014022507,0.2391855636685398,1.0,20.0,20000,2000,2000,20000,155
method_b,css,uniform,X,3,0.003514922414526871,0.19578996014022507,0.2391855636685398,1.0,20.0,20000,2000,2000,20000,214
method_b,css,uniform,X,3,0.0038205678418770338,0.19578996014022507,0.2391855636685398,1.0,20.0,20000,2000,2000,20000,344
method_b,css,uniform,X,3,0.004126213269227196,0.19578996014022507,0.2391855636685398,1.0,20.0,20000,2000,2000,20000,477
method_b,css,uniform,X,5,0.0013754044230757322,0.19578996014022507,0.2391855636685398,1.0,20.0,20000,2000,2000,20000,1
method_b,css,uniform,X,5,0.001681049850425895,0.19578996014022507,0.2391855636685398,1.0,20.0,20000,2000,2000,20000,1
method_b,css,uniform,X,5,0.0019866952777760575,0.19578996014022507,0.2391855636685398,1.0,20.0,20000,2000,2000,20000,4
method_b,css,uniform,X,5,0.0022923407051262203,0.19578996014022507,0.2391855636685398,1.0,20.0,20000,2000,2000,20000,12
method_b,css,uniform,X,5,0.002597986132476383,0.19578996014022507,0.2391855636685398,1.0,20.0,20000,2000,2000,20000,21
method_b,css,uniform,X,5,0.0029036315598265456,0.19578996014022507,0.2391855636685398,1.0,20.0,20000,2000,2000,20000,56
method_b,css,uniform,X,5,0.003209276987176708,0.19578996014022507,0.2391855636685398,1.0,20.0,20000,2000,2000,20000,127
method_b,css,uniform,X,5,0.003514922414526871,0.19578996014022507,0.2391855636685398,1.0,20.0,20000,2000,2000,20000,269
method_b,css,uniform,X,5,0.0038205678418770338,0.19578996014022507,0.2391855636685398,1.0,20.0,20000,2000,2000,20000,526
method_b,css,uniform,X,5,0.004126213269227196,0.19578996014022507,0.2391855636685398,1.0,20.0,20000,2000,2000,20000,911
method_b,css,uniform,Z,3,0.0032120206072826325,0.4296124271466622,0.27717290370288195,1.0,20.0,20000,2000,2000,20000,65
method_b,css,uniform,Z,3,0.003925802964456552,0.4296124271466622,0.27717290370288195,1.0,20.0,20000,2000,2000,20000,176
method_b,css,uniform,Z,3,0.0046395853216304695,0.4296124271466622,0.27717290370288195,1.0,20.0,20000,2000,2000,20000,397
method_b,css,uniform,Z,3,0.005353367678804388,0.4296124271466622,0.27717290370288195,1.0,20.0,20000,2000,2000,20000,739
method_b,css,uniform,Z,3,0.006067150035978307,0.4296124271466622,0.27717290370288195,1.0,20.0,20000,2000,2000,20000,1191
method_b,css,uniform,Z,3,0.006780932393152224,0.4296124271466622,0.27717290370288195,1.0,20.0,20000,2000,2000,20000,1880
method_b,css,uniform,Z,3,0.007494714750326142,0.4296124271466622,0.27717290370288195,1.0,20.0,20000,2000,2000,16000,2046
method_b,css,uniform,Z,3,0.008208497107500061,0.4296124271466622,0.27717290370288195,1.0,20.0,20000,2000,2000,14000,2316
method_b,css,uniform,Z,3,0.00892227946467398,0.4296124271466622,0.27717290370288195,1.0,20.0,20000,2000,2000,10000,2132
method_b,css,uniform,Z,3,0.009636061821847898,0.4296124271466622,0.27717290370288195,1.0,20.0,20000,2000,2000,10000,2481
method_b,css,uniform,Z,5,0.0032120206072826325,0.4296124271466622,0.27717290370288195,1.0,20.0,20000,2000,2000,20000,23
method_b,css,uniform,Z,5,0.003925802964456552,0.4296124271466622,0.27717290370288195,1.0,20.0,20000,2000,2000,20000,161
method_b,css,uniform,Z,5,0.0046395853216304695,0.4296124271466622,0.27717290370288195,1.0,20.0,20000,2000,2000,20000,613
method_b,css,uniform,Z,5,0.005353367678804388,0.4296124271466622,0.27717290370288195,1.0,20.0,20000,2000,2000,20000,1497
method_b,css,uniform,Z,5,0.006067150035978307,0.4296124271466622,0.27717290370288195,1.0,20.0,20000,2000,2000,16000,2289
method_b,css,uniform,Z,5,0.006780932393152224,0.4296124271466622,0.27717290370288195,1.0,20.0,20000,2000,2000,10000,2288
method_b,css,uniform,Z,5,0.007494714750326142,0.4296124271466622,0.27717290370288195,1.0,20.0,20000,2000,2000,8000,2471
method_b,css,uniform,Z,5,0.008208497107500061,0.4296124271466622,0.27717290370288195,1.0,20.0,20000,2000,2000,6000,2225
method_b,css,uniform,Z,5,0.00892227946467398,0.4296124271466622,0.27717290370288195,1.0,20.0,20000,2000,2000,6000,2560
method_b,css,uniform,Z,5,0.009636061821847898,0.4296124271466622,0.27717290370288195,1.0,20.0,20000,2000,2000,6000,2702
method_b,css,uniform,X,3,0.001284808242913053,0.4296124271466622,0.27717290370288195,1.0,20.0,20000,2000,2000,20000,0
method_b,css,uniform,X,3,0.0015703211857826206,0.4296124271466622,0.27717290370288195,1.0,20.0,20000,2000,2000,20000,5
method_b,css,uniform,X,3,0.0018558341286521879,0.4296124271466622,0.27717290370288195,1.0,20.0,20000,2000,2000,20000,10
method_b,css,uniform,X,3,0.002141347071521755,0.4296124271466622,0.27717290370288195,1.0,20.0,20000,2000,2000,20000,24
method_b,css,uniform,X,3,0.0024268600143913226,0.4296124271466622,0.27717290370288195,1.0,20.0,20000,2000,2000,20000,60
method_b,css,uniform,X,3,0.0027123729572608897,0.4296124271466622,0.27717290370288195,1.0,20.0,20000,2000,2000,20000,80
method_b,css,uniform,X,3,0.0029978859001304568,0.4296124271466622,0.27717290370288195,1.0,20.0,20000,2000,2000,20000,156
method_b,css,uniform,X,3,0.0032833988430000243,0.4296124271466622,0.27717290370288195,1.0,20.0,20000,2000,2000,20000,205
method_b,css,uniform,X,3,0.0035689117858695918,0.4296124271466622,0.27717290370288195,1.0,20.0,20000,2000,2000,20000,334
method_b,css,uniform,X,3,0.0038544247287391593,0.4296124271466622,0.27717290370288195,1.0,20.0,20000,2000,2000,20000,479
method_b,css,uniform,X,5,0.001284808242913053,0.4296124271466622,0.27717290370288195,1.0,20.0,20000,2000,2000,20000,1
method_b,css,uniform,X,5,0.0015703211857826206,0.4296124271466622,0.27717290370288195,1.0,20.0,20000,2000,2000,20000,0
method_b,css,uniform,X,5,0.0018558341286521879,0.4296124271466622,0.27717290370288195,1.0,20.0,20000,2000,2000,20000,1
method_b,css,uniform,X,5,0.002141347071521755,0.4296124271466622,0.27717290370288195,1.0,20.0,20000,2000,2000,20000,5
method_b,css,uniform,X,5,0.0024268600143913226,0.4296124271466622,0.27717290370288195,1.0,20.0,20000,2000,2000,20000,18
method_b,css,uniform,X,5,0.0027123729572608897,0.4296124271466622,0.27717290370288195,1.0,20.0,20000,2000,2000,20000,49
method_b,css,uniform,X,5,0.0029978859001304568,0.4296124271466622,0.27717290370288195,1.0,20.0,20000,2000,2000,20000,99
method_b,css,uniform,X,5,0.0032833988430000243,0.4296124271466622,0.27717290370288195,1.0,20.0,20000,2000,2000,20000,270
method_b,css,uniform,X,5,0.0035689117858695918,0.4296124271466622,0.27717290370288195,1.0,20.0,20000,2000,2000,20000,508
method_b,css,uniform,X,5,0.0038544247287391593,0.4296124271466622,0.27717290370288195,1.0,20.0,20000,2000,2000,20000,801
method_b,css,uniform,Z,3,0.0031849643662203646,0.6816629282241483,0.32898853980234555,1.0,20.0,20000,2000,2000,20000,58
method_b,css,uniform,Z,3,0.0038927342253804458,0.6816629282241483,0.32898853980234555,1.0,20.0,20000,2000,2000,20000,179
method_b,css,uniform,Z,3,0.0046005040845405265,0.6816629282241483,0.32898853980234555,1.0,20.0,20000,2000,2000,20000,402
method_b,css,uniform,Z,3,0.005308273943700607,0.6816629282241483,0.32898853980234555,1.0,20.0,20000,2000,2000,20000,754
method_b,css,uniform,Z,3,0.006016043802860688,0.6816629282241483,0.32898853980234555,1.0,20.0,20000,2000,2000,20000,1259
method_b,css,uniform,Z,3,0.00672381366202077,0.6816629282241483,0.32898853980234555,1.0,20.0,20000,2000,2000,20000,1908
method_b,css,uniform,Z,3,0.00743158352118085,0.6816629282241483,0.32898853980234555,1.0,20.0,20000,2000,2000,16000,2058
method_b,css,uniform,Z,3,0.00813935338034093,0.6816629282241483,0.32898853980234555,1.0,20.0,20000,2000,2000,12000,2102
method_b,css,uniform,Z,3,0.008847123239501013,0.6816629282241483,0.32898853980234555,1.0,20.0,20000,2000,2000,10000,2161
method_b,css,uniform,Z,3,0.009554893098661095,0.6816629282241483,0.32898853980234555,1.0,20.0,20000,2000,2000,8000,2017
method_b,css,uniform,Z,5,0.0031849643662203646,0.6816629282241483,0.32898853980234555,1.0,20.0,20000,2000,2000,20000,33
method_b,css,uniform,Z,5,0.0038927342253804458,0.6816629282241483,0.32898853980234555,1.0,20.0,20000,2000,2000,20000,199
method_b,css,uniform,Z,5,0.0046005040845405265,0.6816629282241483,0.32898853980234555,1.0,20.0,20000,2000,2000,20000,669
method_b,css,uniform,Z,5,0.005308273943700607,0.6816629282241483,0.32898853980234555,1.0,20.0,20000,2000,2000,20000,1677
method_b,css,uniform,Z,5,0.006016043802860688,0.6816629282241483,0.32898853980234555,1.0,20.0,20000,2000,2000,14000,2233
method_b,css,uniform,Z,5,0.00672381366202077,0.6816629282241483,0.32898853980234555,1.0,20.0,20000,2000,2000,10000,2331
method_b,css,uniform,Z,5,0.00743158352118085,0.6816629282241483,0.32898853980234555,1.0,20.0,20000,2000,2000,8000,2549
method_b,css,uniform,Z,5,0.00813935338034093,0.6816629282241483,0.32898853980234555,1.0,20.0,20000,2000,2000,6000,2278
method_b,css,uniform,Z,5,0.008847123239501013,0.6816629282241483,0.32898853980234555,1.0,20.0,20000,2000,2000,6000,2633
method_b,css,uniform,Z,5,0.009554893098661095,0.6816629282241483,0.32898853980234555,1.0,20.0,20000,2000,2000,6000,2759
method_b,css,uniform,X,3,0.0012739857464881459,0.6816629282241483,0.32898853980234555,1.0,20.0,20000,2000,2000,20000,2
method_b,css,uniform,X,3,0.0015570936901521783,0.6816629282241483,0.32898853980234555,1.0,20.0,20000,2000,2000,20000,3
method_b,css,uniform,X,3,0.0018402016338162107,0.6816629282241483,0.32898853980234555,1.0,20.0,20000,2000,2000,20000,8
method_b,css,uniform,X,3,0.0021233095774802428,0.6816629282241483,0.32898853980234555,1.0,20.0,20000,2000,2000,20000,25
method_b,css,uniform,X,3,0.0024064175211442754,0.6816629282241483,0.32898853980234555,1.0,20.0,20000,2000,2000,20000,50
method_b,css,uniform,X,3,0.002689525464808308,0.6816629282241483,0.32898853980234555,1.0,20.0,20000,2000,2000,20000,79
method_b,css,uniform,X,3,0.00297263340847234,0.6816629282241483,0.32898853980234555,1.0,20.0,20000,2000,2000,20000,123
method_b,css,uniform,X,3,0.0032557413521363725,0.6816629282241483,0.32898853980234555,1.0,20.0,20000,2000,2000,20000,224
method_b,css,uniform,X,3,0.003538849295800405,0.6816629282241483,0.32898853980234555,1.0,20.0,20000,2000,2000,20000,314
method_b,css,uniform,X,3,0.003821957239464438,0.6816629282241483,0.32898853980234555,1.0,20.0,20000,2000,2000,20000,428
method_b,css,uniform,X,5,0.0012739857464881459,0.6816629282241483,0.32898853980234555,1.0,20.0,20000,2000,2000,20000,0
method_b,css,uniform,X,5,0.0015570936901521783,0.6816629282241483,0.32898853980234555,1.0,20.0,20000,2000,2000,20000,0
method_b,css,uniform,X,5,0.0018402016338162107,0.6816629282241483,0.32898853980234555,1.0,20.0,20000,2000,2000,20000,1
method_b,css,uniform,X,5,0.0021233095774802428,0.6816629282241483,0.32898853980234555,1.0,20.0,20000,2000,2000,20000,6
method_b,css,uniform,X,5,0.0024064175211442754,0.6816629282241483,0.32898853980234555,1.0,20.0,20000,2000,2000,20000,24
method_b,css,uniform,X,5,0.002689525464808308,0.6816629282241483,0.32898853980234555,1.0,20.0,20000,2000,2000,20000,37
method_b,css,uniform,X,5,0.00297263340847234,0.6816629282241483,0.32898853980234555,1.0,20.0,20000,2000,2000,20000,104
method_b,css,uniform,X,5,0.0032557413521363725,0.6816629282241483,0.32898853980234555,1.0,20.0,20000,2000,2000,20000,223
method_b,css,uniform,X,5,0.003538849295800405,0.6816629282241483,0.32898853980234555,1.0,20.0,20000,2000,2000,20000,484
method_b,css,uniform,X,5,0.003821957239464438,0.6816629282241483,0.32898853980234555,1.0,20.0,20000,2000,2000,20000,832
method_b,css,uniform,Z,3,0.0033621604945789536,0.9203887113114554,0.4033468297856529,1.0,20.0,20000,2000,2000,20000,61
method_b,css,uniform,Z,3,0.004109307271152055,0.9203887113114554,0.4033468297856529,1.0,20.0,20000,2000,2000,20000,186
method_b,css,uniform,Z,3,0.004856454047725155,0.9203887113114554,0.4033468297856529,1.0,20.0,20000,2000,2000,20000,424
method_b,css,uniform,Z,3,0.005603600824298255,0.9203887113114554,0.4033468297856529,1.0,20.0,20000,2000,2000,20000,821
method_b,css,uniform,Z,3,0.006350747600871357,0.9203887113114554,0.4033468297856529,1.0,20.0,20000,2000,2000,20000,1384
method_b,css,uniform,Z,3,0.007097894377444458,0.9203887113114554,0.4033468297856529,1.0,20.0,20000,2000,2000,20000,1946
method_b,css,uniform,Z,3,0.007845041154017558,0.9203887113114554,0.4033468297856529,1.0,20.0,20000,2000,2000,16000,2164
method_b,css,uniform,Z,3,0.00859218793059066,0.9203887113114554,0.4033468297856529,1.0,20.0,20000,2000,2000,12000,2054
method_b,css,uniform,Z,3,0.00933933470716376,0.9203887113114554,0.4033468297856529,1.0,20.0,20000,2000,2000,10000,2235
method_b,css,uniform,Z,3,0.010086481483736861,0.9203887113114554,0.4033468297856529,1.0,20.0,20000,2000,2000,8000,2101
method_b,css,uniform,Z,5,0.0033621604945789536,0.9203887113114554,0.4033468297856529,1.0,20.0,20000,2000,2000,20000,36
method_b,css,uniform,Z,5,0.004109307271152055,0.9203887113114554,0.4033468297856529,1.0,20.0,20000,2000,2000,20000,222
method_b,css,uniform,Z,5,0.004856454047725155,0.9203887113114554,0.4033468297856529,1.0,20.0,20000,2000,2000,20000,802
method_b,css,uniform,Z,5,0.005603600824298255,0.9203887113114554,0.4033468297856529,1.0,20.0,20000,2000,2000,20000,1765
method_b,css,uniform,Z,5,0.006350747600871357,0.9203887113114554,0.4033468297856529,1.0,20.0,20000,2000,2000,14000,2341
method_b,css,uniform,Z,5,0.007097894377444458,0.9203887113114554,0.4033468297856529,1.0,20.0,20000,2000,2000,10000,2469
method_b,css,uniform,Z,5,0.007845041154017558,0.9203887113114554,0.4033468297856529,1.0,20.0,20000,2000,2000,8000,2587
method_b,css,uniform,Z,5,0.00859218793059066,0.9203887113114554,0.4033468297856529,1.0,20.0,20000,2000,2000,6000,2300
method_b,css,uniform,Z,5,0.00933933470716376,0.9203887113114554,0.4033468297856529,1.0,20.0,20000,2000,2000,6000,2599
method_b,css,uniform,Z,5,0.010086481483736861,0.9203887113114554,0.4033468297856529,1.0,20.0,20000,2000,2000,6000,2846
method_b,css,uniform,X,3,0.0013448641978315815,0.9203887113114554,0.4033468297856529,1.0,20.0,20000,2000,2000,20000,0
method_b,css,uniform,X,3,0.001643722908460822,0.9203887113114554,0.4033468297856529,1.0,20.0,20000,2000,2000,20000,4
method_b,css,uniform,X,3,0.001942581619090062,0.9203887113114554,0.4033468297856529,1.0,20.0,20000,2000,2000,20000,7
method_b,css,uniform,X,3,0.002241440329719302,0.9203887113114554,0.4033468297856529,1.0,20.0,20000,2000,2000,20000,16
method_b,css,uniform,X,3,0.002540299040348543,0.9203887113114554,0.4033468297856529,1.0,20.0,20000,2000,2000,20000,43
method_b,css,uniform,X,3,0.002839157750977783,0.9203887113114554,0.4033468297856529,1.0,20.0,20000,2000,2000,20000,69
method_b,css,uniform,X,3,0.003138016461607023,0.9203887113114554,0.4033468297856529,1.0,20.0,20000,2000,2000,20000,136
method_b,css,uniform,X,3,0.0034368751722362637,0.9203887113114554,0.4033468297856529,1.0,20.0,20000,2000,2000,20000,197
method_b,css,uniform,X,3,0.003735733882865504,0.9203887113114554,0.4033468297856529,1.0,20.0,20000,2000,2000,20000,303
method_b,css,uniform,X,3,0.004034592593494745,0.9203887113114554,0.4033468297856529,1.0,20.0,20000,2000,2000,20000,421
method_b,css,uniform,X,5,0.0013448641978315815,0.9203887113114554,0.4033468297856529,1.0,20.0,20000,2000,2000,20000,0
method_b,css,uniform,X,5,0.001643722908460822,0.9203887113114554,0.4033468297856529,1.0,20.0,20000,2000,2000,20000,0
method_b,css,uniform,X,5,0.001942581619090062,0.9203887113114554,0.4033468297856529,1.0,20.0,20000,2000,2000,20000,1
method_b,css,uniform,X,5,0.002241440329719302,0.9203887113114554,0.4033468297856529,1.0,20.0,20000,2000,2000,20000,8
method_b,css,uniform,X,5,0.002540299040348543,0.9203887113114554,0.4033468297856529,1.0,20.0,20000,2000,2000,20000,16
method_b,css,uniform,X,5,0.002839157750977783,0.9203887113114554,0.4033468297856529,1.0,20.0,20000,2000,2000,20000,41
method_b,css,uniform,X,5,0.003138016461607023,0.9203887113114554,0.4033468297856529,1.0,20.0,20000,2000,2000,20000,99
method_b,css,uniform,X,5,0.0034368751722362637,0.9203887113114554,0.4033468297856529,1.0,20.0,20000,2000,2000,20000,252
method_b,css,uniform,X,5,0.003735733882865504,0.9203887113114554,0.4033468297856529,1.0,20.0,20000,2000,2000,20000,445
method_b,css,uniform,X,5,0.004034592593494745,0.9203887113114554,0.4033468297856529,1.0,20.0,20000,2000,2000,20000,765
method_b,css,uniform,Z,3,0.0037144921474206952,1.1207722924277506,0.5173072988989684,1.0,20.0,20000,2000,2000,20000,65
method_b,css,uniform,Z,3,0.004539934846847517,1.1207722924277506,0.5173072988989684,1.0,20.0,20000,2000,2000,20000,190
method_b,css,uniform,Z,3,0.0053653775462743376,1.1207722924277506,0.5173072988989684,1.0,20.0,20000,2000,2000,20000,451
method_b,css,uniform,Z,3,0.006190820245701159,1.1207722924277506,0.5173072988989684,1.0,20.0,20000,2000,2000,20000,805
method_b,css,uniform,Z,3,0.007016262945127981,1.1207722924277506,0.5173072988989684,1.0,20.0,20000,2000,2000,20000,1394
method_b,css,uniform,Z,3,0.007841705644554801,1.1207722924277506,0.5173072988989684,1.0,20.0,20000,2000,2000,20000,2004
method_b,css,uniform,Z,3,0.008667148343981622,1.1207722924277506,0.5173072988989684,1.0,20.0,20000,2000,2000,16000,2236
method_b,css,uniform,Z,3,0.009492591043408443,1.1207722924277506,0.5173072988989684,1.0,20.0,20000,2000,2000,12000,2161
method_b,css,uniform,Z,3,0.010318033742835265,1.1207722924277506,0.5173072988989684,1.0,20.0,20000,2000,2000,10000,2245
method_b,css,uniform,Z,3,0.011143476442262087,1.1207722924277506,0.5173072988989684,1.0,20.0,20000,2000,2000,8000,2163
method_b,css,uniform,Z,5,0.0037144921474206952,1.1207722924277506,0.5173072988989684,1.0,20.0,20000,2000,2000,20000,46
method_b,css,uniform,Z,5,0.004539934846847517,1.1207722924277506,0.5173072988989684,1.0,20.0,20000,2000,2000,20000,240
method_b,css,uniform,Z,5,0.0053653775462743376,1.1207722924277506,0.5173072988989684,1.0,20.0,20000,2000,2000,20000,820
method_b,css,uniform,Z,5,0.006190820245701159,1.1207722924277506,0.5173072988989684,1.0,20.0,20000,2000,2000,20000,1953
method_b,css,uniform,Z,5,0.007016262945127981,1.1207722924277506,0.5173072988989684,1.0,20.0,20000,2000,2000,12000,2065
method_b,css,uniform,Z,5,0.007841705644554801,1.1207722924277506,0.5173072988989684,1.0,20.0,20000,2000,2000,8000,2061
method_b,css,uniform,Z,5,0.008667148343981622,1.1207722924277506,0.5173072988989684,1.0,20.0,20000,2000,2000,6000,2020
method_b,css,uniform,Z,5,0.009492591043408443,1.1207722924277506,0.5173072988989684,1.0,20.0,20000,2000,2000,6000,2367
method_b,css,uniform,Z,5,0.010318033742835265,1.1207722924277506,0.5173072988989684,1.0,20.0,20000,2000,2000,6000,2629
method_b,css,uniform,Z,5,0.011143476442262087,1.1207722924277506,0.5173072988989684,1.0,20.0,20000,2000,2000,6000,2768
method_b,css,uniform,X,3,0.0014857968589682782,1.1207722924277506,0.5173072988989684,1.0,20.0,20000,2000,2000,20000,0
method_b,css,uniform,X,3,0.001815973938739007,1.1207722924277506,0.5173072988989684,1.0,20.0,20000,2000,2000,20000,5
method_b,css,uniform,X,3,0.002146151018509735,1.1207722924277506,0.5173072988989684,1.0,20.0,20000,2000,2000,20000,9
method_b,css,uniform,X,3,0.0024763280982804635,1.1207722924277506,0.5173072988989684,1.0,20.0,20000,2000,2000,20000,20
method_b,css,uniform,X,3,0.002806505178051192,1.1207722924277506,0.5173072988989684,1.0,20.0,20000,2000,2000,20000,41
method_b,css,uniform,X,3,0.0031366822578219205,1.1207722924277506,0.5173072988989684,1.0,20.0,20000,2000,2000,20000,64
method_b,css,uniform,X,3,0.003466859337592649,1.1207722924277506,0.5173072988989684,1.0,20.0,20000,2000,2000,20000,102
method_b,css,uniform,X,3,0.003797036417363377,1.1207722924277506,0.5173072988989684,1.0,20.0,20000,2000,2000,20000,181
method_b,css,uniform,X,3,0.004127213497134106,1.1207722924277506,0.5173072988989684,1.0,20.0,20000,2000,2000,20000,295
method_b,css,uniform,X,3,0.004457390576904835,1.1207722924277506,0.5173072988989684,1.0,20.0,20000,2000,2000,20000,377
method_b,css,uniform,X,5,0.0014857968589682782,1.1207722924277506,0.5173072988989684,1.0,20.0,20000,2000,2000,20000,0
method_b,css,uniform,X,5,0.001815973938739007,1.1207722924277506,0.5173072988989684,1.0,20.0,20000,2000,2000,20000,0
method_b,css,uniform,X,5,0.002146151018509735,1.1207722924277506,0.5173072988989684,1.0,20.0,20000,2000,2000,20000,2
method_b,css,uniform,X,5,0.0024763280982804635,1.1207722924277506,0.5173072988989684,1.0,20.0,20000,2000,2000,20000,7
method_b,css,uniform,X,5,0.002806505178051192,1.1207722924277506,0.5173072988989684,1.0,20.0,20000,2000,2000,20000,13
method_b,css,uniform,X,5,0.0031366822578219205,1.1207722924277506,0.5173072988989684,1.0,20.0,20000,2000,2000,20000,40
method_b,css,uniform,X,5,0.003466859337592649,1.1207722924277506,0.5173072988989684,1.0,20.0,20000,2000,2000,20000,97
method_b,css,uniform,X,5,0.003797036417363377,1.1207722924277506,0.5173072988989684,1.0,20.0,20000,2000,2000,20000,222
method_b,css,uniform,X,5,0.004127213497134106,1.1207722924277506,0.5173072988989684,1.0,20.0,20000,2000,2000,20000,402
method_b,css,uniform,X,5,0.004457390576904835,1.1207722924277506,0.5173072988989684,1.0,20.0,20000,2000,2000,20000,704
method_b,css,uniform,Z,3,0.0016792371687130473,1.273229260623685,0.7065154452798695,1.0,20.0,20000,2000,2000,20000,0
method_b,css,uniform,Z,3,0.0020524009839826135,1.273229260623685,0.7065154452798695,1.0,20.0,20000,2000,2000,20000,1
method_b,css,uniform,Z,3,0.0024255647992521795,1.273229260623685,0.7065154452798695,1.0,20.0,20000,2000,2000,20000,3
method_b,css,uniform,Z,3,0.0027987286145217454,1.273229260623685,0.7065154452798695,1.0,20.0,20000,2000,2000,20000,8
method_b,css,uniform,Z,3,0.0031718924297913114,1.273229260623685,0.7065154452798695,1.0,20.0,20000,2000,2000,20000,14
method_b,css,uniform,Z,3,0.003545056245060878,1.273229260623685,0.7065154452798695,1.0,20.0,20000,2000,2000,20000,24
method_b,css,uniform,Z,3,0.003918220060330443,1.273229260623685,0.7065154452798695,1.0,20.0,20000,2000,2000,20000,55
method_b,css,uniform,Z,3,0.004291383875600009,1.273229260623685,0.7065154452798695,1.0,20.0,20000,2000,2000,20000,101
method_b,css,uniform,Z,3,0.004664547690869576,1.273229260623685,0.7065154452798695,1.0,20.0,20000,2000,2000,20000,120
method_b,css,uniform,Z,3,0.005037711506139142,1.273229260623685,0.7065154452798695,1.0,20.0,20000,2000,2000,20000,197
method_b,css,uniform,Z,5,0.0016792371687130473,1.273229260623685,0.7065154452798695,1.0,20.0,20000,2000,2000,20000,0
method_b,css,uniform,Z,5,0.0020524009839826135,1.273229260623685,0.7065154452798695,1.0,20.0,20000,2000,2000,20000,0
method_b,css,uniform,Z,5,0.0024255647992521795,1.273229260623685,0.7065154452798695,1.0,20.0,20000,2000,2000,20000,0
method_b,css,uniform,Z,5,0.0027987286145217454,1.273229260623685,0.7065154452798695,1.0,20.0,20000,2000,2000,20000,3
method_b,css,uniform,Z,5,0.0031718924297913114,1.273229260623685,0.7065154452798695,1.0,20.0,20000,2000,2000,20000,3
method_b,css,uniform,Z,5,0.003545056245060878,1.273229260623685,0.7065154452798695,1.0,20.0,20000,2000,2000,20000,12
method_b,css,uniform,Z,5,0.003918220060330443,1.273229260623685,0.7065154452798695,1.0,20.0,20000,2000,2000,20000,32
method_b,css,uniform,Z,5,0.004291383875600009,1.273229260623685,0.7065154452798695,1.0,20.0,20000,2000,2000,20000,62
method_b,css,uniform,Z,5,0.004664547690869576,1.273229260623685,0.7065154452798695,1.0,20.0,20000,2000,2000,20000,143
method_b,css,uniform,Z,5,0.005037711506139142,1.273229260623685,0.7065154452798695,1.0,20.0,20000,2000,2000,20000,253
method_b,css,uniform,X,3,0.0016792371687130473,1.273229260623685,0.7065154452798695,1.0,20.0,20000,2000,2000,20000,2
method_b,css,uniform,X,3,0.0020524009839826135,1.273229260623685,0.7065154452798695,1.0,20.0,20000,2000,2000,20000,4
method_b,css,uniform,X,3,0.0024255647992521795,1.273229260623685,0.7065154452798695,1.0,20.0,20000,2000,2000,20000,11
method_b,css,uniform,X,3,0.0027987286145217454,1.273229260623685,0.7065154452798695,1.0,20.0,20000,2000,2000,20000,15
method_b,css,uniform,X,3,0.0031718924297913114,1.273229260623685,0.7065154452798695,1.0,20.0,20000,2000,2000,20000,34
method_b,css,uniform,X,3,0.003545056245060878,1.273229260623685,0.7065154452798695,1.0,20.0,20000,2000,2000,20000,81
method_b,css,uniform,X,3,0.003918220060330443,1.273229260623685,0.7065154452798695,1.0,20.0,20000,2000,2000,20000,111
method_b,css,uniform,X,3,0.004291383875600009,1.273229260623685,0.7065154452798695,1.0,20.0,20000,2000,2000,20000,157
method_b,css,uniform,X,3,0.004664547690869576,1.273229260623685,0.7065154452798695,1.0,20.0,20000,2000,2000,20000,239
method_b,css,uniform,X,3,0.005037711506139142,1.273229260623685,0.7065154452798695,1.0,20.0,20000,2000,2000,20000,418
method_b,css,uniform,X,5,0.0016792371687130473,1.273229260623685,0.7065154452798695,1.0,20.0,20000,2000,2000,20000,0
method_b,css,uniform,X,5,0.0020524009839826135,1.273229260623685,0.7065154452798695,1.0,20.0,20000,2000,2000,20000,1
method_b,css,uniform,X,5,0.0024255647992521795,1.273229260623685,0.7065154452798695,1.0,20.0,20000,2000,2000,20000,1
method_b,css,uniform,X,5,0.0027987286145217454,1.273229260623685,0.7065154452798695,1.0,20.0,20000,2000,2000,20000,2
method_b,css,uniform,X,5,0.0031718924297913114,1.273229260623685,0.7065154452798695,1.0,20.0,20000,2000,2000,20000,9
method_b,css,uniform,X,5,0.003545056245060878,1.273229260623685,0.7065154452798695,1.0,20.0,20000,2000,2000,20000,37
method_b,css,uniform,X,5,0.003918220060330443,1.273229260623685,0.7065154452798695,1.0,20.0,20000,2000,2000,20000,95
method_b,css,uniform,X,5,0.004291383875600009,1.273229260623685,0.7065154452798695,1.0,20.0,20000,2000,2000,20000,182
method_b,css,uniform,X,5,0.004664547690869576,1.273229260623685,0.7065154452798695,1.0,20.0,20000,2000,2000,20000,370
method_b,css,uniform,X,5,0.005037711506139142,1.273229260623685,0.7065154452798695,1.0,20.0,20000,2000,2000,20000,638
method_b,css,uniform,Z,3,0.0019092918055162273,1.3755425258312166,1.0408600344982863,1.0,20.0,20000,2000,2000,20000,0
method_b,css,uniform,Z,3,0.0023335788734087223,1.3755425258312166,1.0408600344982863,1.0,20.0,20000,2000,2000,20000,1
method_b,css,uniform,Z,3,0.002757865941301217,1.3755425258312166,1.0408600344982863,1.0,20.0,20000,2000,2000,20000,4
method_b,css,uniform,Z,3,0.003182153009193712,1.3755425258312166,1.0408600344982863,1.0,20.0,20000,2000,2000,20000,6
method_b,css,uniform,Z,3,0.003606440077086207,1.3755425258312166,1.0408600344982863,1.0,20.0,20000,2000,2000,20000,15
method_b,css,uniform,Z,3,0.004030727144978702,1.3755425258312166,1.0408600344982863,1.0,20.0,20000,2000,2000,20000,38
method_b,css,uniform,Z,3,0.0044550142128711966,1.3755425258312166,1.0408600344982863,1.0,20.0,20000,2000,2000,20000,66
method_b,css,uniform,Z,3,0.004879301280763692,1.3755425258312166,1.0408600344982863,1.0,20.0,20000,2000,2000,20000,82
method_b,css,uniform,Z,3,0.005303588348656187,1.3755425258312166,1.0408600344982863,1.0,20.0,20000,2000,2000,20000,126
method_b,css,uniform,Z,3,0.005727875416548682,1.3755425258312166,1.0408600344982863,1.0,20.0,20000,2000,2000,20000,185
method_b,css,uniform,Z,5,0.0019092918055162273,1.3755425258312166,1.0408600344982863,1.0,20.0,20000,2000,2000,20000,0
method_b,css,uniform,Z,5,0.0023335788734087223,1.3755425258312166,1.0408600344982863,1.0,20.0,20000,2000,2000,20000,0
method_b,css,uniform,Z,5,0.002757865941301217,1.3755425258312166,1.0408600344982863,1.0,20.0,20000,2000,2000,20000,1
method_b,css,uniform,Z,5,0.003182153009193712,1.3755425258312166,1.0408600344982863,1.0,20.0,20000,2000,2000,20000,1
method_b,css,uniform,Z,5,0.003606440077086207,1.3755425258312166,1.0408600344982863,1.0,20.0,20000,2000,2000,20000,7
method_b,css,uniform,Z,5,0.004030727144978702,1.3755425258312166,1.0408600344982863,1.0,20.0,20000,2000,2000,20000,12
method_b,css,uniform,Z,5,0.0044550142128711966,1.3755425258312166,1.0408600344982863,1.0,20.0,20000,2000,2000,20000,27
method_b,css,uniform,Z,5,0.004879301280763692,1.3755425258312166,1.0408600344982863,1.0,20.0,20000,2000,2000,20000,78
method_b,css,uniform,Z,5,0.005303588348656187,1.3755425258312166,1.0408600344982863,1.0,20.0,20000,2000,2000,20000,141
method_b,css,uniform,Z,5,0.005727875416548682,1.3755425258312166,1.0408600344982863,1.0,20.0,20000,2000,2000,20000,294
method_b,css,uniform,X,3,0.0019092918055162273,1.3755425258312166,1.0408600344982863,1.0,20.0,20000,2000,2000,20000,1
method_b,css,uniform,X,3,0.0023335788734087223,1.3755425258312166,1.0408600344982863,1.0,20.0,20000,2000,2000,20000,4
method_b,css,uniform,X,3,0.002757865941301217,1.3755425258312166,1.0408600344982863,1.0,20.0,20000,2000,2000,20000,1
method_b,css,uniform,X,3,0.003182153009193712,1.3755425258312166,1.0408600344982863,1.0,20.0,20000,2000,2000,20000,11
method_b,css,uniform,X,3,0.003606440077086207,1.3755425258312166,1.0408600344982863,1.0,20.0,20000,2000,2000,20000,37
method_b,css,uniform,X,3,0.004030727144978702,1.3755425258312166,1.0408600344982863,1.0,20.0,20000,2000,2000,20000,77
method_b,css,uniform,X,3,0.0044550142128711966,1.3755425258312166,1.0408600344982863,1.0,20.0,20000,2000,2000,20000,124
method_b,css,uniform,X,3,0.004879301280763692,1.3755425258312166,1.0408600344982863,1.0,20.0,20000,2000,2000,20000,178
method_b,css,uniform,X,3,0.005303588348656187,1.3755425258312166,1.0408600344982863,1.0,20.0,20000,2000,2000,20000,262
method_b,css,uniform,X,3,0.005727875416548682,1.3755425258312166,1.0408600344982863,1.0,20.0,20000,2000,2000,20000,355
method_b,css,uniform,X,5,0.0019092918055162273,1.3755425258312166,1.0408600344982863,1.0,20.0,20000,2000,2000,20000,0
method_b,css,uniform,X,5,0.0023335788734087223,1.3755425258312166,1.0408600344982863,1.0,20.0,20000,2000,2000,20000,1
method_b,css,uniform,X,5,0.002757865941301217,1.3755425258312166,1.0408600344982863,1.0,20.0,20000,2000,2000,20000,1
method_b,css,uniform,X,5,0.003182153009193712,1.3755425258312166,1.0408600344982863,1.0,20.0,20000,2000,2000,20000,1
method_b,css,uniform,X,5,0.003606440077086207,1.3755425258312166,1.0408600344982863,1.0,20.0,20000,2000,2000,20000,17
method_b,css,uniform,X,5,0.004030727144978702,1.3755425258312166,1.0408600344982863,1.0,20.0,20000,2000,2000,20000,32
method_b,css,uniform,X,5,0.0044550142128711966,1.3755425258312166,1.0408600344982863,1.0,20.0,20000,2000,2000,20000,70
method_b,css,uniform,X,5,0.004879301280763692,1.3755425258312166,1.0408600344982863,1.0,20.0,20000,2000,2000,20000,185
method_b,css,uniform,X,5,0.005303588348656187,1.3755425258312166,1.0408600344982863,1.0,20.0,20000,2000,2000,20000,330
method_b,css,uniform,X,5,0.005727875416548682,1.3755425258312166,1.0408600344982863,1.0,20.0,20000,2000,2000,20000,600
method_b,css,uniform,Z,3,0.002164316403761708,1.4225754766820118,1.5707963267948966,1.0,20.0,20000,2000,2000,20000,1
method_b,css,uniform,Z,3,0.002645275604597643,1.4225754766820118,1.5707963267948966,1.0,20.0,20000,2000,2000,20000,1
method_b,css,uniform,Z,3,0.003126234805433578,1.4225754766820118,1.5707963267948966,1.0,20.0,20000,2000,2000,20000,0
method_b,css,uniform,Z,3,0.003607194006269513,1.4225754766820118,1.5707963267948966,1.0,20.0,20000,2000,2000,20000,10
method_b,css,uniform,Z,3,0.004088153207105448,1.4225754766820118,1.5707963267948966,1.0,20.0,20000,2000,2000,20000,17
method_b,css,uniform,Z,3,0.004569112407941384,1.4225754766820118,1.5707963267948966,1.0,20.0,20000,2000,2000,20000,36
method_b,css,uniform,Z,3,0.005050071608777318,1.4225754766820118,1.5707963267948966,1.0,20.0,20000,2000,2000,20000,51
method_b,css,uniform,Z,3,0.005531030809613253,1.4225754766820118,1.5707963267948966,1.0,20.0,20000,2000,2000,20000,86
method_b,css,uniform,Z,3,0.006011990010449188,1.4225754766820118,1.5707963267948966,1.0,20.0,20000,2000,2000,20000,142
method_b,css,uniform,Z,3,0.006492949211285124,1.4225754766820118,1.5707963267948966,1.0,20.0,20000,2000,2000,20000,235
method_b,css,uniform,Z,5,0.002164316403761708,1.4225754766820118,1.5707963267948966,1.0,20.0,20000,2000,2000,20000,0
method_b,css,uniform,Z,5,0.002645275604597643,1.4225754766820118,1.5707963267948966,1.0,20.0,20000,2000,2000,20000,0
method_b,css,uniform,Z,5,0.003126234805433578,1.4225754766820118,1.5707963267948966,1.0,20.0,20000,2000,2000,20000,0
method_b,css,uniform,Z,5,0.003607194006269513,1.4225754766820118,1.5707963267948966,1.0,20.0,20000,2000,2000,20000,2
method_b,css,uniform,Z,5,0.004088153207105448,1.4225754766820118,1.5707963267948966,1.0,20.0,20000,2000,2000,20000,5
method_b,css,uniform,Z,5,0.004569112407941384,1.4225754766820118,1.5707963267948966,1.0,20.0,20000,2000,2000,20000,12
method_b,css,uniform,Z,5,0.005050071608777318,1.4225754766820118,1.5707963267948966,1.0,20.0,20000,2000,2000,20000,38
method_b,css,uniform,Z,5,0.005531030809613253,1.4225754766820118,1.5707963267948966,1.0,20.0,20000,2000,2000,20000,96
method_b,css,uniform,Z,5,0.006011990010449188,1.4225754766820118,1.5707963267948966,1.0,20.0,20000,2000,2000,20000,158
method_b,css,uniform,Z,5,0.006492949211285124,1.4225754766820118,1.5707963267948966,1.0,20.0,20000,2000,2000,20000,314
method_b,css,uniform,X,3,0.002164316403761708,1.4225754766820118,1.5707963267948966,1.0,20.0,20000,2000,2000,20000,0
method_b,css,uniform,X,3,0.002645275604597643,1.4225754766820118,1.5707963267948966,1.0,20.0,20000,2000,2000,20000,4
method_b,css,uniform,X,3,0.003126234805433578,1.4225754766820118,1.5707963267948966,1.0,20.0,20000,2000,2000,20000,5
method_b,css,uniform,X,3,0.003607194006269513,1.4225754766820118,1.5707963267948966,1.0,20.0,20000,2000,2000,20000,12
method_b,css,uniform,X,3,0.004088153207105448,1.4225754766820118,1.5707963267948966,1.0,20.0,20000,2000,2000,20000,39
method_b,css,uniform,X,3,0.004569112407941384,1.4225754766820118,1.5707963267948966,1.0,20.0,20000,2000,2000,20000,57
method_b,css,uniform,X,3,0.005050071608777318,1.4225754766820118,1.5707963267948966,1.0,20.0,20000,2000,2000,20000,90
method_b,css,uniform,X,3,0.005531030809613253,1.4225754766820118,1.5707963267948966,1.0,20.0,20000,2000,2000,20000,161
method_b,css,uniform,X,3,0.006011990010449188,1.4225754766820118,1.5707963267948966,1.0,20.0,20000,2000,2000,20000,230
method_b,css,uniform,X,3,0.006492949211285124,1.4225754766820118,1.5707963267948966,1.0,20.0,20000,2000,2000,20000,334
method_b,css,uniform,X,5,0.002164316403761708,1.4225754766820118,1.5707963267948966,1.0,20.0,20000,2000,2000,20000,0
method_b,css,uniform,X,5,0.002645275604597643,1.4225754766820118,1.5707963267948966,1.0,20.0,20000,2000,2000,20000,0
method_b,css,uniform,X,5,0.003126234805433578,1.4225754766820118,1.5707963267948966,1.0,20.0,20000,2000,2000,20000,0
method_b,css,uniform,X,5,0.003607194006269513,1.4225754766820118,1.5707963267948966,1.0,20.0,20000,2000,2000,20000,6
method_b,css,uniform,X,5,0.004088153207105448,1.4225754766820118,1.5707963267948966,1.0,20.0,20000,2000,2000,20000,14
method_b,css,uniform,X,5,0.004569112407941384,1.4225754766820118,1.5707963267948966,1.0,20.0,20000,2000,2000,20000,37
method_b,css,uniform,X,5,0.005050071608777318,1.4225754766820118,1.5707963267948966,1.0,20.0,20000,2000,2000,20000,80
method_b,css,uniform,X,5,0.005531030809613253,1.4225754766820118,1.5707963267948966,1.0,20.0,20000,2000,2000,20000,186
method_b,css,uniform,X,5,0.006011990010449188,1.4225754766820118,1.5707963267948966,1.0,20.0,20000,2000,2000,20000,305
method_b,css,uniform,X,5,0.006492949211285124,1.4225754766820118,1.5707963267948966,1.0,20.0,20000,2000,2000,20000,537
method_b,css,uniform,Z,3,0.003645733324552718,0.0,0.4537652001062777,1.0,20.0,20000,2000,2000,20000,25
method_b,css,uniform,Z,3,0.004455896285564433,0.0,0.4537652001062777,1.0,20.0,20000,2000,2000,20000,79
method_b,css,uniform,Z,3,0.0052660592465761475,0.0,0.4537652001062777,1.0,20.0,20000,2000,2000,20000,164
method_b,css,uniform,Z,3,0.006076222207587863,0.0,0.4537652001062777,1.0,20.0,20000,2000,2000,20000,393
method_b,css,uniform,Z,3,0.006886385168599578,0.0,0.4537652001062777,1.0,20.0,20000,2000,2000,20000,651
method_b,css,uniform,Z,3,0.007696548129611293,0.0,0.4537652001062777,1.0,20.0,20000,2000,2000,20000,990
method_b,css,uniform,Z,3,0.008506711090623007,0.0,0.4537652001062777,1.0,20.0,20000,2000,2000,20000,1569
method_b,css,uniform,Z,3,0.009316874051634724,0.0,0.4537652001062777,1.0,20.0,20000,2000,2000,20000,2133
method_b,css,uniform,Z,3,0.010127037012646438,0.0,0.4537652001062777,1.0,20.0,20000,2000,2000,14000,2004
method_b,css,uniform,Z,3,0.010937199973658152,0.0,0.4537652001062777,1.0,20.0,20000,2000,2000,12000,2164
method_b,css,uniform,Z,5,0.003645733324552718,0.0,0.4537652001062777,1.0,20.0,20000,2000,2000,20000,5
method_b,css,uniform,Z,5,0.004455896285564433,0.0,0.4537652001062777,1.0,20.0,20000,2000,2000,20000,45
method_b,css,uniform,Z,5,0.0052660592465761475,0.0,0.4537652001062777,1.0,20.0,20000,2000,2000,20000,179
method_b,css,uniform,Z,5,0.006076222207587863,0.0,0.4537652001062777,1.0,20.0,20000,2000,2000,20000,525
method_b,css,uniform,Z,5,0.006886385168599578,0.0,0.4537652001062777,1.0,20.0,20000,2000,2000,20000,1214
method_b,css,uniform,Z,5,0.007696548129611293,0.0,0.4537652001062777,1.0,20.0,20000,2000,2000,18000,2064
method_b,css,uniform,Z,5,0.008506711090623007,0.0,0.4537652001062777,1.0,20.0,20000,2000,2000,12000,2151
method_b,css,uniform,Z,5,0.009316874051634724,0.0,0.4537652001062777,1.0,20.0,20000,2000,2000,8000,2073
method_b,css,uniform,Z,5,0.010127037012646438,0.0,0.4537652001062777,1.0,20.0,20000,2000,2000,8000,2589
method_b,css,uniform,Z,5,0.010937199973658152,0.0,0.4537652001062777,1.0,20.0,20000,2000,2000,6000,2296
method_b,css,uniform,X,3,0.0014582933298210872,0.0,0.4537652001062777,1.0,20.0,20000,2000,2000,20000,1
method_b,css,uniform,X,3,0.0017823585142257732,0.0,0.4537652001062777,1.0,20.0,20000,2000,2000,20000,1
method_b,css,uniform,X,3,0.002106423698630459,0.0,0.4537652001062777,1.0,20.0,20000,2000,2000,20000,10
method_b,css,uniform,X,3,0.002430488883035145,0.0,0.4537652001062777,1.0,20.0,20000,2000,2000,20000,34
method_b,css,uniform,X,3,0.0027545540674398313,0.0,0.4537652001062777,1.0,20.0,20000,2000,2000,20000,48
method_b,css,uniform,X,3,0.0030786192518445173,0.0,0.4537652001062777,1.0,20.0,20000,2000,2000,20000,85
method_b,css,uniform,X,3,0.003402684436249203,0.0,0.4537652001062777,1.0,20.0,20000,2000,2000,20000,138
method_b,css,uniform,X,3,0.003726749620653889,0.0,0.4537652001062777,1.0,20.0,20000,2000,2000,20000,291
method_b,css,uniform,X,3,0.004050814805058575,0.0,0.4537652001062777,1.0,20.0,20000,2000,2000,20000,358
method_b,css,uniform,X,3,0.004374879989463261,0.0,0.4537652001062777,1.0,20.0,20000,2000,2000,20000,532
method_b,css,uniform,X,5,0.0014582933298210872,0.0,0.4537652001062777,1.0,20.0,20000,2000,2000,20000,0
method_b,css,uniform,X,5,0.0017823585142257732,0.0,0.4537652001062777,1.0,20.0,20000,2000,2000,20000,0
method_b,css,uniform,X,5,0.002106423698630459,0.0,0.4537652001062777,1.0,20.0,20000,2000,2000,20000,2
method_b,css,uniform,X,5,0.002430488883035145,0.0,0.4537652001062777,1.0,20.0,20000,2000,2000,20000,1
method_b,css,uniform,X,5,0.0027545540674398313,0.0,0.4537652001062777,1.0,20.0,20000,2000,2000,20000,12
method_b,css,uniform,X,5,0.0030786192518445173,0.0,0.4537652001062777,1.0,20.0,20000,2000,2000,20000,58
method_b,css,uniform,X,5,0.003402684436249203,0.0,0.4537652001062777,1.0,20.0,20000,2000,2000,20000,164
method_b,css,uniform,X,5,0.003726749620653889,0.0,0.4537652001062777,1.0,20.0,20000,2000,2000,20000,316
method_b,css,uniform,X,5,0.004050814805058575,0.0,0.4537652001062777,1.0,20.0,20000,2000,2000,20000,578
method_b,css,uniform,X,5,0.004374879989463261,0.0,0.4537652001062777,1.0,20.0,20000,2000,2000,20000,990
method_b,css,uniform,Z,3,0.0013200089042396082,0.204120088020092,0.5173072988989683,1.0,20.0,20000,2000,2000,20000,0
method_b,css,uniform,Z,3,0.0016133442162928546,0.204120088020092,0.5173072988989683,1.0,20.0,20000,2000,2000,20000,0
method_b,css,uniform,Z,3,0.0019066795283461007,0.204120088020092,0.5173072988989683,1.0,20.0,20000,2000,2000,20000,1
method_b,css,uniform,Z,3,0.002200014840399347,0.204120088020092,0.5173072988989683,1.0,20.0,20000,2000,2000,20000,9
method_b,css,uniform,Z,3,0.002493350152452593,0.204120088020092,0.5173072988989683,1.0,20.0,20000,2000,2000,20000,5
method_b,css,uniform,Z,3,0.0027866854645058397,0.204120088020092,0.5173072988989683,1.0,20.0,20000,2000,2000,20000,15
method_b,css,uniform,Z,3,0.0030800207765590854,0.204120088020092,0.5173072988989683,1.0,20.0,20000,2000,2000,20000,18
method_b,css,uniform,Z,3,0.003373356088612332,0.204120088020092,0.5173072988989683,1.0,20.0,20000,2000,2000,20000,35
method_b,css,uniform,Z,3,0.003666691400665578,0.204120088020092,0.5173072988989683,1.0,20.0,20000,2000,2000,20000,45
method_b,css,uniform,Z,3,0.003960026712718825,0.204120088020092,0.5173072988989683,1.0,20.0,20000,2000,2000,20000,84
method_b,css,uniform,Z,5,0.0013200089042396082,0.204120088020092,0.5173072988989683,1.0,20.0,20000,2000,2000,20000,0
method_b,css,uniform,Z,5,0.0016133442162928546,0.204120088020092,0.5173072988989683,1.0,20.0,20000,2000,2000,20000,0
method_b,css,uniform,Z,5,0.0019066795283461007,0.204120088020092,0.5173072988989683,1.0,20.0,20000,2000,2000,20000,1
method_b,css,uniform,Z,5,0.002200014840399347,0.204120088020092,0.5173072988989683,1.0,20.0,20000,2000,2000,20000,0
method_b,css,uniform,Z,5,0.002493350152452593,0.204120088020092,0.5173072988989683,1.0,20.0,20000,2000,2000,20000,2
method_b,css,uniform,Z,5,0.0027866854645058397,0.204120088020092,0.5173072988989683,1.0,20.0,20000,2000,2000,20000,0
method_b,css,uniform,Z,5,0.0030800207765590854,0.204120088020092,0.5173072988989683,1.0,20.0,20000,2000,2000,20000,1
method_b,css,uniform,Z,5,0.003373356088612332,0.204120088020092,0.5173072988989683,1.0,20.0,20000,2000,2000,20000,11
method_b,css,uniform,Z,5,0.003666691400665578,0.204120088020092,0.5173072988989683,1.0,20.0,20000,2000,2000,20000,28
method_b,css,uniform,Z,5,0.003960026712718825,0.204120088020092,0.5173072988989683,1.0,20.0,20000,2000,2000,20000,38
method_b,css,uniform,X,3,0.0013200089042396082,0.204120088020092,0.5173072988989683,1.0,20.0,20000,2000,2000,20000,1
method_b,css,uniform,X,3,0.0016133442162928546,0.204120088020092,0.5173072988989683,1.0,20.0,20000,2000,2000,20000,7
method_b,css,uniform,X,3,0.0019066795283461007,0.204120088020092,0.5173072988989683,1.0,20.0,20000,2000,2000,20000,9
method_b,css,uniform,X,3,0.002200014840399347,0.204120088020092,0.5173072988989683,1.0,20.0,20000,2000,2000,20000,19
method_b,css,uniform,X,3,0.002493350152452593,0.204120088020092,0.5173072988989683,1.0,20.0,20000,2000,2000,20000,44
method_b,css,uniform,X,3,0.0027866854645058397,0.204120088020092,0.5173072988989683,1.0,20.0,20000,2000,2000,20000,95
method_b,css,uniform,X,3,0.0030800207765590854,0.204120088020092,0.5173072988989683,1.0,20.0,20000,2000,2000,20000,137
method_b,css,uniform,X,3,0.003373356088612332,0.204120088020092,0.5173072988989683,1.0,20.0,20000,2000,2000,20000,221
method_b,css,uniform,X,3,0.003666691400665578,0.204120088020092,0.5173072988989683,1.0,20.0,20000,2000,2000,20000,336
method_b,css,uniform,X,3,0.003960026712718825,0.204120088020092,0.5173072988989683,1.0,20.0,20000,2000,2000,20000,509
method_b,css,uniform,X,5,0.0013200089042396082,0.204120088020092,0.5173072988989683,1.0,20.0,20000,2000,2000,20000,0
method_b,css,uniform,X,5,0.0016133442162928546,0.204120088020092,0.5173072988989683,1.0,20.0,20000,2000,2000,20000,0
method_b,css,uniform,X,5,0.0019066795283461007,0.204120088020092,0.5173072988989683,1.0,20.0,20000,2000,2000,20000,2
method_b,css,uniform,X,5,0.002200014840399347,0.204120088020092,0.5173072988989683,1.0,20.0,20000,2000,2000,20000,7
method_b,css,uniform,X,5,0.002493350152452593,0.204120088020092,0.5173072988989683,1.0,20.0,20000,2000,2000,20000,19
method_b,css,uniform,X,5,0.0027866854645058397,0.204120088020092,0.5173072988989683,1.0,20.0,20000,2000,2000,20000,48
method_b,css,uniform,X,5,0.0030800207765590854,0.204120088020092,0.5173072988989683,1.0,20.0,20000,2000,2000,20000,143
method_b,css,uniform,X,5,0.003373356088612332,0.204120088020092,0.5173072988989683,1.0,20.0,20000,2000,2000,20000,304
method_b,css,uniform,X,5,0.003666691400665578,0.204120088020092,0.5173072988989683,1.0,20.0,20000,2000,2000,20000,542
method_b,css,uniform,X,5,0.003960026712718825,0.204120088020092,0.5173072988989683,1.0,20.0,20000,2000,2000,20000,912
method_b,css,uniform,Z,3,0.0031340271077118383,0.44104419849554954,0.5990821847223935,1.0,20.0,20000,2000,2000,20000,37
method_b,css,uniform,Z,3,0.0038304775760922474,0.44104419849554954,0.5990821847223935,1.0,20.0,20000,2000,2000,20000,97
method_b,css,uniform,Z,3,0.004526928044472655,0.44104419849554954,0.5990821847223935,1.0,20.0,20000,2000,2000,20000,212
method_b,css,uniform,Z,3,0.005223378512853064,0.44104419849554954,0.5990821847223935,1.0,20.0,20000,2000,2000,20000,380
method_b,css,uniform,Z,3,0.0059198289812334715,0.44104419849554954,0.5990821847223935,1.0,20.0,20000,2000,2000,20000,722
method_b,css,uniform,Z,3,0.006616279449613882,0.44104419849554954,0.5990821847223935,1.0,20.0,20000,2000,2000,20000,1145
method_b,css,uniform,Z,3,0.007312729917994289,0.44104419849554954,0.5990821847223935,1.0,20.0,20000,2000,2000,20000,1758
method_b,css,uniform,Z,3,0.008009180386374697,0.44104419849554954,0.5990821847223935,1.0,20.0,20000,2000,2000,18000,2080
method_b,css,uniform,Z,3,0.008705630854755106,0.44104419849554954,0.5990821847223935,1.0,20.0,20000,2000,2000,14000,2114
method_b,css,uniform,Z,3,0.009402081323135515,0.44104419849554954,0.5990821847223935,1.0,20.0,20000,2000,2000,12000,2285
method_b,css,uniform,Z,5,0.0031340271077118383,0.44104419849554954,0.5990821847223935,1.0,20.0,20000,2000,2000,20000,8
method_b,css,uniform,Z,5,0.0038304775760922474,0.44104419849554954,0.5990821847223935,1.0,20.0,20000,2000,2000,20000,61
method_b,css,uniform,Z,5,0.004526928044472655,0.44104419849554954,0.5990821847223935,1.0,20.0,20000,2000,2000,20000,231
method_b,css,uniform,Z,5,0.005223378512853064,0.44104419849554954,0.5990821847223935,1.0,20.0,20000,2000,2000,20000,631
method_b,css,uniform,Z,5,0.0059198289812334715,0.44104419849554954,0.5990821847223935,1.0,20.0,20000,2000,2000,20000,1575
method_b,css,uniform,Z,5,0.006616279449613882,0.44104419849554954,0.5990821847223935,1.0,20.0,20000,2000,2000,16000,2238
method_b,css,uniform,Z,5,0.007312729917994289,0.44104419849554954,0.5990821847223935,1.0,20.0,20000,2000,2000,10000,2094
method_b,css,uniform,Z,5,0.008009180386374697,0.44104419849554954,0.5990821847223935,1.0,20.0,20000,2000,2000,8000,2303
method_b,css,uniform,Z,5,0.008705630854755106,0.44104419849554954,0.5990821847223935,1.0,20.0,20000,2000,2000,6000,2145
method_b,css,uniform,Z,5,0.009402081323135515,0.44104419849554954,0.5990821847223935,1.0,20.0,20000,2000,2000,6000,2388
method_b,css,uniform,X,3,0.0012536108430847353,0.44104419849554954,0.5990821847223935,1.0,20.0,20000,2000,2000,20000,3
method_b,css,uniform,X,3,0.001532191030436899,0.44104419849554954,0.5990821847223935,1.0,20.0,20000,2000,2000,20000,4
method_b,css,uniform,X,3,0.001810771217789062,0.44104419849554954,0.5990821847223935,1.0,20.0,20000,2000,2000,20000,9
method_b,css,uniform,X,3,0.0020893514051412254,0.44104419849554954,0.5990821847223935,1.0,20.0,20000,2000,2000,20000,20
method_b,css,uniform,X,3,0.0023679315924933888,0.44104419849554954,0.5990821847223935,1.0,20.0,20000,2000,2000,20000,47
method_b,css,uniform,X,3,0.0026465117798455525,0.44104419849554954,0.5990821847223935,1.0,20.0,20000,2000,2000,20000,98
method_b,css,uniform,X,3,0.0029250919671977155,0.44104419849554954,0.5990821847223935,1.0,20.0,20000,2000,2000,20000,128
method_b,css,uniform,X,3,0.003203672154549879,0.44104419849554954,0.5990821847223935,1.0,20.0,20000,2000,2000,20000,220
method_b,css,uniform,X,3,0.0034822523419020426,0.44104419849554954,0.5990821847223935,1.0,20.0,20000,2000,2000,20000,325
method_b,css,uniform,X,3,0.003760832529254206,0.44104419849554954,0.5990821847223935,1.0,20.0,20000,2000,2000,20000,491
method_b,css,uniform,X,5,0.0012536108430847353,0.44104419849554954,0.5990821847223935,1.0,20.0,20000,2000,2000,20000,0
method_b,css,uniform,X,5,0.001532191030436899,0.44104419849554954,0.5990821847223935,1.0,20.0,20000,2000,2000,20000,0
method_b,css,uniform,X,5,0.001810771217789062,0.44104419849554954,0.5990821847223935,1.0,20.0,20000,2000,2000,20000,0
method_b,css,uniform,X,5,0.0020893514051412254,0.44104419849554954,0.5990821847223935,1.0,20.0,20000,2000,2000,20000,4
method_b,css,uniform,X,5,0.0023679315924933888,0.44104419849554954,0.5990821847223935,1.0,20.0,20000,2000,2000,20000,16
method_b,css,uniform,X,5,0.0026465117798455525,0.44104419849554954,0.5990821847223935,1.0,20.0,20000,2000,2000,20000,59
method_b,css,uniform,X,5,0.0029250919671977155,0.44104419849554954,0.5990821847223935,1.0,20.0,20000,2000,2000,20000,137
method_b,css,uniform,X,5,0.003203672154549879,0.44104419849554954,0.5990821847223935,1.0,20.0,20000,2000,2000,20000,253
method_b,css,uniform,X,5,0.0034822523419020426,0.44104419849554954,0.5990821847223935,1.0,20.0,20000,2000,2000,20000,520
method_b,css,uniform,X,5,0.003760832529254206,0.44104419849554954,0.5990821847223935,1.0,20.0,20000,2000,2000,20000,918
method_b,css,uniform,Z,3,0.003176052337104176,0.6839418757511059,0.7065154452798695,1.0,20.0,20000,2000,2000,20000,30
method_b,css,uniform,Z,3,0.0038818417453495486,0.6839418757511059,0.7065154452798695,1.0,20.0,20000,2000,2000,20000,105
method_b,css,uniform,Z,3,0.004587631153594921,0.6839418757511059,0.7065154452798695,1.0,20.0,20000,2000,2000,20000,226
method_b,css,uniform,Z,3,0.005293420561840292,0.6839418757511059,0.7065154452798695,1.0,20.0,20000,2000,2000,20000,454
method_b,css,uniform,Z,3,0.005999209970085665,0.6839418757511059,0.7065154452798695,1.0,20.0,20000,2000,2000,20000,782
method_b,css,uniform,Z,3,0.006704999378331039,0.6839418757511059,0.7065154452798695,1.0,20.0,20000,2000,2000,20000,1132
method_b,css,uniform,Z,3,0.00741078878657641,0.6839418757511059,0.7065154452798695,1.0,20.0,20000,2000,2000,20000,1755
method_b,css,uniform,Z,3,0.008116578194821783,0.6839418757511059,0.7065154452798695,1.0,20.0,20000,2000,2000,18000,2142
method_b,css,uniform,Z,3,0.008822367603067155,0.6839418757511059,0.7065154452798695,1.0,20.0,20000,2000,2000,14000,2165
method_b,css,uniform,Z,3,0.009528157011312528,0.6839418757511059,0.7065154452798695,1.0,20.0,20000,2000,2000,12000,2245
method_b,css,uniform,Z,5,0.003176052337104176,0.6839418757511059,0.7065154452798695,1.0,20.0,20000,2000,2000,20000,10
method_b,css,uniform,Z,5,0.0038818417453495486,0.6839418757511059,0.7065154452798695,1.0,20.0,20000,2000,2000,20000,77
method_b,css,uniform,Z,5,0.004587631153594921,0.6839418757511059,0.7065154452798695,1.0,20.0,20000,2000,2000,20000,256
method_b,css,uniform,Z,5,0.005293420561840292,0.6839418757511059,0.7065154452798695,1.0,20.0,20000,2000,2000,20000,834
method_b,css,uniform,Z,5,0.005999209970085665,0.6839418757511059,0.7065154452798695,1.0,20.0,20000,2000,2000,20000,1801
method_b,css,uniform,Z,5,0.006704999378331039,0.6839418757511059,0.7065154452798695,1.0,20.0,20000,2000,2000,14000,2087
method_b,css,uniform,Z,5,0.00741078878657641,0.6839418757511059,0.7065154452798695,1.0,20.0,20000,2000,2000,10000,2159
method_b,css,uniform,Z,5,0.008116578194821783,0.6839418757511059,0.7065154452798695,1.0,20.0,20000,2000,2000,8000,2389
method_b,css,uniform,Z,5,0.008822367603067155,0.6839418757511059,0.7065154452798695,1.0,20.0,20000,2000,2000,6000,2173
method_b,css,uniform,Z,5,0.009528157011312528,0.6839418757511059,0.7065154452798695,1.0,20.0,20000,2000,2000,6000,2454
method_b,css,uniform,X,3,0.0012704209348416704,0.6839418757511059,0.7065154452798695,1.0,20.0,20000,2000,2000,20000,4
method_b,css,uniform,X,3,0.0015527366981398195,0.6839418757511059,0.7065154452798695,1.0,20.0,20000,2000,2000,20000,3
method_b,css,uniform,X,3,0.0018350524614379683,0.6839418757511059,0.7065154452798695,1.0,20.0,20000,2000,2000,20000,4
method_b,css,uniform,X,3,0.002117368224736117,0.6839418757511059,0.7065154452798695,1.0,20.0,20000,2000,2000,20000,20
method_b,css,uniform,X,3,0.002399683988034266,0.6839418757511059,0.7065154452798695,1.0,20.0,20000,2000,2000,20000,46
method_b,css,uniform,X,3,0.0026819997513324156,0.6839418757511059,0.7065154452798695,1.0,20.0,20000,2000,2000,20000,79
method_b,css,uniform,X,3,0.0029643155146305638,0.6839418757511059,0.7065154452798695,1.0,20.0,20000,2000,2000,20000,139
method_b,css,uniform,X,3,0.003246631277928713,0.6839418757511059,0.7065154452798695,1.0,20.0,20000,2000,2000,20000,208
method_b,css,uniform,X,3,0.003528947041226862,0.6839418757511059,0.7065154452798695,1.0,20.0,20000,2000,2000,20000,314
method_b,css,uniform,X,3,0.003811262804525011,0.6839418757511059,0.7065154452798695,1.0,20.0,20000,2000,2000,20000,475
method_b,css,uniform,X,5,0.0012704209348416704,0.6839418757511059,0.7065154452798695,1.0,20.0,20000,2000,2000,20000,0
method_b,css,uniform,X,5,0.0015527366981398195,0.6839418757511059,0.7065154452798695,1.0,20.0,20000,2000,2000,20000,1
method_b,css,uniform,X,5,0.0018350524614379683,0.6839418757511059,0.7065154452798695,1.0,20.0,20000,2000,2000,20000,0
method_b,css,uniform,X,5,0.002117368224736117,0.6839418757511059,0.7065154452798695,1.0,20.0,20000,2000,2000,20000,9
method_b,css,uniform,X,5,0.002399683988034266,0.6839418757511059,0.7065154452798695,1.0,20.0,20000,2000,2000,20000,13
method_b,css,uniform,X,5,0.0026819997513324156,0.6839418757511059,0.7065154452798695,1.0,20.0,20000,2000,2000,20000,47
method_b,css,uniform,X,5,0.0029643155146305638,0.6839418757511059,0.7065154452798695,1.0,20.0,20000,2000,2000,20000,129
method_b,css,uniform,X,5,0.003246631277928713,0.6839418757511059,0.7065154452798695,1.0,20.0,20000,2000,2000,20000,244
method_b,css,uniform,X,5,0.003528947041226862,0.6839418757511059,0.7065154452798695,1.0,20.0,20000,2000,2000,20000,482
method_b,css,uniform,X,5,0.003811262804525011,0.6839418757511059,0.7065154452798695,1.0,20.0,20000,2000,2000,20000,847
method_b,css,uniform,Z,3,0.003418434514350959,0.899050017379296,0.8498479810831482,1.0,20.0,20000,2000,2000,20000,33
method_b,css,uniform,Z,3,0.004178086628651172,0.899050017379296,0.8498479810831482,1.0,20.0,20000,2000,2000,20000,102
method_b,css,uniform,Z,3,0.004937738742951385,0.899050017379296,0.8498479810831482,1.0,20.0,20000,2000,2000,20000,245
method_b,css,uniform,Z,3,0.005697390857251598,0.899050017379296,0.8498479810831482,1.0,20.0,20000,2000,2000,20000,463
method_b,css,uniform,Z,3,0.006457042971551811,0.899050017379296,0.8498479810831482,1.0,20.0,20000,2000,2000,20000,780
method_b,css,uniform,Z,3,0.007216695085852025,0.899050017379296,0.8498479810831482,1.0,20.0,20000,2000,2000,20000,1290
method_b,css,uniform,Z,3,0.007976347200152237,0.899050017379296,0.8498479810831482,1.0,20.0,20000,2000,2000,20000,1834
method_b,css,uniform,Z,3,0.00873599931445245,0.899050017379296,0.8498479810831482,1.0,20.0,20000,2000,2000,16000,2004
method_b,css,uniform,Z,3,0.009495651428752663,0.899050017379296,0.8498479810831482,1.0,20.0,20000,2000,2000,14000,2249
method_b,css,uniform,Z,3,0.010255303543052876,0.899050017379296,0.8498479810831482,1.0,20.0,20000,2000,2000,12000,2370
method_b,css,uniform,Z,5,0.003418434514350959,0.899050017379296,0.8498479810831482,1.0,20.0,20000,2000,2000,20000,14
method_b,css,uniform,Z,5,0.004178086628651172,0.899050017379296,0.8498479810831482,1.0,20.0,20000,2000,2000,20000,91
method_b,css,uniform,Z,5,0.004937738742951385,0.899050017379296,0.8498479810831482,1.0,20.0,20000,2000,2000,20000,338
method_b,css,uniform,Z,5,0.005697390857251598,0.899050017379296,0.8498479810831482,1.0,20.0,20000,2000,2000,20000,889
method_b,css,uniform,Z,5,0.006457042971551811,0.899050017379296,0.8498479810831482,1.0,20.0,20000,2000,2000,20000,1865
method_b,css,uniform,Z,5,0.007216695085852025,0.899050017379296,0.8498479810831482,1.0,20.0,20000,2000,2000,14000,2223
method_b,css,uniform,Z,5,0.007976347200152237,0.899050017379296,0.8498479810831482,1.0,20.0,20000,2000,2000,10000,2394
method_b,css,uniform,Z,5,0.00873599931445245,0.899050017379296,0.8498479810831482,1.0,20.0,20000,2000,2000,8000,2459
method_b,css,uniform,Z,5,0.009495651428752663,0.899050017379296,0.8498479810831482,1.0,20.0,20000,2000,2000,6000,2261
method_b,css,uniform,Z,5,0.010255303543052876,0.899050017379296,0.8498479810831482,1.0,20.0,20000,2000,2000,6000,2491
method_b,css,uniform,X,3,0.0013673738057403836,0.899050017379296,0.8498479810831482,1.0,20.0,20000,2000,2000,20000,1
method_b,css,uniform,X,3,0.0016712346514604689,0.899050017379296,0.8498479810831482,1.0,20.0,20000,2000,2000,20000,4
method_b,css,uniform,X,3,0.001975095497180554,0.899050017379296,0.8498479810831482,1.0,20.0,20000,2000,2000,20000,9
method_b,css,uniform,X,3,0.0022789563429006393,0.899050017379296,0.8498479810831482,1.0,20.0,20000,2000,2000,20000,20
method_b,css,uniform,X,3,0.0025828171886207243,0.899050017379296,0.8498479810831482,1.0,20.0,20000,2000,2000,20000,39
method_b,css,uniform,X,3,0.00288667803434081,0.899050017379296,0.8498479810831482,1.0,20.0,20000,2000,2000,20000,81
method_b,css,uniform,X,3,0.0031905388800608945,0.899050017379296,0.8498479810831482,1.0,20.0,20000,2000,2000,20000,126
method_b,css,uniform,X,3,0.00349439972578098,0.899050017379296,0.8498479810831482,1.0,20.0,20000,2000,2000,20000,187
method_b,css,uniform,X,3,0.003798260571501065,0.899050017379296,0.8498479810831482,1.0,20.0,20000,2000,2000,20000,305
method_b,css,uniform,X,3,0.00410212141722115,0.899050017379296,0.8498479810831482,1.0,20.0,20000,2000,2000,20000,475
method_b,css,uniform,X,5,0.0013673738057403836,0.899050017379296,0.8498479810831482,1.0,20.0,20000,2000,2000,20000,0
method_b,css,uniform,X,5,0.0016712346514604689,0.899050017379296,0.8498479810831482,1.0,20.0,20000,2000,2000,20000,0
method_b,css,uniform,X,5,0.001975095497180554,0.899050017379296,0.8498479810831482,1.0,20.0,20000,2000,2000,20000,0
method_b,css,uniform,X,5,0.0022789563429006393,0.899050017379296,0.8498479810831482,1.0,20.0,20000,2000,2000,20000,3
method_b,css,uniform,X,5,0.0025828171886207243,0.899050017379296,0.8498479810831482,1.0,20.0,20000,2000,2000,20000,24
method_b,css,uniform,X,5,0.00288667803434081,0.899050017379296,0.8498479810831482,1.0,20.0,20000,2000,2000,20000,38
method_b,css,uniform,X,5,0.0031905388800608945,0.899050017379296,0.8498479810831482,1.0,20.0,20000,2000,2000,20000,112
method_b,css,uniform,X,5,0.00349439972578098,0.899050017379296,0.8498479810831482,1.0,20.0,20000,2000,2000,20000,280
method_b,css,uniform,X,5,0.003798260571501065,0.899050017379296,0.8498479810831482,1.0,20.0,20000,2000,2000,20000,445
method_b,css,uniform,X,5,0.00410212141722115,0.899050017379296,0.8498479810831482,1.0,20.0,20000,2000,2000,20000,746
method_b,css,uniform,Z,3,0.0038232557009066975,1.0650664597215915,1.0408600344982866,1.0,20.0,20000,2000,2000,20000,46
method_b,css,uniform,Z,3,0.004672868078885964,1.0650664597215915,1.0408600344982866,1.0,20.0,20000,2000,2000,20000,120
method_b,css,uniform,Z,3,0.00552248045686523,1.0650664597215915,1.0408600344982866,1.0,20.0,20000,2000,2000,20000,243
method_b,css,uniform,Z,3,0.006372092834844495,1.0650664597215915,1.0408600344982866,1.0,20.0,20000,2000,2000,20000,472
method_b,css,uniform,Z,3,0.007221705212823761,1.0650664597215915,1.0408600344982866,1.0,20.0,20000,2000,2000,20000,847
method_b,css,uniform,Z,3,0.008071317590803028,1.0650664597215915,1.0408600344982866,1.0,20.0,20000,2000,2000,20000,1285
method_b,css,uniform,Z,3,0.008920929968782293,1.0650664597215915,1.0408600344982866,1.0,20.0,20000,2000,2000,20000,1943
method_b,css,uniform,Z,3,0.009770542346761559,1.0650664597215915,1.0408600344982866,1.0,20.0,20000,2000,2000,16000,2050
method_b,css,uniform,Z,3,0.010620154724740826,1.0650664597215915,1.0408600344982866,1.0,20.0,20000,2000,2000,14000,2251
method_b,css,uniform,Z,3,0.011469767102720092,1.0650664597215915,1.0408600344982866,1.0,20.0,20000,2000,2000,10000,2061
method_b,css,uniform,Z,5,0.0038232557009066975,1.0650664597215915,1.0408600344982866,1.0,20.0,20000,2000,2000,20000,21
method_b,css,uniform,Z,5,0.004672868078885964,1.0650664597215915,1.0408600344982866,1.0,20.0,20000,2000,2000,20000,72
method_b,css,uniform,Z,5,0.00552248045686523,1.0650664597215915,1.0408600344982866,1.0,20.0,20000,2000,2000,20000,376
method_b,css,uniform,Z,5,0.006372092834844495,1.0650664597215915,1.0408600344982866,1.0,20.0,20000,2000,2000,20000,1003
method_b,css,uniform,Z,5,0.007221705212823761,1.0650664597215915,1.0408600344982866,1.0,20.0,20000,2000,2000,20000,2080
method_b,css,uniform,Z,5,0.008071317590803028,1.0650664597215915,1.0408600344982866,1.0,20.0,20000,2000,2000,12000,2107
method_b,css,uniform,Z,5,0.008920929968782293,1.0650664597215915,1.0408600344982866,1.0,20.0,20000,2000,2000,10000,2477
method_b,css,uniform,Z,5,0.009770542346761559,1.0650664597215915,1.0408600344982866,1.0,20.0,20000,2000,2000,8000,2553
method_b,css,uniform,Z,5,0.010620154724740826,1.0650664597215915,1.0408600344982866,1.0,20.0,20000,2000,2000,6000,2203
method_b,css,uniform,Z,5,0.011469767102720092,1.0650664597215915,1.0408600344982866,1.0,20.0,20000,2000,2000,6000,2538
method_b,css,uniform,X,3,0.001529302280362679,1.0650664597215915,1.0408600344982866,1.0,20.0,20000,2000,2000,20000,1
method_b,css,uniform,X,3,0.0018691472315543855,1.0650664597215915,1.0408600344982866,1.0,20.0,20000,2000,2000,20000,4
method_b,css,uniform,X,3,0.002208992182746092,1.0650664597215915,1.0408600344982866,1.0,20.0,20000,2000,2000,20000,8
method_b,css,uniform,X,3,0.002548837133937798,1.0650664597215915,1.0408600344982866,1.0,20.0,20000,2000,2000,20000,14
method_b,css,uniform,X,3,0.0028886820851295046,1.0650664597215915,1.0408600344982866,1.0,20.0,20000,2000,2000,20000,48
method_b,css,uniform,X,3,0.0032285270363212114,1.0650664597215915,1.0408600344982866,1.0,20.0,20000,2000,2000,20000,74
method_b,css,uniform,X,3,0.0035683719875129172,1.0650664597215915,1.0408600344982866,1.0,20.0,20000,2000,2000,20000,129
method_b,css,uniform,X,3,0.0039082169387046235,1.0650664597215915,1.0408600344982866,1.0,20.0,20000,2000,2000,20000,192
method_b,css,uniform,X,3,0.00424806188989633,1.0650664597215915,1.0408600344982866,1.0,20.0,20000,2000,2000,20000,293
method_b,css,uniform,X,3,0.004587906841088037,1.0650664597215915,1.0408600344982866,1.0,20.0,20000,2000,2000,20000,449
method_b,css,uniform,X,5,0.001529302280362679,1.0650664597215915,1.0408600344982866,1.0,20.0,20000,2000,2000,20000,0
method_b,css,uniform,X,5,0.0018691472315543855,1.0650664597215915,1.0408600344982866,1.0,20.0,20000,2000,2000,20000,0
method_b,css,uniform,X,5,0.002208992182746092,1.0650664597215915,1.0408600344982866,1.0,20.0,20000,2000,2000,20000,3
method_b,css,uniform,X,5,0.002548837133937798,1.0650664597215915,1.0408600344982866,1.0,20.0,20000,2000,2000,20000,8
method_b,css,uniform,X,5,0.0028886820851295046,1.0650664597215915,1.0408600344982866,1.0,20.0,20000,2000,2000,20000,20
method_b,css,uniform,X,5,0.0032285270363212114,1.0650664597215915,1.0408600344982866,1.0,20.0,20000,2000,2000,20000,34
method_b,css,uniform,X,5,0.0035683719875129172,1.0650664597215915,1.0408600344982866,1.0,20.0,20000,2000,2000,20000,116
method_b,css,uniform,X,5,0.0039082169387046235,1.0650664597215915,1.0408600344982866,1.0,20.0,20000,2000,2000,20000,205
method_b,css,uniform,X,5,0.00424806188989633,1.0650664597215915,1.0408600344982866,1.0,20.0,20000,2000,2000,20000,446
method_b,css,uniform,X,5,0.004587906841088037,1.0650664597215915,1.0408600344982866,1.0,20.0,20000,2000,2000,20000,748
method_b,css,uniform,Z,3,0.001738140492588741,1.1775063872942841,1.2858514781353234,1.0,20.0,20000,2000,2000,20000,0
method_b,css,uniform,Z,3,0.0021243939353862394,1.1775063872942841,1.2858514781353234,1.0,20.0,20000,2000,2000,20000,0
method_b,css,uniform,Z,3,0.002510647378183737,1.1775063872942841,1.2858514781353234,1.0,20.0,20000,2000,2000,20000,1
method_b,css,uniform,Z,3,0.002896900820981235,1.1775063872942841,1.2858514781353234,1.0,20.0,20000,2000,2000,20000,1
method_b,css,uniform,Z,3,0.003283154263778733,1.1775063872942841,1.2858514781353234,1.0,20.0,20000,2000,2000,20000,8
method_b,css,uniform,Z,3,0.003669407706576231,1.1775063872942841,1.2858514781353234,1.0,20.0,20000,2000,2000,20000,11
method_b,css,uniform,Z,3,0.004055661149373729,1.1775063872942841,1.2858514781353234,1.0,20.0,20000,2000,2000,20000,23
method_b,css,uniform,Z,3,0.004441914592171227,1.1775063872942841,1.2858514781353234,1.0,20.0,20000,2000,2000,20000,40
method_b,css,uniform,Z,3,0.004828168034968725,1.1775063872942841,1.2858514781353234,1.0,20.0,20000,2000,2000,20000,65
method_b,css,uniform,Z,3,0.005214421477766223,1.1775063872942841,1.2858514781353234,1.0,20.0,20000,2000,2000,20000,101
method_b,css,uniform,Z,5,0.001738140492588741,1.1775063872942841,1.2858514781353234,1.0,20.0,20000,2000,2000,20000,0
method_b,css,uniform,Z,5,0.0021243939353862394,1.1775063872942841,1.2858514781353234,1.0,20.0,20000,2000,2000,20000,0
method_b,css,uniform,Z,5,0.002510647378183737,1.1775063872942841,1.2858514781353234,1.0,20.0,20000,2000,2000,20000,0
method_b,css,uniform,Z,5,0.002896900820981235,1.1775063872942841,1.2858514781353234,1.0,20.0,20000,2000,2000,20000,2
method_b,css,uniform,Z,5,0.003283154263778733,1.1775063872942841,1.2858514781353234,1.0,20.0,20000,2000,2000,20000,0
method_b,css,uniform,Z,5,0.003669407706576231,1.1775063872942841,1.2858514781353234,1.0,20.0,20000,2000,2000,20000,7
method_b,css,uniform,Z,5,0.004055661149373729,1.1775063872942841,1.2858514781353234,1.0,20.0,20000,2000,2000,20000,11
method_b,css,uniform,Z,5,0.004441914592171227,1.1775063872942841,1.2858514781353234,1.0,20.0,20000,2000,2000,20000,33
method_b,css,uniform,Z,5,0.004828168034968725,1.1775063872942841,1.2858514781353234,1.0,20.0,20000,2000,2000,20000,52
method_b,css,uniform,Z,5,0.005214421477766223,1.1775063872942841,1.2858514781353234,1.0,20.0,20000,2000,2000,20000,101
method_b,css,uniform,X,3,0.001738140492588741,1.1775063872942841,1.2858514781353234,1.0,20.0,20000,2000,2000,20000,0
method_b,css,uniform,X,3,0.0021243939353862394,1.1775063872942841,1.2858514781353234,1.0,20.0,20000,2000,2000,20000,4
method_b,css,uniform,X,3,0.002510647378183737,1.1775063872942841,1.2858514781353234,1.0,20.0,20000,2000,2000,20000,6
method_b,css,uniform,X,3,0.002896900820981235,1.1775063872942841,1.2858514781353234,1.0,20.0,20000,2000,2000,20000,19
method_b,css,uniform,X,3,0.003283154263778733,1.1775063872942841,1.2858514781353234,1.0,20.0,20000,2000,2000,20000,37
method_b,css,uniform,X,3,0.003669407706576231,1.1775063872942841,1.2858514781353234,1.0,20.0,20000,2000,2000,20000,83
method_b,css,uniform,X,3,0.004055661149373729,1.1775063872942841,1.2858514781353234,1.0,20.0,20000,2000,2000,20000,110
method_b,css,uniform,X,3,0.004441914592171227,1.1775063872942841,1.2858514781353234,1.0,20.0,20000,2000,2000,20000,171
method_b,css,uniform,X,3,0.004828168034968725,1.1775063872942841,1.2858514781353234,1.0,20.0,20000,2000,2000,20000,279
method_b,css,uniform,X,3,0.005214421477766223,1.1775063872942841,1.2858514781353234,1.0,20.0,20000,2000,2000,20000,353
method_b,css,uniform,X,5,0.001738140492588741,1.1775063872942841,1.2858514781353234,1.0,20.0,20000,2000,2000,20000,0
method_b,css,uniform,X,5,0.0021243939353862394,1.1775063872942841,1.2858514781353234,1.0,20.0,20000,2000,2000,20000,0
method_b,css,uniform,X,5,0.002510647378183737,1.1775063872942841,1.2858514781353234,1.0,20.0,20000,2000,2000,20000,2
method_b,css,uniform,X,5,0.002896900820981235,1.1775063872942841,1.2858514781353234,1.0,20.0,20000,2000,2000,20000,6
method_b,css,uniform,X,5,0.003283154263778733,1.1775063872942841,1.2858514781353234,1.0,20.0,20000,2000,2000,20000,12
method_b,css,uniform,X,5,0.003669407706576231,1.1775063872942841,1.2858514781353234,1.0,20.0,20000,2000,2000,20000,40
method_b,css,uniform,X,5,0.004055661149373729,1.1775063872942841,1.2858514781353234,1.0,20.0,20000,2000,2000,20000,105
method_b,css,uniform,X,5,0.004441914592171227,1.1775063872942841,1.2858514781353234,1.0,20.0,20000,2000,2000,20000,213
method_b,css,uniform,X,5,0.004828168034968725,1.1775063872942841,1.2858514781353234,1.0,20.0,20000,2000,2000,20000,382
method_b,css,uniform,X,5,0.005214421477766223,1.1775063872942841,1.2858514781353234,1.0,20.0,20000,2000,2000,20000,728
method_b,css,uniform,Z,3,0.004947734232951588,1.2418987909687529,1.5707963267948963,1.0,20.0,20000,2000,2000,20000,36
method_b,css,uniform,Z,3,0.006047230729163052,1.2418987909687529,1.5707963267948963,1.0,20.0,20000,2000,2000,20000,125
method_b,css,uniform,Z,3,0.007146727225374516,1.2418987909687529,1.5707963267948963,1.0,20.0,20000,2000,2000,20000,330
method_b,css,uniform,Z,3,0.008246223721585979,1.2418987909687529,1.5707963267948963,1.0,20.0,20000,2000,2000,20000,548
method_b,css,uniform,Z,3,0.009345720217797443,1.2418987909687529,1.5707963267948963,1.0,20.0,20000,2000,2000,20000,931
method_b,css,uniform,Z,3,0.01044521671400891,1.2418987909687529,1.5707963267948963,1.0,20.0,20000,2000,2000,20000,1464
method_b,css,uniform,Z,3,0.01154471321022037,1.2418987909687529,1.5707963267948963,1.0,20.0,20000,2000,2000,20000,2004
method_b,css,uniform,Z,3,0.012644209706431835,1.2418987909687529,1.5707963267948963,1.0,20.0,20000,2000,2000,16000,2217
method_b,css,uniform,Z,3,0.0137437062026433,1.2418987909687529,1.5707963267948963,1.0,20.0,20000,2000,2000,12000,2066
method_b,css,uniform,Z,3,0.014843202698854762,1.2418987909687529,1.5707963267948963,1.0,20.0,20000,2000,2000,10000,2094
method_b,css,uniform,Z,5,0.004947734232951588,1.2418987909687529,1.5707963267948963,1.0,20.0,20000,2000,2000,20000,27
method_b,css,uniform,Z,5,0.006047230729163052,1.2418987909687529,1.5707963267948963,1.0,20.0,20000,2000,2000,20000,133
method_b,css,uniform,Z,5,0.007146727225374516,1.2418987909687529,1.5707963267948963,1.0,20.0,20000,2000,2000,20000,461
method_b,css,uniform,Z,5,0.008246223721585979,1.2418987909687529,1.5707963267948963,1.0,20.0,20000,2000,2000,20000,1201
method_b,css,uniform,Z,5,0.009345720217797443,1.2418987909687529,1.5707963267948963,1.0,20.0,20000,2000,2000,18000,2135
method_b,css,uniform,Z,5,0.01044521671400891,1.2418987909687529,1.5707963267948963,1.0,20.0,20000,2000,2000,12000,2289
method_b,css,uniform,Z,5,0.01154471321022037,1.2418987909687529,1.5707963267948963,1.0,20.0,20000,2000,2000,8000,2140
method_b,css,uniform,Z,5,0.012644209706431835,1.2418987909687529,1.5707963267948963,1.0,20.0,20000,2000,2000,8000,2617
method_b,css,uniform,Z,5,0.0137437062026433,1.2418987909687529,1.5707963267948963,1.0,20.0,20000,2000,2000,6000,2433
method_b,css,uniform,Z,5,0.014843202698854762,1.2418987909687529,1.5707963267948963,1.0,20.0,20000,2000,2000,6000,2585
method_b,css,uniform,X,3,0.001979093693180635,1.2418987909687529,1.5707963267948963,1.0,20.0,20000,2000,2000,20000,1
method_b,css,uniform,X,3,0.002418892291665221,1.2418987909687529,1.5707963267948963,1.0,20.0,20000,2000,2000,20000,1
method_b,css,uniform,X,3,0.0028586908901498064,1.2418987909687529,1.5707963267948963,1.0,20.0,20000,2000,2000,20000,11
method_b,css,uniform,X,3,0.0032984894886343916,1.2418987909687529,1.5707963267948963,1.0,20.0,20000,2000,2000,20000,21
method_b,css,uniform,X,3,0.0037382880871189776,1.2418987909687529,1.5707963267948963,1.0,20.0,20000,2000,2000,20000,40
method_b,css,uniform,X,3,0.004178086685603564,1.2418987909687529,1.5707963267948963,1.0,20.0,20000,2000,2000,20000,69
method_b,css,uniform,X,3,0.004617885284088148,1.2418987909687529,1.5707963267948963,1.0,20.0,20000,2000,2000,20000,131
method_b,css,uniform,X,3,0.005057683882572734,1.2418987909687529,1.5707963267948963,1.0,20.0,20000,2000,2000,20000,156
method_b,css,uniform,X,3,0.0054974824810573196,1.2418987909687529,1.5707963267948963,1.0,20.0,20000,2000,2000,20000,254
method_b,css,uniform,X,3,0.005937281079541905,1.2418987909687529,1.5707963267948963,1.0,20.0,20000,2000,2000,20000,392
method_b,css,uniform,X,5,0.001979093693180635,1.2418987909687529,1.5707963267948963,1.0,20.0,20000,2000,2000,20000,0
method_b,css,uniform,X,5,0.002418892291665221,1.2418987909687529,1.5707963267948963,1.0,20.0,20000,2000,2000,20000,0
method_b,css,uniform,X,5,0.0028586908901498064,1.2418987909687529,1.5707963267948963,1.0,20.0,20000,2000,2000,20000,0
method_b,css,uniform,X,5,0.0032984894886343916,1.2418987909687529,1.5707963267948963,1.0,20.0,20000,2000,2000,20000,4
method_b,css,uniform,X,5,0.0037382880871189776,1.2418987909687529,1.5707963267948963,1.0,20.0,20000,2000,2000,20000,15
method_b,css,uniform,X,5,0.004178086685603564,1.2418987909687529,1.5707963267948963,1.0,20.0,20000,2000,2000,20000,22
method_b,css,uniform,X,5,0.004617885284088148,1.2418987909687529,1.5707963267948963,1.0,20.0,20000,2000,2000,20000,123
method_b,css,uniform,X,5,0.005057683882572734,1.2418987909687529,1.5707963267948963,1.0,20.0,20000,2000,2000,20000,195
method_b,css,uniform,X,5,0.0054974824810573196,1.2418987909687529,1.5707963267948963,1.0,20.0,20000,2000,2000,20000,364
method_b,css,uniform,X,5,0.005937281079541905,1.2418987909687529,1.5707963267948963,1.0,20.0,20000,2000,2000,20000,660
method_b,css,uniform,Z,3,0.0036925803670748948,0.0,0.7065154452798695,1.0,20.0,20000,2000,2000,20000,13
method_b,css,uniform,Z,3,0.004513153781980427,0.0,0.7065154452798695,1.0,20.0,20000,2000,2000,20000,49
method_b,css,uniform,Z,3,0.005333727196885959,0.0,0.7065154452798695,1.0,20.0,20000,2000,2000,20000,78
method_b,css,uniform,Z,3,0.006154300611791491,0.0,0.7065154452798695,1.0,20.0,20000,2000,2000,20000,190
method_b,css,uniform,Z,3,0.006974874026697024,0.0,0.7065154452798695,1.0,20.0,20000,2000,2000,20000,310
method_b,css,uniform,Z,3,0.007795447441602556,0.0,0.7065154452798695,1.0,20.0,20000,2000,2000,20000,593
method_b,css,uniform,Z,3,0.008616020856508087,0.0,0.7065154452798695,1.0,20.0,20000,2000,2000,20000,814
method_b,css,uniform,Z,3,0.00943659427141362,0.0,0.7065154452798695,1.0,20.0,20000,2000,2000,20000,1295
method_b,css,uniform,Z,3,0.010257167686319152,0.0,0.7065154452798695,1.0,20.0,20000,2000,2000,20000,1720
method_b,css,uniform,Z,3,0.011077741101224687,0.0,0.7065154452798695,1.0,20.0,20000,2000,2000,18000,2152
method_b,css,uniform,Z,5,0.0036925803670748948,0.0,0.7065154452798695,1.0,20.0,20000,2000,2000,20000,1
method_b,css,uniform,Z,5,0.004513153781980427,0.0,0.7065154452798695,1.0,20.0,20000,2000,2000,20000,15
method_b,css,uniform,Z,5,0.005333727196885959,0.0,0.7065154452798695,1.0,20.0,20000,2000,2000,20000,41
method_b,css,uniform,Z,5,0.006154300611791491,0.0,0.7065154452798695,1.0,20.0,20000,2000,2000,20000,163
method_b,css,uniform,Z,5,0.006974874026697024,0.0,0.7065154452798695,1.0,20.0,20000,2000,2000,20000,486
method_b,css,uniform,Z,5,0.007795447441602556,0.0,0.7065154452798695,1.0,20.0,20000,2000,2000,20000,979
method_b,css,uniform,Z,5,0.008616020856508087,0.0,0.7065154452798695,1.0,20.0,20000,2000,2000,20000,1899
method_b,css,uniform,Z,5,0.00943659427141362,0.0,0.7065154452798695,1.0,20.0,20000,2000,2000,14000,2144
method_b,css,uniform,Z,5,0.010257167686319152,0.0,0.7065154452798695,1.0,20.0,20000,2000,2000,10000,2090
method_b,css,uniform,Z,5,0.011077741101224687,0.0,0.7065154452798695,1.0,20.0,20000,2000,2000,8000,2186
method_b,css,uniform,X,3,0.001477032146829958,0.0,0.7065154452798695,1.0,20.0,20000,2000,2000,20000,2
method_b,css,uniform,X,3,0.001805261512792171,0.0,0.7065154452798695,1.0,20.0,20000,2000,2000,20000,6
method_b,css,uniform,X,3,0.0021334908787543835,0.0,0.7065154452798695,1.0,20.0,20000,2000,2000,20000,8
method_b,css,uniform,X,3,0.0024617202447165965,0.0,0.7065154452798695,1.0,20.0,20000,2000,2000,20000,26
method_b,css,uniform,X,3,0.0027899496106788095,0.0,0.7065154452798695,1.0,20.0,20000,2000,2000,20000,60
method_b,css,uniform,X,3,0.0031181789766410225,0.0,0.7065154452798695,1.0,20.0,20000,2000,2000,20000,92
method_b,css,uniform,X,3,0.003446408342603235,0.0,0.7065154452798695,1.0,20.0,20000,2000,2000,20000,171
method_b,css,uniform,X,3,0.003774637708565448,0.0,0.7065154452798695,1.0,20.0,20000,2000,2000,20000,253
method_b,css,uniform,X,3,0.004102867074527661,0.0,0.7065154452798695,1.0,20.0,20000,2000,2000,20000,372
method_b,css,uniform,X,3,0.004431096440489874,0.0,0.7065154452798695,1.0,20.0,20000,2000,2000,20000,530
method_b,css,uniform,X,5,0.001477032146829958,0.0,0.7065154452798695,1.0,20.0,20000,2000,2000,20000,0
method_b,css,uniform,X,5,0.001805261512792171,0.0,0.7065154452798695,1.0,20.0,20000,2000,2000,20000,0
method_b,css,uniform,X,5,0.0021334908787543835,0.0,0.7065154452798695,1.0,20.0,20000,2000,2000,20000,2
method_b,css,uniform,X,5,0.0024617202447165965,0.0,0.7065154452798695,1.0,20.0,20000,2000,2000,20000,5
method_b,css,uniform,X,5,0.0027899496106788095,0.0,0.7065154452798695,1.0,20.0,20000,2000,2000,20000,17
method_b,css,uniform,X,5,0.0031181789766410225,0.0,0.7065154452798695,1.0,20.0,20000,2000,2000,20000,60
method_b,css,uniform,X,5,0.003446408342603235,0.0,0.7065154452798695,1.0,20.0,20000,2000,2000,20000,152
method_b,css,uniform,X,5,0.003774637708565448,0.0,0.7065154452798695,1.0,20.0,20000,2000,2000,20000,322
method_b,css,uniform,X,5,0.004102867074527661,0.0,0.7065154452798695,1.0,20.0,20000,2000,2000,20000,619
method_b,css,uniform,X,5,0.004431096440489874,0.0,0.7065154452798695,1.0,20.0,20000,2000,2000,20000,1012
method_b,css,uniform,Z,3,0.0034164581246766213,0.19707033013716996,0.7973458045747627,1.0,20.0,20000,2000,2000,20000,14
method_b,css,uniform,Z,3,0.004175671041271426,0.19707033013716996,0.7973458045747627,1.0,20.0,20000,2000,2000,20000,48
method_b,css,uniform,Z,3,0.00493488395786623,0.19707033013716996,0.7973458045747627,1.0,20.0,20000,2000,2000,20000,99
method_b,css,uniform,Z,3,0.005694096874461035,0.19707033013716996,0.7973458045747627,1.0,20.0,20000,2000,2000,20000,202
method_b,css,uniform,Z,3,0.00645330979105584,0.19707033013716996,0.7973458045747627,1.0,20.0,20000,2000,2000,20000,387
method_b,css,uniform,Z,3,0.0072125227076506445,0.19707033013716996,0.7973458045747627,1.0,20.0,20000,2000,2000,20000,633
method_b,css,uniform,Z,3,0.007971735624245448,0.19707033013716996,0.7973458045747627,1.0,20.0,20000,2000,2000,20000,976
method_b,css,uniform,Z,3,0.008730948540840253,0.19707033013716996,0.7973458045747627,1.0,20.0,20000,2000,2000,20000,1364
method_b,css,uniform,Z,3,0.009490161457435059,0.19707033013716996,0.7973458045747627,1.0,20.0,20000,2000,2000,20000,1830
method_b,css,uniform,Z,3,0.010249374374029863,0.19707033013716996,0.7973458045747627,1.0,20.0,20000,2000,2000,18000,2108
method_b,css,uniform,Z,5,0.0034164581246766213,0.19707033013716996,0.7973458045747627,1.0,20.0,20000,2000,2000,20000,1
method_b,css,uniform,Z,5,0.004175671041271426,0.19707033013716996,0.7973458045747627,1.0,20.0,20000,2000,2000,20000,13
method_b,css,uniform,Z,5,0.00493488395786623,0.19707033013716996,0.7973458045747627,1.0,20.0,20000,2000,2000,20000,56
method_b,css,uniform,Z,5,0.005694096874461035,0.19707033013716996,0.7973458045747627,1.0,20.0,20000,2000,2000,20000,220
method_b,css,uniform,Z,5,0.00645330979105584,0.19707033013716996,0.7973458045747627,1.0,20.0,20000,2000,2000,20000,552
method_b,css,uniform,Z,5,0.0072125227076506445,0.19707033013716996,0.7973458045747627,1.0,20.0,20000,2000,2000,20000,1146
method_b,css,uniform,Z,5,0.007971735624245448,0.19707033013716996,0.7973458045747627,1.0,20.0,20000,2000,2000,20000,2101
method_b,css,uniform,Z,5,0.008730948540840253,0.19707033013716996,0.7973458045747627,1.0,20.0,20000,2000,2000,14000,2270
method_b,css,uniform,Z,5,0.009490161457435059,0.19707033013716996,0.7973458045747627,1.0,20.0,20000,2000,2000,10000,2247
method_b,css,uniform,Z,5,0.010249374374029863,0.19707033013716996,0.7973458045747627,1.0,20.0,20000,2000,2000,8000,2353
method_b,css,uniform,X,3,0.0013665832498706485,0.19707033013716996,0.7973458045747627,1.0,20.0,20000,2000,2000,20000,2
method_b,css,uniform,X,3,0.0016702684165085704,0.19707033013716996,0.7973458045747627,1.0,20.0,20000,2000,2000,20000,5
method_b,css,uniform,X,3,0.001973953583146492,0.19707033013716996,0.7973458045747627,1.0,20.0,20000,2000,2000,20000,16
method_b,css,uniform,X,3,0.002277638749784414,0.19707033013716996,0.7973458045747627,1.0,20.0,20000,2000,2000,20000,16
method_b,css,uniform,X,3,0.002581323916422336,0.19707033013716996,0.7973458045747627,1.0,20.0,20000,2000,2000,20000,54
method_b,css,uniform,X,3,0.002885009083060258,0.19707033013716996,0.7973458045747627,1.0,20.0,20000,2000,2000,20000,94
method_b,css,uniform,X,3,0.0031886942496981794,0.19707033013716996,0.7973458045747627,1.0,20.0,20000,2000,2000,20000,163
method_b,css,uniform,X,3,0.0034923794163361013,0.19707033013716996,0.7973458045747627,1.0,20.0,20000,2000,2000,20000,247
method_b,css,uniform,X,3,0.0037960645829740233,0.19707033013716996,0.7973458045747627,1.0,20.0,20000,2000,2000,20000,368
method_b,css,uniform,X,3,0.004099749749611945,0.19707033013716996,0.7973458045747627,1.0,20.0,20000,2000,2000,20000,544
method_b,css,uniform,X,5,0.0013665832498706485,0.19707033013716996,0.7973458045747627,1.0,20.0,20000,2000,2000,20000,0
method_b,css,uniform,X,5,0.0016702684165085704,0.19707033013716996,0.7973458045747627,1.0,20.0,20000,2000,2000,20000,0
method_b,css,uniform,X,5,0.001973953583146492,0.19707033013716996,0.7973458045747627,1.0,20.0,20000,2000,2000,20000,3
method_b,css,uniform,X,5,0.002277638749784414,0.19707033013716996,0.7973458045747627,1.0,20.0,20000,2000,2000,20000,3
method_b,css,uniform,X,5,0.002581323916422336,0.19707033013716996,0.7973458045747627,1.0,20.0,20000,2000,2000,20000,17
method_b,css,uniform,X,5,0.002885009083060258,0.19707033013716996,0.7973458045747627,1.0,20.0,20000,2000,2000,20000,55
method_b,css,uniform,X,5,0.0031886942496981794,0.19707033013716996,0.7973458045747627,1.0,20.0,20000,2000,2000,20000,151
method_b,css,uniform,X,5,0.0034923794163361013,0.19707033013716996,0.7973458045747627,1.0,20.0,20000,2000,2000,20000,297
method_b,css,uniform,X,5,0.0037960645829740233,0.19707033013716996,0.7973458045747627,1.0,20.0,20000,2000,2000,20000,568
method_b,css,uniform,X,5,0.004099749749611945,0.19707033013716996,0.7973458045747627,1.0,20.0,20000,2000,2000,20000,1048
method_b,css,uniform,Z,3,0.003323014597133081,0.4143621034111726,0.9076811575303995,1.0,20.0,20000,2000,2000,20000,14
method_b,css,uniform,Z,3,0.004061462285384877,0.4143621034111726,0.9076811575303995,1.0,20.0,20000,2000,2000,20000,45
method_b,css,uniform,Z,3,0.004799909973636672,0.4143621034111726,0.9076811575303995,1.0,20.0,20000,2000,2000,20000,130
method_b,css,uniform,Z,3,0.0055383576618884675,0.4143621034111726,0.9076811575303995,1.0,20.0,20000,2000,2000,20000,223
method_b,css,uniform,Z,3,0.006276805350140264,0.4143621034111726,0.9076811575303995,1.0,20.0,20000,2000,2000,20000,409
method_b,css,uniform,Z,3,0.0070152530383920594,0.4143621034111726,0.9076811575303995,1.0,20.0,20000,2000,2000,20000,631
method_b,css,uniform,Z,3,0.007753700726643854,0.4143621034111726,0.9076811575303995,1.0,20.0,20000,2000,2000,20000,1036
method_b,css,uniform,Z,3,0.00849214841489565,0.4143621034111726,0.9076811575303995,1.0,20.0,20000,2000,2000,20000,1447
method_b,css,uniform,Z,3,0.009230596103147446,0.4143621034111726,0.9076811575303995,1.0,20.0,20000,2000,2000,20000,1892
method_b,css,uniform,Z,3,0.009969043791399242,0.4143621034111726,0.9076811575303995,1.0,20.0,20000,2000,2000,16000,2011
method_b,css,uniform,Z,5,0.003323014597133081,0.4143621034111726,0.9076811575303995,1.0,20.0,20000,2000,2000,20000,1
method_b,css,uniform,Z,5,0.004061462285384877,0.4143621034111726,0.9076811575303995,1.0,20.0,20000,2000,2000,20000,15
method_b,css,uniform,Z,5,0.004799909973636672,0.4143621034111726,0.9076811575303995,1.0,20.0,20000,2000,2000,20000,80
method_b,css,uniform,Z,5,0.0055383576618884675,0.4143621034111726,0.9076811575303995,1.0,20.0,20000,2000,2000,20000,269
method_b,css,uniform,Z,5,0.006276805350140264,0.4143621034111726,0.9076811575303995,1.0,20.0,20000,2000,2000,20000,691
method_b,css,uniform,Z,5,0.0070152530383920594,0.4143621034111726,0.9076811575303995,1.0,20.0,20000,2000,2000,20000,1373
method_b,css,uniform,Z,5,0.007753700726643854,0.4143621034111726,0.9076811575303995,1.0,20.0,20000,2000,2000,18000,2047
method_b,css,uniform,Z,5,0.00849214841489565,0.4143621034111726,0.9076811575303995,1.0,20.0,20000,2000,2000,12000,2140
method_b,css,uniform,Z,5,0.009230596103147446,0.4143621034111726,0.9076811575303995,1.0,20.0,20000,2000,2000,10000,2436
method_b,css,uniform,Z,5,0.009969043791399242,0.4143621034111726,0.9076811575303995,1.0,20.0,20000,2000,2000,8000,2393
method_b,css,uniform,X,3,0.0013292058388532323,0.4143621034111726,0.9076811575303995,1.0,20.0,20000,2000,2000,20000,3
method_b,css,uniform,X,3,0.0016245849141539508,0.4143621034111726,0.9076811575303995,1.0,20.0,20000,2000,2000,20000,6
method_b,css,uniform,X,3,0.0019199639894546688,0.4143621034111726,0.9076811575303995,1.0,20.0,20000,2000,2000,20000,15
method_b,css,uniform,X,3,0.002215343064755387,0.4143621034111726,0.9076811575303995,1.0,20.0,20000,2000,2000,20000,22
method_b,css,uniform,X,3,0.0025107221400561056,0.4143621034111726,0.9076811575303995,1.0,20.0,20000,2000,2000,20000,48
method_b,css,uniform,X,3,0.0028061012153568236,0.4143621034111726,0.9076811575303995,1.0,20.0,20000,2000,2000,20000,78
method_b,css,uniform,X,3,0.0031014802906575416,0.4143621034111726,0.9076811575303995,1.0,20.0,20000,2000,2000,20000,155
method_b,css,uniform,X,3,0.00339685936595826,0.4143621034111726,0.9076811575303995,1.0,20.0,20000,2000,2000,20000,233
method_b,css,uniform,X,3,0.0036922384412589786,0.4143621034111726,0.9076811575303995,1.0,20.0,20000,2000,2000,20000,365
method_b,css,uniform,X,3,0.003987617516559697,0.4143621034111726,0.9076811575303995,1.0,20.0,20000,2000,2000,20000,493
method_b,css,uniform,X,5,0.0013292058388532323,0.4143621034111726,0.9076811575303995,1.0,20.0,20000,2000,2000,20000,0
method_b,css,uniform,X,5,0.0016245849141539508,0.4143621034111726,0.9076811575303995,1.0,20.0,20000,2000,2000,20000,0
method_b,css,uniform,X,5,0.0019199639894546688,0.4143621034111726,0.9076811575303995,1.0,20.0,20000,2000,2000,20000,1
method_b,css,uniform,X,5,0.002215343064755387,0.4143621034111726,0.9076811575303995,1.0,20.0,20000,2000,2000,20000,5
method_b,css,uniform,X,5,0.0025107221400561056,0.4143621034111726,0.9076811575303995,1.0,20.0,20000,2000,2000,20000,21
method_b,css,uniform,X,5,0.0028061012153568236,0.4143621034111726,0.9076811575303995,1.0,20.0,20000,2000,2000,20000,65
method_b,css,uniform,X,5,0.0031014802906575416,0.4143621034111726,0.9076811575303995,1.0,20.0,20000,2000,2000,20000,134
method_b,css,uniform,X,5,0.00339685936595826,0.4143621034111726,0.9076811575303995,1.0,20.0,20000,2000,2000,20000,318
method_b,css,uniform,X,5,0.0036922384412589786,0.4143621034111726,0.9076811575303995,1.0,20.0,20000,2000,2000,20000,567
method_b,css,uniform,X,5,0.003987617516559697,0.4143621034111726,0.9076811575303995,1.0,20.0,20000,2000,2000,20000,954
method_b,css,uniform,Z,3,0.0034272247449764464,0.6255538593194215,1.0408600344982866,1.0,20.0,20000,2000,2000,20000,16
method_b,css,uniform,Z,3,0.0041888302438601015,0.6255538593194215,1.0408600344982866,1.0,20.0,20000,2000,2000,20000,57
method_b,css,uniform,Z,3,0.004950435742743756,0.6255538593194215,1.0408600344982866,1.0,20.0,20000,2000,2000,20000,122
method_b,css,uniform,Z,3,0.00571204124162741,0.6255538593194215,1.0408600344982866,1.0,20.0,20000,2000,2000,20000,205
method_b,css,uniform,Z,3,0.006473646740511065,0.6255538593194215,1.0408600344982866,1.0,20.0,20000,2000,2000,20000,424
method_b,css,uniform,Z,3,0.00723525223939472,0.6255538593194215,1.0408600344982866,1.0,20.0,20000,2000,2000,20000,676
method_b,css,uniform,Z,3,0.007996857738278374,0.6255538593194215,1.0408600344982866,1.0,20.0,20000,2000,2000,20000,1062
method_b,css,uniform,Z,3,0.008758463237162029,0.6255538593194215,1.0408600344982866,1.0,20.0,20000,2000,2000,20000,1528
method_b,css,uniform,Z,3,0.009520068736045684,0.6255538593194215,1.0408600344982866,1.0,20.0,20000,2000,2000,20000,1993
method_b,css,uniform,Z,3,0.010281674234929337,0.6255538593194215,1.0408600344982866,1.0,20.0,20000,2000,2000,16000,2043
method_b,css,uniform,Z,5,0.0034272247449764464,0.6255538593194215,1.0408600344982866,1.0,20.0,20000,2000,2000,20000,2
method_b,css,uniform,Z,5,0.0041888302438601015,0.6255538593194215,1.0408600344982866,1.0,20.0,20000,2000,2000,20000,32
method_b,css,uniform,Z,5,0.004950435742743756,0.6255538593194215,1.0408600344982866,1.0,20.0,20000,2000,2000,20000,93
method_b,css,uniform,Z,5,0.00571204124162741,0.6255538593194215,1.0408600344982866,1.0,20.0,20000,2000,2000,20000,326
method_b,css,uniform,Z,5,0.006473646740511065,0.6255538593194215,1.0408600344982866,1.0,20.0,20000,2000,2000,20000,783
method_b,css,uniform,Z,5,0.00723525223939472,0.6255538593194215,1.0408600344982866,1.0,20.0,20000,2000,2000,20000,1454
method_b,css,uniform,Z,5,0.007996857738278374,0.6255538593194215,1.0408600344982866,1.0,20.0,20000,2000,2000,16000,2049
method_b,css,uniform,Z,5,0.008758463237162029,0.6255538593194215,1.0408600344982866,1.0,20.0,20000,2000,2000,12000,2320
method_b,css,uniform,Z,5,0.009520068736045684,0.6255538593194215,1.0408600344982866,1.0,20.0,20000,2000,2000,8000,2072
method_b,css,uniform,Z,5,0.010281674234929337,0.6255538593194215,1.0408600344982866,1.0,20.0,20000,2000,2000,8000,2538
method_b,css,uniform,X,3,0.0013708898979905785,0.6255538593194215,1.0408600344982866,1.0,20.0,20000,2000,2000,20000,4
method_b,css,uniform,X,3,0.0016755320975440405,0.6255538593194215,1.0408600344982866,1.0,20.0,20000,2000,2000,20000,4
method_b,css,uniform,X,3,0.0019801742970975023,0.6255538593194215,1.0408600344982866,1.0,20.0,20000,2000,2000,20000,9
method_b,css,uniform,X,3,0.002284816496650964,0.6255538593194215,1.0408600344982866,1.0,20.0,20000,2000,2000,20000,28
method_b,css,uniform,X,3,0.002589458696204426,0.6255538593194215,1.0408600344982866,1.0,20.0,20000,2000,2000,20000,52
method_b,css,uniform,X,3,0.002894100895757888,0.6255538593194215,1.0408600344982866,1.0,20.0,20000,2000,2000,20000,78
method_b,css,uniform,X,3,0.0031987430953113495,0.6255538593194215,1.0408600344982866,1.0,20.0,20000,2000,2000,20000,139
method_b,css,uniform,X,3,0.0035033852948648113,0.6255538593194215,1.0408600344982866,1.0,20.0,20000,2000,2000,20000,222
method_b,css,uniform,X,3,0.0038080274944182735,0.6255538593194215,1.0408600344982866,1.0,20.0,20000,2000,2000,20000,290
method_b,css,uniform,X,3,0.004112669693971735,0.6255538593194215,1.0408600344982866,1.0,20.0,20000,2000,2000,20000,501
method_b,css,uniform,X,5,0.0013708898979905785,0.6255538593194215,1.0408600344982866,1.0,20.0,20000,2000,2000,20000,0
method_b,css,uniform,X,5,0.0016755320975440405,0.6255538593194215,1.0408600344982866,1.0,20.0,20000,2000,2000,20000,0
method_b,css,uniform,X,5,0.0019801742970975023,0.6255538593194215,1.0408600344982866,1.0,20.0,20000,2000,2000,20000,2
method_b,css,uniform,X,5,0.002284816496650964,0.6255538593194215,1.0408600344982866,1.0,20.0,20000,2000,2000,20000,4
method_b,css,uniform,X,5,0.002589458696204426,0.6255538593194215,1.0408600344982866,1.0,20.0,20000,2000,2000,20000,25
method_b,css,uniform,X,5,0.002894100895757888,0.6255538593194215,1.0408600344982866,1.0,20.0,20000,2000,2000,20000,53
method_b,css,uniform,X,5,0.0031987430953113495,0.6255538593194215,1.0408600344982866,1.0,20.0,20000,2000,2000,20000,134
method_b,css,uniform,X,5,0.0035033852948648113,0.6255538593194215,1.0408600344982866,1.0,20.0,20000,2000,2000,20000,271
method_b,css,uniform,X,5,0.0038080274944182735,0.6255538593194215,1.0408600344982866,1.0,20.0,20000,2000,2000,20000,551
method_b,css,uniform,X,5,0.004112669693971735,0.6255538593194215,1.0408600344982866,1.0,20.0,20000,2000,2000,20000,881
method_b,css,uniform,Z,3,0.0037124811699356694,0.804868535615846,1.1984592291500944,1.0,20.0,20000,2000,2000,20000,20
method_b,css,uniform,Z,3,0.00453747698547693,0.804868535615846,1.1984592291500944,1.0,20.0,20000,2000,2000,20000,46
method_b,css,uniform,Z,3,0.005362472801018189,0.804868535615846,1.1984592291500944,1.0,20.0,20000,2000,2000,20000,161
method_b,css,uniform,Z,3,0.006187468616559448,0.804868535615846,1.1984592291500944,1.0,20.0,20000,2000,2000,20000,256
method_b,css,uniform,Z,3,0.007012464432100709,0.804868535615846,1.1984592291500944,1.0,20.0,20000,2000,2000,20000,448
method_b,css,uniform,Z,3,0.007837460247641969,0.804868535615846,1.1984592291500944,1.0,20.0,20000,2000,2000,20000,708
method_b,css,uniform,Z,3,0.008662456063183227,0.804868535615846,1.1984592291500944,1.0,20.0,20000,2000,2000,20000,1123
method_b,css,uniform,Z,3,0.009487451878724486,0.804868535615846,1.1984592291500944,1.0,20.0,20000,2000,2000,20000,1626
method_b,css,uniform,Z,3,0.010312447694265748,0.804868535615846,1.1984592291500944,1.0,20.0,20000,2000,2000,20000,2109
method_b,css,uniform,Z,3,0.011137443509807008,0.804868535615846,1.1984592291500944,1.0,20.0,20000,2000,2000,16000,2195
method_b,css,uniform,Z,5,0.0037124811699356694,0.804868535615846,1.1984592291500944,1.0,20.0,20000,2000,2000,20000,6
method_b,css,uniform,Z,5,0.00453747698547693,0.804868535615846,1.1984592291500944,1.0,20.0,20000,2000,2000,20000,26
method_b,css,uniform,Z,5,0.005362472801018189,0.804868535615846,1.1984592291500944,1.0,20.0,20000,2000,2000,20000,119
method_b,css,uniform,Z,5,0.006187468616559448,0.804868535615846,1.1984592291500944,1.0,20.0,20000,2000,2000,20000,361
method_b,css,uniform,Z,5,0.007012464432100709,0.804868535615846,1.1984592291500944,1.0,20.0,20000,2000,2000,20000,857
method_b,css,uniform,Z,5,0.007837460247641969,0.804868535615846,1.1984592291500944,1.0,20.0,20000,2000,2000,20000,1594
method_b,css,uniform,Z,5,0.008662456063183227,0.804868535615846,1.1984592291500944,1.0,20.0,20000,2000,2000,16000,2197
method_b,css,uniform,Z,5,0.009487451878724486,0.804868535615846,1.1984592291500944,1.0,20.0,20000,2000,2000,10000,2128
method_b,css,uniform,Z,5,0.010312447694265748,0.804868535615846,1.1984592291500944,1.0,20.0,20000,2000,2000,8000,2122
method_b,css,uniform,Z,5,0.011137443509807008,0.804868535615846,1.1984592291500944,1.0,20.0,20000,2000,2000,6000,2020
method_b,css,uniform,X,3,0.0014849924679742677,0.804868535615846,1.1984592291500944,1.0,20.0,20000,2000,2000,20000,0
method_b,css,uniform,X,3,0.0018149907941907718,0.804868535615846,1.1984592291500944,1.0,20.0,20000,2000,2000,20000,2
method_b,css,uniform,X,3,0.0021449891204072757,0.804868535615846,1.1984592291500944,1.0,20.0,20000,2000,2000,20000,11
method_b,css,uniform,X,3,0.0024749874466237793,0.804868535615846,1.1984592291500944,1.0,20.0,20000,2000,2000,20000,24
method_b,css,uniform,X,3,0.0028049857728402834,0.804868535615846,1.1984592291500944,1.0,20.0,20000,2000,2000,20000,54
method_b,css,uniform,X,3,0.0031349840990567875,0.804868535615846,1.1984592291500944,1.0,20.0,20000,2000,2000,20000,88
method_b,css,uniform,X,3,0.0034649824252732907,0.804868535615846,1.1984592291500944,1.0,20.0,20000,2000,2000,20000,156
method_b,css,uniform,X,3,0.0037949807514897948,0.804868535615846,1.1984592291500944,1.0,20.0,20000,2000,2000,20000,216
method_b,css,uniform,X,3,0.004124979077706299,0.804868535615846,1.1984592291500944,1.0,20.0,20000,2000,2000,20000,354
method_b,css,uniform,X,3,0.004454977403922803,0.804868535615846,1.1984592291500944,1.0,20.0,20000,2000,2000,20000,467
method_b,css,uniform,X,5,0.0014849924679742677,0.804868535615846,1.1984592291500944,1.0,20.0,20000,2000,2000,20000,0
method_b,css,uniform,X,5,0.0018149907941907718,0.804868535615846,1.1984592291500944,1.0,20.0,20000,2000,2000,20000,1
method_b,css,uniform,X,5,0.0021449891204072757,0.804868535615846,1.1984592291500944,1.0,20.0,20000,2000,2000,20000,1
method_b,css,uniform,X,5,0.0024749874466237793,0.804868535615846,1.1984592291500944,1.0,20.0,20000,2000,2000,20000,7
method_b,css,uniform,X,5,0.0028049857728402834,0.804868535615846,1.1984592291500944,1.0,20.0,20000,2000,2000,20000,23
method_b,css,uniform,X,5,0.0031349840990567875,0.804868535615846,1.1984592291500944,1.0,20.0,20000,2000,2000,20000,53
method_b,css,uniform,X,5,0.0034649824252732907,0.804868535615846,1.1984592291500944,1.0,20.0,20000,2000,2000,20000,126
method_b,css,uniform,X,5,0.0037949807514897948,0.804868535615846,1.1984592291500944,1.0,20.0,20000,2000,2000,20000,262
method_b,css,uniform,X,5,0.004124979077706299,0.804868535615846,1.1984592291500944,1.0,20.0,20000,2000,2000,20000,471
method_b,css,uniform,X,5,0.004454977403922803,0.804868535615846,1.1984592291500944,1.0,20.0,20000,2000,2000,20000,843
method_b,css,uniform,Z,3,0.0016566166468512222,0.9400529681805212,1.377946069891836,1.0,20.0,20000,2000,2000,20000,0
method_b,css,uniform,Z,3,0.002024753679484827,0.9400529681805212,1.377946069891836,1.0,20.0,20000,2000,2000,20000,0
method_b,css,uniform,Z,3,0.002392890712118432,0.9400529681805212,1.377946069891836,1.0,20.0,20000,2000,2000,20000,1
method_b,css,uniform,Z,3,0.0027610277447520366,0.9400529681805212,1.377946069891836,1.0,20.0,20000,2000,2000,20000,2
method_b,css,uniform,Z,3,0.003129164777385642,0.9400529681805212,1.377946069891836,1.0,20.0,20000,2000,2000,20000,5
method_b,css,uniform,Z,3,0.003497301810019247,0.9400529681805212,1.377946069891836,1.0,20.0,20000,2000,2000,20000,5
method_b,css,uniform,Z,3,0.0038654388426528513,0.9400529681805212,1.377946069891836,1.0,20.0,20000,2000,2000,20000,3
method_b,css,uniform,Z,3,0.004233575875286456,0.9400529681805212,1.377946069891836,1.0,20.0,20000,2000,2000,20000,15
method_b,css,uniform,Z,3,0.004601712907920061,0.9400529681805212,1.377946069891836,1.0,20.0,20000,2000,2000,20000,36
method_b,css,uniform,Z,3,0.004969849940553666,0.9400529681805212,1.377946069891836,1.0,20.0,20000,2000,2000,20000,42
method_b,css,uniform,Z,5,0.0016566166468512222,0.9400529681805212,1.377946069891836,1.0,20.0,20000,2000,2000,20000,0
method_b,css,uniform,Z,5,0.002024753679484827,0.9400529681805212,1.377946069891836,1.0,20.0,20000,2000,2000,20000,0
method_b,css,uniform,Z,5,0.002392890712118432,0.9400529681805212,1.377946069891836,1.0,20.0,20000,2000,2000,20000,0
method_b,css,uniform,Z,5,0.0027610277447520366,0.9400529681805212,1.377946069891836,1.0,20.0,20000,2000,2000,20000,0
method_b,css,uniform,Z,5,0.003129164777385642,0.9400529681805212,1.377946069891836,1.0,20.0,20000,2000,2000,20000,1
method_b,css,uniform,Z,5,0.003497301810019247,0.9400529681805212,1.377946069891836,1.0,20.0,20000,2000,2000,20000,1
method_b,css,uniform,Z,5,0.0038654388426528513,0.9400529681805212,1.377946069891836,1.0,20.0,20000,2000,2000,20000,4
method_b,css,uniform,Z,5,0.004233575875286456,0.9400529681805212,1.377946069891836,1.0,20.0,20000,2000,2000,20000,7
method_b,css,uniform,Z,5,0.004601712907920061,0.9400529681805212,1.377946069891836,1.0,20.0,20000,2000,2000,20000,10
method_b,css,uniform,Z,5,0.004969849940553666,0.9400529681805212,1.377946069891836,1.0,20.0,20000,2000,2000,20000,28
method_b,css,uniform,X,3,0.0016566166468512222,0.9400529681805212,1.377946069891836,1.0,20.0,20000,2000,2000,20000,1
method_b,css,uniform,X,3,0.002024753679484827,0.9400529681805212,1.377946069891836,1.0,20.0,20000,2000,2000,20000,8
method_b,css,uniform,X,3,0.002392890712118432,0.9400529681805212,1.377946069891836,1.0,20.0,20000,2000,2000,20000,11
method_b,css,uniform,X,3,0.0027610277447520366,0.9400529681805212,1.377946069891836,1.0,20.0,20000,2000,2000,20000,25
method_b,css,uniform,X,3,0.003129164777385642,0.9400529681805212,1.377946069891836,1.0,20.0,20000,2000,2000,20000,32
method_b,css,uniform,X,3,0.003497301810019247,0.9400529681805212,1.377946069891836,1.0,20.0,20000,2000,2000,20000,72
method_b,css,uniform,X,3,0.0038654388426528513,0.9400529681805212,1.377946069891836,1.0,20.0,20000,2000,2000,20000,133
method_b,css,uniform,X,3,0.004233575875286456,0.9400529681805212,1.377946069891836,1.0,20.0,20000,2000,2000,20000,232
method_b,css,uniform,X,3,0.004601712907920061,0.9400529681805212,1.377946069891836,1.0,20.0,20000,2000,2000,20000,307
method_b,css,uniform,X,3,0.004969849940553666,0.9400529681805212,1.377946069891836,1.0,20.0,20000,2000,2000,20000,445
method_b,css,uniform,X,5,0.0016566166468512222,0.9400529681805212,1.377946069891836,1.0,20.0,20000,2000,2000,20000,0
method_b,css,uniform,X,5,0.002024753679484827,0.9400529681805212,1.377946069891836,1.0,20.0,20000,2000,2000,20000,0
method_b,css,uniform,X,5,0.002392890712118432,0.9400529681805212,1.377946069891836,1.0,20.0,20000,2000,2000,20000,1
method_b,css,uniform,X,5,0.0027610277447520366,0.9400529681805212,1.377946069891836,1.0,20.0,20000,2000,2000,20000,3
method_b,css,uniform,X,5,0.003129164777385642,0.9400529681805212,1.377946069891836,1.0,20.0,20000,2000,2000,20000,11
method_b,css,uniform,X,5,0.003497301810019247,0.9400529681805212,1.377946069891836,1.0,20.0,20000,2000,2000,20000,58
method_b,css,uniform,X,5,0.0038654388426528513,0.9400529681805212,1.377946069891836,1.0,20.0,20000,2000,2000,20000,107
method_b,css,uniform,X,5,0.004233575875286456,0.9400529681805212,1.377946069891836,1.0,20.0,20000,2000,2000,20000,265
method_b,css,uniform,X,5,0.004601712907920061,0.9400529681805212,1.377946069891836,1.0,20.0,20000,2000,2000,20000,482
method_b,css,uniform,X,5,0.004969849940553666,0.9400529681805212,1.377946069891836,1.0,20.0,20000,2000,2000,20000,831
method_b,css,uniform,Z,3,0.004674978186089121,1.0323912663373433,1.5707963267948963,1.0,20.0,20000,2000,2000,20000,17
method_b,css,uniform,Z,3,0.00571386222744226,1.0323912663373433,1.5707963267948963,1.0,20.0,20000,2000,2000,20000,71
method_b,css,uniform,Z,3,0.006752746268795397,1.0323912663373433,1.5707963267948963,1.0,20.0,20000,2000,2000,20000,146
method_b,css,uniform,Z,3,0.0077916303101485335,1.0323912663373433,1.5707963267948963,1.0,20.0,20000,2000,2000,20000,287
method_b,css,uniform,Z,3,0.008830514351501673,1.0323912663373433,1.5707963267948963,1.0,20.0,20000,2000,2000,20000,485
method_b,css,uniform,Z,3,0.00986939839285481,1.0323912663373433,1.5707963267948963,1.0,20.0,20000,2000,2000,20000,835
method_b,css,uniform,Z,3,0.010908282434207946,1.0323912663373433,1.5707963267948963,1.0,20.0,20000,2000,2000,20000,1287
method_b,css,uniform,Z,3,0.011947166475561086,1.0323912663373433,1.5707963267948963,1.0,20.0,20000,2000,2000,20000,1702
method_b,css,uniform,Z,3,0.012986050516914224,1.0323912663373433,1.5707963267948963,1.0,20.0,20000,2000,2000,18000,2078
method_b,css,uniform,Z,3,0.014024934558267362,1.0323912663373433,1.5707963267948963,1.0,20.0,20000,2000,2000,16000,2260
method_b,css,uniform,Z,5,0.004674978186089121,1.0323912663373433,1.5707963267948963,1.0,20.0,20000,2000,2000,20000,5
method_b,css,uniform,Z,5,0.00571386222744226,1.0323912663373433,1.5707963267948963,1.0,20.0,20000,2000,2000,20000,47
method_b,css,uniform,Z,5,0.006752746268795397,1.0323912663373433,1.5707963267948963,1.0,20.0,20000,2000,2000,20000,148
method_b,css,uniform,Z,5,0.0077916303101485335,1.0323912663373433,1.5707963267948963,1.0,20.0,20000,2000,2000,20000,447
method_b,css,uniform,Z,5,0.008830514351501673,1.0323912663373433,1.5707963267948963,1.0,20.0,20000,2000,2000,20000,1040
method_b,css,uniform,Z,5,0.00986939839285481,1.0323912663373433,1.5707963267948963,1.0,20.0,20000,2000,2000,20000,1981
method_b,css,uniform,Z,5,0.010908282434207946,1.0323912663373433,1.5707963267948963,1.0,20.0,20000,2000,2000,14000,2198
method_b,css,uniform,Z,5,0.011947166475561086,1.0323912663373433,1.5707963267948963,1.0,20.0,20000,2000,2000,10000,2288
method_b,css,uniform,Z,5,0.012986050516914224,1.0323912663373433,1.5707963267948963,1.0,20.0,20000,2000,2000,8000,2283
method_b,css,uniform,Z,5,0.014024934558267362,1.0323912663373433,1.5707963267948963,1.0,20.0,20000,2000,2000,6000,2092
method_b,css,uniform,X,3,0.0018699912744356484,1.0323912663373433,1.5707963267948963,1.0,20.0,20000,2000,2000,20000,4
method_b,css,uniform,X,3,0.002285544890976904,1.0323912663373433,1.5707963267948963,1.0,20.0,20000,2000,2000,20000,5
method_b,css,uniform,X,3,0.002701098507518159,1.0323912663373433,1.5707963267948963,1.0,20.0,20000,2000,2000,20000,9
method_b,css,uniform,X,3,0.0031166521240594135,1.0323912663373433,1.5707963267948963,1.0,20.0,20000,2000,2000,20000,16
method_b,css,uniform,X,3,0.003532205740600669,1.0323912663373433,1.5707963267948963,1.0,20.0,20000,2000,2000,20000,38
method_b,css,uniform,X,3,0.003947759357141924,1.0323912663373433,1.5707963267948963,1.0,20.0,20000,2000,2000,20000,80
method_b,css,uniform,X,3,0.004363312973683179,1.0323912663373433,1.5707963267948963,1.0,20.0,20000,2000,2000,20000,121
method_b,css,uniform,X,3,0.004778866590224434,1.0323912663373433,1.5707963267948963,1.0,20.0,20000,2000,2000,20000,226
method_b,css,uniform,X,3,0.00519442020676569,1.0323912663373433,1.5707963267948963,1.0,20.0,20000,2000,2000,20000,283
method_b,css,uniform,X,3,0.005609973823306945,1.0323912663373433,1.5707963267948963,1.0,20.0,20000,2000,2000,20000,437
method_b,css,uniform,X,5,0.0018699912744356484,1.0323912663373433,1.5707963267948963,1.0,20.0,20000,2000,2000,20000,0
method_b,css,uniform,X,5,0.002285544890976904,1.0323912663373433,1.5707963267948963,1.0,20.0,20000,2000,2000,20000,0
method_b,css,uniform,X,5,0.002701098507518159,1.0323912663373433,1.5707963267948963,1.0,20.0,20000,2000,2000,20000,0
method_b,css,uniform,X,5,0.0031166521240594135,1.0323912663373433,1.5707963267948963,1.0,20.0,20000,2000,2000,20000,5
method_b,css,uniform,X,5,0.003532205740600669,1.0323912663373433,1.5707963267948963,1.0,20.0,20000,2000,2000,20000,15
method_b,css,uniform,X,5,0.003947759357141924,1.0323912663373433,1.5707963267948963,1.0,20.0,20000,2000,2000,20000,44
method_b,css,uniform,X,5,0.004363312973683179,1.0323912663373433,1.5707963267948963,1.0,20.0,20000,2000,2000,20000,127
method_b,css,uniform,X,5,0.004778866590224434,1.0323912663373433,1.5707963267948963,1.0,20.0,20000,2000,2000,20000,229
method_b,css,uniform,X,5,0.00519442020676569,1.0323912663373433,1.5707963267948963,1.0,20.0,20000,2000,2000,20000,471
method_b,css,uniform,X,5,0.005609973823306945,1.0323912663373433,1.5707963267948963,1.0,20.0,20000,2000,2000,20000,747
method_b,css,uniform,Z,3,0.003961587892686754,0.0,0.9387267554725149,1.0,20.0,20000,2000,2000,20000,6
method_b,css,uniform,Z,3,0.0048419407577282554,0.0,0.9387267554725149,1.0,20.0,20000,2000,2000,20000,14
method_b,css,uniform,Z,3,0.005722293622769756,0.0,0.9387267554725149,1.0,20.0,20000,2000,2000,20000,39
method_b,css,uniform,Z,3,0.006602646487811257,0.0,0.9387267554725149,1.0,20.0,20000,2000,2000,20000,65
method_b,css,uniform,Z,3,0.007482999352852758,0.0,0.9387267554725149,1.0,20.0,20000,2000,2000,20000,162
method_b,css,uniform,Z,3,0.008363352217894257,0.0,0.9387267554725149,1.0,20.0,20000,2000,2000,20000,248
method_b,css,uniform,Z,3,0.009243705082935759,0.0,0.9387267554725149,1.0,20.0,20000,2000,2000,20000,423
method_b,css,uniform,Z,3,0.01012405794797726,0.0,0.9387267554725149,1.0,20.0,20000,2000,2000,20000,649
method_b,css,uniform,Z,3,0.01100441081301876,0.0,0.9387267554725149,1.0,20.0,20000,2000,2000,20000,867
method_b,css,uniform,Z,3,0.011884763678060262,0.0,0.9387267554725149,1.0,20.0,20000,2000,2000,20000,1214
method_b,css,uniform,Z,5,0.003961587892686754,0.0,0.9387267554725149,1.0,20.0,20000,2000,2000,20000,0
method_b,css,uniform,Z,5,0.0048419407577282554,0.0,0.9387267554725149,1.0,20.0,20000,2000,2000,20000,5
method_b,css,uniform,Z,5,0.005722293622769756,0.0,0.9387267554725149,1.0,20.0,20000,2000,2000,20000,10
method_b,css,uniform,Z,5,0.006602646487811257,0.0,0.9387267554725149,1.0,20.0,20000,2000,2000,20000,30
method_b,css,uniform,Z,5,0.007482999352852758,0.0,0.9387267554725149,1.0,20.0,20000,2000,2000,20000,124
method_b,css,uniform,Z,5,0.008363352217894257,0.0,0.9387267554725149,1.0,20.0,20000,2000,2000,20000,289
method_b,css,uniform,Z,5,0.009243705082935759,0.0,0.9387267554725149,1.0,20.0,20000,2000,2000,20000,680
method_b,css,uniform,Z,5,0.01012405794797726,0.0,0.9387267554725149,1.0,20.0,20000,2000,2000,20000,1147
method_b,css,uniform,Z,5,0.01100441081301876,0.0,0.9387267554725149,1.0,20.0,20000,2000,2000,20000,2003
method_b,css,uniform,Z,5,0.011884763678060262,0.0,0.9387267554725149,1.0,20.0,20000,2000,2000,14000,2046
method_b,css,uniform,X,3,0.0015846351570747016,0.0,0.9387267554725149,1.0,20.0,20000,2000,2000,20000,2
method_b,css,uniform,X,3,0.0019367763030913021,0.0,0.9387267554725149,1.0,20.0,20000,2000,2000,20000,8
method_b,css,uniform,X,3,0.0022889174491079025,0.0,0.9387267554725149,1.0,20.0,20000,2000,2000,20000,8
method_b,css,uniform,X,3,0.0026410585951245026,0.0,0.9387267554725149,1.0,20.0,20000,2000,2000,20000,27
method_b,css,uniform,X,3,0.002993199741141103,0.0,0.9387267554725149,1.0,20.0,20000,2000,2000,20000,61
method_b,css,uniform,X,3,0.0033453408871577032,0.0,0.9387267554725149,1.0,20.0,20000,2000,2000,20000,94
method_b,css,uniform,X,3,0.0036974820331743033,0.0,0.9387267554725149,1.0,20.0,20000,2000,2000,20000,165
method_b,css,uniform,X,3,0.004049623179190904,0.0,0.9387267554725149,1.0,20.0,20000,2000,2000,20000,259
method_b,css,uniform,X,3,0.004401764325207504,0.0,0.9387267554725149,1.0,20.0,20000,2000,2000,20000,386
method_b,css,uniform,X,3,0.004753905471224105,0.0,0.9387267554725149,1.0,20.0,20000,2000,2000,20000,568
method_b,css,uniform,X,5,0.0015846351570747016,0.0,0.9387267554725149,1.0,20.0,20000,2000,2000,20000,0
method_b,css,uniform,X,5,0.0019367763030913021,0.0,0.9387267554725149,1.0,20.0,20000,2000,2000,20000,0
method_b,css,uniform,X,5,0.0022889174491079025,0.0,0.9387267554725149,1.0,20.0,20000,2000,2000,20000,3
method_b,css,uniform,X,5,0.0026410585951245026,0.0,0.9387267554725149,1.0,20.0,20000,2000,2000,20000,8
method_b,css,uniform,X,5,0.002993199741141103,0.0,0.9387267554725149,1.0,20.0,20000,2000,2000,20000,30
method_b,css,uniform,X,5,0.0033453408871577032,0.0,0.9387267554725149,1.0,20.0,20000,2000,2000,20000,65
method_b,css,uniform,X,5,0.0036974820331743033,0.0,0.9387267554725149,1.0,20.0,20000,2000,2000,20000,168
method_b,css,uniform,X,5,0.004049623179190904,0.0,0.9387267554725149,1.0,20.0,20000,2000,2000,20000,372
method_b,css,uniform,X,5,0.004401764325207504,0.0,0.9387267554725149,1.0,20.0,20000,2000,2000,20000,634
method_b,css,uniform,X,5,0.004753905471224105,0.0,0.9387267554725149,1.0,20.0,20000,2000,2000,20000,1039
method_b,css,uniform,Z,3,0.0037642364279507306,0.17865636002610918,1.0408600344982866,1.0,20.0,20000,2000,2000,20000,3
method_b,css,uniform,Z,3,0.004600733411939782,0.17865636002610918,1.0408600344982866,1.0,20.0,20000,2000,2000,20000,17
method_b,css,uniform,Z,3,0.005437230395928833,0.17865636002610918,1.0408600344982866,1.0,20.0,20000,2000,2000,20000,37
method_b,css,uniform,Z,3,0.006273727379917884,0.17865636002610918,1.0408600344982866,1.0,20.0,20000,2000,2000,20000,81
method_b,css,uniform,Z,3,0.007110224363906935,0.17865636002610918,1.0408600344982866,1.0,20.0,20000,2000,2000,20000,154
method_b,css,uniform,Z,3,0.007946721347895987,0.17865636002610918,1.0408600344982866,1.0,20.0,20000,2000,2000,20000,296
method_b,css,uniform,Z,3,0.008783218331885037,0.17865636002610918,1.0408600344982866,1.0,20.0,20000,2000,2000,20000,463
method_b,css,uniform,Z,3,0.009619715315874088,0.17865636002610918,1.0408600344982866,1.0,20.0,20000,2000,2000,20000,704
method_b,css,uniform,Z,3,0.010456212299863139,0.17865636002610918,1.0408600344982866,1.0,20.0,20000,2000,2000,20000,961
method_b,css,uniform,Z,3,0.011292709283852191,0.17865636002610918,1.0408600344982866,1.0,20.0,20000,2000,2000,20000,1423
method_b,css,uniform,Z,5,0.0037642364279507306,0.17865636002610918,1.0408600344982866,1.0,20.0,20000,2000,2000,20000,3
method_b,css,uniform,Z,5,0.004600733411939782,0.17865636002610918,1.0408600344982866,1.0,20.0,20000,2000,2000,20000,4
method_b,css,uniform,Z,5,0.005437230395928833,0.17865636002610918,1.0408600344982866,1.0,20.0,20000,2000,2000,20000,13
method_b,css,uniform,Z,5,0.006273727379917884,0.17865636002610918,1.0408600344982866,1.0,20.0,20000,2000,2000,20000,56
method_b,css,uniform,Z,5,0.007110224363906935,0.17865636002610918,1.0408600344982866,1.0,20.0,20000,2000,2000,20000,151
method_b,css,uniform,Z,5,0.007946721347895987,0.17865636002610918,1.0408600344982866,1.0,20.0,20000,2000,2000,20000,359
method_b,css,uniform,Z,5,0.008783218331885037,0.17865636002610918,1.0408600344982866,1.0,20.0,20000,2000,2000,20000,793
method_b,css,uniform,Z,5,0.009619715315874088,0.17865636002610918,1.0408600344982866,1.0,20.0,20000,2000,2000,20000,1453
method_b,css,uniform,Z,5,0.010456212299863139,0.17865636002610918,1.0408600344982866,1.0,20.0,20000,2000,2000,18000,2033
method_b,css,uniform,Z,5,0.011292709283852191,0.17865636002610918,1.0408600344982866,1.0,20.0,20000,2000,2000,14000,2326
method_b,css,uniform,X,3,0.0015056945711802922,0.17865636002610918,1.0408600344982866,1.0,20.0,20000,2000,2000,20000,3
method_b,css,uniform,X,3,0.0018402933647759128,0.17865636002610918,1.0408600344982866,1.0,20.0,20000,2000,2000,20000,5
method_b,css,uniform,X,3,0.0021748921583715332,0.17865636002610918,1.0408600344982866,1.0,20.0,20000,2000,2000,20000,14
method_b,css,uniform,X,3,0.0025094909519671536,0.17865636002610918,1.0408600344982866,1.0,20.0,20000,2000,2000,20000,26
method_b,css,uniform,X,3,0.002844089745562774,0.17865636002610918,1.0408600344982866,1.0,20.0,20000,2000,2000,20000,46
method_b,css,uniform,X,3,0.003178688539158395,0.17865636002610918,1.0408600344982866,1.0,20.0,20000,2000,2000,20000,97
method_b,css,uniform,X,3,0.003513287332754015,0.17865636002610918,1.0408600344982866,1.0,20.0,20000,2000,2000,20000,178
method_b,css,uniform,X,3,0.003847886126349635,0.17865636002610918,1.0408600344982866,1.0,20.0,20000,2000,2000,20000,271
method_b,css,uniform,X,3,0.004182484919945256,0.17865636002610918,1.0408600344982866,1.0,20.0,20000,2000,2000,20000,390
method_b,css,uniform,X,3,0.004517083713540876,0.17865636002610918,1.0408600344982866,1.0,20.0,20000,2000,2000,20000,546
method_b,css,uniform,X,5,0.0015056945711802922,0.17865636002610918,1.0408600344982866,1.0,20.0,20000,2000,2000,20000,0
method_b,css,uniform,X,5,0.0018402933647759128,0.17865636002610918,1.0408600344982866,1.0,20.0,20000,2000,2000,20000,0
method_b,css,uniform,X,5,0.0021748921583715332,0.17865636002610918,1.0408600344982866,1.0,20.0,20000,2000,2000,20000,3
method_b,css,uniform,X,5,0.0025094909519671536,0.17865636002610918,1.0408600344982866,1.0,20.0,20000,2000,2000,20000,7
method_b,css,uniform,X,5,0.002844089745562774,0.17865636002610918,1.0408600344982866,1.0,20.0,20000,2000,2000,20000,28
method_b,css,uniform,X,5,0.003178688539158395,0.17865636002610918,1.0408600344982866,1.0,20.0,20000,2000,2000,20000,71
method_b,css,uniform,X,5,0.003513287332754015,0.17865636002610918,1.0408600344982866,1.0,20.0,20000,2000,2000,20000,146
method_b,css,uniform,X,5,0.003847886126349635,0.17865636002610918,1.0408600344982866,1.0,20.0,20000,2000,2000,20000,323
method_b,css,uniform,X,5,0.004182484919945256,0.17865636002610918,1.0408600344982866,1.0,20.0,20000,2000,2000,20000,642
method_b,css,uniform,X,5,0.004517083713540876,0.17865636002610918,1.0408600344982866,1.0,20.0,20000,2000,2000,20000,1068
method_b,css,uniform,Z,3,0.003738713239106334,0.36595506801246197,1.1568143907515405,1.0,20.0,20000,2000,2000,20000,7
method_b,css,uniform,Z,3,0.0045695384033521864,0.36595506801246197,1.1568143907515405,1.0,20.0,20000,2000,2000,20000,18
method_b,css,uniform,Z,3,0.005400363567598038,0.36595506801246197,1.1568143907515405,1.0,20.0,20000,2000,2000,20000,47
method_b,css,uniform,Z,3,0.00623118873184389,0.36595506801246197,1.1568143907515405,1.0,20.0,20000,2000,2000,20000,99
method_b,css,uniform,Z,3,0.007062013896089741,0.36595506801246197,1.1568143907515405,1.0,20.0,20000,2000,2000,20000,187
method_b,css,uniform,Z,3,0.007892839060335595,0.36595506801246197,1.1568143907515405,1.0,20.0,20000,2000,2000,20000,320
method_b,css,uniform,Z,3,0.008723664224581444,0.36595506801246197,1.1568143907515405,1.0,20.0,20000,2000,2000,20000,526
method_b,css,uniform,Z,3,0.009554489388827298,0.36595506801246197,1.1568143907515405,1.0,20.0,20000,2000,2000,20000,771
method_b,css,uniform,Z,3,0.01038531455307315,0.36595506801246197,1.1568143907515405,1.0,20.0,20000,2000,2000,20000,1034
method_b,css,uniform,Z,3,0.011216139717319003,0.36595506801246197,1.1568143907515405,1.0,20.0,20000,2000,2000,20000,1453
method_b,css,uniform,Z,5,0.003738713239106334,0.36595506801246197,1.1568143907515405,1.0,20.0,20000,2000,2000,20000,2
method_b,css,uniform,Z,5,0.0045695384033521864,0.36595506801246197,1.1568143907515405,1.0,20.0,20000,2000,2000,20000,3
method_b,css,uniform,Z,5,0.005400363567598038,0.36595506801246197,1.1568143907515405,1.0,20.0,20000,2000,2000,20000,17
method_b,css,uniform,Z,5,0.00623118873184389,0.36595506801246197,1.1568143907515405,1.0,20.0,20000,2000,2000,20000,91
method_b,css,uniform,Z,5,0.007062013896089741,0.36595506801246197,1.1568143907515405,1.0,20.0,20000,2000,2000,20000,214
method_b,css,uniform,Z,5,0.007892839060335595,0.36595506801246197,1.1568143907515405,1.0,20.0,20000,2000,2000,20000,461
method_b,css,uniform,Z,5,0.008723664224581444,0.36595506801246197,1.1568143907515405,1.0,20.0,20000,2000,2000,20000,960
method_b,css,uniform,Z,5,0.009554489388827298,0.36595506801246197,1.1568143907515405,1.0,20.0,20000,2000,2000,20000,1639
method_b,css,uniform,Z,5,0.01038531455307315,0.36595506801246197,1.1568143907515405,1.0,20.0,20000,2000,2000,16000,2076
method_b,css,uniform,Z,5,0.011216139717319003,0.36595506801246197,1.1568143907515405,1.0,20.0,20000,2000,2000,12000,2159
method_b,css,uniform,X,3,0.0014954852956425336,0.36595506801246197,1.1568143907515405,1.0,20.0,20000,2000,2000,20000,1
method_b,css,uniform,X,3,0.0018278153613408745,0.36595506801246197,1.1568143907515405,1.0,20.0,20000,2000,2000,20000,5
method_b,css,uniform,X,3,0.0021601454270392152,0.36595506801246197,1.1568143907515405,1.0,20.0,20000,2000,2000,20000,9
method_b,css,uniform,X,3,0.0024924754927375557,0.36595506801246197,1.1568143907515405,1.0,20.0,20000,2000,2000,20000,23
method_b,css,uniform,X,3,0.0028248055584358966,0.36595506801246197,1.1568143907515405,1.0,20.0,20000,2000,2000,20000,59
method_b,css,uniform,X,3,0.003157135624134238,0.36595506801246197,1.1568143907515405,1.0,20.0,20000,2000,2000,20000,118
method_b,css,uniform,X,3,0.003489465689832578,0.36595506801246197,1.1568143907515405,1.0,20.0,20000,2000,2000,20000,148
method_b,css,uniform,X,3,0.003821795755530919,0.36595506801246197,1.1568143907515405,1.0,20.0,20000,2000,2000,20000,252
method_b,css,uniform,X,3,0.00415412582122926,0.36595506801246197,1.1568143907515405,1.0,20.0,20000,2000,2000,20000,366
method_b,css,uniform,X,3,0.004486455886927601,0.36595506801246197,1.1568143907515405,1.0,20.0,20000,2000,2000,20000,521
method_b,css,uniform,X,5,0.0014954852956425336,0.36595506801246197,1.1568143907515405,1.0,20.0,20000,2000,2000,20000,0
method_b,css,uniform,X,5,0.0018278153613408745,0.36595506801246197,1.1568143907515405,1.0,20.0,20000,2000,2000,20000,0
method_b,css,uniform,X,5,0.0021601454270392152,0.36595506801246197,1.1568143907515405,1.0,20.0,20000,2000,2000,20000,2
method_b,css,uniform,X,5,0.0024924754927375557,0.36595506801246197,1.1568143907515405,1.0,20.0,20000,2000,2000,20000,9
method_b,css,uniform,X,5,0.0028248055584358966,0.36595506801246197,1.1568143907515405,1.0,20.0,20000,2000,2000,20000,18
method_b,css,uniform,X,5,0.003157135624134238,0.36595506801246197,1.1568143907515405,1.0,20.0,20000,2000,2000,20000,58
method_b,css,uniform,X,5,0.003489465689832578,0.36595506801246197,1.1568143907515405,1.0,20.0,20000,2000,2000,20000,158
method_b,css,uniform,X,5,0.003821795755530919,0.36595506801246197,1.1568143907515405,1.0,20.0,20000,2000,2000,20000,321
method_b,css,uniform,X,5,0.00415412582122926,0.36595506801246197,1.1568143907515405,1.0,20.0,20000,2000,2000,20000,576
method_b,css,uniform,X,5,0.004486455886927601,0.36595506801246197,1.1568143907515405,1.0,20.0,20000,2000,2000,20000,985
method_b,css,uniform,Z,3,0.003888403403423491,0.542289581137064,1.2858514781353236,1.0,20.0,20000,2000,2000,20000,7
method_b,css,uniform,Z,3,0.004752493048628712,0.542289581137064,1.2858514781353236,1.0,20.0,20000,2000,2000,20000,20
method_b,css,uniform,Z,3,0.005616582693833932,0.542289581137064,1.2858514781353236,1.0,20.0,20000,2000,2000,20000,53
method_b,css,uniform,Z,3,0.006480672339039151,0.542289581137064,1.2858514781353236,1.0,20.0,20000,2000,2000,20000,127
method_b,css,uniform,Z,3,0.007344761984244372,0.542289581137064,1.2858514781353236,1.0,20.0,20000,2000,2000,20000,202
method_b,css,uniform,Z,3,0.008208851629449593,0.542289581137064,1.2858514781353236,1.0,20.0,20000,2000,2000,20000,367
method_b,css,uniform,Z,3,0.009072941274654812,0.542289581137064,1.2858514781353236,1.0,20.0,20000,2000,2000,20000,536
method_b,css,uniform,Z,3,0.009937030919860033,0.542289581137064,1.2858514781353236,1.0,20.0,20000,2000,2000,20000,810
method_b,css,uniform,Z,3,0.010801120565065254,0.542289581137064,1.2858514781353236,1.0,20.0,20000,2000,2000,20000,1152
method_b,css,uniform,Z,3,0.011665210210270475,0.542289581137064,1.2858514781353236,1.0,20.0,20000,2000,2000,20000,1473
method_b,css,uniform,Z,5,0.003888403403423491,0.542289581137064,1.2858514781353236,1.0,20.0,20000,2000,2000,20000,0
method_b,css,uniform,Z,5,0.004752493048628712,0.542289581137064,1.2858514781353236,1.0,20.0,20000,2000,2000,20000,3
method_b,css,uniform,Z,5,0.005616582693833932,0.542289581137064,1.2858514781353236,1.0,20.0,20000,2000,2000,20000,28
method_b,css,uniform,Z,5,0.006480672339039151,0.542289581137064,1.2858514781353236,1.0,20.0,20000,2000,2000,20000,89
method_b,css,uniform,Z,5,0.007344761984244372,0.542289581137064,1.2858514781353236,1.0,20.0,20000,2000,2000,20000,237
method_b,css,uniform,Z,5,0.008208851629449593,0.542289581137064,1.2858514781353236,1.0,20.0,20000,2000,2000,20000,526
method_b,css,uniform,Z,5,0.009072941274654812,0.542289581137064,1.2858514781353236,1.0,20.0,20000,2000,2000,20000,1071
method_b,css,uniform,Z,5,0.009937030919860033,0.542289581137064,1.2858514781353236,1.0,20.0,20000,2000,2000,20000,1893
method_b,css,uniform,Z,5,0.010801120565065254,0.542289581137064,1.2858514781353236,1.0,20.0,20000,2000,2000,16000,2281
method_b,css,uniform,Z,5,0.011665210210270475,0.542289581137064,1.2858514781353236,1.0,20.0,20000,2000,2000,12000,2294
method_b,css,uniform,X,3,0.0015553613613693965,0.542289581137064,1.2858514781353236,1.0,20.0,20000,2000,2000,20000,1
method_b,css,uniform,X,3,0.0019009972194514847,0.542289581137064,1.2858514781353236,1.0,20.0,20000,2000,2000,20000,7
method_b,css,uniform,X,3,0.002246633077533573,0.542289581137064,1.2858514781353236,1.0,20.0,20000,2000,2000,20000,9
method_b,css,uniform,X,3,0.0025922689356156605,0.542289581137064,1.2858514781353236,1.0,20.0,20000,2000,2000,20000,24
method_b,css,uniform,X,3,0.002937904793697749,0.542289581137064,1.2858514781353236,1.0,20.0,20000,2000,2000,20000,41
method_b,css,uniform,X,3,0.0032835406517798373,0.542289581137064,1.2858514781353236,1.0,20.0,20000,2000,2000,20000,99
method_b,css,uniform,X,3,0.003629176509861925,0.542289581137064,1.2858514781353236,1.0,20.0,20000,2000,2000,20000,142
method_b,css,uniform,X,3,0.003974812367944013,0.542289581137064,1.2858514781353236,1.0,20.0,20000,2000,2000,20000,254
method_b,css,uniform,X,3,0.004320448226026102,0.542289581137064,1.2858514781353236,1.0,20.0,20000,2000,2000,20000,355
method_b,css,uniform,X,3,0.00466608408410819,0.542289581137064,1.2858514781353236,1.0,20.0,20000,2000,2000,20000,491
method_b,css,uniform,X,5,0.0015553613613693965,0.542289581137064,1.2858514781353236,1.0,20.0,20000,2000,2000,20000,0
method_b,css,uniform,X,5,0.0019009972194514847,0.542289581137064,1.2858514781353236,1.0,20.0,20000,2000,2000,20000,0
method_b,css,uniform,X,5,0.002246633077533573,0.542289581137064,1.2858514781353236,1.0,20.0,20000,2000,2000,20000,1
method_b,css,uniform,X,5,0.0025922689356156605,0.542289581137064,1.2858514781353236,1.0,20.0,20000,2000,2000,20000,8
method_b,css,uniform,X,5,0.002937904793697749,0.542289581137064,1.2858514781353236,1.0,20.0,20000,2000,2000,20000,23
method_b,css,uniform,X,5,0.0032835406517798373,0.542289581137064,1.2858514781353236,1.0,20.0,20000,2000,2000,20000,61
method_b,css,uniform,X,5,0.003629176509861925,0.542289581137064,1.2858514781353236,1.0,20.0,20000,2000,2000,20000,146
method_b,css,uniform,X,5,0.003974812367944013,0.542289581137064,1.2858514781353236,1.0,20.0,20000,2000,2000,20000,288
method_b,css,uniform,X,5,0.004320448226026102,0.542289581137064,1.2858514781353236,1.0,20.0,20000,2000,2000,20000,556
method_b,css,uniform,X,5,0.00466608408410819,0.542289581137064,1.2858514781353236,1.0,20.0,20000,2000,2000,20000,983
method_b,css,uniform,Z,3,0.0016778361739321517,0.6917691448960015,1.4253723625961543,1.0,20.0,20000,2000,2000,20000,0
method_b,css,uniform,Z,3,0.0020506886570281855,0.6917691448960015,1.4253723625961543,1.0,20.0,20000,2000,2000,20000,0
method_b,css,uniform,Z,3,0.002423541140124219,0.6917691448960015,1.4253723625961543,1.0,20.0,20000,2000,2000,20000,0
method_b,css,uniform,Z,3,0.0027963936232202526,0.6917691448960015,1.4253723625961543,1.0,20.0,20000,2000,2000,20000,1
method_b,css,uniform,Z,3,0.0031692461063162866,0.6917691448960015,1.4253723625961543,1.0,20.0,20000,2000,2000,20000,1
method_b,css,uniform,Z,3,0.00354209858941232,0.6917691448960015,1.4253723625961543,1.0,20.0,20000,2000,2000,20000,2
method_b,css,uniform,Z,3,0.003914951072508353,0.6917691448960015,1.4253723625961543,1.0,20.0,20000,2000,2000,20000,5
method_b,css,uniform,Z,3,0.004287803555604388,0.6917691448960015,1.4253723625961543,1.0,20.0,20000,2000,2000,20000,11
method_b,css,uniform,Z,3,0.004660656038700421,0.6917691448960015,1.4253723625961543,1.0,20.0,20000,2000,2000,20000,14
method_b,css,uniform,Z,3,0.005033508521796455,0.6917691448960015,1.4253723625961543,1.0,20.0,20000,2000,2000,20000,23
method_b,css,uniform,Z,5,0.0016778361739321517,0.6917691448960015,1.4253723625961543,1.0,20.0,20000,2000,2000,20000,0
method_b,css,uniform,Z,5,0.0020506886570281855,0.6917691448960015,1.4253723625961543,1.0,20.0,20000,2000,2000,20000,0
method_b,css,uniform,Z,5,0.002423541140124219,0.6917691448960015,1.4253723625961543,1.0,20.0,20000,2000,2000,20000,0
method_b,css,uniform,Z,5,0.0027963936232202526,0.6917691448960015,1.4253723625961543,1.0,20.0,20000,2000,2000,20000,0
method_b,css,uniform,Z,5,0.0031692461063162866,0.6917691448960015,1.4253723625961543,1.0,20.0,20000,2000,2000,20000,1
method_b,css,uniform,Z,5,0.00354209858941232,0.6917691448960015,1.4253723625961543,1.0,20.0,20000,2000,2000,20000,0
method_b,css,uniform,Z,5,0.003914951072508353,0.6917691448960015,1.4253723625961543,1.0,20.0,20000,2000,2000,20000,1
method_b,css,uniform,Z,5,0.004287803555604388,0.6917691448960015,1.4253723625961543,1.0,20.0,20000,2000,2000,20000,1
method_b,css,uniform,Z,5,0.004660656038700421,0.6917691448960015,1.4253723625961543,1.0,20.0,20000,2000,2000,20000,4
method_b,css,uniform,Z,5,0.005033508521796455,0.6917691448960015,1.4253723625961543,1.0,20.0,20000,2000,2000,20000,3
method_b,css,uniform,X,3,0.0016778361739321517,0.6917691448960015,1.4253723625961543,1.0,20.0,20000,2000,2000,20000,1
method_b,css,uniform,X,3,0.0020506886570281855,0.6917691448960015,1.4253723625961543,1.0,20.0,20000,2000,2000,20000,4
method_b,css,uniform,X,3,0.002423541140124219,0.6917691448960015,1.4253723625961543,1.0,20.0,20000,2000,2000,20000,22
method_b,css,uniform,X,3,0.0027963936232202526,0.6917691448960015,1.4253723625961543,1.0,20.0,20000,2000,2000,20000,24
method_b,css,uniform,X,3,0.0031692461063162866,0.6917691448960015,1.4253723625961543,1.0,20.0,20000,2000,2000,20000,52
method_b,css,uniform,X,3,0.00354209858941232,0.6917691448960015,1.4253723625961543,1.0,20.0,20000,2000,2000,20000,89
method_b,css,uniform,X,3,0.003914951072508353,0.6917691448960015,1.4253723625961543,1.0,20.0,20000,2000,2000,20000,151
method_b,css,uniform,X,3,0.004287803555604388,0.6917691448960015,1.4253723625961543,1.0,20.0,20000,2000,2000,20000,238
method_b,css,uniform,X,3,0.004660656038700421,0.6917691448960015,1.4253723625961543,1.0,20.0,20000,2000,2000,20000,337
method_b,css,uniform,X,3,0.005033508521796455,0.6917691448960015,1.4253723625961543,1.0,20.0,20000,2000,2000,20000,504
method_b,css,uniform,X,5,0.0016778361739321517,0.6917691448960015,1.4253723625961543,1.0,20.0,20000,2000,2000,20000,0
method_b,css,uniform,X,5,0.0020506886570281855,0.6917691448960015,1.4253723625961543,1.0,20.0,20000,2000,2000,20000,0
method_b,css,uniform,X,5,0.002423541140124219,0.6917691448960015,1.4253723625961543,1.0,20.0,20000,2000,2000,20000,0
method_b,css,uniform,X,5,0.0027963936232202526,0.6917691448960015,1.4253723625961543,1.0,20.0,20000,2000,2000,20000,5
method_b,css,uniform,X,5,0.0031692461063162866,0.6917691448960015,1.4253723625961543,1.0,20.0,20000,2000,2000,20000,27
method_b,css,uniform,X,5,0.00354209858941232,0.6917691448960015,1.4253723625961543,1.0,20.0,20000,2000,2000,20000,55
method_b,css,uniform,X,5,0.003914951072508353,0.6917691448960015,1.4253723625961543,1.0,20.0,20000,2000,2000,20000,122
method_b,css,uniform,X,5,0.004287803555604388,0.6917691448960015,1.4253723625961543,1.0,20.0,20000,2000,2000,20000,290
method_b,css,uniform,X,5,0.004660656038700421,0.6917691448960015,1.4253723625961543,1.0,20.0,20000,2000,2000,20000,560
method_b,css,uniform,X,5,0.005033508521796455,0.6917691448960015,1.4253723625961543,1.0,20.0,20000,2000,2000,20000,851
method_b,css,uniform,Z,3,0.004626305258941993,0.8080868645465943,1.5707963267948966,1.0,20.0,20000,2000,2000,20000,4
method_b,css,uniform,Z,3,0.005654373094262435,0.8080868645465943,1.5707963267948966,1.0,20.0,20000,2000,2000,20000,22
method_b,css,uniform,Z,3,0.006682440929582878,0.8080868645465943,1.5707963267948966,1.0,20.0,20000,2000,2000,20000,44
method_b,css,uniform,Z,3,0.007710508764903321,0.8080868645465943,1.5707963267948966,1.0,20.0,20000,2000,2000,20000,122
method_b,css,uniform,Z,3,0.008738576600223763,0.8080868645465943,1.5707963267948966,1.0,20.0,20000,2000,2000,20000,245
method_b,css,uniform,Z,3,0.009766644435544206,0.8080868645465943,1.5707963267948966,1.0,20.0,20000,2000,2000,20000,383
method_b,css,uniform,Z,3,0.010794712270864646,0.8080868645465943,1.5707963267948966,1.0,20.0,20000,2000,2000,20000,610
method_b,css,uniform,Z,3,0.01182278010618509,0.8080868645465943,1.5707963267948966,1.0,20.0,20000,2000,2000,20000,868
method_b,css,uniform,Z,3,0.012850847941505534,0.8080868645465943,1.5707963267948966,1.0,20.0,20000,2000,2000,20000,1265
method_b,css,uniform,Z,3,0.013878915776825977,0.8080868645465943,1.5707963267948966,1.0,20.0,20000,2000,2000,20000,1693
method_b,css,uniform,Z,5,0.004626305258941993,0.8080868645465943,1.5707963267948966,1.0,20.0,20000,2000,2000,20000,1
method_b,css,uniform,Z,5,0.005654373094262435,0.8080868645465943,1.5707963267948966,1.0,20.0,20000,2000,2000,20000,9
method_b,css,uniform,Z,5,0.006682440929582878,0.8080868645465943,1.5707963267948966,1.0,20.0,20000,2000,2000,20000,35
method_b,css,uniform,Z,5,0.007710508764903321,0.8080868645465943,1.5707963267948966,1.0,20.0,20000,2000,2000,20000,140
method_b,css,uniform,Z,5,0.008738576600223763,0.8080868645465943,1.5707963267948966,1.0,20.0,20000,2000,2000,20000,352
method_b,css,uniform,Z,5,0.009766644435544206,0.8080868645465943,1.5707963267948966,1.0,20.0,20000,2000,2000,20000,769
method_b,css,uniform,Z,5,0.010794712270864646,0.8080868645465943,1.5707963267948966,1.0,20.0,20000,2000,2000,20000,1481
method_b,css,uniform,Z,5,0.01182278010618509,0.8080868645465943,1.5707963267948966,1.0,20.0,20000,2000,2000,18000,2078
method_b,css,uniform,Z,5,0.012850847941505534,0.8080868645465943,1.5707963267948966,1.0,20.0,20000,2000,2000,12000,2032
method_b,css,uniform,Z,5,0.013878915776825977,0.8080868645465943,1.5707963267948966,1.0,20.0,20000,2000,2000,10000,2270
method_b,css,uniform,X,3,0.001850522103576797,0.8080868645465943,1.5707963267948966,1.0,20.0,20000,2000,2000,20000,3
method_b,css,uniform,X,3,0.002261749237704974,0.8080868645465943,1.5707963267948966,1.0,20.0,20000,2000,2000,20000,3
method_b,css,uniform,X,3,0.002672976371833151,0.8080868645465943,1.5707963267948966,1.0,20.0,20000,2000,2000,20000,6
method_b,css,uniform,X,3,0.003084203505961328,0.8080868645465943,1.5707963267948966,1.0,20.0,20000,2000,2000,20000,30
method_b,css,uniform,X,3,0.003495430640089505,0.8080868645465943,1.5707963267948966,1.0,20.0,20000,2000,2000,20000,46
method_b,css,uniform,X,3,0.003906657774217682,0.8080868645465943,1.5707963267948966,1.0,20.0,20000,2000,2000,20000,92
method_b,css,uniform,X,3,0.004317884908345859,0.8080868645465943,1.5707963267948966,1.0,20.0,20000,2000,2000,20000,131
method_b,css,uniform,X,3,0.004729112042474036,0.8080868645465943,1.5707963267948966,1.0,20.0,20000,2000,2000,20000,210
method_b,css,uniform,X,3,0.005140339176602214,0.8080868645465943,1.5707963267948966,1.0,20.0,20000,2000,2000,20000,337
method_b,css,uniform,X,3,0.005551566310730391,0.8080868645465943,1.5707963267948966,1.0,20.0,20000,2000,2000,20000,479
method_b,css,uniform,X,5,0.001850522103576797,0.8080868645465943,1.5707963267948966,1.0,20.0,20000,2000,2000,20000,0
method_b,css,uniform,X,5,0.002261749237704974,0.8080868645465943,1.5707963267948966,1.0,20.0,20000,2000,2000,20000,1
method_b,css,uniform,X,5,0.002672976371833151,0.8080868645465943,1.5707963267948966,1.0,20.0,20000,2000,2000,20000,3
method_b,css,uniform,X,5,0.003084203505961328,0.8080868645465943,1.5707963267948966,1.0,20.0,20000,2000,2000,20000,5
method_b,css,uniform,X,5,0.003495430640089505,0.8080868645465943,1.5707963267948966,1.0,20.0,20000,2000,2000,20000,23
method_b,css,uniform,X,5,0.003906657774217682,0.8080868645465943,1.5707963267948966,1.0,20.0,20000,2000,2000,20000,57
method_b,css,uniform,X,5,0.004317884908345859,0.8080868645465943,1.5707963267948966,1.0,20.0,20000,2000,2000,20000,126
method_b,css,uniform,X,5,0.004729112042474036,0.8080868645465943,1.5707963267948966,1.0,20.0,20000,2000,2000,20000,290
method_b,css,uniform,X,5,0.005140339176602214,0.8080868645465943,1.5707963267948966,1.0,20.0,20000,2000,2000,20000,464
method_b,css,uniform,X,5,0.005551566310730391,0.8080868645465943,1.5707963267948966,1.0,20.0,20000,2000,2000,20000,821
method_b,css,uniform,Z,3,0.004412307567053792,0.0,1.1325293340987237,1.0,20.0,20000,2000,2000,20000,0
method_b,css,uniform,Z,3,0.005392820359732413,0.0,1.1325293340987237,1.0,20.0,20000,2000,2000,20000,3
method_b,css,uniform,Z,3,0.006373333152411032,0.0,1.1325293340987237,1.0,20.0,20000,2000,2000,20000,11
method_b,css,uniform,Z,3,0.007353845945089652,0.0,1.1325293340987237,1.0,20.0,20000,2000,2000,20000,21
method_b,css,uniform,Z,3,0.008334358737768272,0.0,1.1325293340987237,1.0,20.0,20000,2000,2000,20000,54
method_b,css,uniform,Z,3,0.009314871530446894,0.0,1.1325293340987237,1.0,20.0,20000,2000,2000,20000,100
method_b,css,uniform,Z,3,0.010295384323125512,0.0,1.1325293340987237,1.0,20.0,20000,2000,2000,20000,177
method_b,css,uniform,Z,3,0.011275897115804134,0.0,1.1325293340987237,1.0,20.0,20000,2000,2000,20000,255
method_b,css,uniform,Z,3,0.012256409908482754,0.0,1.1325293340987237,1.0,20.0,20000,2000,2000,20000,362
method_b,css,uniform,Z,3,0.013236922701161374,0.0,1.1325293340987237,1.0,20.0,20000,2000,2000,20000,566
method_b,css,uniform,Z,5,0.004412307567053792,0.0,1.1325293340987237,1.0,20.0,20000,2000,2000,20000,0
method_b,css,uniform,Z,5,0.005392820359732413,0.0,1.1325293340987237,1.0,20.0,20000,2000,2000,20000,0
method_b,css,uniform,Z,5,0.006373333152411032,0.0,1.1325293340987237,1.0,20.0,20000,2000,2000,20000,2
method_b,css,uniform,Z,5,0.007353845945089652,0.0,1.1325293340987237,1.0,20.0,20000,2000,2000,20000,7
method_b,css,uniform,Z,5,0.008334358737768272,0.0,1.1325293340987237,1.0,20.0,20000,2000,2000,20000,24
method_b,css,uniform,Z,5,0.009314871530446894,0.0,1.1325293340987237,1.0,20.0,20000,2000,2000,20000,58
method_b,css,uniform,Z,5,0.010295384323125512,0.0,1.1325293340987237,1.0,20.0,20000,2000,2000,20000,136
method_b,css,uniform,Z,5,0.011275897115804134,0.0,1.1325293340987237,1.0,20.0,20000,2000,2000,20000,274
method_b,css,uniform,Z,5,0.012256409908482754,0.0,1.1325293340987237,1.0,20.0,20000,2000,2000,20000,560
method_b,css,uniform,Z,5,0.013236922701161374,0.0,1.1325293340987237,1.0,20.0,20000,2000,2000,20000,916
method_b,css,uniform,X,3,0.0017649230268215166,0.0,1.1325293340987237,1.0,20.0,20000,2000,2000,20000,3
method_b,css,uniform,X,3,0.002157128143892965,0.0,1.1325293340987237,1.0,20.0,20000,2000,2000,20000,5
method_b,css,uniform,X,3,0.002549333260964413,0.0,1.1325293340987237,1.0,20.0,20000,2000,2000,20000,14
method_b,css,uniform,X,3,0.002941538378035861,0.0,1.1325293340987237,1.0,20.0,20000,2000,2000,20000,24
method_b,css,uniform,X,3,0.003333743495107309,0.0,1.1325293340987237,1.0,20.0,20000,2000,2000,20000,58
method_b,css,uniform,X,3,0.0037259486121787575,0.0,1.1325293340987237,1.0,20.0,20000,2000,2000,20000,105
method_b,css,uniform,X,3,0.004118153729250205,0.0,1.1325293340987237,1.0,20.0,20000,2000,2000,20000,172
method_b,css,uniform,X,3,0.004510358846321653,0.0,1.1325293340987237,1.0,20.0,20000,2000,2000,20000,263
method_b,css,uniform,X,3,0.004902563963393102,0.0,1.1325293340987237,1.0,20.0,20000,2000,2000,20000,425
method_b,css,uniform,X,3,0.0052947690804645495,0.0,1.1325293340987237,1.0,20.0,20000,2000,2000,20000,582
method_b,css,uniform,X,5,0.0017649230268215166,0.0,1.1325293340987237,1.0,20.0,20000,2000,2000,20000,0
method_b,css,uniform,X,5,0.002157128143892965,0.0,1.1325293340987237,1.0,20.0,20000,2000,2000,20000,1
method_b,css,uniform,X,5,0.002549333260964413,0.0,1.1325293340987237,1.0,20.0,20000,2000,2000,20000,1
method_b,css,uniform,X,5,0.002941538378035861,0.0,1.1325293340987237,1.0,20.0,20000,2000,2000,20000,7
method_b,css,uniform,X,5,0.003333743495107309,0.0,1.1325293340987237,1.0,20.0,20000,2000,2000,20000,33
method_b,css,uniform,X,5,0.0037259486121787575,0.0,1.1325293340987237,1.0,20.0,20000,2000,2000,20000,80
method_b,css,uniform,X,5,0.004118153729250205,0.0,1.1325293340987237,1.0,20.0,20000,2000,2000,20000,171
method_b,css,uniform,X,5,0.004510358846321653,0.0,1.1325293340987237,1.0,20.0,20000,2000,2000,20000,351
method_b,css,uniform,X,5,0.004902563963393102,0.0,1.1325293340987237,1.0,20.0,20000,2000,2000,20000,702
method_b,css,uniform,X,5,0.0052947690804645495,0.0,1.1325293340987237,1.0,20.0,20000,2000,2000,20000,1085
method_b,css,uniform,Z,3,0.0017149701442987848,0.15666210895730917,1.2327868425252058,1.0,20.0,20000,2000,2000,20000,0
method_b,css,uniform,Z,3,0.002096074620809626,0.15666210895730917,1.2327868425252058,1.0,20.0,20000,2000,2000,20000,0
method_b,css,uniform,Z,3,0.002477179097320467,0.15666210895730917,1.2327868425252058,1.0,20.0,20000,2000,2000,20000,0
method_b,css,uniform,Z,3,0.0028582835738313076,0.15666210895730917,1.2327868425252058,1.0,20.0,20000,2000,2000,20000,0
method_b,css,uniform,Z,3,0.003239388050342149,0.15666210895730917,1.2327868425252058,1.0,20.0,20000,2000,2000,20000,1
method_b,css,uniform,Z,3,0.0036204925268529904,0.15666210895730917,1.2327868425252058,1.0,20.0,20000,2000,2000,20000,0
method_b,css,uniform,Z,3,0.004001597003363831,0.15666210895730917,1.2327868425252058,1.0,20.0,20000,2000,2000,20000,0
method_b,css,uniform,Z,3,0.004382701479874672,0.15666210895730917,1.2327868425252058,1.0,20.0,20000,2000,2000,20000,1
method_b,css,uniform,Z,3,0.004763805956385514,0.15666210895730917,1.2327868425252058,1.0,20.0,20000,2000,2000,20000,3
method_b,css,uniform,Z,3,0.005144910432896355,0.15666210895730917,1.2327868425252058,1.0,20.0,20000,2000,2000,20000,4
method_b,css,uniform,Z,5,0.0017149701442987848,0.15666210895730917,1.2327868425252058,1.0,20.0,20000,2000,2000,20000,0
method_b,css,uniform,Z,5,0.002096074620809626,0.15666210895730917,1.2327868425252058,1.0,20.0,20000,2000,2000,20000,0
method_b,css,uniform,Z,5,0.002477179097320467,0.15666210895730917,1.2327868425252058,1.0,20.0,20000,2000,2000,20000,0
method_b,css,uniform,Z,5,0.0028582835738313076,0.15666210895730917,1.2327868425252058,1.0,20.0,20000,2000,2000,20000,0
method_b,css,uniform,Z,5,0.003239388050342149,0.15666210895730917,1.2327868425252058,1.0,20.0,20000,2000,2000,20000,0
method_b,css,uniform,Z,5,0.0036204925268529904,0.15666210895730917,1.2327868425252058,1.0,20.0,20000,2000,2000,20000,0
method_b,css,uniform,Z,5,0.004001597003363831,0.15666210895730917,1.2327868425252058,1.0,20.0,20000,2000,2000,20000,0
method_b,css,uniform,Z,5,0.004382701479874672,0.15666210895730917,1.2327868425252058,1.0,20.0,20000,2000,2000,20000,1
method_b,css,uniform,Z,5,0.004763805956385514,0.15666210895730917,1.2327868425252058,1.0,20.0,20000,2000,2000,20000,0
method_b,css,uniform,Z,5,0.005144910432896355,0.15666210895730917,1.2327868425252058,1.0,20.0,20000,2000,2000,20000,0
method_b,css,uniform,X,3,0.0017149701442987848,0.15666210895730917,1.2327868425252058,1.0,20.0,20000,2000,2000,20000,1
method_b,css,uniform,X,3,0.002096074620809626,0.15666210895730917,1.2327868425252058,1.0,20.0,20000,2000,2000,20000,5
method_b,css,uniform,X,3,0.002477179097320467,0.15666210895730917,1.2327868425252058,1.0,20.0,20000,2000,2000,20000,17
method_b,css,uniform,X,3,0.0028582835738313076,0.15666210895730917,1.2327868425252058,1.0,20.0,20000,2000,2000,20000,29
method_b,css,uniform,X,3,0.003239388050342149,0.15666210895730917,1.2327868425252058,1.0,20.0,20000,2000,2000,20000,59
method_b,css,uniform,X,3,0.0036204925268529904,0.15666210895730917,1.2327868425252058,1.0,20.0,20000,2000,2000,20000,104
method_b,css,uniform,X,3,0.004001597003363831,0.15666210895730917,1.2327868425252058,1.0,20.0,20000,2000,2000,20000,169
method_b,css,uniform,X,3,0.004382701479874672,0.15666210895730917,1.2327868425252058,1.0,20.0,20000,2000,2000,20000,255
method_b,css,uniform,X,3,0.004763805956385514,0.15666210895730917,1.2327868425252058,1.0,20.0,20000,2000,2000,20000,426
method_b,css,uniform,X,3,0.005144910432896355,0.15666210895730917,1.2327868425252058,1.0,20.0,20000,2000,2000,20000,575
method_b,css,uniform,X,5,0.0017149701442987848,0.15666210895730917,1.2327868425252058,1.0,20.0,20000,2000,2000,20000,0
method_b,css,uniform,X,5,0.002096074620809626,0.15666210895730917,1.2327868425252058,1.0,20.0,20000,2000,2000,20000,0
method_b,css,uniform,X,5,0.002477179097320467,0.15666210895730917,1.2327868425252058,1.0,20.0,20000,2000,2000,20000,1
method_b,css,uniform,X,5,0.0028582835738313076,0.15666210895730917,1.2327868425252058,1.0,20.0,20000,2000,2000,20000,8
method_b,css,uniform,X,5,0.003239388050342149,0.15666210895730917,1.2327868425252058,1.0,20.0,20000,2000,2000,20000,22
method_b,css,uniform,X,5,0.0036204925268529904,0.15666210895730917,1.2327868425252058,1.0,20.0,20000,2000,2000,20000,59
method_b,css,uniform,X,5,0.004001597003363831,0.15666210895730917,1.2327868425252058,1.0,20.0,20000,2000,2000,20000,160
method_b,css,uniform,X,5,0.004382701479874672,0.15666210895730917,1.2327868425252058,1.0,20.0,20000,2000,2000,20000,339
method_b,css,uniform,X,5,0.004763805956385514,0.15666210895730917,1.2327868425252058,1.0,20.0,20000,2000,2000,20000,660
method_b,css,uniform,X,5,0.005144910432896355,0.15666210895730917,1.2327868425252058,1.0,20.0,20000,2000,2000,20000,1184
method_b,css,uniform,Z,3,0.004316106802015098,0.31516204296093464,1.3406169558433447,1.0,20.0,20000,2000,2000,20000,1
method_b,css,uniform,Z,3,0.005275241646907342,0.31516204296093464,1.3406169558433447,1.0,20.0,20000,2000,2000,20000,6
method_b,css,uniform,Z,3,0.006234376491799586,0.31516204296093464,1.3406169558433447,1.0,20.0,20000,2000,2000,20000,19
method_b,css,uniform,Z,3,0.0071935113366918295,0.31516204296093464,1.3406169558433447,1.0,20.0,20000,2000,2000,20000,29
method_b,css,uniform,Z,3,0.008152646181584074,0.31516204296093464,1.3406169558433447,1.0,20.0,20000,2000,2000,20000,76
method_b,css,uniform,Z,3,0.009111781026476317,0.31516204296093464,1.3406169558433447,1.0,20.0,20000,2000,2000,20000,109
method_b,css,uniform,Z,3,0.01007091587136856,0.31516204296093464,1.3406169558433447,1.0,20.0,20000,2000,2000,20000,213
method_b,css,uniform,Z,3,0.011030050716260805,0.31516204296093464,1.3406169558433447,1.0,20.0,20000,2000,2000,20000,320
method_b,css,uniform,Z,3,0.011989185561153049,0.31516204296093464,1.3406169558433447,1.0,20.0,20000,2000,2000,20000,493
method_b,css,uniform,Z,3,0.012948320406045294,0.31516204296093464,1.3406169558433447,1.0,20.0,20000,2000,2000,20000,691
method_b,css,uniform,Z,5,0.004316106802015098,0.31516204296093464,1.3406169558433447,1.0,20.0,20000,2000,2000,20000,0
method_b,css,uniform,Z,5,0.005275241646907342,0.31516204296093464,1.3406169558433447,1.0,20.0,20000,2000,2000,20000,2
method_b,css,uniform,Z,5,0.006234376491799586,0.31516204296093464,1.3406169558433447,1.0,20.0,20000,2000,2000,20000,6
method_b,css,uniform,Z,5,0.0071935113366918295,0.31516204296093464,1.3406169558433447,1.0,20.0,20000,2000,2000,20000,12
method_b,css,uniform,Z,5,0.008152646181584074,0.31516204296093464,1.3406169558433447,1.0,20.0,20000,2000,2000,20000,50
method_b,css,uniform,Z,5,0.009111781026476317,0.31516204296093464,1.3406169558433447,1.0,20.0,20000,2000,2000,20000,116
method_b,css,uniform,Z,5,0.01007091587136856,0.31516204296093464,1.3406169558433447,1.0,20.0,20000,2000,2000,20000,226
method_b,css,uniform,Z,5,0.011030050716260805,0.31516204296093464,1.3406169558433447,1.0,20.0,20000,2000,2000,20000,485
method_b,css,uniform,Z,5,0.011989185561153049,0.31516204296093464,1.3406169558433447,1.0,20.0,20000,2000,2000,20000,885
method_b,css,uniform,Z,5,0.012948320406045294,0.31516204296093464,1.3406169558433447,1.0,20.0,20000,2000,2000,20000,1418
method_b,css,uniform,X,3,0.0017264427208060391,0.31516204296093464,1.3406169558433447,1.0,20.0,20000,2000,2000,20000,2
method_b,css,uniform,X,3,0.0021100966587629367,0.31516204296093464,1.3406169558433447,1.0,20.0,20000,2000,2000,20000,5
method_b,css,uniform,X,3,0.0024937505967198344,0.31516204296093464,1.3406169558433447,1.0,20.0,20000,2000,2000,20000,13
method_b,css,uniform,X,3,0.0028774045346767318,0.31516204296093464,1.3406169558433447,1.0,20.0,20000,2000,2000,20000,23
method_b,css,uniform,X,3,0.0032610584726336296,0.31516204296093464,1.3406169558433447,1.0,20.0,20000,2000,2000,20000,63
method_b,css,uniform,X,3,0.003644712410590527,0.31516204296093464,1.3406169558433447,1.0,20.0,20000,2000,2000,20000,88
method_b,css,uniform,X,3,0.004028366348547424,0.31516204296093464,1.3406169558433447,1.0,20.0,20000,2000,2000,20000,186
method_b,css,uniform,X,3,0.004412020286504322,0.31516204296093464,1.3406169558433447,1.0,20.0,20000,2000,2000,20000,254
method_b,css,uniform,X,3,0.004795674224461219,0.31516204296093464,1.3406169558433447,1.0,20.0,20000,2000,2000,20000,409
method_b,css,uniform,X,3,0.0051793281624181176,0.31516204296093464,1.3406169558433447,1.0,20.0,20000,2000,2000,20000,537
method_b,css,uniform,X,5,0.0017264427208060391,0.31516204296093464,1.3406169558433447,1.0,20.0,20000,2000,2000,20000,0
method_b,css,uniform,X,5,0.0021100966587629367,0.31516204296093464,1.3406169558433447,1.0,20.0,20000,2000,2000,20000,0
method_b,css,uniform,X,5,0.0024937505967198344,0.31516204296093464,1.3406169558433447,1.0,20.0,20000,2000,2000,20000,1
method_b,css,uniform,X,5,0.0028774045346767318,0.31516204296093464,1.3406169558433447,1.0,20.0,20000,2000,2000,20000,6
method_b,css,uniform,X,5,0.0032610584726336296,0.31516204296093464,1.3406169558433447,1.0,20.0,20000,2000,2000,20000,19
method_b,css,uniform,X,5,0.003644712410590527,0.31516204296093464,1.3406169558433447,1.0,20.0,20000,2000,2000,20000,70
method_b,css,uniform,X,5,0.004028366348547424,0.31516204296093464,1.3406169558433447,1.0,20.0,20000,2000,2000,20000,168
method_b,css,uniform,X,5,0.004412020286504322,0.31516204296093464,1.3406169558433447,1.0,20.0,20000,2000,2000,20000,292
method_b,css,uniform,X,5,0.004795674224461219,0.31516204296093464,1.3406169558433447,1.0,20.0,20000,2000,2000,20000,655
method_b,css,uniform,X,5,0.0051793281624181176,0.31516204296093464,1.3406169558433447,1.0,20.0,20000,2000,2000,20000,1066
method_b,css,uniform,Z,3,0.004495413570913635,0.4627496972941648,1.4541618165786865,1.0,20.0,20000,2000,2000,20000,1
method_b,css,uniform,Z,3,0.005494394364449999,0.4627496972941648,1.4541618165786865,1.0,20.0,20000,2000,2000,20000,5
method_b,css,uniform,Z,3,0.006493375157986362,0.4627496972941648,1.4541618165786865,1.0,20.0,20000,2000,2000,20000,15
method_b,css,uniform,Z,3,0.007492355951522724,0.4627496972941648,1.4541618165786865,1.0,20.0,20000,2000,2000,20000,44
method_b,css,uniform,Z,3,0.008491336745059088,0.4627496972941648,1.4541618165786865,1.0,20.0,20000,2000,2000,20000,80
method_b,css,uniform,Z,3,0.009490317538595453,0.4627496972941648,1.4541618165786865,1.0,20.0,20000,2000,2000,20000,153
method_b,css,uniform,Z,3,0.010489298332131813,0.4627496972941648,1.4541618165786865,1.0,20.0,20000,2000,2000,20000,222
method_b,css,uniform,Z,3,0.011488279125668178,0.4627496972941648,1.4541618165786865,1.0,20.0,20000,2000,2000,20000,326
method_b,css,uniform,Z,3,0.012487259919204543,0.4627496972941648,1.4541618165786865,1.0,20.0,20000,2000,2000,20000,513
method_b,css,uniform,Z,3,0.013486240712740905,0.4627496972941648,1.4541618165786865,1.0,20.0,20000,2000,2000,20000,728
method_b,css,uniform,Z,5,0.004495413570913635,0.4627496972941648,1.4541618165786865,1.0,20.0,20000,2000,2000,20000,0
method_b,css,uniform,Z,5,0.005494394364449999,0.4627496972941648,1.4541618165786865,1.0,20.0,20000,2000,2000,20000,0
method_b,css,uniform,Z,5,0.006493375157986362,0.4627496972941648,1.4541618165786865,1.0,20.0,20000,2000,2000,20000,2
method_b,css,uniform,Z,5,0.007492355951522724,0.4627496972941648,1.4541618165786865,1.0,20.0,20000,2000,2000,20000,25
method_b,css,uniform,Z,5,0.008491336745059088,0.4627496972941648,1.4541618165786865,1.0,20.0,20000,2000,2000,20000,58
method_b,css,uniform,Z,5,0.009490317538595453,0.4627496972941648,1.4541618165786865,1.0,20.0,20000,2000,2000,20000,146
method_b,css,uniform,Z,5,0.010489298332131813,0.4627496972941648,1.4541618165786865,1.0,20.0,20000,2000,2000,20000,319
method_b,css,uniform,Z,5,0.011488279125668178,0.4627496972941648,1.4541618165786865,1.0,20.0,20000,2000,2000,20000,606
method_b,css,uniform,Z,5,0.012487259919204543,0.4627496972941648,1.4541618165786865,1.0,20.0,20000,2000,2000,20000,1019
method_b,css,uniform,Z,5,0.013486240712740905,0.4627496972941648,1.4541618165786865,1.0,20.0,20000,2000,2000,20000,1675
method_b,css,uniform,X,3,0.001798165428365454,0.4627496972941648,1.4541618165786865,1.0,20.0,20000,2000,2000,20000,2
method_b,css,uniform,X,3,0.0021977577457799997,0.4627496972941648,1.4541618165786865,1.0,20.0,20000,2000,2000,20000,5
method_b,css,uniform,X,3,0.0025973500631945447,0.4627496972941648,1.4541618165786865,1.0,20.0,20000,2000,2000,20000,8
method_b,css,uniform,X,3,0.0029969423806090897,0.4627496972941648,1.4541618165786865,1.0,20.0,20000,2000,2000,20000,25
method_b,css,uniform,X,3,0.003396534698023635,0.4627496972941648,1.4541618165786865,1.0,20.0,20000,2000,2000,20000,43
method_b,css,uniform,X,3,0.003796127015438181,0.4627496972941648,1.4541618165786865,1.0,20.0,20000,2000,2000,20000,110
method_b,css,uniform,X,3,0.004195719332852725,0.4627496972941648,1.4541618165786865,1.0,20.0,20000,2000,2000,20000,165
method_b,css,uniform,X,3,0.004595311650267271,0.4627496972941648,1.4541618165786865,1.0,20.0,20000,2000,2000,20000,233
method_b,css,uniform,X,3,0.004994903967681817,0.4627496972941648,1.4541618165786865,1.0,20.0,20000,2000,2000,20000,386
method_b,css,uniform,X,3,0.005394496285096362,0.4627496972941648,1.4541618165786865,1.0,20.0,20000,2000,2000,20000,560
method_b,css,uniform,X,5,0.001798165428365454,0.4627496972941648,1.4541618165786865,1.0,20.0,20000,2000,2000,20000,0
method_b,css,uniform,X,5,0.0021977577457799997,0.4627496972941648,1.4541618165786865,1.0,20.0,20000,2000,2000,20000,0
method_b,css,uniform,X,5,0.0025973500631945447,0.4627496972941648,1.4541618165786865,1.0,20.0,20000,2000,2000,20000,1
method_b,css,uniform,X,5,0.0029969423806090897,0.4627496972941648,1.4541618165786865,1.0,20.0,20000,2000,2000,20000,8
method_b,css,uniform,X,5,0.003396534698023635,0.4627496972941648,1.4541618165786865,1.0,20.0,20000,2000,2000,20000,25
method_b,css,uniform,X,5,0.003796127015438181,0.4627496972941648,1.4541618165786865,1.0,20.0,20000,2000,2000,20000,67
method_b,css,uniform,X,5,0.004195719332852725,0.4627496972941648,1.4541618165786865,1.0,20.0,20000,2000,2000,20000,134
method_b,css,uniform,X,5,0.004595311650267271,0.4627496972941648,1.4541618165786865,1.0,20.0,20000,2000,2000,20000,309
method_b,css,uniform,X,5,0.004994903967681817,0.4627496972941648,1.4541618165786865,1.0,20.0,20000,2000,2000,20000,606
method_b,css,uniform,X,5,0.005394496285096362,0.4627496972941648,1.4541618165786865,1.0,20.0,20000,2000,2000,20000,952
method_b,css,uniform,Z,3,0.004808524926153203,0.5901141399140327,1.5707963267948966,1.0,20.0,20000,2000,2000,20000,1
method_b,css,uniform,Z,3,0.005877086020853916,0.5901141399140327,1.5707963267948966,1.0,20.0,20000,2000,2000,20000,6
method_b,css,uniform,Z,3,0.006945647115554628,0.5901141399140327,1.5707963267948966,1.0,20.0,20000,2000,2000,20000,29
method_b,css,uniform,Z,3,0.008014208210255338,0.5901141399140327,1.5707963267948966,1.0,20.0,20000,2000,2000,20000,57
method_b,css,uniform,Z,3,0.009082769304956051,0.5901141399140327,1.5707963267948966,1.0,20.0,20000,2000,2000,20000,88
method_b,css,uniform,Z,3,0.010151330399656763,0.5901141399140327,1.5707963267948966,1.0,20.0,20000,2000,2000,20000,152
method_b,css,uniform,Z,3,0.011219891494357473,0.5901141399140327,1.5707963267948966,1.0,20.0,20000,2000,2000,20000,249
method_b,css,uniform,Z,3,0.012288452589058186,0.5901141399140327,1.5707963267948966,1.0,20.0,20000,2000,2000,20000,334
method_b,css,uniform,Z,3,0.013357013683758898,0.5901141399140327,1.5707963267948966,1.0,20.0,20000,2000,2000,20000,581
method_b,css,uniform,Z,3,0.01442557477845961,0.5901141399140327,1.5707963267948966,1.0,20.0,20000,2000,2000,20000,804
method_b,css,uniform,Z,5,0.004808524926153203,0.5901141399140327,1.5707963267948966,1.0,20.0,20000,2000,2000,20000,1
method_b,css,uniform,Z,5,0.005877086020853916,0.5901141399140327,1.5707963267948966,1.0,20.0,20000,2000,2000,20000,1
method_b,css,uniform,Z,5,0.006945647115554628,0.5901141399140327,1.5707963267948966,1.0,20.0,20000,2000,2000,20000,5
method_b,css,uniform,Z,5,0.008014208210255338,0.5901141399140327,1.5707963267948966,1.0,20.0,20000,2000,2000,20000,13
method_b,css,uniform,Z,5,0.009082769304956051,0.5901141399140327,1.5707963267948966,1.0,20.0,20000,2000,2000,20000,76
method_b,css,uniform,Z,5,0.010151330399656763,0.5901141399140327,1.5707963267948966,1.0,20.0,20000,2000,2000,20000,177
method_b,css,uniform,Z,5,0.011219891494357473,0.5901141399140327,1.5707963267948966,1.0,20.0,20000,2000,2000,20000,363
method_b,css,uniform,Z,5,0.012288452589058186,0.5901141399140327,1.5707963267948966,1.0,20.0,20000,2000,2000,20000,663
method_b,css,uniform,Z,5,0.013357013683758898,0.5901141399140327,1.5707963267948966,1.0,20.0,20000,2000,2000,20000,1177
method_b,css,uniform,Z,5,0.01442557477845961,0.5901141399140327,1.5707963267948966,1.0,20.0,20000,2000,2000,20000,1900
method_b,css,uniform,X,3,0.0019234099704612813,0.5901141399140327,1.5707963267948966,1.0,20.0,20000,2000,2000,20000,0
method_b,css,uniform,X,3,0.0023508344083415663,0.5901141399140327,1.5707963267948966,1.0,20.0,20000,2000,2000,20000,5
method_b,css,uniform,X,3,0.002778258846221851,0.5901141399140327,1.5707963267948966,1.0,20.0,20000,2000,2000,20000,15
method_b,css,uniform,X,3,0.003205683284102135,0.5901141399140327,1.5707963267948966,1.0,20.0,20000,2000,2000,20000,30
method_b,css,uniform,X,3,0.00363310772198242,0.5901141399140327,1.5707963267948966,1.0,20.0,20000,2000,2000,20000,43
method_b,css,uniform,X,3,0.004060532159862705,0.5901141399140327,1.5707963267948966,1.0,20.0,20000,2000,2000,20000,89
method_b,css,uniform,X,3,0.004487956597742989,0.5901141399140327,1.5707963267948966,1.0,20.0,20000,2000,2000,20000,156
method_b,css,uniform,X,3,0.004915381035623274,0.5901141399140327,1.5707963267948966,1.0,20.0,20000,2000,2000,20000,237
method_b,css,uniform,X,3,0.005342805473503559,0.5901141399140327,1.5707963267948966,1.0,20.0,20000,2000,2000,20000,364
method_b,css,uniform,X,3,0.005770229911383843,0.5901141399140327,1.5707963267948966,1.0,20.0,20000,2000,2000,20000,509
method_b,css,uniform,X,5,0.0019234099704612813,0.5901141399140327,1.5707963267948966,1.0,20.0,20000,2000,2000,20000,0
method_b,css,uniform,X,5,0.0023508344083415663,0.5901141399140327,1.5707963267948966,1.0,20.0,20000,2000,2000,20000,0
method_b,css,uniform,X,5,0.002778258846221851,0.5901141399140327,1.5707963267948966,1.0,20.0,20000,2000,2000,20000,1
method_b,css,uniform,X,5,0.003205683284102135,0.5901141399140327,1.5707963267948966,1.0,20.0,20000,2000,2000,20000,6
method_b,css,uniform,X,5,0.00363310772198242,0.5901141399140327,1.5707963267948966,1.0,20.0,20000,2000,2000,20000,20
method_b,css,uniform,X,5,0.004060532159862705,0.5901141399140327,1.5707963267948966,1.0,20.0,20000,2000,2000,20000,68
method_b,css,uniform,X,5,0.004487956597742989,0.5901141399140327,1.5707963267948966,1.0,20.0,20000,2000,2000,20000,159
method_b,css,uniform,X,5,0.004915381035623274,0.5901141399140327,1.5707963267948966,1.0,20.0,20000,2000,2000,20000,304
method_b,css,uniform,X,5,0.005342805473503559,0.5901141399140327,1.5707963267948966,1.0,20.0,20000,2000,2000,20000,587
method_b,css,uniform,X,5,0.005770229911383843,0.5901141399140327,1.5707963267948966,1.0,20.0,20000,2000,2000,20000,956
method_b,css,uniform,Z,3,0.01248949260170839,0.0,1.2858514781353236,1.0,20.0,20000,2000,2000,20000,52
method_b,css,uniform,Z,3,0.01526493540208803,0.0,1.2858514781353236,1.0,20.0,20000,2000,2000,20000,190
method_b,css,uniform,Z,3,0.018040378202467674,0.0,1.2858514781353236,1.0,20.0,20000,2000,2000,20000,373
method_b,css,uniform,Z,3,0.02081582100284731,0.0,1.2858514781353236,1.0,20.0,20000,2000,2000,20000,818
method_b,css,uniform,Z,3,0.02359126380322696,0.0,1.2858514781353236,1.0,20.0,20000,2000,2000,20000,1291
method_b,css,uniform,Z,3,0.026366706603606595,0.0,1.2858514781353236,1.0,20.0,20000,2000,2000,20000,1943
method_b,css,uniform,Z,3,0.029142149403986236,0.0,1.2858514781353236,1.0,20.0,20000,2000,2000,16000,2274
method_b,css,uniform,Z,3,0.03191759220436588,0.0,1.2858514781353236,1.0,20.0,20000,2000,2000,12000,2136
method_b,css,uniform,Z,3,0.03469303500474552,0.0,1.2858514781353236,1.0,20.0,20000,2000,2000,10000,2305
method_b,css,uniform,Z,3,0.03746847780512516,0.0,1.2858514781353236,1.0,20.0,20000,2000,2000,8000,2123
method_b,css,uniform,Z,5,0.01248949260170839,0.0,1.2858514781353236,1.0,20.0,20000,2000,2000,20000,24
method_b,css,uniform,Z,5,0.01526493540208803,0.0,1.2858514781353236,1.0,20.0,20000,2000,2000,20000,161
method_b,css,uniform,Z,5,0.018040378202467674,0.0,1.2858514781353236,1.0,20.0,20000,2000,2000,20000,576
method_b,css,uniform,Z,5,0.02081582100284731,0.0,1.2858514781353236,1.0,20.0,20000,2000,2000,20000,1602
method_b,css,uniform,Z,5,0.02359126380322696,0.0,1.2858514781353236,1.0,20.0,20000,2000,2000,14000,2093
method_b,css,uniform,Z,5,0.026366706603606595,0.0,1.2858514781353236,1.0,20.0,20000,2000,2000,10000,2434
method_b,css,uniform,Z,5,0.029142149403986236,0.0,1.2858514781353236,1.0,20.0,20000,2000,2000,8000,2595
method_b,css,uniform,Z,5,0.03191759220436588,0.0,1.2858514781353236,1.0,20.0,20000,2000,2000,6000,2345
method_b,css,uniform,Z,5,0.03469303500474552,0.0,1.2858514781353236,1.0,20.0,20000,2000,2000,6000,2509
method_b,css,uniform,Z,5,0.03746847780512516,0.0,1.2858514781353236,1.0,20.0,20000,2000,2000,6000,2770
method_b,css,uniform,X,3,0.001998318816273342,0.0,1.2858514781353236,1.0,20.0,20000,2000,2000,20000,1
method_b,css,uniform,X,3,0.002442389664334085,0.0,1.2858514781353236,1.0,20.0,20000,2000,2000,20000,7
method_b,css,uniform,X,3,0.0028864605123948275,0.0,1.2858514781353236,1.0,20.0,20000,2000,2000,20000,15
method_b,css,uniform,X,3,0.0033305313604555698,0.0,1.2858514781353236,1.0,20.0,20000,2000,2000,20000,31
method_b,css,uniform,X,3,0.003774602208516313,0.0,1.2858514781353236,1.0,20.0,20000,2000,2000,20000,60
method_b,css,uniform,X,3,0.004218673056577056,0.0,1.2858514781353236,1.0,20.0,20000,2000,2000,20000,105
method_b,css,uniform,X,3,0.004662743904637797,0.0,1.2858514781353236,1.0,20.0,20000,2000,2000,20000,164
method_b,css,uniform,X,3,0.005106814752698541,0.0,1.2858514781353236,1.0,20.0,20000,2000,2000,20000,262
method_b,css,uniform,X,3,0.005550885600759284,0.0,1.2858514781353236,1.0,20.0,20000,2000,2000,20000,455
method_b,css,uniform,X,3,0.005994956448820026,0.0,1.2858514781353236,1.0,20.0,20000,2000,2000,20000,642
method_b,css,uniform,X,5,0.001998318816273342,0.0,1.2858514781353236,1.0,20.0,20000,2000,2000,20000,0
method_b,css,uniform,X,5,0.002442389664334085,0.0,1.2858514781353236,1.0,20.0,20000,2000,2000,20000,1
method_b,css,uniform,X,5,0.0028864605123948275,0.0,1.2858514781353236,1.0,20.0,20000,2000,2000,20000,0
method_b,css,uniform,X,5,0.0033305313604555698,0.0,1.2858514781353236,1.0,20.0,20000,2000,2000,20000,5
method_b,css,uniform,X,5,0.003774602208516313,0.0,1.2858514781353236,1.0,20.0,20000,2000,2000,20000,16
method_b,css,uniform,X,5,0.004218673056577056,0.0,1.2858514781353236,1.0,20.0,20000,2000,2000,20000,97
method_b,css,uniform,X,5,0.004662743904637797,0.0,1.2858514781353236,1.0,20.0,20000,2000,2000,20000,161
method_b,css,uniform,X,5,0.005106814752698541,0.0,1.2858514781353236,1.0,20.0,20000,2000,2000,20000,385
method_b,css,uniform,X,5,0.005550885600759284,0.0,1.2858514781353236,1.0,20.0,20000,2000,2000,20000,689
method_b,css,uniform,X,5,0.005994956448820026,0.0,1.2858514781353236,1.0,20.0,20000,2000,2000,20000,1144
method_b,css,uniform,Z,3,0.012326244139300835,0.13609221293651347,1.377946069891836,1.0,20.0,20000,2000,2000,20000,66
method_b,css,uniform,Z,3,0.01506540950358991,0.13609221293651347,1.377946069891836,1.0,20.0,20000,2000,2000,20000,205
method_b,css,uniform,Z,3,0.01780457486787898,0.13609221293651347,1.377946069891836,1.0,20.0,20000,2000,2000,20000,505
method_b,css,uniform,Z,3,0.020543740232168053,0.13609221293651347,1.377946069891836,1.0,20.0,20000,2000,2000,20000,854
method_b,css,uniform,Z,3,0.023282905596457126,0.13609221293651347,1.377946069891836,1.0,20.0,20000,2000,2000,20000,1457
method_b,css,uniform,Z,3,0.026022070960746206,0.13609221293651347,1.377946069891836,1.0,20.0,20000,2000,2000,20000,2136
method_b,css,uniform,Z,3,0.028761236325035272,0.13609221293651347,1.377946069891836,1.0,20.0,20000,2000,2000,14000,2079
method_b,css,uniform,Z,3,0.03150040168932435,0.13609221293651347,1.377946069891836,1.0,20.0,20000,2000,2000,12000,2278
method_b,css,uniform,Z,3,0.03423956705361343,0.13609221293651347,1.377946069891836,1.0,20.0,20000,2000,2000,10000,2326
method_b,css,uniform,Z,3,0.036978732417902505,0.13609221293651347,1.377946069891836,1.0,20.0,20000,2000,2000,8000,2258
method_b,css,uniform,Z,5,0.012326244139300835,0.13609221293651347,1.377946069891836,1.0,20.0,20000,2000,2000,20000,56
method_b,css,uniform,Z,5,0.01506540950358991,0.13609221293651347,1.377946069891836,1.0,20.0,20000,2000,2000,20000,275
method_b,css,uniform,Z,5,0.01780457486787898,0.13609221293651347,1.377946069891836,1.0,20.0,20000,2000,2000,20000,842
method_b,css,uniform,Z,5,0.020543740232168053,0.13609221293651347,1.377946069891836,1.0,20.0,20000,2000,2000,20000,1926
method_b,css,uniform,Z,5,0.023282905596457126,0.13609221293651347,1.377946069891836,1.0,20.0,20000,2000,2000,12000,2128
method_b,css,uniform,Z,5,0.026022070960746206,0.13609221293651347,1.377946069891836,1.0,20.0,20000,2000,2000,8000,2200
method_b,css,uniform,Z,5,0.028761236325035272,0.13609221293651347,1.377946069891836,1.0,20.0,20000,2000,2000,6000,2043
method_b,css,uniform,Z,5,0.03150040168932435,0.13609221293651347,1.377946069891836,1.0,20.0,20000,2000,2000,6000,2455
method_b,css,uniform,Z,5,0.03423956705361343,0.13609221293651347,1.377946069891836,1.0,20.0,20000,2000,2000,6000,2638
method_b,css,uniform,Z,5,0.036978732417902505,0.13609221293651347,1.377946069891836,1.0,20.0,20000,2000,2000,6000,2876
method_b,css,uniform,X,3,0.0019721990622881334,0.13609221293651347,1.377946069891836,1.0,20.0,20000,2000,2000,20000,0
method_b,css,uniform,X,3,0.0024104655205743853,0.13609221293651347,1.377946069891836,1.0,20.0,20000,2000,2000,20000,5
method_b,css,uniform,X,3,0.0028487319788606373,0.13609221293651347,1.377946069891836,1.0,20.0,20000,2000,2000,20000,12
method_b,css,uniform,X,3,0.0032869984371468887,0.13609221293651347,1.377946069891836,1.0,20.0,20000,2000,2000,20000,26
method_b,css,uniform,X,3,0.0037252648954331407,0.13609221293651347,1.377946069891836,1.0,20.0,20000,2000,2000,20000,57
method_b,css,uniform,X,3,0.004163531353719393,0.13609221293651347,1.377946069891836,1.0,20.0,20000,2000,2000,20000,103
method_b,css,uniform,X,3,0.004601797812005644,0.13609221293651347,1.377946069891836,1.0,20.0,20000,2000,2000,20000,172
method_b,css,uniform,X,3,0.005040064270291896,0.13609221293651347,1.377946069891836,1.0,20.0,20000,2000,2000,20000,270
method_b,css,uniform,X,3,0.005478330728578148,0.13609221293651347,1.377946069891836,1.0,20.0,20000,2000,2000,20000,405
method_b,css,uniform,X,3,0.0059165971868644,0.13609221293651347,1.377946069891836,1.0,20.0,20000,2000,2000,20000,612
method_b,css,uniform,X,5,0.0019721990622881334,0.13609221293651347,1.377946069891836,1.0,20.0,20000,2000,2000,20000,0
method_b,css,uniform,X,5,0.0024104655205743853,0.13609221293651347,1.377946069891836,1.0,20.0,20000,2000,2000,20000,1
method_b,css,uniform,X,5,0.0028487319788606373,0.13609221293651347,1.377946069891836,1.0,20.0,20000,2000,2000,20000,2
method_b,css,uniform,X,5,0.0032869984371468887,0.13609221293651347,1.377946069891836,1.0,20.0,20000,2000,2000,20000,4
method_b,css,uniform,X,5,0.0037252648954331407,0.13609221293651347,1.377946069891836,1.0,20.0,20000,2000,2000,20000,22
method_b,css,uniform,X,5,0.004163531353719393,0.13609221293651347,1.377946069891836,1.0,20.0,20000,2000,2000,20000,75
method_b,css,uniform,X,5,0.004601797812005644,0.13609221293651347,1.377946069891836,1.0,20.0,20000,2000,2000,20000,168
method_b,css,uniform,X,5,0.005040064270291896,0.13609221293651347,1.377946069891836,1.0,20.0,20000,2000,2000,20000,362
method_b,css,uniform,X,5,0.005478330728578148,0.13609221293651347,1.377946069891836,1.0,20.0,20000,2000,2000,20000,601
method_b,css,uniform,X,5,0.0059165971868644,0.13609221293651347,1.377946069891836,1.0,20.0,20000,2000,2000,20000,1181
method_b,css,uniform,Z,3,0.012498707367952985,0.27090222001857167,1.4734662634622833,1.0,20.0,20000,2000,2000,20000,78
method_b,css,uniform,Z,3,0.015276197894164761,0.27090222001857167,1.4734662634622833,1.0,20.0,20000,2000,2000,20000,248
method_b,css,uniform,Z,3,0.018053688420376534,0.27090222001857167,1.4734662634622833,1.0,20.0,20000,2000,2000,20000,531
method_b,css,uniform,Z,3,0.020831178946588307,0.27090222001857167,1.4734662634622833,1.0,20.0,20000,2000,2000,20000,973
method_b,css,uniform,Z,3,0.023608669472800083,0.27090222001857167,1.4734662634622833,1.0,20.0,20000,2000,2000,20000,1518
method_b,css,uniform,Z,3,0.026386159999011862,0.27090222001857167,1.4734662634622833,1.0,20.0,20000,2000,2000,18000,2096
method_b,css,uniform,Z,3,0.029163650525223628,0.27090222001857167,1.4734662634622833,1.0,20.0,20000,2000,2000,14000,2307
method_b,css,uniform,Z,3,0.031941141051435404,0.27090222001857167,1.4734662634622833,1.0,20.0,20000,2000,2000,10000,2018
method_b,css,uniform,Z,3,0.03471863157764718,0.27090222001857167,1.4734662634622833,1.0,20.0,20000,2000,2000,10000,2448
method_b,css,uniform,Z,3,0.03749612210385896,0.27090222001857167,1.4734662634622833,1.0,20.0,20000,2000,2000,8000,2305
method_b,css,uniform,Z,5,0.012498707367952985,0.27090222001857167,1.4734662634622833,1.0,20.0,20000,2000,2000,20000,58
method_b,css,uniform,Z,5,0.015276197894164761,0.27090222001857167,1.4734662634622833,1.0,20.0,20000,2000,2000,20000,330
method_b,css,uniform,Z,5,0.018053688420376534,0.27090222001857167,1.4734662634622833,1.0,20.0,20000,2000,2000,20000,1122
method_b,css,uniform,Z,5,0.020831178946588307,0.27090222001857167,1.4734662634622833,1.0,20.0,20000,2000,2000,18000,2227
method_b,css,uniform,Z,5,0.023608669472800083,0.27090222001857167,1.4734662634622833,1.0,20.0,20000,2000,2000,12000,2398
method_b,css,uniform,Z,5,0.026386159999011862,0.27090222001857167,1.4734662634622833,1.0,20.0,20000,2000,2000,8000,2310
method_b,css,uniform,Z,5,0.029163650525223628,0.27090222001857167,1.4734662634622833,1.0,20.0,20000,2000,2000,6000,2234
method_b,css,uniform,Z,5,0.031941141051435404,0.27090222001857167,1.4734662634622833,1.0,20.0,20000,2000,2000,6000,2539
method_b,css,uniform,Z,5,0.03471863157764718,0.27090222001857167,1.4734662634622833,1.0,20.0,20000,2000,2000,6000,2747
method_b,css,uniform,X,3,0.0019997931788724777,0.27090222001857167,1.4734662634622833,1.0,20.0,20000,2000,2000,20000,1
method_b,css,uniform,X,3,0.002444191663066362,0.27090222001857167,1.4734662634622833,1.0,20.0,20000,2000,2000,20000,2
method_b,css,uniform,X,3,0.0028885901472602456,0.27090222001857167,1.4734662634622833,1.0,20.0,20000,2000,2000,20000,12
method_b,css,uniform,X,3,0.0033329886314541293,0.27090222001857167,1.4734662634622833,1.0,20.0,20000,2000,2000,20000,25
method_b,css,uniform,X,3,0.0037773871156480134,0.27090222001857167,1.4734662634622833,1.0,20.0,20000,2000,2000,20000,62
method_b,css,uniform,X,3,0.004221785599841898,0.27090222001857167,1.4734662634622833,1.0,20.0,20000,2000,2000,20000,111
method_b,css,uniform,X,3,0.00466618408403578,0.27090222001857167,1.4734662634622833,1.0,20.0,20000,2000,2000,20000,175
method_b,css,uniform,X,3,0.0051105825682296645,0.27090222001857167,1.4734662634622833,1.0,20.0,20000,2000,2000,20000,255
method_b,css,uniform,X,3,0.005554981052423549,0.27090222001857167,1.4734662634622833,1.0,20.0,20000,2000,2000,20000,411
method_b,css,uniform,X,3,0.005999379536617434,0.27090222001857167,1.4734662634622833,1.0,20.0,20000,2000,2000,20000,567
method_b,css,uniform,X,5,0.0019997931788724777,0.27090222001857167,1.4734662634622833,1.0,20.0,20000,2000,2000,20000,0
method_b,css,uniform,X,5,0.002444191663066362,0.27090222001857167,1.4734662634622833,1.0,20.0,20000,2000,2000,20000,0
method_b,css,uniform,X,5,0.0028885901472602456,0.27090222001857167,1.4734662634622833,1.0,20.0,20000,2000,2000,20000,4
method_b,css,uniform,X,5,0.0033329886314541293,0.27090222001857167,1.4734662634622833,1.0,20.0,20000,2000,2000,20000,6
method_b,css,uniform,X,5,0.0037773871156480134,0.27090222001857167,1.4734662634622833,1.0,20.0,20000,2000,2000,20000,34
method_b,css,uniform,X,5,0.004221785599841898,0.27090222001857167,1.4734662634622833,1.0,20.0,20000,2000,2000,20000,87
method_b,css,uniform,X,5,0.00466618408403578,0.27090222001857167,1.4734662634622833,1.0,20.0,20000,2000,2000,20000,170
method_b,css,uniform,X,5,0.0051105825682296645,0.27090222001857167,1.4734662634622833,1.0,20.0,20000,2000,2000,20000,384
method_b,css,uniform,X,5,0.005554981052423549,0.27090222001857167,1.4734662634622833,1.0,20.0,20000,2000,2000,20000,605
method_b,css,uniform,X,5,0.005999379536617434,0.27090222001857167,1.4734662634622833,1.0,20.0,20000,2000,2000,20000,1094
method_b,css,uniform,Z,3,0.005197408574470175,0.39641656749496246,1.5707963267948966,1.0,20.0,20000,2000,2000,20000,0
method_b,css,uniform,Z,3,0.006352388257685771,0.39641656749496246,1.5707963267948966,1.0,20.0,20000,2000,2000,20000,0
method_b,css,uniform,Z,3,0.007507367940901365,0.39641656749496246,1.5707963267948966,1.0,20.0,20000,2000,2000,20000,5
method_b,css,uniform,Z,3,0.008662347624116959,0.39641656749496246,1.5707963267948966,1.0,20.0,20000,2000,2000,20000,7
method_b,css,uniform,Z,3,0.009817327307332552,0.39641656749496246,1.5707963267948966,1.0,20.0,20000,2000,2000,20000,17
method_b,css,uniform,Z,3,0.01097230699054815,0.39641656749496246,1.5707963267948966,1.0,20.0,20000,2000,2000,20000,41
method_b,css,uniform,Z,3,0.012127286673763742,0.39641656749496246,1.5707963267948966,1.0,20.0,20000,2000,2000,20000,66
method_b,css,uniform,Z,3,0.013282266356979336,0.39641656749496246,1.5707963267948966,1.0,20.0,20000,2000,2000,20000,107
method_b,css,uniform,Z,3,0.014437246040194932,0.39641656749496246,1.5707963267948966,1.0,20.0,20000,2000,2000,20000,166
method_b,css,uniform,Z,3,0.015592225723410527,0.39641656749496246,1.5707963267948966,1.0,20.0,20000,2000,2000,20000,246
method_b,css,uniform,Z,5,0.005197408574470175,0.39641656749496246,1.5707963267948966,1.0,20.0,20000,2000,2000,20000,0
method_b,css,uniform,Z,5,0.006352388257685771,0.39641656749496246,1.5707963267948966,1.0,20.0,20000,2000,2000,20000,0
method_b,css,uniform,Z,5,0.007507367940901365,0.39641656749496246,1.5707963267948966,1.0,20.0,20000,2000,2000,20000,0
method_b,css,uniform,Z,5,0.008662347624116959,0.39641656749496246,1.5707963267948966,1.0,20.0,20000,2000,2000,20000,2
method_b,css,uniform,Z,5,0.009817327307332552,0.39641656749496246,1.5707963267948966,1.0,20.0,20000,2000,2000,20000,9
method_b,css,uniform,Z,5,0.01097230699054815,0.39641656749496246,1.5707963267948966,1.0,20.0,20000,2000,2000,20000,17
method_b,css,uniform,Z,5,0.012127286673763742,0.39641656749496246,1.5707963267948966,1.0,20.0,20000,2000,2000,20000,51
method_b,css,uniform,Z,5,0.013282266356979336,0.39641656749496246,1.5707963267948966,1.0,20.0,20000,2000,2000,20000,116
method_b,css,uniform,Z,5,0.014437246040194932,0.39641656749496246,1.5707963267948966,1.0,20.0,20000,2000,2000,20000,208
method_b,css,uniform,Z,5,0.015592225723410527,0.39641656749496246,1.5707963267948966,1.0,20.0,20000,2000,2000,20000,419
method_b,css,uniform,X,3,0.0020789634297880702,0.39641656749496246,1.5707963267948966,1.0,20.0,20000,2000,2000,20000,2
method_b,css,uniform,X,3,0.0025409553030743084,0.39641656749496246,1.5707963267948966,1.0,20.0,20000,2000,2000,20000,3
method_b,css,uniform,X,3,0.0030029471763605457,0.39641656749496246,1.5707963267948966,1.0,20.0,20000,2000,2000,20000,12
method_b,css,uniform,X,3,0.0034649390496467834,0.39641656749496246,1.5707963267948966,1.0,20.0,20000,2000,2000,20000,33
method_b,css,uniform,X,3,0.003926930922933021,0.39641656749496246,1.5707963267948966,1.0,20.0,20000,2000,2000,20000,59
method_b,css,uniform,X,3,0.00438892279621926,0.39641656749496246,1.5707963267948966,1.0,20.0,20000,2000,2000,20000,98
method_b,css,uniform,X,3,0.004850914669505497,0.39641656749496246,1.5707963267948966,1.0,20.0,20000,2000,2000,20000,181
method_b,css,uniform,X,3,0.005312906542791734,0.39641656749496246,1.5707963267948966,1.0,20.0,20000,2000,2000,20000,257
method_b,css,uniform,X,3,0.005774898416077973,0.39641656749496246,1.5707963267948966,1.0,20.0,20000,2000,2000,20000,359
method_b,css,uniform,X,3,0.006236890289364211,0.39641656749496246,1.5707963267948966,1.0,20.0,20000,2000,2000,20000,611
method_b,css,uniform,X,5,0.0020789634297880702,0.39641656749496246,1.5707963267948966,1.0,20.0,20000,2000,2000,20000,0
method_b,css,uniform,X,5,0.0025409553030743084,0.39641656749496246,1.5707963267948966,1.0,20.0,20000,2000,2000,20000,0
method_b,css,uniform,X,5,0.0030029471763605457,0.39641656749496246,1.5707963267948966,1.0,20.0,20000,2000,2000,20000,1
method_b,css,uniform,X,5,0.0034649390496467834,0.39641656749496246,1.5707963267948966,1.0,20.0,20000,2000,2000,20000,6
method_b,css,uniform,X,5,0.003926930922933021,0.39641656749496246,1.5707963267948966,1.0,20.0,20000,2000,2000,20000,26
method_b,css,uniform,X,5,0.00438892279621926,0.39641656749496246,1.5707963267948966,1.0,20.0,20000,2000,2000,20000,74
method_b,css,uniform,X,5,0.004850914669505497,0.39641656749496246,1.5707963267948966,1.0,20.0,20000,2000,2000,20000,178
method_b,css,uniform,X,5,0.005312906542791734,0.39641656749496246,1.5707963267948966,1.0,20.0,20000,2000,2000,20000,306
method_b,css,uniform,X,5,0.005774898416077973,0.39641656749496246,1.5707963267948966,1.0,20.0,20000,2000,2000,20000,652
method_b,css,uniform,X,5,0.006236890289364211,0.39641656749496246,1.5707963267948966,1.0,20.0,20000,2000,2000,20000,1060
method_b,css,uniform,Z,3,0.014178057132357634,0.0,1.4049532762437875,1.0,20.0,20000,2000,2000,20000,8
method_b,css,uniform,Z,3,0.017328736495103778,0.0,1.4049532762437875,1.0,20.0,20000,2000,2000,20000,36
method_b,css,uniform,Z,3,0.020479415857849917,0.0,1.4049532762437875,1.0,20.0,20000,2000,2000,20000,66
method_b,css,uniform,Z,3,0.02363009522059606,0.0,1.4049532762437875,1.0,20.0,20000,2000,2000,20000,173
method_b,css,uniform,Z,3,0.0267807745833422,0.0,1.4049532762437875,1.0,20.0,20000,2000,2000,20000,325
method_b,css,uniform,Z,3,0.029931453946088343,0.0,1.4049532762437875,1.0,20.0,20000,2000,2000,20000,498
method_b,css,uniform,Z,3,0.033082133308834485,0.0,1.4049532762437875,1.0,20.0,20000,2000,2000,20000,807
method_b,css,uniform,Z,3,0.03623281267158062,0.0,1.4049532762437875,1.0,20.0,20000,2000,2000,20000,1209
method_b,css,uniform,Z,3,0.03938349203432677,0.0,1.4049532762437875,1.0,20.0,20000,2000,2000,20000,1661
method_b,css,uniform,Z,3,0.042534171397072905,0.0,1.4049532762437875,1.0,20.0,20000,2000,2000,20000,2129
method_b,css,uniform,Z,5,0.014178057132357634,0.0,1.4049532762437875,1.0,20.0,20000,2000,2000,20000,2
method_b,css,uniform,Z,5,0.017328736495103778,0.0,1.4049532762437875,1.0,20.0,20000,2000,2000,20000,6
method_b,css,uniform,Z,5,0.020479415857849917,0.0,1.4049532762437875,1.0,20.0,20000,2000,2000,20000,35
method_b,css,uniform,Z,5,0.02363009522059606,0.0,1.4049532762437875,1.0,20.0,20000,2000,2000,20000,134
method_b,css,uniform,Z,5,0.0267807745833422,0.0,1.4049532762437875,1.0,20.0,20000,2000,2000,20000,366
method_b,css,uniform,Z,5,0.029931453946088343,0.0,1.4049532762437875,1.0,20.0,20000,2000,2000,20000,861
method_b,css,uniform,Z,5,0.033082133308834485,0.0,1.4049532762437875,1.0,20.0,20000,2000,2000,20000,1555
method_b,css,uniform,Z,5,0.03623281267158062,0.0,1.4049532762437875,1.0,20.0,20000,2000,2000,16000,2117
method_b,css,uniform,Z,5,0.03938349203432677,0.0,1.4049532762437875,1.0,20.0,20000,2000,2000,10000,2011
method_b,css,uniform,Z,5,0.042534171397072905,0.0,1.4049532762437875,1.0,20.0,20000,2000,2000,8000,2065
method_b,css,uniform,X,3,0.0022684891411772217,0.0,1.4049532762437875,1.0,20.0,20000,2000,2000,20000,2
method_b,css,uniform,X,3,0.0027725978392166045,0.0,1.4049532762437875,1.0,20.0,20000,2000,2000,20000,6
method_b,css,uniform,X,3,0.003276706537255987,0.0,1.4049532762437875,1.0,20.0,20000,2000,2000,20000,7
method_b,css,uniform,X,3,0.003780815235295369,0.0,1.4049532762437875,1.0,20.0,20000,2000,2000,20000,36
method_b,css,uniform,X,3,0.004284923933334752,0.0,1.4049532762437875,1.0,20.0,20000,2000,2000,20000,46
method_b,css,uniform,X,3,0.004789032631374135,0.0,1.4049532762437875,1.0,20.0,20000,2000,2000,20000,112
method_b,css,uniform,X,3,0.005293141329413517,0.0,1.4049532762437875,1.0,20.0,20000,2000,2000,20000,226
method_b,css,uniform,X,3,0.0057972500274529,0.0,1.4049532762437875,1.0,20.0,20000,2000,2000,20000,295
method_b,css,uniform,X,3,0.0063013587254922825,0.0,1.4049532762437875,1.0,20.0,20000,2000,2000,20000,444
method_b,css,uniform,X,3,0.006805467423531665,0.0,1.4049532762437875,1.0,20.0,20000,2000,2000,20000,648
method_b,css,uniform,X,5,0.0022684891411772217,0.0,1.4049532762437875,1.0,20.0,20000,2000,2000,20000,0
method_b,css,uniform,X,5,0.0027725978392166045,0.0,1.4049532762437875,1.0,20.0,20000,2000,2000,20000,1
method_b,css,uniform,X,5,0.003276706537255987,0.0,1.4049532762437875,1.0,20.0,20000,2000,2000,20000,2
method_b,css,uniform,X,5,0.003780815235295369,0.0,1.4049532762437875,1.0,20.0,20000,2000,2000,20000,5
method_b,css,uniform,X,5,0.004284923933334752,0.0,1.4049532762437875,1.0,20.0,20000,2000,2000,20000,28
method_b,css,uniform,X,5,0.004789032631374135,0.0,1.4049532762437875,1.0,20.0,20000,2000,2000,20000,88
method_b,css,uniform,X,5,0.005293141329413517,0.0,1.4049532762437875,1.0,20.0,20000,2000,2000,20000,180
method_b,css,uniform,X,5,0.0057972500274529,0.0,1.4049532762437875,1.0,20.0,20000,2000,2000,20000,381
method_b,css,uniform,X,5,0.0063013587254922825,0.0,1.4049532762437875,1.0,20.0,20000,2000,2000,20000,744
method_b,css,uniform,X,5,0.006805467423531665,0.0,1.4049532762437875,1.0,20.0,20000,2000,2000,20000,1248
method_b,css,uniform,Z,3,0.014131712699805215,0.11861693801522165,1.487300694577099,1.0,20.0,20000,2000,2000,20000,13
method_b,css,uniform,Z,3,0.01727209329976193,0.11861693801522165,1.487300694577099,1.0,20.0,20000,2000,2000,20000,43
method_b,css,uniform,Z,3,0.02041247389971864,0.11861693801522165,1.487300694577099,1.0,20.0,20000,2000,2000,20000,88
method_b,css,uniform,Z,3,0.023552854499675355,0.11861693801522165,1.487300694577099,1.0,20.0,20000,2000,2000,20000,183
method_b,css,uniform,Z,3,0.02669323509963207,0.11861693801522165,1.487300694577099,1.0,20.0,20000,2000,2000,20000,331
method_b,css,uniform,Z,3,0.029833615699588787,0.11861693801522165,1.487300694577099,1.0,20.0,20000,2000,2000,20000,619
method_b,css,uniform,Z,3,0.0329739962995455,0.11861693801522165,1.487300694577099,1.0,20.0,20000,2000,2000,20000,944
method_b,css,uniform,Z,3,0.03611437689950221,0.11861693801522165,1.487300694577099,1.0,20.0,20000,2000,2000,20000,1372
method_b,css,uniform,Z,3,0.039254757499458934,0.11861693801522165,1.487300694577099,1.0,20.0,20000,2000,2000,20000,1805
method_b,css,uniform,Z,3,0.04239513809941565,0.11861693801522165,1.487300694577099,1.0,20.0,20000,2000,2000,18000,2195
method_b,css,uniform,Z,5,0.014131712699805215,0.11861693801522165,1.487300694577099,1.0,20.0,20000,2000,2000,20000,2
method_b,css,uniform,Z,5,0.01727209329976193,0.11861693801522165,1.487300694577099,1.0,20.0,20000,2000,2000,20000,16
method_b,css,uniform,Z,5,0.02041247389971864,0.11861693801522165,1.487300694577099,1.0,20.0,20000,2000,2000,20000,59
method_b,css,uniform,Z,5,0.023552854499675355,0.11861693801522165,1.487300694577099,1.0,20.0,20000,2000,2000,20000,271
method_b,css,uniform,Z,5,0.02669323509963207,0.11861693801522165,1.487300694577099,1.0,20.0,20000,2000,2000,20000,597
method_b,css,uniform,Z,5,0.029833615699588787,0.11861693801522165,1.487300694577099,1.0,20.0,20000,2000,2000,20000,1248
method_b,css,uniform,Z,5,0.0329739962995455,0.11861693801522165,1.487300694577099,1.0,20.0,20000,2000,2000,20000,2218
method_b,css,uniform,Z,5,0.03611437689950221,0.11861693801522165,1.487300694577099,1.0,20.0,20000,2000,2000,12000,2037
method_b,css,uniform,Z,5,0.039254757499458934,0.11861693801522165,1.487300694577099,1.0,20.0,20000,2000,2000,10000,2307
method_b,css,uniform,Z,5,0.04239513809941565,0.11861693801522165,1.487300694577099,1.0,20.0,20000,2000,2000,8000,2365
method_b,css,uniform,X,3,0.0022610740319688343,0.11861693801522165,1.487300694577099,1.0,20.0,20000,2000,2000,20000,3
method_b,css,uniform,X,3,0.002763534927961909,0.11861693801522165,1.487300694577099,1.0,20.0,20000,2000,2000,20000,6
method_b,css,uniform,X,3,0.003265995823954983,0.11861693801522165,1.487300694577099,1.0,20.0,20000,2000,2000,20000,9
method_b,css,uniform,X,3,0.003768456719948057,0.11861693801522165,1.487300694577099,1.0,20.0,20000,2000,2000,20000,32
method_b,css,uniform,X,3,0.004270917615941131,0.11861693801522165,1.487300694577099,1.0,20.0,20000,2000,2000,20000,52
method_b,css,uniform,X,3,0.004773378511934206,0.11861693801522165,1.487300694577099,1.0,20.0,20000,2000,2000,20000,104
method_b,css,uniform,X,3,0.00527583940792728,0.11861693801522165,1.487300694577099,1.0,20.0,20000,2000,2000,20000,194
method_b,css,uniform,X,3,0.005778300303920354,0.11861693801522165,1.487300694577099,1.0,20.0,20000,2000,2000,20000,291
method_b,css,uniform,X,3,0.006280761199913429,0.11861693801522165,1.487300694577099,1.0,20.0,20000,2000,2000,20000,435
method_b,css,uniform,X,3,0.0067832220959065034,0.11861693801522165,1.487300694577099,1.0,20.0,20000,2000,2000,20000,599
method_b,css,uniform,X,5,0.0022610740319688343,0.11861693801522165,1.487300694577099,1.0,20.0,20000,2000,2000,20000,0
method_b,css,uniform,X,5,0.002763534927961909,0.11861693801522165,1.487300694577099,1.0,20.0,20000,2000,2000,20000,0
method_b,css,uniform,X,5,0.003265995823954983,0.11861693801522165,1.487300694577099,1.0,20.0,20000,2000,2000,20000,3
method_b,css,uniform,X,5,0.003768456719948057,0.11861693801522165,1.487300694577099,1.0,20.0,20000,2000,2000,20000,6
method_b,css,uniform,X,5,0.004270917615941131,0.11861693801522165,1.487300694577099,1.0,20.0,20000,2000,2000,20000,25
method_b,css,uniform,X,5,0.004773378511934206,0.11861693801522165,1.487300694577099,1.0,20.0,20000,2000,2000,20000,73
method_b,css,uniform,X,5,0.00527583940792728,0.11861693801522165,1.487300694577099,1.0,20.0,20000,2000,2000,20000,184
method_b,css,uniform,X,5,0.005778300303920354,0.11861693801522165,1.487300694577099,1.0,20.0,20000,2000,2000,20000,384
method_b,css,uniform,X,5,0.006280761199913429,0.11861693801522165,1.487300694577099,1.0,20.0,20000,2000,2000,20000,746
method_b,css,uniform,X,5,0.0067832220959065034,0.11861693801522165,1.487300694577099,1.0,20.0,20000,2000,2000,20000,1239
method_b,css,uniform,Z,3,0.014377963199487932,0.23477522815164342,1.5707963267948966,1.0,20.0,20000,2000,2000,20000,13
method_b,css,uniform,Z,3,0.017573066132707475,0.23477522815164342,1.5707963267948966,1.0,20.0,20000,2000,2000,20000,50
method_b,css,uniform,Z,3,0.020768169065927017,0.23477522815164342,1.5707963267948966,1.0,20.0,20000,2000,2000,20000,118
method_b,css,uniform,Z,3,0.02396327199914655,0.23477522815164342,1.5707963267948966,1.0,20.0,20000,2000,2000,20000,244
method_b,css,uniform,Z,3,0.027158374932366097,0.23477522815164342,1.5707963267948966,1.0,20.0,20000,2000,2000,20000,473
method_b,css,uniform,Z,3,0.030353477865585638,0.23477522815164342,1.5707963267948966,1.0,20.0,20000,2000,2000,20000,729
method_b,css,uniform,Z,3,0.033548580798805176,0.23477522815164342,1.5707963267948966,1.0,20.0,20000,2000,2000,20000,1116
method_b,css,uniform,Z,3,0.03674368373202472,0.23477522815164342,1.5707963267948966,1.0,20.0,20000,2000,2000,20000,1537
method_b,css,uniform,Z,3,0.03993878666524426,0.23477522815164342,1.5707963267948966,1.0,20.0,20000,2000,2000,20000,2080
method_b,css,uniform,Z,3,0.0431338895984638,0.23477522815164342,1.5707963267948966,1.0,20.0,20000,2000,2000,16000,2031
method_b,css,uniform,Z,5,0.014377963199487932,0.23477522815164342,1.5707963267948966,1.0,20.0,20000,2000,2000,20000,4
method_b,css,uniform,Z,5,0.017573066132707475,0.23477522815164342,1.5707963267948966,1.0,20.0,20000,2000,2000,20000,32
method_b,css,uniform,Z,5,0.020768169065927017,0.23477522815164342,1.5707963267948966,1.0,20.0,20000,2000,2000,20000,128
method_b,css,uniform,Z,5,0.02396327199914655,0.23477522815164342,1.5707963267948966,1.0,20.0,20000,2000,2000,20000,390
method_b,css,uniform,Z,5,0.027158374932366097,0.23477522815164342,1.5707963267948966,1.0,20.0,20000,2000,2000,20000,861
method_b,css,uniform,Z,5,0.030353477865585638,0.23477522815164342,1.5707963267948966,1.0,20.0,20000,2000,2000,20000,1649
method_b,css,uniform,Z,5,0.033548580798805176,0.23477522815164342,1.5707963267948966,1.0,20.0,20000,2000,2000,16000,2264
method_b,css,uniform,Z,5,0.03674368373202472,0.23477522815164342,1.5707963267948966,1.0,20.0,20000,2000,2000,10000,2020
method_b,css,uniform,Z,5,0.03993878666524426,0.23477522815164342,1.5707963267948966,1.0,20.0,20000,2000,2000,8000,2143
method_b,css,uniform,Z,5,0.0431338895984638,0.23477522815164342,1.5707963267948966,1.0,20.0,20000,2000,2000,8000,2569
method_b,css,uniform,X,3,0.0023004741119180693,0.23477522815164342,1.5707963267948966,1.0,20.0,20000,2000,2000,20000,2
method_b,css,uniform,X,3,0.002811690581233196,0.23477522815164342,1.5707963267948966,1.0,20.0,20000,2000,2000,20000,2
method_b,css,uniform,X,3,0.0033229070505483224,0.23477522815164342,1.5707963267948966,1.0,20.0,20000,2000,2000,20000,9
method_b,css,uniform,X,3,0.0038341235198634483,0.23477522815164342,1.5707963267948966,1.0,20.0,20000,2000,2000,20000,31
method_b,css,uniform,X,3,0.004345339989178575,0.23477522815164342,1.5707963267948966,1.0,20.0,20000,2000,2000,20000,71
method_b,css,uniform,X,3,0.004856556458493702,0.23477522815164342,1.5707963267948966,1.0,20.0,20000,2000,2000,20000,114
method_b,css,uniform,X,3,0.005367772927808828,0.23477522815164342,1.5707963267948966,1.0,20.0,20000,2000,2000,20000,193
method_b,css,uniform,X,3,0.005878989397123955,0.23477522815164342,1.5707963267948966,1.0,20.0,20000,2000,2000,20000,290
method_b,css,uniform,X,3,0.0063902058664390814,0.23477522815164342,1.5707963267948966,1.0,20.0,20000,2000,2000,20000,472
method_b,css,uniform,X,3,0.006901422335754208,0.23477522815164342,1.5707963267948966,1.0,20.0,20000,2000,2000,20000,611
method_b,css,uniform,X,5,0.0023004741119180693,0.23477522815164342,1.5707963267948966,1.0,20.0,20000,2000,2000,20000,1
method_b,css,uniform,X,5,0.002811690581233196,0.23477522815164342,1.5707963267948966,1.0,20.0,20000,2000,2000,20000,2
method_b,css,uniform,X,5,0.0033229070505483224,0.23477522815164342,1.5707963267948966,1.0,20.0,20000,2000,2000,20000,5
method_b,css,uniform,X,5,0.0038341235198634483,0.23477522815164342,1.5707963267948966,1.0,20.0,20000,2000,2000,20000,7
method_b,css,uniform,X,5,0.004345339989178575,0.23477522815164342,1.5707963267948966,1.0,20.0,20000,2000,2000,20000,20
method_b,css,uniform,X,5,0.004856556458493702,0.23477522815164342,1.5707963267948966,1.0,20.0,20000,2000,2000,20000,65
method_b,css,uniform,X,5,0.005367772927808828,0.23477522815164342,1.5707963267948966,1.0,20.0,20000,2000,2000,20000,203
method_b,css,uniform,X,5,0.005878989397123955,0.23477522815164342,1.5707963267948966,1.0,20.0,20000,2000,2000,20000,423
method_b,css,uniform,X,5,0.0063902058664390814,0.23477522815164342,1.5707963267948966,1.0,20.0,20000,2000,2000,20000,672
method_b,css,uniform,X,5,0.006901422335754208,0.23477522815164342,1.5707963267948966,1.0,20.0,20000,2000,2000,20000,1090
method_b,css,uniform,Z,3,0.04005991596308091,0.0,1.4976978737099773,1.0,20.0,20000,2000,2000,20000,112
method_b,css,uniform,Z,3,0.04896211951043224,0.0,1.4976978737099773,1.0,20.0,20000,2000,2000,20000,296
method_b,css,uniform,Z,3,0.05786432305778355,0.0,1.4976978737099773,1.0,20.0,20000,2000,2000,20000,668
method_b,css,uniform,Z,3,0.06676652660513485,0.0,1.4976978737099773,1.0,20.0,20000,2000,2000,20000,1100
method_b,css,uniform,Z,3,0.07566873015248618,0.0,1.4976978737099773,1.0,20.0,20000,2000,2000,20000,1915
method_b,css,uniform,Z,3,0.08457093369983748,0.0,1.4976978737099773,1.0,20.0,20000,2000,2000,16000,2119
method_b,css,uniform,Z,3,0.09347313724718878,0.0,1.4976978737099773,1.0,20.0,20000,2000,2000,12000,2255
method_b,css,uniform,Z,3,0.10237534079454011,0.0,1.4976978737099773,1.0,20.0,20000,2000,2000,10000,2333
method_b,css,uniform,Z,3,0.11127754434189144,0.0,1.4976978737099773,1.0,20.0,20000,2000,2000,8000,2193
method_b,css,uniform,Z,3,0.12017974788924274,0.0,1.4976978737099773,1.0,20.0,20000,2000,2000,8000,2545
method_b,css,uniform,Z,5,0.04005991596308091,0.0,1.4976978737099773,1.0,20.0,20000,2000,2000,20000,80
method_b,css,uniform,Z,5,0.04896211951043224,0.0,1.4976978737099773,1.0,20.0,20000,2000,2000,20000,311
method_b,css,uniform,Z,5,0.05786432305778355,0.0,1.4976978737099773,1.0,20.0,20000,2000,2000,20000,1140
method_b,css,uniform,Z,5,0.06676652660513485,0.0,1.4976978737099773,1.0,20.0,20000,2000,2000,16000,2093
method_b,css,uniform,Z,5,0.07566873015248618,0.0,1.4976978737099773,1.0,20.0,20000,2000,2000,10000,2230
method_b,css,uniform,Z,5,0.08457093369983748,0.0,1.4976978737099773,1.0,20.0,20000,2000,2000,8000,2521
method_b,css,uniform,Z,5,0.09347313724718878,0.0,1.4976978737099773,1.0,20.0,20000,2000,2000,6000,2308
method_b,css,uniform,Z,5,0.10237534079454011,0.0,1.4976978737099773,1.0,20.0,20000,2000,2000,6000,2599
method_b,css,uniform,Z,5,0.11127754434189144,0.0,1.4976978737099773,1.0,20.0,20000,2000,2000,6000,2764
method_b,css,uniform,X,3,0.0025638346216371784,0.0,1.4976978737099773,1.0,20.0,20000,2000,2000,20000,1
method_b,css,uniform,X,3,0.003133575648667663,0.0,1.4976978737099773,1.0,20.0,20000,2000,2000,20000,2
method_b,css,uniform,X,3,0.0037033166756981466,0.0,1.4976978737099773,1.0,20.0,20000,2000,2000,20000,9
method_b,css,uniform,X,3,0.004273057702728631,0.0,1.4976978737099773,1.0,20.0,20000,2000,2000,20000,31
method_b,css,uniform,X,3,0.004842798729759115,0.0,1.4976978737099773,1.0,20.0,20000,2000,2000,20000,60
method_b,css,uniform,X,3,0.005412539756789599,0.0,1.4976978737099773,1.0,20.0,20000,2000,2000,20000,108
method_b,css,uniform,X,3,0.005982280783820082,0.0,1.4976978737099773,1.0,20.0,20000,2000,2000,20000,211
method_b,css,uniform,X,3,0.006552021810850566,0.0,1.4976978737099773,1.0,20.0,20000,2000,2000,20000,317
method_b,css,uniform,X,3,0.007121762837881051,0.0,1.4976978737099773,1.0,20.0,20000,2000,2000,20000,503
method_b,css,uniform,X,3,0.007691503864911535,0.0,1.4976978737099773,1.0,20.0,20000,2000,2000,20000,702
method_b,css,uniform,X,5,0.0025638346216371784,0.0,1.4976978737099773,1.0,20.0,20000,2000,2000,20000,0
method_b,css,uniform,X,5,0.003133575648667663,0.0,1.4976978737099773,1.0,20.0,20000,2000,2000,20000,0
method_b,css,uniform,X,5,0.0037033166756981466,0.0,1.4976978737099773,1.0,20.0,20000,2000,2000,20000,0
method_b,css,uniform,X,5,0.004273057702728631,0.0,1.4976978737099773,1.0,20.0,20000,2000,2000,20000,14
method_b,css,uniform,X,5,0.004842798729759115,0.0,1.4976978737099773,1.0,20.0,20000,2000,2000,20000,36
method_b,css,uniform,X,5,0.005412539756789599,0.0,1.4976978737099773,1.0,20.0,20000,2000,2000,20000,82
method_b,css,uniform,X,5,0.005982280783820082,0.0,1.4976978737099773,1.0,20.0,20000,2000,2000,20000,186
method_b,css,uniform,X,5,0.006552021810850566,0.0,1.4976978737099773,1.0,20.0,20000,2000,2000,20000,381
method_b,css,uniform,X,5,0.007121762837881051,0.0,1.4976978737099773,1.0,20.0,20000,2000,2000,20000,756
method_b,css,uniform,X,5,0.007691503864911535,0.0,1.4976978737099773,1.0,20.0,20000,2000,2000,20000,1284
method_b,css,uniform,Z,3,0.016068435802666505,0.10426442899976378,1.5707963267948966,1.0,20.0,20000,2000,2000,20000,2
method_b,css,uniform,Z,3,0.019639199314370175,0.10426442899976378,1.5707963267948966,1.0,20.0,20000,2000,2000,20000,0
method_b,css,uniform,Z,3,0.023209962826073842,0.10426442899976378,1.5707963267948966,1.0,20.0,20000,2000,2000,20000,6
method_b,css,uniform,Z,3,0.026780726337777505,0.10426442899976378,1.5707963267948966,1.0,20.0,20000,2000,2000,20000,15
method_b,css,uniform,Z,3,0.030351489849481175,0.10426442899976378,1.5707963267948966,1.0,20.0,20000,2000,2000,20000,40
method_b,css,uniform,Z,3,0.033922253361184845,0.10426442899976378,1.5707963267948966,1.0,20.0,20000,2000,2000,20000,55
method_b,css,uniform,Z,3,0.03749301687288851,0.10426442899976378,1.5707963267948966,1.0,20.0,20000,2000,2000,20000,103
method_b,css,uniform,Z,3,0.04106378038459217,0.10426442899976378,1.5707963267948966,1.0,20.0,20000,2000,2000,20000,174
method_b,css,uniform,Z,3,0.04463454389629585,0.10426442899976378,1.5707963267948966,1.0,20.0,20000,2000,2000,20000,259
method_b,css,uniform,Z,3,0.04820530740799952,0.10426442899976378,1.5707963267948966,1.0,20.0,20000,2000,2000,20000,366
method_b,css,uniform,Z,5,0.016068435802666505,0.10426442899976378,1.5707963267948966,1.0,20.0,20000,2000,2000,20000,0
method_b,css,uniform,Z,5,0.019639199314370175,0.10426442899976378,1.5707963267948966,1.0,20.0,20000,2000,2000,20000,3
method_b,css,uniform,Z,5,0.023209962826073842,0.10426442899976378,1.5707963267948966,1.0,20.0,20000,2000,2000,20000,0
method_b,css,uniform,Z,5,0.026780726337777505,0.10426442899976378,1.5707963267948966,1.0,20.0,20000,2000,2000,20000,4
method_b,css,uniform,Z,5,0.030351489849481175,0.10426442899976378,1.5707963267948966,1.0,20.0,20000,2000,2000,20000,15
method_b,css,uniform,Z,5,0.033922253361184845,0.10426442899976378,1.5707963267948966,1.0,20.0,20000,2000,2000,20000,42
method_b,css,uniform,Z,5,0.03749301687288851,0.10426442899976378,1.5707963267948966,1.0,20.0,20000,2000,2000,20000,112
method_b,css,uniform,Z,5,0.04106378038459217,0.10426442899976378,1.5707963267948966,1.0,20.0,20000,2000,2000,20000,171
method_b,css,uniform,Z,5,0.04463454389629585,0.10426442899976378,1.5707963267948966,1.0,20.0,20000,2000,2000,20000,376
method_b,css,uniform,Z,5,0.04820530740799952,0.10426442899976378,1.5707963267948966,1.0,20.0,20000,2000,2000,20000,595
method_b,css,uniform,X,3,0.002570949728426641,0.10426442899976378,1.5707963267948966,1.0,20.0,20000,2000,2000,20000,1
method_b,css,uniform,X,3,0.003142271890299228,0.10426442899976378,1.5707963267948966,1.0,20.0,20000,2000,2000,20000,4
method_b,css,uniform,X,3,0.003713594052171815,0.10426442899976378,1.5707963267948966,1.0,20.0,20000,2000,2000,20000,9
method_b,css,uniform,X,3,0.004284916214044401,0.10426442899976378,1.5707963267948966,1.0,20.0,20000,2000,2000,20000,23
method_b,css,uniform,X,3,0.004856238375916988,0.10426442899976378,1.5707963267948966,1.0,20.0,20000,2000,2000,20000,73
method_b,css,uniform,X,3,0.005427560537789576,0.10426442899976378,1.5707963267948966,1.0,20.0,20000,2000,2000,20000,129
method_b,css,uniform,X,3,0.005998882699662161,0.10426442899976378,1.5707963267948966,1.0,20.0,20000,2000,2000,20000,230
method_b,css,uniform,X,3,0.0065702048615347486,0.10426442899976378,1.5707963267948966,1.0,20.0,20000,2000,2000,20000,350
method_b,css,uniform,X,3,0.007141527023407336,0.10426442899976378,1.5707963267948966,1.0,20.0,20000,2000,2000,20000,435
method_b,css,uniform,X,3,0.007712849185279922,0.10426442899976378,1.5707963267948966,1.0,20.0,20000,2000,2000,20000,657
method_b,css,uniform,X,5,0.002570949728426641,0.10426442899976378,1.5707963267948966,1.0,20.0,20000,2000,2000,20000,0
method_b,css,uniform,X,5,0.003142271890299228,0.10426442899976378,1.5707963267948966,1.0,20.0,20000,2000,2000,20000,0
method_b,css,uniform,X,5,0.003713594052171815,0.10426442899976378,1.5707963267948966,1.0,20.0,20000,2000,2000,20000,3
method_b,css,uniform,X,5,0.004284916214044401,0.10426442899976378,1.5707963267948966,1.0,20.0,20000,2000,2000,20000,12
method_b,css,uniform,X,5,0.004856238375916988,0.10426442899976378,1.5707963267948966,1.0,20.0,20000,2000,2000,20000,23
method_b,css,uniform,X,5,0.005427560537789576,0.10426442899976378,1.5707963267948966,1.0,20.0,20000,2000,2000,20000,95
method_b,css,uniform,X,5,0.005998882699662161,0.10426442899976378,1.5707963267948966,1.0,20.0,20000,2000,2000,20000,198
method_b,css,uniform,X,5,0.0065702048615347486,0.10426442899976378,1.5707963267948966,1.0,20.0,20000,2000,2000,20000,435
method_b,css,uniform,X,5,0.007141527023407336,0.10426442899976378,1.5707963267948966,1.0,20.0,20000,2000,2000,20000,732
method_b,css,uniform,X,5,0.007712849185279922,0.10426442899976378,1.5707963267948966,1.0,20.0,20000,2000,2000,20000,1251
method_b,css,uniform,Z,3,0.04494705284054419,0.0,1.5707963267948966,1.0,20.0,20000,2000,2000,20000,0
method_b,css,uniform,Z,3,0.054935286805109576,0.0,1.5707963267948966,1.0,20.0,20000,2000,2000,20000,0
method_b,css,uniform,Z,3,0.06492352076967493,0.0,1.5707963267948966,1.0,20.0,20000,2000,2000,20000,2
method_b,css,uniform,Z,3,0.07491175473424032,0.0,1.5707963267948966,1.0,20.0,20000,2000,2000,20000,6
method_b,css,uniform,Z,3,0.08489998869880569,0.0,1.5707963267948966,1.0,20.0,20000,2000,2000,20000,13
method_b,css,uniform,Z,3,0.09488822266337107,0.0,1.5707963267948966,1.0,20.0,20000,2000,2000,20000,27
method_b,css,uniform,Z,3,0.10487645662793643,0.0,1.5707963267948966,1.0,20.0,20000,2000,2000,20000,46
method_b,css,uniform,Z,3,0.1148646905925018,0.0,1.5707963267948966,1.0,20.0,20000,2000,2000,20000,66
method_b,css,uniform,Z,3,0.12485292455706717,0.0,1.5707963267948966,1.0,20.0,20000,2000,2000,20000,117
method_b,css,uniform,Z,3,0.1348411585216326,0.0,1.5707963267948966,1.0,20.0,20000,2000,2000,20000,172
method_b,css,uniform,Z,5,0.04494705284054419,0.0,1.5707963267948966,1.0,20.0,20000,2000,2000,20000,0
method_b,css,uniform,Z,5,0.054935286805109576,0.0,1.5707963267948966,1.0,20.0,20000,2000,2000,20000,0
method_b,css,uniform,Z,5,0.06492352076967493,0.0,1.5707963267948966,1.0,20.0,20000,2000,2000,20000,0
method_b,css,uniform,Z,5,0.07491175473424032,0.0,1.5707963267948966,1.0,20.0,20000,2000,2000,20000,1
method_b,css,uniform,Z,5,0.08489998869880569,0.0,1.5707963267948966,1.0,20.0,20000,2000,2000,20000,2
method_b,css,uniform,Z,5,0.09488822266337107,0.0,1.5707963267948966,1.0,20.0,20000,2000,2000,20000,3
method_b,css,uniform,Z,5,0.10487645662793643,0.0,1.5707963267948966,1.0,20.0,20000,2000,2000,20000,10
method_b,css,uniform,Z,5,0.1148646905925018,0.0,1.5707963267948966,1.0,20.0,20000,2000,2000,20000,29
method_b,css,uniform,Z,5,0.12485292455706717,0.0,1.5707963267948966,1.0,20.0,20000,2000,2000,20000,49
method_b,css,uniform,Z,5,0.1348411585216326,0.0,1.5707963267948966,1.0,20.0,20000,2000,2000,20000,122
method_b,css,uniform,X,3,0.0028766113817948282,0.0,1.5707963267948966,1.0,20.0,20000,2000,2000,20000,0
method_b,css,uniform,X,3,0.0035158583555270125,0.0,1.5707963267948966,1.0,20.0,20000,2000,2000,20000,4
method_b,css,uniform,X,3,0.004155105329259196,0.0,1.5707963267948966,1.0,20.0,20000,2000,2000,20000,16
method_b,css,uniform,X,3,0.00479435230299138,0.0,1.5707963267948966,1.0,20.0,20000,2000,2000,20000,27
method_b,css,uniform,X,3,0.005433599276723564,0.0,1.5707963267948966,1.0,20.0,20000,2000,2000,20000,61
method_b,css,uniform,X,3,0.006072846250455749,0.0,1.5707963267948966,1.0,20.0,20000,2000,2000,20000,110
method_b,css,uniform,X,3,0.006712093224187932,0.0,1.5707963267948966,1.0,20.0,20000,2000,2000,20000,201
method_b,css,uniform,X,3,0.007351340197920116,0.0,1.5707963267948966,1.0,20.0,20000,2000,2000,20000,347
method_b,css,uniform,X,3,0.0079905871716523,0.0,1.5707963267948966,1.0,20.0,20000,2000,2000,20000,528
method_b,css,uniform,X,3,0.008629834145384485,0.0,1.5707963267948966,1.0,20.0,20000,2000,2000,20000,688
method_b,css,uniform,X,5,0.0028766113817948282,0.0,1.5707963267948966,1.0,20.0,20000,2000,2000,20000,0
method_b,css,uniform,X,5,0.0035158583555270125,0.0,1.5707963267948966,1.0,20.0,20000,2000,2000,20000,1
method_b,css,uniform,X,5,0.004155105329259196,0.0,1.5707963267948966,1.0,20.0,20000,2000,2000,20000,2
method_b,css,uniform,X,5,0.00479435230299138,0.0,1.5707963267948966,1.0,20.0,20000,2000,2000,20000,15
method_b,css,uniform,X,5,0.005433599276723564,0.0,1.5707963267948966,1.0,20.0,20000,2000,2000,20000,31
method_b,css,uniform,X,5,0.006072846250455749,0.0,1.5707963267948966,1.0,20.0,20000,2000,2000,20000,100
method_b,css,uniform,X,5,0.006712093224187932,0.0,1.5707963267948966,1.0,20.0,20000,2000,2000,20000,220
method_b,css,uniform,X,5,0.007351340197920116,0.0,1.5707963267948966,1.0,20.0,20000,2000,2000,20000,416
method_b,css,uniform,X,5,0.0079905871716523,0.0,1.5707963267948966,1.0,20.0,20000,2000,2000,20000,797
method_b,css,uniform,X,5,0.008629834145384485,0.0,1.5707963267948966,1.0,20.0,20000,2000,2000,20000,1299
method_b,css,uniform,Z,3,0.011702842919391838,0.0,0.0,0.01,20.0,20000,2000,2000,20000,0
method_b,css,uniform,Z,3,0.023405685838783677,0.0,0.0,0.01,20.0,20000,2000,2000,20000,0
method_b,css,uniform,Z,3,0.035108528758175515,0.0,0.0,0.01,20.0,20000,2000,2000,20000,0
method_b,css,uniform,Z,3,0.046811371677567354,0.0,0.0,0.01,20.0,20000,2000,2000,20000,0
method_b,css,uniform,Z,3,0.05851421459695919,0.0,0.0,0.01,20.0,20000,2000,2000,20000,1
method_b,css,uniform,Z,3,0.07021705751635103,0.0,0.0,0.01,20.0,20000,2000,2000,20000,0
method_b,css,uniform,Z,3,0.08191990043574286,0.0,0.0,0.01,20.0,20000,2000,2000,20000,0
method_b,css,uniform,Z,3,0.09362274335513471,0.0,0.0,0.01,20.0,20000,2000,2000,20000,0
method_b,css,uniform,Z,3,0.10532558627452655,0.0,0.0,0.01,20.0,20000,2000,2000,20000,0
method_b,css,uniform,Z,5,0.011702842919391838,0.0,0.0,0.01,20.0,20000,2000,2000,20000,0
method_b,css,uniform,Z,5,0.023405685838783677,0.0,0.0,0.01,20.0,20000,2000,2000,20000,0
method_b,css,uniform,Z,5,0.035108528758175515,0.0,0.0,0.01,20.0,20000,2000,2000,20000,0
method_b,css,uniform,Z,5,0.046811371677567354,0.0,0.0,0.01,20.0,20000,2000,2000,20000,0
method_b,css,uniform,Z,5,0.05851421459695919,0.0,0.0,0.01,20.0,20000,2000,2000,20000,0
method_b,css,uniform,Z,5,0.07021705751635103,0.0,0.0,0.01,20.0,20000,2000,2000,20000,0
method_b,css,uniform,Z,5,0.08191990043574286,0.0,0.0,0.01,20.0,20000,2000,2000,20000,0
method_b,css,uniform,Z,5,0.09362274335513471,0.0,0.0,0.01,20.0,20000,2000,2000,20000,0
method_b,css,uniform,Z,5,0.10532558627452655,0.0,0.0,0.01,20.0,20000,2000,2000,20000,0
method_b,css,uniform,X,3,0.0018724548671026943,0.0,0.0,0.01,20.0,20000,2000,2000,20000,0
method_b,css,uniform,X,3,0.0037449097342053886,0.0,0.0,0.01,20.0,20000,2000,2000,20000,0
method_b,css,uniform,X,3,0.005617364601308082,0.0,0.0,0.01,20.0,20000,2000,2000,20000,0
method_b,css,uniform,X,3,0.007489819468410777,0.0,0.0,0.01,20.0,20000,2000,2000,20000,7
method_b,css,uniform,X,3,0.009362274335513471,0.0,0.0,0.01,20.0,20000,2000,2000,20000,20
method_b,css,uniform,X,3,0.011234729202616164,0.0,0.0,0.01,20.0,20000,2000,2000,20000,55
method_b,css,uniform,X,3,0.013107184069718858,0.0,0.0,0.01,20.0,20000,2000,2000,20000,106
method_b,css,uniform,X,3,0.014979638936821554,0.0,0.0,0.01,20.0,20000,2000,2000,20000,213
method_b,css,uniform,X,3,0.01685209380392425,0.0,0.0,0.01,20.0,20000,2000,2000,20000,356
method_b,css,uniform,X,5,0.0018724548671026943,0.0,0.0,0.01,20.0,20000,2000,2000,20000,0
method_b,css,uniform,X,5,0.0037449097342053886,0.0,0.0,0.01,20.0,20000,2000,2000,20000,0
method_b,css,uniform,X,5,0.005617364601308082,0.0,0.0,0.01,20.0,20000,2000,2000,20000,0
method_b,css,uniform,X,5,0.007489819468410777,0.0,0.0,0.01,20.0,20000,2000,2000,20000,0
method_b,css,uniform,X,5,0.009362274335513471,0.0,0.0,0.01,20.0,20000,2000,2000,20000,4
method_b,css,uniform,X,5,0.011234729202616164,0.0,0.0,0.01,20.0,20000,2000,2000,20000,34
method_b,css,uniform,X,5,0.013107184069718858,0.0,0.0,0.01,20.0,20000,2000,2000,20000,108
method_b,css,uniform,X,5,0.014979638936821554,0.0,0.0,0.01,20.0,20000,2000,2000,20000,327
method_b,css,uniform,X,5,0.01685209380392425,0.0,0.0,0.01,20.0,20000,2000,2000,20000,825
method_b,css,uniform,Z,3,0.011702842919391838,0.0,0.0,0.03162277660168379,20.0,20000,2000,2000,20000,0
method_b,css,uniform,Z,3,0.023405685838783677,0.0,0.0,0.03162277660168379,20.0,20000,2000,2000,20000,0
method_b,css,uniform,Z,3,0.035108528758175515,0.0,0.0,0.03162277660168379,20.0,20000,2000,2000,20000,2
method_b,css,uniform,Z,3,0.046811371677567354,0.0,0.0,0.03162277660168379,20.0,20000,2000,2000,20000,14
method_b,css,uniform,Z,3,0.05851421459695919,0.0,0.0,0.03162277660168379,20.0,20000,2000,2000,20000,48
method_b,css,uniform,Z,3,0.07021705751635103,0.0,0.0,0.03162277660168379,20.0,20000,2000,2000,20000,90
method_b,css,uniform,Z,3,0.08191990043574286,0.0,0.0,0.03162277660168379,20.0,20000,2000,2000,20000,232
method_b,css,uniform,Z,3,0.09362274335513471,0.0,0.0,0.03162277660168379,20.0,20000,2000,2000,20000,412
method_b,css,uniform,Z,3,0.10532558627452655,0.0,0.0,0.03162277660168379,20.0,20000,2000,2000,20000,714
method_b,css,uniform,Z,5,0.011702842919391838,0.0,0.0,0.03162277660168379,20.0,20000,2000,2000,20000,0
method_b,css,uniform,Z,5,0.023405685838783677,0.0,0.0,0.03162277660168379,20.0,20000,2000,2000,20000,0
method_b,css,uniform,Z,5,0.035108528758175515,0.0,0.0,0.03162277660168379,20.0,20000,2000,2000,20000,0
method_b,css,uniform,Z,5,0.046811371677567354,0.0,0.0,0.03162277660168379,20.0,20000,2000,2000,20000,0
method_b,css,uniform,Z,5,0.05851421459695919,0.0,0.0,0.03162277660168379,20.0,20000,2000,2000,20000,6
method_b,css,uniform,Z,5,0.07021705751635103,0.0,0.0,0.03162277660168379,20.0,20000,2000,2000,20000,63
method_b,css,uniform,Z,5,0.08191990043574286,0.0,0.0,0.03162277660168379,20.0,20000,2000,2000,20000,231
method_b,css,uniform,Z,5,0.09362274335513471,0.0,0.0,0.03162277660168379,20.0,20000,2000,2000,20000,642
method_b,css,uniform,Z,5,0.10532558627452655,0.0,0.0,0.03162277660168379,20.0,20000,2000,2000,20000,1419
method_b,css,uniform,X,3,0.0007489819468410777,0.0,0.0,0.03162277660168379,20.0,20000,2000,2000,20000,0
method_b,css,uniform,X,3,0.0014979638936821553,0.0,0.0,0.03162277660168379,20.0,20000,2000,2000,20000,0
method_b,css,uniform,X,3,0.002246945840523233,0.0,0.0,0.03162277660168379,20.0,20000,2000,2000,20000,0
method_b,css,uniform,X,3,0.0029959277873643107,0.0,0.0,0.03162277660168379,20.0,20000,2000,2000,20000,0
method_b,css,uniform,X,3,0.0037449097342053886,0.0,0.0,0.03162277660168379,20.0,20000,2000,2000,20000,0
method_b,css,uniform,X,3,0.004493891681046466,0.0,0.0,0.03162277660168379,20.0,20000,2000,2000,20000,1
method_b,css,uniform,X,3,0.0052428736278875435,0.0,0.0,0.03162277660168379,20.0,20000,2000,2000,20000,1
method_b,css,uniform,X,3,0.005991855574728621,0.0,0.0,0.03162277660168379,20.0,20000,2000,2000,20000,3
method_b,css,uniform,X,3,0.006740837521569699,0.0,0.0,0.03162277660168379,20.0,20000,2000,2000,20000,3
method_b,css,uniform,X,5,0.0007489819468410777,0.0,0.0,0.03162277660168379,20.0,20000,2000,2000,20000,0
method_b,css,uniform,X,5,0.0014979638936821553,0.0,0.0,0.03162277660168379,20.0,20000,2000,2000,20000,0
method_b,css,uniform,X,5,0.002246945840523233,0.0,0.0,0.03162277660168379,20.0,20000,2000,2000,20000,0
method_b,css,uniform,X,5,0.0029959277873643107,0.0,0.0,0.03162277660168379,20.0,20000,2000,2000,20000,0
method_b,css,uniform,X,5,0.0037449097342053886,0.0,0.0,0.03162277660168379,20.0,20000,2000,2000,20000,0
method_b,css,uniform,X,5,0.004493891681046466,0.0,0.0,0.03162277660168379,20.0,20000,2000,2000,20000,0
method_b,css,uniform,X,5,0.0052428736278875435,0.0,0.0,0.03162277660168379,20.0,20000,2000,2000,20000,1
method_b,css,uniform,X,5,0.005991855574728621,0.0,0.0,0.03162277660168379,20.0,20000,2000,2000,20000,0
method_b,css,uniform,X,5,0.006740837521569699,0.0,0.0,0.03162277660168379,20.0,20000,2000,2000,20000,1
method_b,css,uniform,Z,3,0.004681137167756736,0.0,0.0,0.1,20.0,20000,2000,2000,20000,0
method_b,css,uniform,Z,3,0.009362274335513471,0.0,0.0,0.1,20.0,20000,2000,2000,20000,1
method_b,css,uniform,Z,3,0.014043411503270205,0.0,0.0,0.1,20.0,20000,2000,2000,20000,5
method_b,css,uniform,Z,3,0.018724548671026943,0.0,0.0,0.1,20.0,20000,2000,2000,20000,23
method_b,css,uniform,Z,3,0.023405685838783677,0.0,0.0,0.1,20.0,20000,2000,2000,20000,103
method_b,css,uniform,Z,3,0.02808682300654041,0.0,0.0,0.1,20.0,20000,2000,2000,20000,228
method_b,css,uniform,Z,3,0.032767960174297145,0.0,0.0,0.1,20.0,20000,2000,2000,20000,473
method_b,css,uniform,Z,3,0.037449097342053886,0.0,0.0,0.1,20.0,20000,2000,2000,20000,975
method_b,css,uniform,Z,3,0.04213023450981062,0.0,0.0,0.1,20.0,20000,2000,2000,20000,1482
method_b,css,uniform,Z,5,0.004681137167756736,0.0,0.0,0.1,20.0,20000,2000,2000,20000,0
method_b,css,uniform,Z,5,0.009362274335513471,0.0,0.0,0.1,20.0,20000,2000,2000,20000,0
method_b,css,uniform,Z,5,0.014043411503270205,0.0,0.0,0.1,20.0,20000,2000,2000,20000,1
method_b,css,uniform,Z,5,0.018724548671026943,0.0,0.0,0.1,20.0,20000,2000,2000,20000,4
method_b,css,uniform,Z,5,0.023405685838783677,0.0,0.0,0.1,20.0,20000,2000,2000,20000,53
method_b,css,uniform,Z,5,0.02808682300654041,0.0,0.0,0.1,20.0,20000,2000,2000,20000,268
method_b,css,uniform,Z,5,0.032767960174297145,0.0,0.0,0.1,20.0,20000,2000,2000,20000,859
method_b,css,uniform,Z,5,0.037449097342053886,0.0,0.0,0.1,20.0,20000,2000,2000,20000,1912
method_b,css,uniform,Z,5,0.04213023450981062,0.0,0.0,0.1,20.0,20000,2000,2000,12000,2057
method_b,css,uniform,X,3,0.0018724548671026943,0.0,0.0,0.1,20.0,20000,2000,2000,20000,0
method_b,css,uniform,X,3,0.0037449097342053886,0.0,0.0,0.1,20.0,20000,2000,2000,20000,1
method_b,css,uniform,X,3,0.005617364601308082,0.0,0.0,0.1,20.0,20000,2000,2000,20000,9
method_b,css,uniform,X,3,0.007489819468410777,0.0,0.0,0.1,20.0,20000,2000,2000,20000,38
method_b,css,uniform,X,3,0.009362274335513471,0.0,0.0,0.1,20.0,20000,2000,2000,20000,104
method_b,css,uniform,X,3,0.011234729202616164,0.0,0.0,0.1,20.0,20000,2000,2000,20000,291
method_b,css,uniform,X,3,0.013107184069718858,0.0,0.0,0.1,20.0,20000,2000,2000,20000,605
method_b,css,uniform,X,3,0.014979638936821554,0.0,0.0,0.1,20.0,20000,2000,2000,20000,1051
method_b,css,uniform,X,3,0.01685209380392425,0.0,0.0,0.1,20.0,20000,2000,2000,20000,1699
method_b,css,uniform,X,5,0.0018724548671026943,0.0,0.0,0.1,20.0,20000,2000,2000,20000,0
method_b,css,uniform,X,5,0.0037449097342053886,0.0,0.0,0.1,20.0,20000,2000,2000,20000,0
method_b,css,uniform,X,5,0.005617364601308082,0.0,0.0,0.1,20.0,20000,2000,2000,20000,0
method_b,css,uniform,X,5,0.007489819468410777,0.0,0.0,0.1,20.0,20000,2000,2000,20000,15
method_b,css,uniform,X,5,0.009362274335513471,0.0,0.0,0.1,20.0,20000,2000,2000,20000,111
method_b,css,uniform,X,5,0.011234729202616164,0.0,0.0,0.1,20.0,20000,2000,2000,20000,499
method_b,css,uniform,X,5,0.013107184069718858,0.0,0.0,0.1,20.0,20000,2000,2000,20000,1409
method_b,css,uniform,X,5,0.014979638936821554,0.0,0.0,0.1,20.0,20000,2000,2000,16000,2301
method_b,css,uniform,X,5,0.01685209380392425,0.0,0.0,0.1,20.0,20000,2000,2000,10000,2274
method_b,css,uniform,Z,3,0.0018724548671026943,0.0,0.0,0.31622776601683794,20.0,20000,2000,2000,20000,0
method_b,css,uniform,Z,3,0.0037449097342053886,0.0,0.0,0.31622776601683794,20.0,20000,2000,2000,20000,0
method_b,css,uniform,Z,3,0.005617364601308082,0.0,0.0,0.31622776601683794,20.0,20000,2000,2000,20000,6
method_b,css,uniform,Z,3,0.007489819468410777,0.0,0.0,0.31622776601683794,20.0,20000,2000,2000,20000,34
method_b,css,uniform,Z,3,0.009362274335513471,0.0,0.0,0.31622776601683794,20.0,20000,2000,2000,20000,133
method_b,css,uniform,Z,3,0.011234729202616164,0.0,0.0,0.31622776601683794,20.0,20000,2000,2000,20000,290
method_b,css,uniform,Z,3,0.013107184069718858,0.0,0.0,0.31622776601683794,20.0,20000,2000,2000,20000,649
method_b,css,uniform,Z,3,0.014979638936821554,0.0,0.0,0.31622776601683794,20.0,20000,2000,2000,20000,1159
method_b,css,uniform,Z,3,0.01685209380392425,0.0,0.0,0.31622776601683794,20.0,20000,2000,2000,20000,1807
method_b,css,uniform,Z,5,0.0018724548671026943,0.0,0.0,0.31622776601683794,20.0,20000,2000,2000,20000,0
method_b,css,uniform,Z,5,0.0037449097342053886,0.0,0.0,0.31622776601683794,20.0,20000,2000,2000,20000,0
method_b,css,uniform,Z,5,0.005617364601308082,0.0,0.0,0.31622776601683794,20.0,20000,2000,2000,20000,3
method_b,css,uniform,Z,5,0.007489819468410777,0.0,0.0,0.31622776601683794,20.0,20000,2000,2000,20000,12
method_b,css,uniform,Z,5,0.009362274335513471,0.0,0.0,0.31622776601683794,20.0,20000,2000,2000,20000,103
method_b,css,uniform,Z,5,0.011234729202616164,0.0,0.0,0.31622776601683794,20.0,20000,2000,2000,20000,385
method_b,css,uniform,Z,5,0.013107184069718858,0.0,0.0,0.31622776601683794,20.0,20000,2000,2000,20000,1186
method_b,css,uniform,Z,5,0.014979638936821554,0.0,0.0,0.31622776601683794,20.0,20000,2000,2000,16000,2024
method_b,css,uniform,Z,5,0.01685209380392425,0.0,0.0,0.31622776601683794,20.0,20000,2000,2000,10000,2197
method_b,css,uniform,X,3,0.0018724548671026943,0.0,0.0,0.31622776601683794,20.0,20000,2000,2000,20000,0
method_b,css,uniform,X,3,0.0037449097342053886,0.0,0.0,0.31622776601683794,20.0,20000,2000,2000,20000,5
method_b,css,uniform,X,3,0.005617364601308082,0.0,0.0,0.31622776601683794,20.0,20000,2000,2000,20000,85
method_b,css,uniform,X,3,0.007489819468410777,0.0,0.0,0.31622776601683794,20.0,20000,2000,2000,20000,342
method_b,css,uniform,X,3,0.009362274335513471,0.0,0.0,0.31622776601683794,20.0,20000,2000,2000,20000,901
method_b,css,uniform,X,3,0.011234729202616164,0.0,0.0,0.31622776601683794,20.0,20000,2000,2000,20000,1884
method_b,css,uniform,X,3,0.013107184069718858,0.0,0.0,0.31622776601683794,20.0,20000,2000,2000,14000,2184
method_b,css,uniform,X,3,0.014979638936821554,0.0,0.0,0.31622776601683794,20.0,20000,2000,2000,10000,2187
method_b,css,uniform,X,3,0.01685209380392425,0.0,0.0,0.31622776601683794,20.0,20000,2000,2000,8000,2290
method_b,css,uniform,X,5,0.0018724548671026943,0.0,0.0,0.31622776601683794,20.0,20000,2000,2000,20000,0
method_b,css,uniform,X,5,0.0037449097342053886,0.0,0.0,0.31622776601683794,20.0,20000,2000,2000,20000,2
method_b,css,uniform,X,5,0.005617364601308082,0.0,0.0,0.31622776601683794,20.0,20000,2000,2000,20000,72
method_b,css,uniform,X,5,0.007489819468410777,0.0,0.0,0.31622776601683794,20.0,20000,2000,2000,20000,554
method_b,css,uniform,X,5,0.009362274335513471,0.0,0.0,0.31622776601683794,20.0,20000,2000,2000,20000,2185
method_b,css,uniform,X,5,0.011234729202616164,0.0,0.0,0.31622776601683794,20.0,20000,2000,2000,10000,2338
method_b,css,uniform,X,5,0.013107184069718858,0.0,0.0,0.31622776601683794,20.0,20000,2000,2000,6000,2061
method_b,css,uniform,X,5,0.014979638936821554,0.0,0.0,0.31622776601683794,20.0,20000,2000,2000,6000,2545
method_b,css,uniform,X,5,0.01685209380392425,0.0,0.0,0.31622776601683794,20.0,20000,2000,2000,6000,2835
method_b,css,uniform,Z,3,0.0007489819468410777,0.0,0.0,1.0,20.0,20000,2000,2000,20000,0
method_b,css,uniform,Z,3,0.0014979638936821553,0.0,0.0,1.0,20.0,20000,2000,2000,20000,0
method_b,css,uniform,Z,3,0.002246945840523233,0.0,0.0,1.0,20.0,20000,2000,2000,20000,2
method_b,css,uniform,Z,3,0.0029959277873643107,0.0,0.0,1.0,20.0,20000,2000,2000,20000,18
method_b,css,uniform,Z,3,0.0037449097342053886,0.0,0.0,1.0,20.0,20000,2000,2000,20000,40
method_b,css,uniform,Z,3,0.004493891681046466,0.0,0.0,1.0,20.0,20000,2000,2000,20000,133
method_b,css,uniform,Z,3,0.0052428736278875435,0.0,0.0,1.0,20.0,20000,2000,2000,20000,270
method_b,css,uniform,Z,3,0.005991855574728621,0.0,0.0,1.0,20.0,20000,2000,2000,20000,523
method_b,css,uniform,Z,3,0.006740837521569699,0.0,0.0,1.0,20.0,20000,2000,2000,20000,923
method_b,css,uniform,Z,5,0.0007489819468410777,0.0,0.0,1.0,20.0,20000,2000,2000,20000,0
method_b,css,uniform,Z,5,0.0014979638936821553,0.0,0.0,1.0,20.0,20000,2000,2000,20000,0
method_b,css,uniform,Z,5,0.002246945840523233,0.0,0.0,1.0,20.0,20000,2000,2000,20000,0
method_b,css,uniform,Z,5,0.0029959277873643107,0.0,0.0,1.0,20.0,20000,2000,2000,20000,0
method_b,css,uniform,Z,5,0.0037449097342053886,0.0,0.0,1.0,20.0,20000,2000,2000,20000,17
method_b,css,uniform,Z,5,0.004493891681046466,0.0,0.0,1.0,20.0,20000,2000,2000,20000,87
method_b,css,uniform,Z,5,0.0052428736278875435,0.0,0.0,1.0,20.0,20000,2000,2000,20000,337
method_b,css,uniform,Z,5,0.005991855574728621,0.0,0.0,1.0,20.0,20000,2000,2000,20000,891
method_b,css,uniform,Z,5,0.006740837521569699,0.0,0.0,1.0,20.0,20000,2000,2000,20000,1771
method_b,css,uniform,X,3,0.0007489819468410777,0.0,0.0,1.0,20.0,20000,2000,2000,20000,0
method_b,css,uniform,X,3,0.0014979638936821553,0.0,0.0,1.0,20.0,20000,2000,2000,20000,0
method_b,css,uniform,X,3,0.002246945840523233,0.0,0.0,1.0,20.0,20000,2000,2000,20000,6
method_b,css,uniform,X,3,0.0029959277873643107,0.0,0.0,1.0,20.0,20000,2000,2000,20000,39
method_b,css,uniform,X,3,0.0037449097342053886,0.0,0.0,1.0,20.0,20000,2000,2000,20000,132
method_b,css,uniform,X,3,0.004493891681046466,0.0,0.0,1.0,20.0,20000,2000,2000,20000,287
method_b,css,uniform,X,3,0.0052428736278875435,0.0,0.0,1.0,20.0,20000,2000,2000,20000,604
method_b,css,uniform,X,3,0.005991855574728621,0.0,0.0,1.0,20.0,20000,2000,2000,20000,1029
method_b,css,uniform,X,3,0.006740837521569699,0.0,0.0,1.0,20.0,20000,2000,2000,20000,1574
method_b,css,uniform,X,5,0.0007489819468410777,0.0,0.0,1.0,20.0,20000,2000,2000,20000,0
method_b,css,uniform,X,5,0.0014979638936821553,0.0,0.0,1.0,20.0,20000,2000,2000,20000,0
method_b,css,uniform,X,5,0.002246945840523233,0.0,0.0,1.0,20.0,20000,2000,2000,20000,1
method_b,css,uniform,X,5,0.0029959277873643107,0.0,0.0,1.0,20.0,20000,2000,2000,20000,11
method_b,css,uniform,X,5,0.0037449097342053886,0.0,0.0,1.0,20.0,20000,2000,2000,20000,94
method_b,css,uniform,X,5,0.004493891681046466,0.0,0.0,1.0,20.0,20000,2000,2000,20000,401
method_b,css,uniform,X,5,0.0052428736278875435,0.0,0.0,1.0,20.0,20000,2000,2000,20000,1131
method_b,css,uniform,X,5,0.005991855574728621,0.0,0.0,1.0,20.0,20000,2000,2000,18000,2178
method_b,css,uniform,X,5,0.006740837521569699,0.0,0.0,1.0,20.0,20000,2000,2000,10000,2062
method_b,css,uniform,Z,3,0.0007489819468410777,0.0,0.0,3.1622776601683795,20.0,20000,2000,2000,20000,0
method_b,css,uniform,Z,3,0.0014979638936821553,0.0,0.0,3.1622776601683795,20.0,20000,2000,2000,20000,3
method_b,css,uniform,Z,3,0.002246945840523233,0.0,0.0,3.1622776601683795,20.0,20000,2000,2000,20000,25
method_b,css,uniform,Z,3,0.0029959277873643107,0.0,0.0,3.1622776601683795,20.0,20000,2000,2000,20000,127
method_b,css,uniform,Z,3,0.0037449097342053886,0.0,0.0,3.1622776601683795,20.0,20000,2000,2000,20000,412
method_b,css,uniform,Z,3,0.004493891681046466,0.0,0.0,3.1622776601683795,20.0,20000,2000,2000,20000,961
method_b,css,uniform,Z,3,0.0052428736278875435,0.0,0.0,3.1622776601683795,20.0,20000,2000,2000,20000,1676
method_b,css,uniform,Z,3,0.005991855574728621,0.0,0.0,3.1622776601683795,20.0,20000,2000,2000,14000,2000
method_b,css,uniform,Z,3,0.006740837521569699,0.0,0.0,3.1622776601683795,20.0,20000,2000,2000,12000,2285
method_b,css,uniform,Z,5,0.0007489819468410777,0.0,0.0,3.1622776601683795,20.0,20000,2000,2000,20000,0
method_b,css,uniform,Z,5,0.0014979638936821553,0.0,0.0,3.1622776601683795,20.0,20000,2000,2000,20000,1
method_b,css,uniform,Z,5,0.002246945840523233,0.0,0.0,3.1622776601683795,20.0,20000,2000,2000,20000,8
method_b,css,uniform,Z,5,0.0029959277873643107,0.0,0.0,3.1622776601683795,20.0,20000,2000,2000,20000,94
method_b,css,uniform,Z,5,0.0037449097342053886,0.0,0.0,3.1622776601683795,20.0,20000,2000,2000,20000,591
method_b,css,uniform,Z,5,0.004493891681046466,0.0,0.0,3.1622776601683795,20.0,20000,2000,2000,20000,1967
method_b,css,uniform,Z,5,0.0052428736278875435,0.0,0.0,3.1622776601683795,20.0,20000,2000,2000,10000,2047
method_b,css,uniform,Z,5,0.005991855574728621,0.0,0.0,3.1622776601683795,20.0,20000,2000,2000,8000,2474
method_b,css,uniform,Z,5,0.006740837521569699,0.0,0.0,3.1622776601683795,20.0,20000,2000,2000,6000,2447
method_b,css,uniform,X,3,0.0007489819468410777,0.0,0.0,3.1622776601683795,20.0,20000,2000,2000,20000,0
method_b,css,uniform,X,3,0.0014979638936821553,0.0,0.0,3.1622776601683795,20.0,20000,2000,2000,20000,3
method_b,css,uniform,X,3,0.002246945840523233,0.0,0.0,3.1622776601683795,20.0,20000,2000,2000,20000,51
method_b,css,uniform,X,3,0.0029959277873643107,0.0,0.0,3.1622776601683795,20.0,20000,2000,2000,20000,171
method_b,css,uniform,X,3,0.0037449097342053886,0.0,0.0,3.1622776601683795,20.0,20000,2000,2000,20000,544
method_b,css,uniform,X,3,0.004493891681046466,0.0,0.0,3.1622776601683795,20.0,20000,2000,2000,20000,1174
method_b,css,uniform,X,3,0.0052428736278875435,0.0,0.0,3.1622776601683795,20.0,20000,2000,2000,20000,2078
method_b,css,uniform,X,3,0.005991855574728621,0.0,0.0,3.1622776601683795,20.0,20000,2000,2000,14000,2248
method_b,css,uniform,X,3,0.006740837521569699,0.0,0.0,3.1622776601683795,20.0,20000,2000,2000,10000,2216
method_b,css,uniform,X,5,0.0007489819468410777,0.0,0.0,3.1622776601683795,20.0,20000,2000,2000,20000,0
method_b,css,uniform,X,5,0.0014979638936821553,0.0,0.0,3.1622776601683795,20.0,20000,2000,2000,20000,0
method_b,css,uniform,X,5,0.002246945840523233,0.0,0.0,3.1622776601683795,20.0,20000,2000,2000,20000,18
method_b,css,uniform,X,5,0.0029959277873643107,0.0,0.0,3.1622776601683795,20.0,20000,2000,2000,20000,199
method_b,css,uniform,X,5,0.0037449097342053886,0.0,0.0,3.1622776601683795,20.0,20000,2000,2000,20000,948
method_b,css,uniform,X,5,0.004493891681046466,0.0,0.0,3.1622776601683795,20.0,20000,2000,2000,16000,2175
method_b,css,uniform,X,5,0.0052428736278875435,0.0,0.0,3.1622776601683795,20.0,20000,2000,2000,8000,2065
method_b,css,uniform,X,5,0.005991855574728621,0.0,0.0,3.1622776601683795,20.0,20000,2000,2000,6000,2205
method_b,css,uniform,X,5,0.006740837521569699,0.0,0.0,3.1622776601683795,20.0,20000,2000,2000,6000,2575
method_b,css,uniform,Z,3,0.0007489819468410777,0.0,0.0,10.0,20.0,20000,2000,2000,20000,1
method_b,css,uniform,Z,3,0.0014979638936821553,0.0,0.0,10.0,20.0,20000,2000,2000,20000,10
method_b,css,uniform,Z,3,0.002246945840523233,0.0,0.0,10.0,20.0,20000,2000,2000,20000,62
method_b,css,uniform,Z,3,0.0029959277873643107,0.0,0.0,10.0,20.0,20000,2000,2000,20000,343
method_b,css,uniform,Z,3,0.0037449097342053886,0.0,0.0,10.0,20.0,20000,2000,2000,20000,862
method_b,css,uniform,Z,3,0.004493891681046466,0.0,0.0,10.0,20.0,20000,2000,2000,20000,1813
method_b,css,uniform,Z,3,0.0052428736278875435,0.0,0.0,10.0,20.0,20000,2000,2000,14000,2168
method_b,css,uniform,Z,3,0.005991855574728621,0.0,0.0,10.0,20.0,20000,2000,2000,10000,2156
method_b,css,uniform,Z,3,0.006740837521569699,0.0,0.0,10.0,20.0,20000,2000,2000,8000,2360
method_b,css,uniform,Z,5,0.0007489819468410777,0.0,0.0,10.0,20.0,20000,2000,2000,20000,0
method_b,css,uniform,Z,5,0.0014979638936821553,0.0,0.0,10.0,20.0,20000,2000,2000,20000,0
method_b,css,uniform,Z,5,0.002246945840523233,0.0,0.0,10.0,20.0,20000,2000,2000,20000,44
method_b,css,uniform,Z,5,0.0029959277873643107,0.0,0.0,10.0,20.0,20000,2000,2000,20000,439
method_b,css,uniform,Z,5,0.0037449097342053886,0.0,0.0,10.0,20.0,20000,2000,2000,20000,1988
method_b,css,uniform,Z,5,0.004493891681046466,0.0,0.0,10.0,20.0,20000,2000,2000,10000,2258
method_b,css,uniform,Z,5,0.0052428736278875435,0.0,0.0,10.0,20.0,20000,2000,2000,6000,2070
method_b,css,uniform,Z,5,0.005991855574728621,0.0,0.0,10.0,20.0,20000,2000,2000,6000,2575
method_b,css,uniform,Z,5,0.006740837521569699,0.0,0.0,10.0,20.0,20000,2000,2000,6000,2811
method_b,css,uniform,X,3,0.0007489819468410777,0.0,0.0,10.0,20.0,20000,2000,2000,20000,0
method_b,css,uniform,X,3,0.0014979638936821553,0.0,0.0,10.0,20.0,20000,2000,2000,20000,8
method_b,css,uniform,X,3,0.002246945840523233,0.0,0.0,10.0,20.0,20000,2000,2000,20000,89
method_b,css,uniform,X,3,0.0029959277873643107,0.0,0.0,10.0,20.0,20000,2000,2000,20000,339
method_b,css,uniform,X,3,0.0037449097342053886,0.0,0.0,10.0,20.0,20000,2000,2000,20000,1057
method_b,css,uniform,X,3,0.004493891681046466,0.0,0.0,10.0,20.0,20000,2000,2000,20000,2011
method_b,css,uniform,X,3,0.0052428736278875435,0.0,0.0,10.0,20.0,20000,2000,2000,12000,2026
method_b,css,uniform,X,3,0.005991855574728621,0.0,0.0,10.0,20.0,20000,2000,2000,10000,2433
method_b,css,uniform,X,3,0.006740837521569699,0.0,0.0,10.0,20.0,20000,2000,2000,8000,2442
method_b,css,uniform,X,5,0.0007489819468410777,0.0,0.0,10.0,20.0,20000,2000,2000,20000,0
method_b,css,uniform,X,5,0.0014979638936821553,0.0,0.0,10.0,20.0,20000,2000,2000,20000,2
method_b,css,uniform,X,5,0.002246945840523233,0.0,0.0,10.0,20.0,20000,2000,2000,20000,47
method_b,css,uniform,X,5,0.0029959277873643107,0.0,0.0,10.0,20.0,20000,2000,2000,20000,561
method_b,css,uniform,X,5,0.0037449097342053886,0.0,0.0,10.0,20.0,20000,2000,2000,18000,2101
method_b,css,uniform,X,5,0.004493891681046466,0.0,0.0,10.0,20.0,20000,2000,2000,8000,2025
method_b,css,uniform,X,5,0.0052428736278875435,0.0,0.0,10.0,20.0,20000,2000,2000,6000,2248
method_b,css,uniform,X,5,0.005991855574728621,0.0,0.0,10.0,20.0,20000,2000,2000,6000,2665
method_b,css,uniform,X,5,0.006740837521569699,0.0,0.0,10.0,20.0,20000,2000,2000,6000,2854
method_b,css,uniform,Z,3,0.0007489819468410777,0.0,0.0,31.622776601683793,20.0,20000,2000,2000,20000,0
method_b,css,uniform,Z,3,0.0014979638936821553,0.0,0.0,31.622776601683793,20.0,20000,2000,2000,20000,16
method_b,css,uniform,Z,3,0.002246945840523233,0.0,0.0,31.622776601683793,20.0,20000,2000,2000,20000,105
method_b,css,uniform,Z,3,0.0029959277873643107,0.0,0.0,31.622776601683793,20.0,20000,2000,2000,20000,460
method_b,css,uniform,Z,3,0.0037449097342053886,0.0,0.0,31.622776601683793,20.0,20000,2000,2000,20000,1179
method_b,css,uniform,Z,3,0.004493891681046466,0.0,0.0,31.622776601683793,20.0,20000,2000,2000,18000,2076
method_b,css,uniform,Z,3,0.0052428736278875435,0.0,0.0,31.622776601683793,20.0,20000,2000,2000,12000,2249
method_b,css,uniform,Z,3,0.005991855574728621,0.0,0.0,31.622776601683793,20.0,20000,2000,2000,8000,2077
method_b,css,uniform,Z,3,0.006740837521569699,0.0,0.0,31.622776601683793,20.0,20000,2000,2000,8000,2581
method_b,css,uniform,Z,5,0.0007489819468410777,0.0,0.0,31.622776601683793,20.0,20000,2000,2000,20000,0
method_b,css,uniform,Z,5,0.0014979638936821553,0.0,0.0,31.622776601683793,20.0,20000,2000,2000,20000,0
method_b,css,uniform,Z,5,0.002246945840523233,0.0,0.0,31.622776601683793,20.0,20000,2000,2000,20000,88
method_b,css,uniform,Z,5,0.0029959277873643107,0.0,0.0,31.622776601683793,20.0,20000,2000,2000,20000,724
method_b,css,uniform,Z,5,0.0037449097342053886,0.0,0.0,31.622776601683793,20.0,20000,2000,2000,16000,2150
method_b,css,uniform,Z,5,0.004493891681046466,0.0,0.0,31.622776601683793,20.0,20000,2000,2000,8000,2272
method_b,css,uniform,Z,5,0.0052428736278875435,0.0,0.0,31.622776601683793,20.0,20000,2000,2000,6000,2361
method_b,css,uniform,Z,5,0.005991855574728621,0.0,0.0,31.622776601683793,20.0,20000,2000,2000,6000,2752
method_b,css,uniform,X,3,0.0007489819468410777,0.0,0.0,31.622776601683793,20.0,20000,2000,2000,20000,0
method_b,css,uniform,X,3,0.0014979638936821553,0.0,0.0,31.622776601683793,20.0,20000,2000,2000,20000,8
method_b,css,uniform,X,3,0.002246945840523233,0.0,0.0,31.622776601683793,20.0,20000,2000,2000,20000,113
method_b,css,uniform,X,3,0.0029959277873643107,0.0,0.0,31.622776601683793,20.0,20000,2000,2000,20000,503
method_b,css,uniform,X,3,0.0037449097342053886,0.0,0.0,31.622776601683793,20.0,20000,2000,2000,20000,1260
method_b,css,uniform,X,3,0.004493891681046466,0.0,0.0,31.622776601683793,20.0,20000,2000,2000,18000,2166
method_b,css,uniform,X,3,0.0052428736278875435,0.0,0.0,31.622776601683793,20.0,20000,2000,2000,12000,2324
method_b,css,uniform,X,3,0.005991855574728621,0.0,0.0,31.622776601683793,20.0,20000,2000,2000,8000,2179
method_b,css,uniform,X,3,0.006740837521569699,0.0,0.0,31.622776601683793,20.0,20000,2000,2000,8000,2563
method_b,css,uniform,X,5,0.0007489819468410777,0.0,0.0,31.622776601683793,20.0,20000,2000,2000,20000,0
method_b,css,uniform,X,5,0.0014979638936821553,0.0,0.0,31.622776601683793,20.0,20000,2000,2000,20000,1
method_b,css,uniform,X,5,0.002246945840523233,0.0,0.0,31.622776601683793,20.0,20000,2000,2000,20000,84
method_b,css,uniform,X,5,0.0029959277873643107,0.0,0.0,31.622776601683793,20.0,20000,2000,2000,20000,844
method_b,css,uniform,X,5,0.0037449097342053886,0.0,0.0,31.622776601683793,20.0,20000,2000,2000,14000,2104
method_b,css,uniform,X,5,0.004493891681046466,0.0,0.0,31.622776601683793,20.0,20000,2000,2000,8000,2465
method_b,css,uniform,X,5,0.0052428736278875435,0.0,0.0,31.622776601683793,20.0,20000,2000,2000,6000,2390
method_b,css,uniform,X,5,0.005991855574728621,0.0,0.0,31.622776601683793,20.0,20000,2000,2000,6000,2746
method_b,css,uniform,Z,3,0.0007489819468410777,0.0,0.0,100.0,20.0,20000,2000,2000,20000,0
method_b,css,uniform,Z,3,0.0014979638936821553,0.0,0.0,100.0,20.0,20000,2000,2000,20000,20
method_b,css,uniform,Z,3,0.002246945840523233,0.0,0.0,100.0,20.0,20000,2000,2000,20000,121
method_b,css,uniform,Z,3,0.0029959277873643107,0.0,0.0,100.0,20.0,20000,2000,2000,20000,503
method_b,css,uniform,Z,3,0.0037449097342053886,0.0,0.0,100.0,20.0,20000,2000,2000,20000,1258
method_b,css,uniform,Z,3,0.004493891681046466,0.0,0.0,100.0,20.0,20000,2000,2000,18000,2274
method_b,css,uniform,Z,3,0.0052428736278875435,0.0,0.0,100.0,20.0,20000,2000,2000,12000,2290
method_b,css,uniform,Z,3,0.005991855574728621,0.0,0.0,100.0,20.0,20000,2000,2000,8000,2157
method_b,css,uniform,Z,3,0.006740837521569699,0.0,0.0,100.0,20.0,20000,2000,2000,6000,2009
method_b,css,uniform,Z,5,0.0007489819468410777,0.0,0.0,100.0,20.0,20000,2000,2000,20000,0
method_b,css,uniform,Z,5,0.0014979638936821553,0.0,0.0,100.0,20.0,20000,2000,2000,20000,1
method_b,css,uniform,Z,5,0.002246945840523233,0.0,0.0,100.0,20.0,20000,2000,2000,20000,78
method_b,css,uniform,Z,5,0.0029959277873643107,0.0,0.0,100.0,20.0,20000,2000,2000,20000,818
method_b,css,uniform,Z,5,0.0037449097342053886,0.0,0.0,100.0,20.0,20000,2000,2000,14000,2158
method_b,css,uniform,Z,5,0.004493891681046466,0.0,0.0,100.0,20.0,20000,2000,2000,8000,2350
method_b,css,uniform,Z,5,0.0052428736278875435,0.0,0.0,100.0,20.0,20000,2000,2000,6000,2390
method_b,css,uniform,Z,5,0.005991855574728621,0.0,0.0,100.0,20.0,20000,2000,2000,6000,2762
method_b,css,uniform,X,3,0.0007489819468410777,0.0,0.0,100.0,20.0,20000,2000,2000,20000,0
method_b,css,uniform,X,3,0.0014979638936821553,0.0,0.0,100.0,20.0,20000,2000,2000,20000,14
method_b,css,uniform,X,3,0.002246945840523233,0.0,0.0,100.0,20.0,20000,2000,2000,20000,133
method_b,css,uniform,X,3,0.0029959277873643107,0.0,0.0,100.0,20.0,20000,2000,2000,20000,542
method_b,css,uniform,X,3,0.0037449097342053886,0.0,0.0,100.0,20.0,20000,2000,2000,20000,1366
method_b,css,uniform,X,3,0.004493891681046466,0.0,0.0,100.0,20.0,20000,2000,2000,16000,2021
method_b,css,uniform,X,3,0.0052428736278875435,0.0,0.0,100.0,20.0,20000,2000,2000,10000,2033
method_b,css,uniform,X,3,0.005991855574728621,0.0,0.0,100.0,20.0,20000,2000,2000,8000,2214
method_b,css,uniform,X,3,0.006740837521569699,0.0,0.0,100.0,20.0,20000,2000,2000,6000,2048
method_b,css,uniform,X,5,0.0007489819468410777,0.0,0.0,100.0,20.0,20000,2000,2000,20000,0
method_b,css,uniform,X,5,0.0014979638936821553,0.0,0.0,100.0,20.0,20000,2000,2000,20000,4
method_b,css,uniform,X,5,0.002246945840523233,0.0,0.0,100.0,20.0,20000,2000,2000,20000,103
method_b,css,uniform,X,5,0.0029959277873643107,0.0,0.0,100.0,20.0,20000,2000,2000,20000,934
method_b,css,uniform,X,5,0.0037449097342053886,0.0,0.0,100.0,20.0,20000,2000,2000,14000,2294
method_b,css,uniform,X,5,0.004493891681046466,0.0,0.0,100.0,20.0,20000,2000,2000,8000,2503
method_b,css,uniform,X,5,0.0052428736278875435,0.0,0.0,100.0,20.0,20000,2000,2000,6000,2468
method_b,css,uniform,X,5,0.005991855574728621,0.0,0.0,100.0,20.0,20000,2000,2000,6000,2793
method_b,css,uniform,Z,3,0.001278493947464368,0.0,1.5707963267948966,1.0,0.01,20000,2000,2000,20000,0
method_b,css,uniform,Z,3,0.002556987894928736,0.0,1.5707963267948966,1.0,0.01,20000,2000,2000,20000,0
method_b,css,uniform,Z,3,0.003835481842393104,0.0,1.5707963267948966,1.0,0.01,20000,2000,2000,20000,12
method_b,css,uniform,Z,3,0.005113975789857472,0.0,1.5707963267948966,1.0,0.01,20000,2000,2000,20000,47
method_b,css,uniform,Z,3,0.006392469737321841,0.0,1.5707963267948966,1.0,0.01,20000,2000,2000,20000,175
method_b,css,uniform,Z,3,0.007670963684786208,0.0,1.5707963267948966,1.0,0.01,20000,2000,2000,20000,416
method_b,css,uniform,Z,3,0.008949457632250576,0.0,1.5707963267948966,1.0,0.01,20000,2000,2000,20000,828
method_b,css,uniform,Z,3,0.010227951579714943,0.0,1.5707963267948966,1.0,0.01,20000,2000,2000,20000,1402
method_b,css,uniform,Z,3,0.011506445527179313,0.0,1.5707963267948966,1.0,0.01,20000,2000,2000,18000,2037
method_b,css,uniform,Z,5,0.001278493947464368,0.0,1.5707963267948966,1.0,0.01,20000,2000,2000,20000,0
method_b,css,uniform,Z,5,0.002556987894928736,0.0,1.5707963267948966,1.0,0.01,20000,2000,2000,20000,0
method_b,css,uniform,Z,5,0.003835481842393104,0.0,1.5707963267948966,1.0,0.01,20000,2000,2000,20000,0
method_b,css,uniform,Z,5,0.005113975789857472,0.0,1.5707963267948966,1.0,0.01,20000,2000,2000,20000,18
method_b,css,uniform,Z,5,0.006392469737321841,0.0,1.5707963267948966,1.0,0.01,20000,2000,2000,20000,112
method_b,css,uniform,Z,5,0.007670963684786208,0.0,1.5707963267948966,1.0,0.01,20000,2000,2000,20000,488
method_b,css,uniform,Z,5,0.008949457632250576,0.0,1.5707963267948966,1.0,0.01,20000,2000,2000,20000,1509
method_b,css,uniform,Z,5,0.010227951579714943,0.0,1.5707963267948966,1.0,0.01,20000,2000,2000,14000,2206
method_b,css,uniform,Z,5,0.011506445527179313,0.0,1.5707963267948966,1.0,0.01,20000,2000,2000,8000,2060
method_b,css,uniform,X,3,0.0031962348686609197,0.0,1.5707963267948966,1.0,0.01,20000,2000,2000,20000,0
method_b,css,uniform,X,3,0.0063924697373218394,0.0,1.5707963267948966,1.0,0.01,20000,2000,2000,20000,5
method_b,css,uniform,X,3,0.00958870460598276,0.0,1.5707963267948966,1.0,0.01,20000,2000,2000,20000,36
method_b,css,uniform,X,3,0.012784939474643679,0.0,1.5707963267948966,1.0,0.01,20000,2000,2000,20000,185
method_b,css,uniform,X,3,0.015981174343304604,0.0,1.5707963267948966,1.0,0.01,20000,2000,2000,20000,586
method_b,css,uniform,X,3,0.01917740921196552,0.0,1.5707963267948966,1.0,0.01,20000,2000,2000,20000,1301
method_b,css,uniform,X,3,0.02237364408062644,0.0,1.5707963267948966,1.0,0.01,20000,2000,2000,18000,2032
method_b,css,uniform,X,3,0.025569878949287358,0.0,1.5707963267948966,1.0,0.01,20000,2000,2000,12000,2120
method_b,css,uniform,X,3,0.02876611381794828,0.0,1.5707963267948966,1.0,0.01,20000,2000,2000,10000,2358
method_b,css,uniform,X,5,0.0031962348686609197,0.0,1.5707963267948966,1.0,0.01,20000,2000,2000,20000,0
method_b,css,uniform,X,5,0.0063924697373218394,0.0,1.5707963267948966,1.0,0.01,20000,2000,2000,20000,1
method_b,css,uniform,X,5,0.00958870460598276,0.0,1.5707963267948966,1.0,0.01,20000,2000,2000,20000,22
method_b,css,uniform,X,5,0.012784939474643679,0.0,1.5707963267948966,1.0,0.01,20000,2000,2000,20000,216
method_b,css,uniform,X,5,0.015981174343304604,0.0,1.5707963267948966,1.0,0.01,20000,2000,2000,20000,981
method_b,css,uniform,X,5,0.01917740921196552,0.0,1.5707963267948966,1.0,0.01,20000,2000,2000,14000,2029
method_b,css,uniform,X,5,0.02237364408062644,0.0,1.5707963267948966,1.0,0.01,20000,2000,2000,8000,2094
method_b,css,uniform,X,5,0.025569878949287358,0.0,1.5707963267948966,1.0,0.01,20000,2000,2000,6000,2189
method_b,css,uniform,X,5,0.02876611381794828,0.0,1.5707963267948966,1.0,0.01,20000,2000,2000,6000,2684
method_b,css,uniform,Z,3,0.001278493947464368,0.0,1.5707963267948966,1.0,0.03162277660168379,20000,2000,2000,20000,0
method_b,css,uniform,Z,3,0.002556987894928736,0.0,1.5707963267948966,1.0,0.03162277660168379,20000,2000,2000,20000,0
method_b,css,uniform,Z,3,0.003835481842393104,0.0,1.5707963267948966,1.0,0.03162277660168379,20000,2000,2000,20000,10
method_b,css,uniform,Z,3,0.005113975789857472,0.0,1.5707963267948966,1.0,0.03162277660168379,20000,2000,2000,20000,45
method_b,css,uniform,Z,3,0.006392469737321841,0.0,1.5707963267948966,1.0,0.03162277660168379,20000,2000,2000,20000,135
method_b,css,uniform,Z,3,0.007670963684786208,0.0,1.5707963267948966,1.0,0.03162277660168379,20000,2000,2000,20000,336
method_b,css,uniform,Z,3,0.008949457632250576,0.0,1.5707963267948966,1.0,0.03162277660168379,20000,2000,2000,20000,745
method_b,css,uniform,Z,3,0.010227951579714943,0.0,1.5707963267948966,1.0,0.03162277660168379,20000,2000,2000,20000,1386
method_b,css,uniform,Z,3,0.011506445527179313,0.0,1.5707963267948966,1.0,0.03162277660168379,20000,2000,2000,20000,1988
method_b,css,uniform,Z,5,0.001278493947464368,0.0,1.5707963267948966,1.0,0.03162277660168379,20000,2000,2000,20000,0
method_b,css,uniform,Z,5,0.002556987894928736,0.0,1.5707963267948966,1.0,0.03162277660168379,20000,2000,2000,20000,0
method_b,css,uniform,Z,5,0.003835481842393104,0.0,1.5707963267948966,1.0,0.03162277660168379,20000,2000,2000,20000,1
method_b,css,uniform,Z,5,0.005113975789857472,0.0,1.5707963267948966,1.0,0.03162277660168379,20000,2000,2000,20000,10
method_b,css,uniform,Z,5,0.006392469737321841,0.0,1.5707963267948966,1.0,0.03162277660168379,20000,2000,2000,20000,90
method_b,css,uniform,Z,5,0.007670963684786208,0.0,1.5707963267948966,1.0,0.03162277660168379,20000,2000,2000,20000,415
method_b,css,uniform,Z,5,0.008949457632250576,0.0,1.5707963267948966,1.0,0.03162277660168379,20000,2000,2000,20000,1313
method_b,css,uniform,Z,5,0.010227951579714943,0.0,1.5707963267948966,1.0,0.03162277660168379,20000,2000,2000,16000,2276
method_b,css,uniform,Z,5,0.011506445527179313,0.0,1.5707963267948966,1.0,0.03162277660168379,20000,2000,2000,10000,2284
method_b,css,uniform,X,3,0.0031962348686609197,0.0,1.5707963267948966,1.0,0.03162277660168379,20000,2000,2000,20000,0
method_b,css,uniform,X,3,0.0063924697373218394,0.0,1.5707963267948966,1.0,0.03162277660168379,20000,2000,2000,20000,5
method_b,css,uniform,X,3,0.00958870460598276,0.0,1.5707963267948966,1.0,0.03162277660168379,20000,2000,2000,20000,47
method_b,css,uniform,X,3,0.012784939474643679,0.0,1.5707963267948966,1.0,0.03162277660168379,20000,2000,2000,20000,186
method_b,css,uniform,X,3,0.015981174343304604,0.0,1.5707963267948966,1.0,0.03162277660168379,20000,2000,2000,20000,613
method_b,css,uniform,X,3,0.01917740921196552,0.0,1.5707963267948966,1.0,0.03162277660168379,20000,2000,2000,20000,1460
method_b,css,uniform,X,3,0.02237364408062644,0.0,1.5707963267948966,1.0,0.03162277660168379,20000,2000,2000,18000,2195
method_b,css,uniform,X,3,0.025569878949287358,0.0,1.5707963267948966,1.0,0.03162277660168379,20000,2000,2000,12000,2225
method_b,css,uniform,X,3,0.02876611381794828,0.0,1.5707963267948966,1.0,0.03162277660168379,20000,2000,2000,8000,2024
method_b,css,uniform,X,5,0.0031962348686609197,0.0,1.5707963267948966,1.0,0.03162277660168379,20000,2000,2000,20000,0
method_b,css,uniform,X,5,0.0063924697373218394,0.0,1.5707963267948966,1.0,0.03162277660168379,20000,2000,2000,20000,0
method_b,css,uniform,X,5,0.00958870460598276,0.0,1.5707963267948966,1.0,0.03162277660168379,20000,2000,2000,20000,24
method_b,css,uniform,X,5,0.012784939474643679,0.0,1.5707963267948966,1.0,0.03162277660168379,20000,2000,2000,20000,230
method_b,css,uniform,X,5,0.015981174343304604,0.0,1.5707963267948966,1.0,0.03162277660168379,20000,2000,2000,20000,1175
method_b,css,uniform,X,5,0.01917740921196552,0.0,1.5707963267948966,1.0,0.03162277660168379,20000,2000,2000,14000,2219
method_b,css,uniform,X,5,0.02237364408062644,0.0,1.5707963267948966,1.0,0.03162277660168379,20000,2000,2000,8000,2258
method_b,css,uniform,X,5,0.025569878949287358,0.0,1.5707963267948966,1.0,0.03162277660168379,20000,2000,2000,6000,2258
method_b,css,uniform,X,5,0.02876611381794828,0.0,1.5707963267948966,1.0,0.03162277660168379,20000,2000,2000,6000,2676
method_b,css,uniform,Z,3,0.001278493947464368,0.0,1.5707963267948966,1.0,0.1,20000,2000,2000,20000,0
method_b,css,uniform,Z,3,0.002556987894928736,0.0,1.5707963267948966,1.0,0.1,20000,2000,2000,20000,0
method_b,css,uniform,Z,3,0.003835481842393104,0.0,1.5707963267948966,1.0,0.1,20000,2000,2000,20000,3
method_b,css,uniform,Z,3,0.005113975789857472,0.0,1.5707963267948966,1.0,0.1,20000,2000,2000,20000,28
method_b,css,uniform,Z,3,0.006392469737321841,0.0,1.5707963267948966,1.0,0.1,20000,2000,2000,20000,105
method_b,css,uniform,Z,3,0.007670963684786208,0.0,1.5707963267948966,1.0,0.1,20000,2000,2000,20000,292
method_b,css,uniform,Z,3,0.008949457632250576,0.0,1.5707963267948966,1.0,0.1,20000,2000,2000,20000,532
method_b,css,uniform,Z,3,0.010227951579714943,0.0,1.5707963267948966,1.0,0.1,20000,2000,2000,20000,1082
method_b,css,uniform,Z,3,0.011506445527179313,0.0,1.5707963267948966,1.0,0.1,20000,2000,2000,20000,1624
method_b,css,uniform,Z,5,0.001278493947464368,0.0,1.5707963267948966,1.0,0.1,20000,2000,2000,20000,0
method_b,css,uniform,Z,5,0.002556987894928736,0.0,1.5707963267948966,1.0,0.1,20000,2000,2000,20000,0
method_b,css,uniform,Z,5,0.003835481842393104,0.0,1.5707963267948966,1.0,0.1,20000,2000,2000,20000,0
method_b,css,uniform,Z,5,0.005113975789857472,0.0,1.5707963267948966,1.0,0.1,20000,2000,2000,20000,6
method_b,css,uniform,Z,5,0.006392469737321841,0.0,1.5707963267948966,1.0,0.1,20000,2000,2000,20000,57
method_b,css,uniform,Z,5,0.007670963684786208,0.0,1.5707963267948966,1.0,0.1,20000,2000,2000,20000,239
method_b,css,uniform,Z,5,0.008949457632250576,0.0,1.5707963267948966,1.0,0.1,20000,2000,2000,20000,838
method_b,css,uniform,Z,5,0.010227951579714943,0.0,1.5707963267948966,1.0,0.1,20000,2000,2000,20000,1969
method_b,css,uniform,Z,5,0.011506445527179313,0.0,1.5707963267948966,1.0,0.1,20000,2000,2000,12000,2152
method_b,css,uniform,X,3,0.0031962348686609197,0.0,1.5707963267948966,1.0,0.1,20000,2000,2000,20000,0
method_b,css,uniform,X,3,0.0063924697373218394,0.0,1.5707963267948966,1.0,0.1,20000,2000,2000,20000,6
method_b,css,uniform,X,3,0.00958870460598276,0.0,1.5707963267948966,1.0,0.1,20000,2000,2000,20000,59
method_b,css,uniform,X,3,0.012784939474643679,0.0,1.5707963267948966,1.0,0.1,20000,2000,2000,20000,270
method_b,css,uniform,X,3,0.015981174343304604,0.0,1.5707963267948966,1.0,0.1,20000,2000,2000,20000,809
method_b,css,uniform,X,3,0.01917740921196552,0.0,1.5707963267948966,1.0,0.1,20000,2000,2000,20000,1696
method_b,css,uniform,X,3,0.02237364408062644,0.0,1.5707963267948966,1.0,0.1,20000,2000,2000,14000,2133
method_b,css,uniform,X,3,0.025569878949287358,0.0,1.5707963267948966,1.0,0.1,20000,2000,2000,10000,2167
method_b,css,uniform,X,3,0.02876611381794828,0.0,1.5707963267948966,1.0,0.1,20000,2000,2000,8000,2253
method_b,css,uniform,X,5,0.0031962348686609197,0.0,1.5707963267948966,1.0,0.1,20000,2000,2000,20000,0
method_b,css,uniform,X,5,0.0063924697373218394,0.0,1.5707963267948966,1.0,0.1,20000,2000,2000,20000,1
method_b,css,uniform,X,5,0.00958870460598276,0.0,1.5707963267948966,1.0,0.1,20000,2000,2000,20000,29
method_b,css,uniform,X,5,0.012784939474643679,0.0,1.5707963267948966,1.0,0.1,20000,2000,2000,20000,334
method_b,css,uniform,X,5,0.015981174343304604,0.0,1.5707963267948966,1.0,0.1,20000,2000,2000,20000,1682
method_b,css,uniform,X,5,0.01917740921196552,0.0,1.5707963267948966,1.0,0.1,20000,2000,2000,12000,2422
method_b,css,uniform,X,5,0.02237364408062644,0.0,1.5707963267948966,1.0,0.1,20000,2000,2000,8000,2623
method_b,css,uniform,X,5,0.025569878949287358,0.0,1.5707963267948966,1.0,0.1,20000,2000,2000,6000,2492
method_b,css,uniform,X,5,0.02876611381794828,0.0,1.5707963267948966,1.0,0.1,20000,2000,2000,6000,2791
method_b,css,uniform,Z,3,0.001278493947464368,0.0,1.5707963267948966,1.0,0.31622776601683794,20000,2000,2000,20000,0
method_b,css,uniform,Z,3,0.002556987894928736,0.0,1.5707963267948966,1.0,0.31622776601683794,20000,2000,2000,20000,0
method_b,css,uniform,Z,3,0.003835481842393104,0.0,1.5707963267948966,1.0,0.31622776601683794,20000,2000,2000,20000,4
method_b,css,uniform,Z,3,0.005113975789857472,0.0,1.5707963267948966,1.0,0.31622776601683794,20000,2000,2000,20000,17
method_b,css,uniform,Z,3,0.006392469737321841,0.0,1.5707963267948966,1.0,0.31622776601683794,20000,2000,2000,20000,41
method_b,css,uniform,Z,3,0.007670963684786208,0.0,1.5707963267948966,1.0,0.31622776601683794,20000,2000,2000,20000,108
method_b,css,uniform,Z,3,0.008949457632250576,0.0,1.5707963267948966,1.0,0.31622776601683794,20000,2000,2000,20000,233
method_b,css,uniform,Z,3,0.010227951579714943,0.0,1.5707963267948966,1.0,0.31622776601683794,20000,2000,2000,20000,464
method_b,css,uniform,Z,3,0.011506445527179313,0.0,1.5707963267948966,1.0,0.31622776601683794,20000,2000,2000,20000,757
method_b,css,uniform,Z,5,0.001278493947464368,0.0,1.5707963267948966,1.0,0.31622776601683794,20000,2000,2000,20000,0
method_b,css,uniform,Z,5,0.002556987894928736,0.0,1.5707963267948966,1.0,0.31622776601683794,20000,2000,2000,20000,0
method_b,css,uniform,Z,5,0.003835481842393104,0.0,1.5707963267948966,1.0,0.31622776601683794,20000,2000,2000,20000,0
method_b,css,uniform,Z,5,0.005113975789857472,0.0,1.5707963267948966,1.0,0.31622776601683794,20000,2000,2000,20000,0
method_b,css,uniform,Z,5,0.006392469737321841,0.0,1.5707963267948966,1.0,0.31622776601683794,20000,2000,2000,20000,14
method_b,css,uniform,Z,5,0.007670963684786208,0.0,1.5707963267948966,1.0,0.31622776601683794,20000,2000,2000,20000,47
method_b,css,uniform,Z,5,0.008949457632250576,0.0,1.5707963267948966,1.0,0.31622776601683794,20000,2000,2000,20000,210
method_b,css,uniform,Z,5,0.010227951579714943,0.0,1.5707963267948966,1.0,0.31622776601683794,20000,2000,2000,20000,603
method_b,css,uniform,Z,5,0.011506445527179313,0.0,1.5707963267948966,1.0,0.31622776601683794,20000,2000,2000,20000,1368
method_b,css,uniform,X,3,0.0031962348686609197,0.0,1.5707963267948966,1.0,0.31622776601683794,20000,2000,2000,20000,0
method_b,css,uniform,X,3,0.0063924697373218394,0.0,1.5707963267948966,1.0,0.31622776601683794,20000,2000,2000,20000,15
method_b,css,uniform,X,3,0.00958870460598276,0.0,1.5707963267948966,1.0,0.31622776601683794,20000,2000,2000,20000,116
method_b,css,uniform,X,3,0.012784939474643679,0.0,1.5707963267948966,1.0,0.31622776601683794,20000,2000,2000,20000,566
method_b,css,uniform,X,3,0.015981174343304604,0.0,1.5707963267948966,1.0,0.31622776601683794,20000,2000,2000,20000,1422
method_b,css,uniform,X,3,0.01917740921196552,0.0,1.5707963267948966,1.0,0.31622776601683794,20000,2000,2000,16000,2203
method_b,css,uniform,X,3,0.02237364408062644,0.0,1.5707963267948966,1.0,0.31622776601683794,20000,2000,2000,10000,2142
method_b,css,uniform,X,3,0.025569878949287358,0.0,1.5707963267948966,1.0,0.31622776601683794,20000,2000,2000,8000,2238
method_b,css,uniform,X,3,0.02876611381794828,0.0,1.5707963267948966,1.0,0.31622776601683794,20000,2000,2000,6000,2142
method_b,css,uniform,X,5,0.0031962348686609197,0.0,1.5707963267948966,1.0,0.31622776601683794,20000,2000,2000,20000,0
method_b,css,uniform,X,5,0.0063924697373218394,0.0,1.5707963267948966,1.0,0.31622776601683794,20000,2000,2000,20000,3
method_b,css,uniform,X,5,0.00958870460598276,0.0,1.5707963267948966,1.0,0.31622776601683794,20000,2000,2000,20000,94
method_b,css,uniform,X,5,0.012784939474643679,0.0,1.5707963267948966,1.0,0.31622776601683794,20000,2000,2000,20000,868
method_b,css,uniform,X,5,0.015981174343304604,0.0,1.5707963267948966,1.0,0.31622776601683794,20000,2000,2000,14000,2224
method_b,css,uniform,X,5,0.01917740921196552,0.0,1.5707963267948966,1.0,0.31622776601683794,20000,2000,2000,8000,2481
method_b,css,uniform,X,5,0.02237364408062644,0.0,1.5707963267948966,1.0,0.31622776601683794,20000,2000,2000,6000,2485
method_b,css,uniform,X,5,0.025569878949287358,0.0,1.5707963267948966,1.0,0.31622776601683794,20000,2000,2000,6000,2789
method_b,css,uniform,Z,3,0.0031962348686609197,0.0,1.5707963267948966,1.0,1.0,20000,2000,2000,20000,0
method_b,css,uniform,Z,3,0.0063924697373218394,0.0,1.5707963267948966,1.0,1.0,20000,2000,2000,20000,6
method_b,css,uniform,Z,3,0.00958870460598276,0.0,1.5707963267948966,1.0,1.0,20000,2000,2000,20000,32
method_b,css,uniform,Z,3,0.012784939474643679,0.0,1.5707963267948966,1.0,1.0,20000,2000,2000,20000,162
method_b,css,uniform,Z,3,0.015981174343304604,0.0,1.5707963267948966,1.0,1.0,20000,2000,2000,20000,491
method_b,css,uniform,Z,3,0.01917740921196552,0.0,1.5707963267948966,1.0,1.0,20000,2000,2000,20000,1162
method_b,css,uniform,Z,3,0.02237364408062644,0.0,1.5707963267948966,1.0,1.0,20000,2000,2000,20000,2089
method_b,css,uniform,Z,3,0.025569878949287358,0.0,1.5707963267948966,1.0,1.0,20000,2000,2000,14000,2263
method_b,css,uniform,Z,3,0.02876611381794828,0.0,1.5707963267948966,1.0,1.0,20000,2000,2000,10000,2244
method_b,css,uniform,Z,5,0.0031962348686609197,0.0,1.5707963267948966,1.0,1.0,20000,2000,2000,20000,0
method_b,css,uniform,Z,5,0.0063924697373218394,0.0,1.5707963267948966,1.0,1.0,20000,2000,2000,20000,0
method_b,css,uniform,Z,5,0.00958870460598276,0.0,1.5707963267948966,1.0,1.0,20000,2000,2000,20000,8
method_b,css,uniform,Z,5,0.012784939474643679,0.0,1.5707963267948966,1.0,1.0,20000,2000,2000,20000,109
method_b,css,uniform,Z,5,0.015981174343304604,0.0,1.5707963267948966,1.0,1.0,20000,2000,2000,20000,694
method_b,css,uniform,Z,5,0.01917740921196552,0.0,1.5707963267948966,1.0,1.0,20000,2000,2000,18000,2157
method_b,css,uniform,Z,5,0.02237364408062644,0.0,1.5707963267948966,1.0,1.0,20000,2000,2000,10000,2346
method_b,css,uniform,Z,5,0.025569878949287358,0.0,1.5707963267948966,1.0,1.0,20000,2000,2000,6000,2090
method_b,css,uniform,Z,5,0.02876611381794828,0.0,1.5707963267948966,1.0,1.0,20000,2000,2000,6000,2538
method_b,css,uniform,X,3,0.001278493947464368,0.0,1.5707963267948966,1.0,1.0,20000,2000,2000,20000,0
method_b,css,uniform,X,3,0.002556987894928736,0.0,1.5707963267948966,1.0,1.0,20000,2000,2000,20000,0
method_b,css,uniform,X,3,0.003835481842393104,0.0,1.5707963267948966,1.0,1.0,20000,2000,2000,20000,2
method_b,css,uniform,X,3,0.005113975789857472,0.0,1.5707963267948966,1.0,1.0,20000,2000,2000,20000,6
method_b,css,uniform,X,3,0.006392469737321841,0.0,1.5707963267948966,1.0,1.0,20000,2000,2000,20000,46
method_b,css,uniform,X,3,0.007670963684786208,0.0,1.5707963267948966,1.0,1.0,20000,2000,2000,20000,99
method_b,css,uniform,X,3,0.008949457632250576,0.0,1.5707963267948966,1.0,1.0,20000,2000,2000,20000,213
method_b,css,uniform,X,3,0.010227951579714943,0.0,1.5707963267948966,1.0,1.0,20000,2000,2000,20000,472
method_b,css,uniform,X,3,0.011506445527179313,0.0,1.5707963267948966,1.0,1.0,20000,2000,2000,20000,827
method_b,css,uniform,X,5,0.001278493947464368,0.0,1.5707963267948966,1.0,1.0,20000,2000,2000,20000,0
method_b,css,uniform,X,5,0.002556987894928736,0.0,1.5707963267948966,1.0,1.0,20000,2000,2000,20000,0
method_b,css,uniform,X,5,0.003835481842393104,0.0,1.5707963267948966,1.0,1.0,20000,2000,2000,20000,0
method_b,css,uniform,X,5,0.005113975789857472,0.0,1.5707963267948966,1.0,1.0,20000,2000,2000,20000,3
method_b,css,uniform,X,5,0.006392469737321841,0.0,1.5707963267948966,1.0,1.0,20000,2000,2000,20000,10
method_b,css,uniform,X,5,0.007670963684786208,0.0,1.5707963267948966,1.0,1.0,20000,2000,2000,20000,75
method_b,css,uniform,X,5,0.008949457632250576,0.0,1.5707963267948966,1.0,1.0,20000,2000,2000,20000,263
method_b,css,uniform,X,5,0.010227951579714943,0.0,1.5707963267948966,1.0,1.0,20000,2000,2000,20000,688
method_b,css,uniform,X,5,0.011506445527179313,0.0,1.5707963267948966,1.0,1.0,20000,2000,2000,20000,1513
method_b,css,uniform,Z,3,0.007990587171652299,0.0,1.5707963267948966,1.0,3.1622776601683795,20000,2000,2000,20000,0
method_b,css,uniform,Z,3,0.015981174343304597,0.0,1.5707963267948966,1.0,3.1622776601683795,20000,2000,2000,20000,13
method_b,css,uniform,Z,3,0.0239717615149569,0.0,1.5707963267948966,1.0,3.1622776601683795,20000,2000,2000,20000,96
method_b,css,uniform,Z,3,0.031962348686609195,0.0,1.5707963267948966,1.0,3.1622776601683795,20000,2000,2000,20000,413
method_b,css,uniform,Z,3,0.03995293585826151,0.0,1.5707963267948966,1.0,3.1622776601683795,20000,2000,2000,20000,1152
method_b,css,uniform,Z,3,0.0479435230299138,0.0,1.5707963267948966,1.0,3.1622776601683795,20000,2000,2000,18000,2090
method_b,css,uniform,Z,3,0.055934110201566106,0.0,1.5707963267948966,1.0,3.1622776601683795,20000,2000,2000,12000,2194
method_b,css,uniform,Z,3,0.06392469737321839,0.0,1.5707963267948966,1.0,3.1622776601683795,20000,2000,2000,8000,2075
method_b,css,uniform,Z,3,0.0719152845448707,0.0,1.5707963267948966,1.0,3.1622776601683795,20000,2000,2000,8000,2610
method_b,css,uniform,Z,5,0.007990587171652299,0.0,1.5707963267948966,1.0,3.1622776601683795,20000,2000,2000,20000,0
method_b,css,uniform,Z,5,0.015981174343304597,0.0,1.5707963267948966,1.0,3.1622776601683795,20000,2000,2000,20000,1
method_b,css,uniform,Z,5,0.0239717615149569,0.0,1.5707963267948966,1.0,3.1622776601683795,20000,2000,2000,20000,44
method_b,css,uniform,Z,5,0.031962348686609195,0.0,1.5707963267948966,1.0,3.1622776601683795,20000,2000,2000,20000,543
method_b,css,uniform,Z,5,0.03995293585826151,0.0,1.5707963267948966,1.0,3.1622776601683795,20000,2000,2000,18000,2086
method_b,css,uniform,Z,5,0.0479435230299138,0.0,1.5707963267948966,1.0,3.1622776601683795,20000,2000,2000,8000,2053
method_b,css,uniform,Z,5,0.055934110201566106,0.0,1.5707963267948966,1.0,3.1622776601683795,20000,2000,2000,6000,2308
method_b,css,uniform,Z,5,0.06392469737321839,0.0,1.5707963267948966,1.0,3.1622776601683795,20000,2000,2000,6000,2761
method_b,css,uniform,X,3,0.001278493947464368,0.0,1.5707963267948966,1.0,3.1622776601683795,20000,2000,2000,20000,0
method_b,css,uniform,X,3,0.002556987894928736,0.0,1.5707963267948966,1.0,3.1622776601683795,20000,2000,2000,20000,0
method_b,css,uniform,X,3,0.003835481842393104,0.0,1.5707963267948966,1.0,3.1622776601683795,20000,2000,2000,20000,8
method_b,css,uniform,X,3,0.005113975789857472,0.0,1.5707963267948966,1.0,3.1622776601683795,20000,2000,2000,20000,16
method_b,css,uniform,X,3,0.006392469737321841,0.0,1.5707963267948966,1.0,3.1622776601683795,20000,2000,2000,20000,76
method_b,css,uniform,X,3,0.007670963684786208,0.0,1.5707963267948966,1.0,3.1622776601683795,20000,2000,2000,20000,243
method_b,css,uniform,X,3,0.008949457632250576,0.0,1.5707963267948966,1.0,3.1622776601683795,20000,2000,2000,20000,523
method_b,css,uniform,X,3,0.010227951579714943,0.0,1.5707963267948966,1.0,3.1622776601683795,20000,2000,2000,20000,932
method_b,css,uniform,X,3,0.011506445527179313,0.0,1.5707963267948966,1.0,3.1622776601683795,20000,2000,2000,20000,1492
method_b,css,uniform,X,5,0.001278493947464368,0.0,1.5707963267948966,1.0,3.1622776601683795,20000,2000,2000,20000,0
method_b,css,uniform,X,5,0.002556987894928736,0.0,1.5707963267948966,1.0,3.1622776601683795,20000,2000,2000,20000,0
method_b,css,uniform,X,5,0.003835481842393104,0.0,1.5707963267948966,1.0,3.1622776601683795,20000,2000,2000,20000,1
method_b,css,uniform,X,5,0.005113975789857472,0.0,1.5707963267948966,1.0,3.1622776601683795,20000,2000,2000,20000,9
method_b,css,uniform,X,5,0.006392469737321841,0.0,1.5707963267948966,1.0,3.1622776601683795,20000,2000,2000,20000,48
method_b,css,uniform,X,5,0.007670963684786208,0.0,1.5707963267948966,1.0,3.1622776601683795,20000,2000,2000,20000,255
method_b,css,uniform,X,5,0.008949457632250576,0.0,1.5707963267948966,1.0,3.1622776601683795,20000,2000,2000,20000,815
method_b,css,uniform,X,5,0.010227951579714943,0.0,1.5707963267948966,1.0,3.1622776601683795,20000,2000,2000,20000,1961
method_b,css,uniform,X,5,0.011506445527179313,0.0,1.5707963267948966,1.0,3.1622776601683795,20000,2000,2000,12000,2109
method_b,css,uniform,Z,3,0.019976467929130746,0.0,1.5707963267948966,1.0,10.0,20000,2000,2000,20000,0
method_b,css,uniform,Z,3,0.03995293585826149,0.0,1.5707963267948966,1.0,10.0,20000,2000,2000,20000,10
method_b,css,uniform,Z,3,0.059929403787392255,0.0,1.5707963267948966,1.0,10.0,20000,2000,2000,20000,72
method_b,css,uniform,Z,3,0.07990587171652298,0.0,1.5707963267948966,1.0,10.0,20000,2000,2000,20000,331
method_b,css,uniform,Z,3,0.09988233964565378,0.0,1.5707963267948966,1.0,10.0,20000,2000,2000,20000,907
method_b,css,uniform,Z,3,0.11985880757478451,0.0,1.5707963267948966,1.0,10.0,20000,2000,2000,20000,1899
method_b,css,uniform,Z,3,0.13983527550391528,0.0,1.5707963267948966,1.0,10.0,20000,2000,2000,14000,2241
method_b,css,uniform,Z,3,0.15981174343304597,0.0,1.5707963267948966,1.0,10.0,20000,2000,2000,10000,2267
method_b,css,uniform,Z,3,0.17978821136217676,0.0,1.5707963267948966,1.0,10.0,20000,2000,2000,8000,2359
method_b,css,uniform,Z,5,0.019976467929130746,0.0,1.5707963267948966,1.0,10.0,20000,2000,2000,20000,0
method_b,css,uniform,Z,5,0.03995293585826149,0.0,1.5707963267948966,1.0,10.0,20000,2000,2000,20000,0
method_b,css,uniform,Z,5,0.059929403787392255,0.0,1.5707963267948966,1.0,10.0,20000,2000,2000,20000,26
method_b,css,uniform,Z,5,0.07990587171652298,0.0,1.5707963267948966,1.0,10.0,20000,2000,2000,20000,374
method_b,css,uniform,Z,5,0.09988233964565378,0.0,1.5707963267948966,1.0,10.0,20000,2000,2000,20000,1606
method_b,css,uniform,Z,5,0.11985880757478451,0.0,1.5707963267948966,1.0,10.0,20000,2000,2000,10000,2060
method_b,css,uniform,Z,5,0.13983527550391528,0.0,1.5707963267948966,1.0,10.0,20000,2000,2000,6000,2069
method_b,css,uniform,Z,5,0.15981174343304597,0.0,1.5707963267948966,1.0,10.0,20000,2000,2000,6000,2563
method_b,css,uniform,Z,5,0.17978821136217676,0.0,1.5707963267948966,1.0,10.0,20000,2000,2000,6000,2797
method_b,css,uniform,X,3,0.001278493947464368,0.0,1.5707963267948966,1.0,10.0,20000,2000,2000,20000,0
method_b,css,uniform,X,3,0.002556987894928736,0.0,1.5707963267948966,1.0,10.0,20000,2000,2000,20000,0
method_b,css,uniform,X,3,0.003835481842393104,0.0,1.5707963267948966,1.0,10.0,20000,2000,2000,20000,14
method_b,css,uniform,X,3,0.005113975789857472,0.0,1.5707963267948966,1.0,10.0,20000,2000,2000,20000,45
method_b,css,uniform,X,3,0.006392469737321841,0.0,1.5707963267948966,1.0,10.0,20000,2000,2000,20000,149
method_b,css,uniform,X,3,0.007670963684786208,0.0,1.5707963267948966,1.0,10.0,20000,2000,2000,20000,368
method_b,css,uniform,X,3,0.008949457632250576,0.0,1.5707963267948966,1.0,10.0,20000,2000,2000,20000,775
method_b,css,uniform,X,3,0.010227951579714943,0.0,1.5707963267948966,1.0,10.0,20000,2000,2000,20000,1320
method_b,css,uniform,X,3,0.011506445527179313,0.0,1.5707963267948966,1.0,10.0,20000,2000,2000,20000,2082
method_b,css,uniform,X,5,0.001278493947464368,0.0,1.5707963267948966,1.0,10.0,20000,2000,2000,20000,0
method_b,css,uniform,X,5,0.002556987894928736,0.0,1.5707963267948966,1.0,10.0,20000,2000,2000,20000,0
method_b,css,uniform,X,5,0.003835481842393104,0.0,1.5707963267948966,1.0,10.0,20000,2000,2000,20000,2
method_b,css,uniform,X,5,0.005113975789857472,0.0,1.5707963267948966,1.0,10.0,20000,2000,2000,20000,14
method_b,css,uniform,X,5,0.006392469737321841,0.0,1.5707963267948966,1.0,10.0,20000,2000,2000,20000,96
method_b,css,uniform,X,5,0.007670963684786208,0.0,1.5707963267948966,1.0,10.0,20000,2000,2000,20000,468
method_b,css,uniform,X,5,0.008949457632250576,0.0,1.5707963267948966,1.0,10.0,20000,2000,2000,20000,1441
method_b,css,uniform,X,5,0.010227951579714943,0.0,1.5707963267948966,1.0,10.0,20000,2000,2000,14000,2073
method_b,css,uniform,X,5,0.011506445527179313,0.0,1.5707963267948966,1.0,10.0,20000,2000,2000,10000,2488
method_b,css,uniform,Z,3,0.019976467929130746,0.0,1.5707963267948966,1.0,31.622776601683793,20000,2000,2000,20000,0
method_b,css,uniform,Z,3,0.03995293585826149,0.0,1.5707963267948966,1.0,31.622776601683793,20000,2000,2000,20000,0
method_b,css,uniform,Z,3,0.059929403787392255,0.0,1.5707963267948966,1.0,31.622776601683793,20000,2000,2000,20000,0
method_b,css,uniform,Z,3,0.07990587171652298,0.0,1.5707963267948966,1.0,31.622776601683793,20000,2000,2000,20000,2
method_b,css,uniform,Z,3,0.09988233964565378,0.0,1.5707963267948966,1.0,31.622776601683793,20000,2000,2000,20000,2
method_b,css,uniform,Z,3,0.11985880757478451,0.0,1.5707963267948966,1.0,31.622776601683793,20000,2000,2000,20000,5
method_b,css,uniform,Z,3,0.13983527550391528,0.0,1.5707963267948966,1.0,31.622776601683793,20000,2000,2000,20000,21
method_b,css,uniform,Z,3,0.15981174343304597,0.0,1.5707963267948966,1.0,31.622776601683793,20000,2000,2000,20000,33
method_b,css,uniform,Z,3,0.17978821136217676,0.0,1.5707963267948966,1.0,31.622776601683793,20000,2000,2000,20000,84
method_b,css,uniform,Z,5,0.019976467929130746,0.0,1.5707963267948966,1.0,31.622776601683793,20000,2000,2000,20000,0
method_b,css,uniform,Z,5,0.03995293585826149,0.0,1.5707963267948966,1.0,31.622776601683793,20000,2000,2000,20000,0
method_b,css,uniform,Z,5,0.059929403787392255,0.0,1.5707963267948966,1.0,31.622776601683793,20000,2000,2000,20000,0
method_b,css,uniform,Z,5,0.07990587171652298,0.0,1.5707963267948966,1.0,31.622776601683793,20000,2000,2000,20000,0
method_b,css,uniform,Z,5,0.09988233964565378,0.0,1.5707963267948966,1.0,31.622776601683793,20000,2000,2000,20000,1
method_b,css,uniform,Z,5,0.11985880757478451,0.0,1.5707963267948966,1.0,31.622776601683793,20000,2000,2000,20000,1
method_b,css,uniform,Z,5,0.13983527550391528,0.0,1.5707963267948966,1.0,31.622776601683793,20000,2000,2000,20000,1
method_b,css,uniform,Z,5,0.15981174343304597,0.0,1.5707963267948966,1.0,31.622776601683793,20000,2000,2000,20000,4
method_b,css,uniform,Z,5,0.17978821136217676,0.0,1.5707963267948966,1.0,31.622776601683793,20000,2000,2000,20000,32
method_b,css,uniform,X,3,0.001278493947464368,0.0,1.5707963267948966,1.0,31.622776601683793,20000,2000,2000,20000,0
method_b,css,uniform,X,3,0.002556987894928736,0.0,1.5707963267948966,1.0,31.622776601683793,20000,2000,2000,20000,1
method_b,css,uniform,X,3,0.003835481842393104,0.0,1.5707963267948966,1.0,31.622776601683793,20000,2000,2000,20000,13
method_b,css,uniform,X,3,0.005113975789857472,0.0,1.5707963267948966,1.0,31.622776601683793,20000,2000,2000,20000,57
method_b,css,uniform,X,3,0.006392469737321841,0.0,1.5707963267948966,1.0,31.622776601683793,20000,2000,2000,20000,182
method_b,css,uniform,X,3,0.007670963684786208,0.0,1.5707963267948966,1.0,31.622776601683793,20000,2000,2000,20000,423
method_b,css,uniform,X,3,0.008949457632250576,0.0,1.5707963267948966,1.0,31.622776601683793,20000,2000,2000,20000,874
method_b,css,uniform,X,3,0.010227951579714943,0.0,1.5707963267948966,1.0,31.622776601683793,20000,2000,2000,20000,1418
method_b,css,uniform,X,3,0.011506445527179313,0.0,1.5707963267948966,1.0,31.622776601683793,20000,2000,2000,18000,2142
method_b,css,uniform,X,5,0.001278493947464368,0.0,1.5707963267948966,1.0,31.622776601683793,20000,2000,2000,20000,0
method_b,css,uniform,X,5,0.002556987894928736,0.0,1.5707963267948966,1.0,31.622776601683793,20000,2000,2000,20000,0
method_b,css,uniform,X,5,0.003835481842393104,0.0,1.5707963267948966,1.0,31.622776601683793,20000,2000,2000,20000,3
method_b,css,uniform,X,5,0.005113975789857472,0.0,1.5707963267948966,1.0,31.622776601683793,20000,2000,2000,20000,21
method_b,css,uniform,X,5,0.006392469737321841,0.0,1.5707963267948966,1.0,31.622776601683793,20000,2000,2000,20000,157
method_b,css,uniform,X,5,0.007670963684786208,0.0,1.5707963267948966,1.0,31.622776601683793,20000,2000,2000,20000,603
method_b,css,uniform,X,5,0.008949457632250576,0.0,1.5707963267948966,1.0,31.622776601683793,20000,2000,2000,20000,1761
method_b,css,uniform,X,5,0.010227951579714943,0.0,1.5707963267948966,1.0,31.622776601683793,20000,2000,2000,12000,2056
method_b,css,uniform,X,5,0.011506445527179313,0.0,1.5707963267948966,1.0,31.622776601683793,20000,2000,2000,8000,2144
method_b,css,uniform,Z,3,0.019976467929130746,0.0,1.5707963267948966,1.0,100.0,20000,2000,2000,20000,0
method_b,css,uniform,Z,3,0.03995293585826149,0.0,1.5707963267948966,1.0,100.0,20000,2000,2000,20000,0
method_b,css,uniform,Z,3,0.059929403787392255,0.0,1.5707963267948966,1.0,100.0,20000,2000,2000,20000,0
method_b,css,uniform,Z,3,0.07990587171652298,0.0,1.5707963267948966,1.0,100.0,20000,2000,2000,20000,0
method_b,css,uniform,Z,3,0.09988233964565378,0.0,1.5707963267948966,1.0,100.0,20000,2000,2000,20000,0
method_b,css,uniform,Z,3,0.11985880757478451,0.0,1.5707963267948966,1.0,100.0,20000,2000,2000,20000,0
method_b,css,uniform,Z,3,0.13983527550391528,0.0,1.5707963267948966,1.0,100.0,20000,2000,2000,20000,0
method_b,css,uniform,Z,3,0.15981174343304597,0.0,1.5707963267948966,1.0,100.0,20000,2000,2000,20000,0
method_b,css,uniform,Z,3,0.17978821136217676,0.0,1.5707963267948966,1.0,100.0,20000,2000,2000,20000,0
method_b,css,uniform,Z,5,0.019976467929130746,0.0,1.5707963267948966,1.0,100.0,20000,2000,2000,20000,0
method_b,css,uniform,Z,5,0.03995293585826149,0.0,1.5707963267948966,1.0,100.0,20000,2000,2000,20000,0
method_b,css,uniform,Z,5,0.059929403787392255,0.0,1.5707963267948966,1.0,100.0,20000,2000,2000,20000,0
method_b,css,uniform,Z,5,0.07990587171652298,0.0,1.5707963267948966,1.0,100.0,20000,2000,2000,20000,0
method_b,css,uniform,Z,5,0.09988233964565378,0.0,1.5707963267948966,1.0,100.0,20000,2000,2000,20000,0
method_b,css,uniform,Z,5,0.11985880757478451,0.0,1.5707963267948966,1.0,100.0,20000,2000,2000,20000,0
method_b,css,uniform,Z,5,0.13983527550391528,0.0,1.5707963267948966,1.0,100.0,20000,2000,2000,20000,0
method_b,css,uniform,Z,5,0.15981174343304597,0.0,1.5707963267948966,1.0,100.0,20000,2000,2000,20000,0
method_b,css,uniform,Z,5,0.17978821136217676,0.0,1.5707963267948966,1.0,100.0,20000,2000,2000,20000,0
method_b,css,uniform,X,3,0.001278493947464368,0.0,1.5707963267948966,1.0,100.0,20000,2000,2000,20000,0
method_b,css,uniform,X,3,0.002556987894928736,0.0,1.5707963267948966,1.0,100.0,20000,2000,2000,20000,0
method_b,css,uniform,X,3,0.003835481842393104,0.0,1.5707963267948966,1.0,100.0,20000,2000,2000,20000,9
method_b,css,uniform,X,3,0.005113975789857472,0.0,1.5707963267948966,1.0,100.0,20000,2000,2000,20000,56
method_b,css,uniform,X,3,0.006392469737321841,0.0,1.5707963267948966,1.0,100.0,20000,2000,2000,20000,186
method_b,css,uniform,X,3,0.007670963684786208,0.0,1.5707963267948966,1.0,100.0,20000,2000,2000,20000,448
method_b,css,uniform,X,3,0.008949457632250576,0.0,1.5707963267948966,1.0,100.0,20000,2000,2000,20000,936
method_b,css,uniform,X,3,0.010227951579714943,0.0,1.5707963267948966,1.0,100.0,20000,2000,2000,20000,1577
method_b,css,uniform,X,3,0.011506445527179313,0.0,1.5707963267948966,1.0,100.0,20000,2000,2000,18000,2138
method_b,css,uniform,X,5,0.001278493947464368,0.0,1.5707963267948966,1.0,100.0,20000,2000,2000,20000,0
method_b,css,uniform,X,5,0.002556987894928736,0.0,1.5707963267948966,1.0,100.0,20000,2000,2000,20000,0
method_b,css,uniform,X,5,0.003835481842393104,0.0,1.5707963267948966,1.0,100.0,20000,2000,2000,20000,3
method_b,css,uniform,X,5,0.005113975789857472,0.0,1.5707963267948966,1.0,100.0,20000,2000,2000,20000,20
method_b,css,uniform,X,5,0.006392469737321841,0.0,1.5707963267948966,1.0,100.0,20000,2000,2000,20000,171
method_b,css,uniform,X,5,0.007670963684786208,0.0,1.5707963267948966,1.0,100.0,20000,2000,2000,20000,665
method_b,css,uniform,X,5,0.008949457632250576,0.0,1.5707963267948966,1.0,100.0,20000,2000,2000,20000,1829
method_b,css,uniform,X,5,0.010227951579714943,0.0,1.5707963267948966,1.0,100.0,20000,2000,2000,12000,2184
method_b,css,uniform,X,5,0.011506445527179313,0.0,1.5707963267948966,1.0,100.0,20000,2000,2000,8000,2212
