scheme,code,decoder,basis,distance,p,theta,phi,eta_g,eta_t,shots_max,batch,max_fail,shots,errors
method_a,css,uniform,Z,3,0.0015832130129423505,0.0,0.0,1.0,20.0,20000,2000,2000,20000,1
method_a,css,uniform,Z,3,0.0019350381269295396,0.0,0.0,1.0,20.0,20000,2000,2000,20000,4
method_a,css,uniform,Z,3,0.0022868632409167285,0.0,0.0,1.0,20.0,20000,2000,2000,20000,12
method_a,css,uniform,Z,3,0.002638688354903917,0.0,0.0,1.0,20.0,20000,2000,2000,20000,27
method_a,css,uniform,Z,3,0.0029905134688911063,0.0,0.0,1.0,20.0,20000,2000,2000,20000,61
method_a,css,uniform,Z,3,0.003342338582878296,0.0,0.0,1.0,20.0,20000,2000,2000,20000,107
method_a,css,uniform,Z,3,0.003694163696865484,0.0,0.0,1.0,20.0,20000,2000,2000,20000,177
method_a,css,uniform,Z,3,0.0040459888108526736,0.0,0.0,1.0,20.0,20000,2000,2000,20000,255
method_a,css,uniform,Z,3,0.004397813924839862,0.0,0.0,1.0,20.0,20000,2000,2000,20000,409
method_a,css,uniform,Z,3,0.004749639038827052,0.0,0.0,1.0,20.0,20000,2000,2000,20000,571
method_a,css,uniform,Z,5,0.0015832130129423505,0.0,0.0,1.0,20.0,20000,2000,2000,20000,0
method_a,css,uniform,Z,5,0.0019350381269295396,0.0,0.0,1.0,20.0,20000,2000,2000,20000,2
method_a,css,uniform,Z,5,0.0022868632409167285,0.0,0.0,1.0,20.0,20000,2000,2000,20000,0
method_a,css,uniform,Z,5,0.002638688354903917,0.0,0.0,1.0,20.0,20000,2000,2000,20000,3
method_a,css,uniform,Z,5,0.0029905134688911063,0.0,0.0,1.0,20.0,20000,2000,2000,20000,15
method_a,css,uniform,Z,5,0.003342338582878296,0.0,0.0,1.0,20.0,20000,2000,2000,20000,61
method_a,css,uniform,Z,5,0.003694163696865484,0.0,0.0,1.0,20.0,20000,2000,2000,20000,137
method_a,css,uniform,Z,5,0.0040459888108526736,0.0,0.0,1.0,20.0,20000,2000,2000,20000,254
method_a,css,uniform,Z,5,0.004397813924839862,0.0,0.0,1.0,20.0,20000,2000,2000,20000,517
method_a,css,uniform,Z,5,0.004749639038827052,0.0,0.0,1.0,20.0,20000,2000,2000,20000,917
method_a,css,uniform,X,3,0.0015832130129423505,0.0,0.0,1.0,20.0,20000,2000,2000,20000,5
method_a,css,uniform,X,3,0.0019350381269295396,0.0,0.0,1.0,20.0,20000,2000,2000,20000,5
method_a,css,uniform,X,3,0.0022868632409167285,0.0,0.0,1.0,20.0,20000,2000,2000,20000,30
method_a,css,uniform,X,3,0.002638688354903917,0.0,0.0,1.0,20.0,20000,2000,2000,20000,57
method_a,css,uniform,X,3,0.0029905134688911063,0.0,0.0,1.0,20.0,20000,2000,2000,20000,114
method_a,css,uniform,X,3,0.003342338582878296,0.0,0.0,1.0,20.0,20000,2000,2000,20000,219
method_a,css,uniform,X,3,0.003694163696865484,0.0,0.0,1.0,20.0,20000,2000,2000,20000,326
method_a,css,uniform,X,3,0.0040459888108526736,0.0,0.0,1.0,20.0,20000,2000,2000,20000,515
method_a,css,uniform,X,3,0.004397813924839862,0.0,0.0,1.0,20.0,20000,2000,2000,20000,813
method_a,css,uniform,X,3,0.004749639038827052,0.0,0.0,1.0,20.0,20000,2000,2000,20000,1064
method_a,css,uniform,X,5,0.0015832130129423505,0.0,0.0,1.0,20.0,20000,2000,2000,20000,0
method_a,css,uniform,X,5,0.0019350381269295396,0.0,0.0,1.0,20.0,20000,2000,2000,20000,3
method_a,css,uniform,X,5,0.0022868632409167285,0.0,0.0,1.0,20.0,20000,2000,2000,20000,9
method_a,css,uniform,X,5,0.002638688354903917,0.0,0.0,1.0,20.0,20000,2000,2000,20000,25
method_a,css,uniform,X,5,0.0029905134688911063,0.0,0.0,1.0,20.0,20000,2000,2000,20000,102
method_a,css,uniform,X,5,0.003342338582878296,0.0,0.0,1.0,20.0,20000,2000,2000,20000,212
method_a,css,uniform,X,5,0.003694163696865484,0.0,0.0,1.0,20.0,20000,2000,2000,20000,488
method_a,css,uniform,X,5,0.0040459888108526736,0.0,0.0,1.0,20.0,20000,2000,2000,20000,945
method_a,css,uniform,X,5,0.004397813924839862,0.0,0.0,1.0,20.0,20000,2000,2000,20000,1660
method_a,css,uniform,X,5,0.004749639038827052,0.0,0.0,1.0,20.0,20000,2000,2000,18000,2230
method_a,css,uniform,Z,3,0.0013520489651133972,0.3574887893945606,0.0,1.0,20.0,20000,2000,2000,20000,2
method_a,css,uniform,Z,3,0.0016525042906941523,0.3574887893945606,0.0,1.0,20.0,20000,2000,2000,20000,4
method_a,css,uniform,Z,3,0.001952959616274907,0.3574887893945606,0.0,1.0,20.0,20000,2000,2000,20000,17
method_a,css,uniform,Z,3,0.0022534149418556616,0.3574887893945606,0.0,1.0,20.0,20000,2000,2000,20000,41
method_a,css,uniform,Z,3,0.002553870267436417,0.3574887893945606,0.0,1.0,20.0,20000,2000,2000,20000,53
method_a,css,uniform,Z,3,0.002854325593017172,0.3574887893945606,0.0,1.0,20.0,20000,2000,2000,20000,115
method_a,css,uniform,Z,3,0.0031547809185979263,0.3574887893945606,0.0,1.0,20.0,20000,2000,2000,20000,177
method_a,css,uniform,Z,3,0.0034552362441786816,0.3574887893945606,0.0,1.0,20.0,20000,2000,2000,20000,271
method_a,css,uniform,Z,3,0.0037556915697594365,0.3574887893945606,0.0,1.0,20.0,20000,2000,2000,20000,424
method_a,css,uniform,Z,3,0.004056146895340192,0.3574887893945606,0.0,1.0,20.0,20000,2000,2000,20000,642
method_a,css,uniform,Z,5,0.0013520489651133972,0.3574887893945606,0.0,1.0,20.0,20000,2000,2000,20000,0
method_a,css,uniform,Z,5,0.0016525042906941523,0.3574887893945606,0.0,1.0,20.0,20000,2000,2000,20000,0
method_a,css,uniform,Z,5,0.001952959616274907,0.3574887893945606,0.0,1.0,20.0,20000,2000,2000,20000,2
method_a,css,uniform,Z,5,0.0022534149418556616,0.3574887893945606,0.0,1.0,20.0,20000,2000,2000,20000,3
method_a,css,uniform,Z,5,0.002553870267436417,0.3574887893945606,0.0,1.0,20.0,20000,2000,2000,20000,27
method_a,css,uniform,Z,5,0.002854325593017172,0.3574887893945606,0.0,1.0,20.0,20000,2000,2000,20000,66
method_a,css,uniform,Z,5,0.0031547809185979263,0.3574887893945606,0.0,1.0,20.0,20000,2000,2000,20000,157
method_a,css,uniform,Z,5,0.0034552362441786816,0.3574887893945606,0.0,1.0,20.0,20000,2000,2000,20000,337
method_a,css,uniform,Z,5,0.0037556915697594365,0.3574887893945606,0.0,1.0,20.0,20000,2000,2000,20000,618
method_a,css,uniform,Z,5,0.004056146895340192,0.3574887893945606,0.0,1.0,20.0,20000,2000,2000,20000,1077
method_a,css,uniform,X,3,0.0013520489651133972,0.3574887893945606,0.0,1.0,20.0,20000,2000,2000,20000,3
method_a,css,uniform,X,3,0.0016525042906941523,0.3574887893945606,0.0,1.0,20.0,20000,2000,2000,20000,8
method_a,css,uniform,X,3,0.001952959616274907,0.3574887893945606,0.0,1.0,20.0,20000,2000,2000,20000,24
method_a,css,uniform,X,3,0.0022534149418556616,0.3574887893945606,0.0,1.0,20.0,20000,2000,2000,20000,45
method_a,css,uniform,X,3,0.002553870267436417,0.3574887893945606,0.0,1.0,20.0,20000,2000,2000,20000,107
method_a,css,uniform,X,3,0.002854325593017172,0.3574887893945606,0.0,1.0,20.0,20000,2000,2000,20000,172
method_a,css,uniform,X,3,0.0031547809185979263,0.3574887893945606,0.0,1.0,20.0,20000,2000,2000,20000,309
method_a,css,uniform,X,3,0.0034552362441786816,0.3574887893945606,0.0,1.0,20.0,20000,2000,2000,20000,459
method_a,css,uniform,X,3,0.0037556915697594365,0.3574887893945606,0.0,1.0,20.0,20000,2000,2000,20000,687
method_a,css,uniform,X,3,0.004056146895340192,0.3574887893945606,0.0,1.0,20.0,20000,2000,2000,20000,899
method_a,css,uniform,X,5,0.0013520489651133972,0.3574887893945606,0.0,1.0,20.0,20000,2000,2000,20000,0
method_a,css,uniform,X,5,0.0016525042906941523,0.3574887893945606,0.0,1.0,20.0,20000,2000,2000,20000,0
method_a,css,uniform,X,5,0.001952959616274907,0.3574887893945606,0.0,1.0,20.0,20000,2000,2000,20000,7
method_a,css,uniform,X,5,0.0022534149418556616,0.3574887893945606,0.0,1.0,20.0,20000,2000,2000,20000,21
method_a,css,uniform,X,5,0.002553870267436417,0.3574887893945606,0.0,1.0,20.0,20000,2000,2000,20000,78
method_a,css,uniform,X,5,0.002854325593017172,0.3574887893945606,0.0,1.0,20.0,20000,2000,2000,20000,176
method_a,css,uniform,X,5,0.0031547809185979263,0.3574887893945606,0.0,1.0,20.0,20000,2000,2000,20000,431
method_a,css,uniform,X,5,0.0034552362441786816,0.3574887893945606,0.0,1.0,20.0,20000,2000,2000,20000,764
method_a,css,uniform,X,5,0.0037556915697594365,0.3574887893945606,0.0,1.0,20.0,20000,2000,2000,20000,1236
method_a,css,uniform,X,5,0.004056146895340192,0.3574887893945606,0.0,1.0,20.0,20000,2000,2000,20000,1989
method_a,css,uniform,Z,3,0.0013407856050416278,0.7834457699213679,0.0,1.0,20.0,20000,2000,2000,20000,4
method_a,css,uniform,Z,3,0.0016387379617175454,0.7834457699213679,0.0,1.0,20.0,20000,2000,2000,20000,8
method_a,css,uniform,Z,3,0.0019366903183934624,0.7834457699213679,0.0,1.0,20.0,20000,2000,2000,20000,9
method_a,css,uniform,Z,3,0.0022346426750693795,0.7834457699213679,0.0,1.0,20.0,20000,2000,2000,20000,39
method_a,css,uniform,Z,3,0.002532595031745297,0.7834457699213679,0.0,1.0,20.0,20000,2000,2000,20000,69
method_a,css,uniform,Z,3,0.0028305473884212146,0.7834457699213679,0.0,1.0,20.0,20000,2000,2000,20000,111
method_a,css,uniform,Z,3,0.0031284997450971314,0.7834457699213679,0.0,1.0,20.0,20000,2000,2000,20000,169
method_a,css,uniform,Z,3,0.0034264521017730487,0.7834457699213679,0.0,1.0,20.0,20000,2000,2000,20000,305
method_a,css,uniform,Z,3,0.003724404458448966,0.7834457699213679,0.0,1.0,20.0,20000,2000,2000,20000,446
method_a,css,uniform,Z,3,0.004022356815124884,0.7834457699213679,0.0,1.0,20.0,20000,2000,2000,20000,660
method_a,css,uniform,Z,5,0.0013407856050416278,0.7834457699213679,0.0,1.0,20.0,20000,2000,2000,20000,0
method_a,css,uniform,Z,5,0.0016387379617175454,0.7834457699213679,0.0,1.0,20.0,20000,2000,2000,20000,0
method_a,css,uniform,Z,5,0.0019366903183934624,0.7834457699213679,0.0,1.0,20.0,20000,2000,2000,20000,4
method_a,css,uniform,Z,5,0.0022346426750693795,0.7834457699213679,0.0,1.0,20.0,20000,2000,2000,20000,12
method_a,css,uniform,Z,5,0.002532595031745297,0.7834457699213679,0.0,1.0,20.0,20000,2000,2000,20000,47
method_a,css,uniform,Z,5,0.0028305473884212146,0.7834457699213679,0.0,1.0,20.0,20000,2000,2000,20000,91
method_a,css,uniform,Z,5,0.0031284997450971314,0.7834457699213679,0.0,1.0,20.0,20000,2000,2000,20000,201
method_a,css,uniform,Z,5,0.0034264521017730487,0.7834457699213679,0.0,1.0,20.0,20000,2000,2000,20000,411
method_a,css,uniform,Z,5,0.003724404458448966,0.7834457699213679,0.0,1.0,20.0,20000,2000,2000,20000,732
method_a,css,uniform,Z,5,0.004022356815124884,0.7834457699213679,0.0,1.0,20.0,20000,2000,2000,20000,1093
method_a,css,uniform,X,3,0.0013407856050416278,0.7834457699213679,0.0,1.0,20.0,20000,2000,2000,20000,3
method_a,css,uniform,X,3,0.0016387379617175454,0.7834457699213679,0.0,1.0,20.0,20000,2000,2000,20000,7
method_a,css,uniform,X,3,0.0019366903183934624,0.7834457699213679,0.0,1.0,20.0,20000,2000,2000,20000,13
method_a,css,uniform,X,3,0.0022346426750693795,0.7834457699213679,0.0,1.0,20.0,20000,2000,2000,20000,36
method_a,css,uniform,X,3,0.002532595031745297,0.7834457699213679,0.0,1.0,20.0,20000,2000,2000,20000,92
method_a,css,uniform,X,3,0.0028305473884212146,0.7834457699213679,0.0,1.0,20.0,20000,2000,2000,20000,137
method_a,css,uniform,X,3,0.0031284997450971314,0.7834457699213679,0.0,1.0,20.0,20000,2000,2000,20000,217
method_a,css,uniform,X,3,0.0034264521017730487,0.7834457699213679,0.0,1.0,20.0,20000,2000,2000,20000,334
method_a,css,uniform,X,3,0.003724404458448966,0.7834457699213679,0.0,1.0,20.0,20000,2000,2000,20000,519
method_a,css,uniform,X,3,0.004022356815124884,0.7834457699213679,0.0,1.0,20.0,20000,2000,2000,20000,714
method_a,css,uniform,X,5,0.0013407856050416278,0.7834457699213679,0.0,1.0,20.0,20000,2000,2000,20000,0
method_a,css,uniform,X,5,0.0016387379617175454,0.7834457699213679,0.0,1.0,20.0,20000,2000,2000,20000,2
method_a,css,uniform,X,5,0.0019366903183934624,0.7834457699213679,0.0,1.0,20.0,20000,2000,2000,20000,2
method_a,css,uniform,X,5,0.0022346426750693795,0.7834457699213679,0.0,1.0,20.0,20000,2000,2000,20000,17
method_a,css,uniform,X,5,0.002532595031745297,0.7834457699213679,0.0,1.0,20.0,20000,2000,2000,20000,53
method_a,css,uniform,X,5,0.0028305473884212146,0.7834457699213679,0.0,1.0,20.0,20000,2000,2000,20000,95
method_a,css,uniform,X,5,0.0031284997450971314,0.7834457699213679,0.0,1.0,20.0,20000,2000,2000,20000,313
method_a,css,uniform,X,5,0.0034264521017730487,0.7834457699213679,0.0,1.0,20.0,20000,2000,2000,20000,557
method_a,css,uniform,X,5,0.003724404458448966,0.7834457699213679,0.0,1.0,20.0,20000,2000,2000,20000,1024
method_a,css,uniform,X,5,0.004022356815124884,0.7834457699213679,0.0,1.0,20.0,20000,2000,2000,20000,1625
method_a,css,uniform,Z,3,0.0015542111659031092,1.1511208986284527,0.0,1.0,20.0,20000,2000,2000,20000,3
method_a,css,uniform,Z,3,0.0018995914249926892,1.1511208986284527,0.0,1.0,20.0,20000,2000,2000,20000,4
method_a,css,uniform,Z,3,0.002244971684082269,1.1511208986284527,0.0,1.0,20.0,20000,2000,2000,20000,19
method_a,css,uniform,Z,3,0.002590351943171848,1.1511208986284527,0.0,1.0,20.0,20000,2000,2000,20000,32
method_a,css,uniform,Z,3,0.0029357322022614285,1.1511208986284527,0.0,1.0,20.0,20000,2000,2000,20000,66
method_a,css,uniform,Z,3,0.0032811124613510083,1.1511208986284527,0.0,1.0,20.0,20000,2000,2000,20000,127
method_a,css,uniform,Z,3,0.0036264927204405877,1.1511208986284527,0.0,1.0,20.0,20000,2000,2000,20000,211
method_a,css,uniform,Z,3,0.0039718729795301675,1.1511208986284527,0.0,1.0,20.0,20000,2000,2000,20000,293
method_a,css,uniform,Z,3,0.004317253238619747,1.1511208986284527,0.0,1.0,20.0,20000,2000,2000,20000,429
method_a,css,uniform,Z,3,0.004662633497709328,1.1511208986284527,0.0,1.0,20.0,20000,2000,2000,20000,576
method_a,css,uniform,Z,5,0.0015542111659031092,1.1511208986284527,0.0,1.0,20.0,20000,2000,2000,20000,0
method_a,css,uniform,Z,5,0.0018995914249926892,1.1511208986284527,0.0,1.0,20.0,20000,2000,2000,20000,0
method_a,css,uniform,Z,5,0.002244971684082269,1.1511208986284527,0.0,1.0,20.0,20000,2000,2000,20000,7
method_a,css,uniform,Z,5,0.002590351943171848,1.1511208986284527,0.0,1.0,20.0,20000,2000,2000,20000,16
method_a,css,uniform,Z,5,0.0029357322022614285,1.1511208986284527,0.0,1.0,20.0,20000,2000,2000,20000,46
method_a,css,uniform,Z,5,0.0032811124613510083,1.1511208986284527,0.0,1.0,20.0,20000,2000,2000,20000,94
method_a,css,uniform,Z,5,0.0036264927204405877,1.1511208986284527,0.0,1.0,20.0,20000,2000,2000,20000,211
method_a,css,uniform,Z,5,0.0039718729795301675,1.1511208986284527,0.0,1.0,20.0,20000,2000,2000,20000,384
method_a,css,uniform,Z,5,0.004317253238619747,1.1511208986284527,0.0,1.0,20.0,20000,2000,2000,20000,719
method_a,css,uniform,Z,5,0.004662633497709328,1.1511208986284527,0.0,1.0,20.0,20000,2000,2000,20000,1155
method_a,css,uniform,X,3,0.0015542111659031092,1.1511208986284527,0.0,1.0,20.0,20000,2000,2000,20000,1
method_a,css,uniform,X,3,0.0018995914249926892,1.1511208986284527,0.0,1.0,20.0,20000,2000,2000,20000,5
method_a,css,uniform,X,3,0.002244971684082269,1.1511208986284527,0.0,1.0,20.0,20000,2000,2000,20000,11
method_a,css,uniform,X,3,0.002590351943171848,1.1511208986284527,0.0,1.0,20.0,20000,2000,2000,20000,25
method_a,css,uniform,X,3,0.0029357322022614285,1.1511208986284527,0.0,1.0,20.0,20000,2000,2000,20000,83
method_a,css,uniform,X,3,0.0032811124613510083,1.1511208986284527,0.0,1.0,20.0,20000,2000,2000,20000,94
method_a,css,uniform,X,3,0.0036264927204405877,1.1511208986284527,0.0,1.0,20.0,20000,2000,2000,20000,168
method_a,css,uniform,X,3,0.0039718729795301675,1.1511208986284527,0.0,1.0,20.0,20000,2000,2000,20000,292
method_a,css,uniform,X,3,0.004317253238619747,1.1511208986284527,0.0,1.0,20.0,20000,2000,2000,20000,396
method_a,css,uniform,X,3,0.004662633497709328,1.1511208986284527,0.0,1.0,20.0,20000,2000,2000,20000,580
method_a,css,uniform,X,5,0.0015542111659031092,1.1511208986284527,0.0,1.0,20.0,20000,2000,2000,20000,0
method_a,css,uniform,X,5,0.0018995914249926892,1.1511208986284527,0.0,1.0,20.0,20000,2000,2000,20000,0
method_a,css,uniform,X,5,0.002244971684082269,1.1511208986284527,0.0,1.0,20.0,20000,2000,2000,20000,1
method_a,css,uniform,X,5,0.002590351943171848,1.1511208986284527,0.0,1.0,20.0,20000,2000,2000,20000,7
method_a,css,uniform,X,5,0.0029357322022614285,1.1511208986284527,0.0,1.0,20.0,20000,2000,2000,20000,28
method_a,css,uniform,X,5,0.0032811124613510083,1.1511208986284527,0.0,1.0,20.0,20000,2000,2000,20000,100
method_a,css,uniform,X,5,0.0036264927204405877,1.1511208986284527,0.0,1.0,20.0,20000,2000,2000,20000,213
method_a,css,uniform,X,5,0.0039718729795301675,1.1511208986284527,0.0,1.0,20.0,20000,2000,2000,20000,429
method_a,css,uniform,X,5,0.004317253238619747,1.1511208986284527,0.0,1.0,20.0,20000,2000,2000,20000,739
method_a,css,uniform,X,5,0.004662633497709328,1.1511208986284527,0.0,1.0,20.0,20000,2000,2000,20000,1282
method_a,css,uniform,Z,3,0.001918758800020832,1.4050132683520973,0.0,1.0,20.0,20000,2000,2000,20000,1
method_a,css,uniform,Z,3,0.0023451496444699058,1.4050132683520973,0.0,1.0,20.0,20000,2000,2000,20000,6
method_a,css,uniform,Z,3,0.0027715404889189794,1.4050132683520973,0.0,1.0,20.0,20000,2000,2000,20000,23
method_a,css,uniform,Z,3,0.003197931333368053,1.4050132683520973,0.0,1.0,20.0,20000,2000,2000,20000,29
method_a,css,uniform,Z,3,0.003624322177817127,1.4050132683520973,0.0,1.0,20.0,20000,2000,2000,20000,69
method_a,css,uniform,Z,3,0.004050713022266201,1.4050132683520973,0.0,1.0,20.0,20000,2000,2000,20000,127
method_a,css,uniform,Z,3,0.004477103866715274,1.4050132683520973,0.0,1.0,20.0,20000,2000,2000,20000,189
method_a,css,uniform,Z,3,0.0049034947111643475,1.4050132683520973,0.0,1.0,20.0,20000,2000,2000,20000,295
method_a,css,uniform,Z,3,0.005329885555613422,1.4050132683520973,0.0,1.0,20.0,20000,2000,2000,20000,411
method_a,css,uniform,Z,3,0.0057562764000624956,1.4050132683520973,0.0,1.0,20.0,20000,2000,2000,20000,650
method_a,css,uniform,Z,5,0.001918758800020832,1.4050132683520973,0.0,1.0,20.0,20000,2000,2000,20000,0
method_a,css,uniform,Z,5,0.0023451496444699058,1.4050132683520973,0.0,1.0,20.0,20000,2000,2000,20000,0
method_a,css,uniform,Z,5,0.0027715404889189794,1.4050132683520973,0.0,1.0,20.0,20000,2000,2000,20000,2
method_a,css,uniform,Z,5,0.003197931333368053,1.4050132683520973,0.0,1.0,20.0,20000,2000,2000,20000,15
method_a,css,uniform,Z,5,0.003624322177817127,1.4050132683520973,0.0,1.0,20.0,20000,2000,2000,20000,36
method_a,css,uniform,Z,5,0.004050713022266201,1.4050132683520973,0.0,1.0,20.0,20000,2000,2000,20000,97
method_a,css,uniform,Z,5,0.004477103866715274,1.4050132683520973,0.0,1.0,20.0,20000,2000,2000,20000,202
method_a,css,uniform,Z,5,0.0049034947111643475,1.4050132683520973,0.0,1.0,20.0,20000,2000,2000,20000,384
method_a,css,uniform,Z,5,0.005329885555613422,1.4050132683520973,0.0,1.0,20.0,20000,2000,2000,20000,728
method_a,css,uniform,Z,5,0.0057562764000624956,1.4050132683520973,0.0,1.0,20.0,20000,2000,2000,20000,1161
method_a,css,uniform,X,3,0.001918758800020832,1.4050132683520973,0.0,1.0,20.0,20000,2000,2000,20000,1
method_a,css,uniform,X,3,0.0023451496444699058,1.4050132683520973,0.0,1.0,20.0,20000,2000,2000,20000,4
method_a,css,uniform,X,3,0.0027715404889189794,1.4050132683520973,0.0,1.0,20.0,20000,2000,2000,20000,10
method_a,css,uniform,X,3,0.003197931333368053,1.4050132683520973,0.0,1.0,20.0,20000,2000,2000,20000,19
method_a,css,uniform,X,3,0.003624322177817127,1.4050132683520973,0.0,1.0,20.0,20000,2000,2000,20000,46
method_a,css,uniform,X,3,0.004050713022266201,1.4050132683520973,0.0,1.0,20.0,20000,2000,2000,20000,77
method_a,css,uniform,X,3,0.004477103866715274,1.4050132683520973,0.0,1.0,20.0,20000,2000,2000,20000,134
method_a,css,uniform,X,3,0.0049034947111643475,1.4050132683520973,0.0,1.0,20.0,20000,2000,2000,20000,212
method_a,css,uniform,X,3,0.005329885555613422,1.4050132683520973,0.0,1.0,20.0,20000,2000,2000,20000,322
method_a,css,uniform,X,3,0.0057562764000624956,1.4050132683520973,0.0,1.0,20.0,20000,2000,2000,20000,447
method_a,css,uniform,X,5,0.001918758800020832,1.4050132683520973,0.0,1.0,20.0,20000,2000,2000,20000,0
method_a,css,uniform,X,5,0.0023451496444699058,1.4050132683520973,0.0,1.0,20.0,20000,2000,2000,20000,0
method_a,css,uniform,X,5,0.0027715404889189794,1.4050132683520973,0.0,1.0,20.0,20000,2000,2000,20000,2
method_a,css,uniform,X,5,0.003197931333368053,1.4050132683520973,0.0,1.0,20.0,20000,2000,2000,20000,5
method_a,css,uniform,X,5,0.003624322177817127,1.4050132683520973,0.0,1.0,20.0,20000,2000,2000,20000,28
method_a,css,uniform,X,5,0.004050713022266201,1.4050132683520973,0.0,1.0,20.0,20000,2000,2000,20000,62
method_a,css,uniform,X,5,0.004477103866715274,1.4050132683520973,0.0,1.0,20.0,20000,2000,2000,20000,133
method_a,css,uniform,X,5,0.0049034947111643475,1.4050132683520973,0.0,1.0,20.0,20000,2000,2000,20000,298
method_a,css,uniform,X,5,0.005329885555613422,1.4050132683520973,0.0,1.0,20.0,20000,2000,2000,20000,517
method_a,css,uniform,X,5,0.0057562764000624956,1.4050132683520973,0.0,1.0,20.0,20000,2000,2000,20000,901
method_a,css,uniform,Z,3,0.002365564412990119,1.5707963267948966,0.0,1.0,20.0,20000,2000,2000,20000,1
method_a,css,uniform,Z,3,0.00289124539365459,1.5707963267948966,0.0,1.0,20.0,20000,2000,2000,20000,9
method_a,css,uniform,Z,3,0.0034169263743190604,1.5707963267948966,0.0,1.0,20.0,20000,2000,2000,20000,13
method_a,css,uniform,Z,3,0.003942607354983531,1.5707963267948966,0.0,1.0,20.0,20000,2000,2000,20000,33
method_a,css,uniform,Z,3,0.004468288335648002,1.5707963267948966,0.0,1.0,20.0,20000,2000,2000,20000,60
method_a,css,uniform,Z,3,0.004993969316312473,1.5707963267948966,0.0,1.0,20.0,20000,2000,2000,20000,133
method_a,css,uniform,Z,3,0.005519650296976943,1.5707963267948966,0.0,1.0,20.0,20000,2000,2000,20000,199
method_a,css,uniform,Z,3,0.006045331277641414,1.5707963267948966,0.0,1.0,20.0,20000,2000,2000,20000,322
method_a,css,uniform,Z,3,0.006571012258305886,1.5707963267948966,0.0,1.0,20.0,20000,2000,2000,20000,438
method_a,css,uniform,Z,3,0.007096693238970357,1.5707963267948966,0.0,1.0,20.0,20000,2000,2000,20000,554
method_a,css,uniform,Z,5,0.002365564412990119,1.5707963267948966,0.0,1.0,20.0,20000,2000,2000,20000,0
method_a,css,uniform,Z,5,0.00289124539365459,1.5707963267948966,0.0,1.0,20.0,20000,2000,2000,20000,0
method_a,css,uniform,Z,5,0.0034169263743190604,1.5707963267948966,0.0,1.0,20.0,20000,2000,2000,20000,5
method_a,css,uniform,Z,5,0.003942607354983531,1.5707963267948966,0.0,1.0,20.0,20000,2000,2000,20000,12
method_a,css,uniform,Z,5,0.004468288335648002,1.5707963267948966,0.0,1.0,20.0,20000,2000,2000,20000,33
method_a,css,uniform,Z,5,0.004993969316312473,1.5707963267948966,0.0,1.0,20.0,20000,2000,2000,20000,80
method_a,css,uniform,Z,5,0.005519650296976943,1.5707963267948966,0.0,1.0,20.0,20000,2000,2000,20000,244
method_a,css,uniform,Z,5,0.006045331277641414,1.5707963267948966,0.0,1.0,20.0,20000,2000,2000,20000,368
method_a,css,uniform,Z,5,0.006571012258305886,1.5707963267948966,0.0,1.0,20.0,20000,2000,2000,20000,745
method_a,css,uniform,Z,5,0.007096693238970357,1.5707963267948966,0.0,1.0,20.0,20000,2000,2000,20000,1143
method_a,css,uniform,X,3,0.002365564412990119,1.5707963267948966,0.0,1.0,20.0,20000,2000,2000,20000,0
method_a,css,uniform,X,3,0.00289124539365459,1.5707963267948966,0.0,1.0,20.0,20000,2000,2000,20000,1
method_a,css,uniform,X,3,0.0034169263743190604,1.5707963267948966,0.0,1.0,20.0,20000,2000,2000,20000,4
method_a,css,uniform,X,3,0.003942607354983531,1.5707963267948966,0.0,1.0,20.0,20000,2000,2000,20000,19
method_a,css,uniform,X,3,0.004468288335648002,1.5707963267948966,0.0,1.0,20.0,20000,2000,2000,20000,32
method_a,css,uniform,X,3,0.004993969316312473,1.5707963267948966,0.0,1.0,20.0,20000,2000,2000,20000,65
method_a,css,uniform,X,3,0.005519650296976943,1.5707963267948966,0.0,1.0,20.0,20000,2000,2000,20000,106
method_a,css,uniform,X,3,0.006045331277641414,1.5707963267948966,0.0,1.0,20.0,20000,2000,2000,20000,142
method_a,css,uniform,X,3,0.006571012258305886,1.5707963267948966,0.0,1.0,20.0,20000,2000,2000,20000,261
method_a,css,uniform,X,3,0.007096693238970357,1.5707963267948966,0.0,1.0,20.0,20000,2000,2000,20000,356
method_a,css,uniform,X,5,0.002365564412990119,1.5707963267948966,0.0,1.0,20.0,20000,2000,2000,20000,0
method_a,css,uniform,X,5,0.00289124539365459,1.5707963267948966,0.0,1.0,20.0,20000,2000,2000,20000,0
method_a,css,uniform,X,5,0.0034169263743190604,1.5707963267948966,0.0,1.0,20.0,20000,2000,2000,20000,1
method_a,css,uniform,X,5,0.003942607354983531,1.5707963267948966,0.0,1.0,20.0,20000,2000,2000,20000,4
method_a,css,uniform,X,5,0.004468288335648002,1.5707963267948966,0.0,1.0,20.0,20000,2000,2000,20000,15
method_a,css,uniform,X,5,0.004993969316312473,1.5707963267948966,0.0,1.0,20.0,20000,2000,2000,20000,55
method_a,css,uniform,X,5,0.005519650296976943,1.5707963267948966,0.0,1.0,20.0,20000,2000,2000,20000,118
method_a,css,uniform,X,5,0.006045331277641414,1.5707963267948966,0.0,1.0,20.0,20000,2000,2000,20000,215
method_a,css,uniform,X,5,0.006571012258305886,1.5707963267948966,0.0,1.0,20.0,20000,2000,2000,20000,417
method_a,css,uniform,X,5,0.007096693238970357,1.5707963267948966,0.0,1.0,20.0,20000,2000,2000,20000,671
method_a,css,uniform,Z,3,0.003589755288978879,0.0,0.4905519829154919,1.0,20.0,20000,2000,2000,20000,82
method_a,css,uniform,Z,3,0.004387478686529741,0.0,0.4905519829154919,1.0,20.0,20000,2000,2000,20000,230
method_a,css,uniform,Z,3,0.0051852020840806035,0.0,0.4905519829154919,1.0,20.0,20000,2000,2000,20000,489
method_a,css,uniform,Z,3,0.005982925481631466,0.0,0.4905519829154919,1.0,20.0,20000,2000,2000,20000,981
method_a,css,uniform,Z,3,0.006780648879182328,0.0,0.4905519829154919,1.0,20.0,20000,2000,2000,20000,1640
method_a,css,uniform,Z,3,0.007578372276733189,0.0,0.4905519829154919,1.0,20.0,20000,2000,2000,18000,2146
method_a,css,uniform,Z,3,0.00837609567428405,0.0,0.4905519829154919,1.0,20.0,20000,2000,2000,12000,2033
method_a,css,uniform,Z,3,0.009173819071834913,0.0,0.4905519829154919,1.0,20.0,20000,2000,2000,10000,2212
method_a,css,uniform,Z,3,0.009971542469385775,0.0,0.4905519829154919,1.0,20.0,20000,2000,2000,8000,2112
method_a,css,uniform,Z,3,0.010769265866936639,0.0,0.4905519829154919,1.0,20.0,20000,2000,2000,8000,2388
method_a,css,uniform,Z,5,0.003589755288978879,0.0,0.4905519829154919,1.0,20.0,20000,2000,2000,20000,42
method_a,css,uniform,Z,5,0.004387478686529741,0.0,0.4905519829154919,1.0,20.0,20000,2000,2000,20000,236
method_a,css,uniform,Z,5,0.0051852020840806035,0.0,0.4905519829154919,1.0,20.0,20000,2000,2000,20000,793
method_a,css,uniform,Z,5,0.005982925481631466,0.0,0.4905519829154919,1.0,20.0,20000,2000,2000,20000,1978
method_a,css,uniform,Z,5,0.006780648879182328,0.0,0.4905519829154919,1.0,20.0,20000,2000,2000,12000,2225
method_a,css,uniform,Z,5,0.007578372276733189,0.0,0.4905519829154919,1.0,20.0,20000,2000,2000,8000,2297
method_a,css,uniform,Z,5,0.00837609567428405,0.0,0.4905519829154919,1.0,20.0,20000,2000,2000,6000,2152
method_a,css,uniform,Z,5,0.009173819071834913,0.0,0.4905519829154919,1.0,20.0,20000,2000,2000,6000,2529
method_a,css,uniform,Z,5,0.009971542469385775,0.0,0.4905519829154919,1.0,20.0,20000,2000,2000,6000,2789
method_a,css,uniform,X,3,0.0014359021155915517,0.0,0.4905519829154919,1.0,20.0,20000,2000,2000,20000,8
method_a,css,uniform,X,3,0.0017549914746118967,0.0,0.4905519829154919,1.0,20.0,20000,2000,2000,20000,13
method_a,css,uniform,X,3,0.002074080833632241,0.0,0.4905519829154919,1.0,20.0,20000,2000,2000,20000,27
method_a,css,uniform,X,3,0.002393170192652586,0.0,0.4905519829154919,1.0,20.0,20000,2000,2000,20000,81
method_a,css,uniform,X,3,0.002712259551672931,0.0,0.4905519829154919,1.0,20.0,20000,2000,2000,20000,131
method_a,css,uniform,X,3,0.0030313489106932757,0.0,0.4905519829154919,1.0,20.0,20000,2000,2000,20000,234
method_a,css,uniform,X,3,0.00335043826971362,0.0,0.4905519829154919,1.0,20.0,20000,2000,2000,20000,354
method_a,css,uniform,X,3,0.003669527628733965,0.0,0.4905519829154919,1.0,20.0,20000,2000,2000,20000,570
method_a,css,uniform,X,3,0.00398861698775431,0.0,0.4905519829154919,1.0,20.0,20000,2000,2000,20000,836
method_a,css,uniform,X,3,0.0043077063467746556,0.0,0.4905519829154919,1.0,20.0,20000,2000,2000,20000,1121
method_a,css,uniform,X,5,0.0014359021155915517,0.0,0.4905519829154919,1.0,20.0,20000,2000,2000,20000,0
method_a,css,uniform,X,5,0.0017549914746118967,0.0,0.4905519829154919,1.0,20.0,20000,2000,2000,20000,0
method_a,css,uniform,X,5,0.002074080833632241,0.0,0.4905519829154919,1.0,20.0,20000,2000,2000,20000,9
method_a,css,uniform,X,5,0.002393170192652586,0.0,0.4905519829154919,1.0,20.0,20000,2000,2000,20000,28
method_a,css,uniform,X,5,0.002712259551672931,0.0,0.4905519829154919,1.0,20.0,20000,2000,2000,20000,97
method_a,css,uniform,X,5,0.0030313489106932757,0.0,0.4905519829154919,1.0,20.0,20000,2000,2000,20000,235
method_a,css,uniform,X,5,0.00335043826971362,0.0,0.4905519829154919,1.0,20.0,20000,2000,2000,20000,510
method_a,css,uniform,X,5,0.003669527628733965,0.0,0.4905519829154919,1.0,20.0,20000,2000,2000,20000,928
method_a,css,uniform,X,5,0.00398861698775431,0.0,0.4905519829154919,1.0,20.0,20000,2000,2000,20000,1615
method_a,css,uniform,X,5,0.0043077063467746556,0.0,0.4905519829154919,1.0,20.0,20000,2000,2000,18000,2171
method_a,css,uniform,Z,3,0.0031462407338188007,0.385405650805881,0.6188204907530094,1.0,20.0,20000,2000,2000,20000,88
method_a,css,uniform,Z,3,0.00384540534133409,0.385405650805881,0.6188204907530094,1.0,20.0,20000,2000,2000,20000,249
method_a,css,uniform,Z,3,0.0045445699488493784,0.385405650805881,0.6188204907530094,1.0,20.0,20000,2000,2000,20000,570
method_a,css,uniform,Z,3,0.005243734556364667,0.385405650805881,0.6188204907530094,1.0,20.0,20000,2000,2000,20000,973
method_a,css,uniform,Z,3,0.005942899163879956,0.385405650805881,0.6188204907530094,1.0,20.0,20000,2000,2000,20000,1606
method_a,css,uniform,Z,3,0.0066420637713952456,0.385405650805881,0.6188204907530094,1.0,20.0,20000,2000,2000,18000,2199
method_a,css,uniform,Z,3,0.007341228378910533,0.385405650805881,0.6188204907530094,1.0,20.0,20000,2000,2000,14000,2239
method_a,css,uniform,Z,3,0.008040392986425823,0.385405650805881,0.6188204907530094,1.0,20.0,20000,2000,2000,10000,2069
method_a,css,uniform,Z,3,0.008739557593941112,0.385405650805881,0.6188204907530094,1.0,20.0,20000,2000,2000,8000,2069
method_a,css,uniform,Z,3,0.0094387222014564,0.385405650805881,0.6188204907530094,1.0,20.0,20000,2000,2000,8000,2409
method_a,css,uniform,Z,5,0.0031462407338188007,0.385405650805881,0.6188204907530094,1.0,20.0,20000,2000,2000,20000,54
method_a,css,uniform,Z,5,0.00384540534133409,0.385405650805881,0.6188204907530094,1.0,20.0,20000,2000,2000,20000,261
method_a,css,uniform,Z,5,0.0045445699488493784,0.385405650805881,0.6188204907530094,1.0,20.0,20000,2000,2000,20000,956
method_a,css,uniform,Z,5,0.005243734556364667,0.385405650805881,0.6188204907530094,1.0,20.0,20000,2000,2000,20000,2209
method_a,css,uniform,Z,5,0.005942899163879956,0.385405650805881,0.6188204907530094,1.0,20.0,20000,2000,2000,12000,2323
method_a,css,uniform,Z,5,0.0066420637713952456,0.385405650805881,0.6188204907530094,1.0,20.0,20000,2000,2000,8000,2278
method_a,css,uniform,Z,5,0.007341228378910533,0.385405650805881,0.6188204907530094,1.0,20.0,20000,2000,2000,6000,2086
method_a,css,uniform,Z,5,0.008040392986425823,0.385405650805881,0.6188204907530094,1.0,20.0,20000,2000,2000,6000,2487
method_a,css,uniform,Z,5,0.008739557593941112,0.385405650805881,0.6188204907530094,1.0,20.0,20000,2000,2000,6000,2697
method_a,css,uniform,Z,5,0.0094387222014564,0.385405650805881,0.6188204907530094,1.0,20.0,20000,2000,2000,6000,2889
method_a,css,uniform,X,3,0.0012584962935275202,0.385405650805881,0.6188204907530094,1.0,20.0,20000,2000,2000,20000,1
method_a,css,uniform,X,3,0.001538162136533636,0.385405650805881,0.6188204907530094,1.0,20.0,20000,2000,2000,20000,13
method_a,css,uniform,X,3,0.0018178279795397513,0.385405650805881,0.6188204907530094,1.0,20.0,20000,2000,2000,20000,28
method_a,css,uniform,X,3,0.0020974938225458667,0.385405650805881,0.6188204907530094,1.0,20.0,20000,2000,2000,20000,61
method_a,css,uniform,X,3,0.0023771596655519827,0.385405650805881,0.6188204907530094,1.0,20.0,20000,2000,2000,20000,107
method_a,css,uniform,X,3,0.0026568255085580982,0.385405650805881,0.6188204907530094,1.0,20.0,20000,2000,2000,20000,205
method_a,css,uniform,X,3,0.0029364913515642133,0.385405650805881,0.6188204907530094,1.0,20.0,20000,2000,2000,20000,308
method_a,css,uniform,X,3,0.0032161571945703293,0.385405650805881,0.6188204907530094,1.0,20.0,20000,2000,2000,20000,492
method_a,css,uniform,X,3,0.003495823037576445,0.385405650805881,0.6188204907530094,1.0,20.0,20000,2000,2000,20000,625
method_a,css,uniform,X,3,0.0037754888805825604,0.385405650805881,0.6188204907530094,1.0,20.0,20000,2000,2000,20000,953
method_a,css,uniform,X,5,0.0012584962935275202,0.385405650805881,0.6188204907530094,1.0,20.0,20000,2000,2000,20000,0
method_a,css,uniform,X,5,0.001538162136533636,0.385405650805881,0.6188204907530094,1.0,20.0,20000,2000,2000,20000,2
method_a,css,uniform,X,5,0.0018178279795397513,0.385405650805881,0.6188204907530094,1.0,20.0,20000,2000,2000,20000,6
method_a,css,uniform,X,5,0.0020974938225458667,0.385405650805881,0.6188204907530094,1.0,20.0,20000,2000,2000,20000,27
method_a,css,uniform,X,5,0.0023771596655519827,0.385405650805881,0.6188204907530094,1.0,20.0,20000,2000,2000,20000,74
method_a,css,uniform,X,5,0.0026568255085580982,0.385405650805881,0.6188204907530094,1.0,20.0,20000,2000,2000,20000,182
method_a,css,uniform,X,5,0.0029364913515642133,0.385405650805881,0.6188204907530094,1.0,20.0,20000,2000,2000,20000,360
method_a,css,uniform,X,5,0.0032161571945703293,0.385405650805881,0.6188204907530094,1.0,20.0,20000,2000,2000,20000,761
method_a,css,uniform,X,5,0.003495823037576445,0.385405650805881,0.6188204907530094,1.0,20.0,20000,2000,2000,20000,1288
method_a,css,uniform,X,5,0.0037754888805825604,0.385405650805881,0.6188204907530094,1.0,20.0,20000,2000,2000,20000,2009
method_a,css,uniform,Z,3,0.0033109738286049824,0.7958546287848708,0.8183593049315174,1.0,20.0,20000,2000,2000,20000,90
method_a,css,uniform,Z,3,0.004046745790517201,0.7958546287848708,0.8183593049315174,1.0,20.0,20000,2000,2000,20000,263
method_a,css,uniform,Z,3,0.004782517752429418,0.7958546287848708,0.8183593049315174,1.0,20.0,20000,2000,2000,20000,556
method_a,css,uniform,Z,3,0.005518289714341637,0.7958546287848708,0.8183593049315174,1.0,20.0,20000,2000,2000,20000,973
method_a,css,uniform,Z,3,0.006254061676253855,0.7958546287848708,0.8183593049315174,1.0,20.0,20000,2000,2000,20000,1570
method_a,css,uniform,Z,3,0.006989833638166074,0.7958546287848708,0.8183593049315174,1.0,20.0,20000,2000,2000,18000,2042
method_a,css,uniform,Z,3,0.007725605600078291,0.7958546287848708,0.8183593049315174,1.0,20.0,20000,2000,2000,14000,2207
method_a,css,uniform,Z,3,0.008461377561990509,0.7958546287848708,0.8183593049315174,1.0,20.0,20000,2000,2000,12000,2359
method_a,css,uniform,Z,3,0.009197149523902728,0.7958546287848708,0.8183593049315174,1.0,20.0,20000,2000,2000,10000,2397
method_a,css,uniform,Z,3,0.009932921485814945,0.7958546287848708,0.8183593049315174,1.0,20.0,20000,2000,2000,8000,2257
method_a,css,uniform,Z,5,0.0033109738286049824,0.7958546287848708,0.8183593049315174,1.0,20.0,20000,2000,2000,20000,57
method_a,css,uniform,Z,5,0.004046745790517201,0.7958546287848708,0.8183593049315174,1.0,20.0,20000,2000,2000,20000,339
method_a,css,uniform,Z,5,0.004782517752429418,0.7958546287848708,0.8183593049315174,1.0,20.0,20000,2000,2000,20000,1008
method_a,css,uniform,Z,5,0.005518289714341637,0.7958546287848708,0.8183593049315174,1.0,20.0,20000,2000,2000,20000,2212
method_a,css,uniform,Z,5,0.006254061676253855,0.7958546287848708,0.8183593049315174,1.0,20.0,20000,2000,2000,12000,2330
method_a,css,uniform,Z,5,0.006989833638166074,0.7958546287848708,0.8183593049315174,1.0,20.0,20000,2000,2000,8000,2237
method_a,css,uniform,Z,5,0.007725605600078291,0.7958546287848708,0.8183593049315174,1.0,20.0,20000,2000,2000,6000,2107
method_a,css,uniform,Z,5,0.008461377561990509,0.7958546287848708,0.8183593049315174,1.0,20.0,20000,2000,2000,6000,2379
method_a,css,uniform,Z,5,0.009197149523902728,0.7958546287848708,0.8183593049315174,1.0,20.0,20000,2000,2000,6000,2679
method_a,css,uniform,Z,5,0.009932921485814945,0.7958546287848708,0.8183593049315174,1.0,20.0,20000,2000,2000,6000,2869
method_a,css,uniform,X,3,0.0013243895314419929,0.7958546287848708,0.8183593049315174,1.0,20.0,20000,2000,2000,20000,0
method_a,css,uniform,X,3,0.0016186983162068804,0.7958546287848708,0.8183593049315174,1.0,20.0,20000,2000,2000,20000,8
method_a,css,uniform,X,3,0.0019130071009717674,0.7958546287848708,0.8183593049315174,1.0,20.0,20000,2000,2000,20000,20
method_a,css,uniform,X,3,0.0022073158857366547,0.7958546287848708,0.8183593049315174,1.0,20.0,20000,2000,2000,20000,50
method_a,css,uniform,X,3,0.002501624670501542,0.7958546287848708,0.8183593049315174,1.0,20.0,20000,2000,2000,20000,74
method_a,css,uniform,X,3,0.0027959334552664296,0.7958546287848708,0.8183593049315174,1.0,20.0,20000,2000,2000,20000,148
method_a,css,uniform,X,3,0.0030902422400313164,0.7958546287848708,0.8183593049315174,1.0,20.0,20000,2000,2000,20000,247
method_a,css,uniform,X,3,0.0033845510247962037,0.7958546287848708,0.8183593049315174,1.0,20.0,20000,2000,2000,20000,364
method_a,css,uniform,X,3,0.0036788598095610914,0.7958546287848708,0.8183593049315174,1.0,20.0,20000,2000,2000,20000,589
method_a,css,uniform,X,3,0.003973168594325978,0.7958546287848708,0.8183593049315174,1.0,20.0,20000,2000,2000,20000,787
method_a,css,uniform,X,5,0.0013243895314419929,0.7958546287848708,0.8183593049315174,1.0,20.0,20000,2000,2000,20000,0
method_a,css,uniform,X,5,0.0016186983162068804,0.7958546287848708,0.8183593049315174,1.0,20.0,20000,2000,2000,20000,1
method_a,css,uniform,X,5,0.0019130071009717674,0.7958546287848708,0.8183593049315174,1.0,20.0,20000,2000,2000,20000,6
method_a,css,uniform,X,5,0.0022073158857366547,0.7958546287848708,0.8183593049315174,1.0,20.0,20000,2000,2000,20000,15
method_a,css,uniform,X,5,0.002501624670501542,0.7958546287848708,0.8183593049315174,1.0,20.0,20000,2000,2000,20000,57
method_a,css,uniform,X,5,0.0027959334552664296,0.7958546287848708,0.8183593049315174,1.0,20.0,20000,2000,2000,20000,127
method_a,css,uniform,X,5,0.0030902422400313164,0.7958546287848708,0.8183593049315174,1.0,20.0,20000,2000,2000,20000,290
method_a,css,uniform,X,5,0.0033845510247962037,0.7958546287848708,0.8183593049315174,1.0,20.0,20000,2000,2000,20000,558
method_a,css,uniform,X,5,0.0036788598095610914,0.7958546287848708,0.8183593049315174,1.0,20.0,20000,2000,2000,20000,1053
method_a,css,uniform,X,5,0.003973168594325978,0.7958546287848708,0.8183593049315174,1.0,20.0,20000,2000,2000,20000,1675
method_a,css,uniform,Z,3,0.001603870012211775,1.0863784384673791,1.133009674464202,1.0,20.0,20000,2000,2000,20000,0
method_a,css,uniform,Z,3,0.0019602855704810586,1.0863784384673791,1.133009674464202,1.0,20.0,20000,2000,2000,20000,3
method_a,css,uniform,Z,3,0.0023167011287503416,1.0863784384673791,1.133009674464202,1.0,20.0,20000,2000,2000,20000,4
method_a,css,uniform,Z,3,0.002673116687019625,1.0863784384673791,1.133009674464202,1.0,20.0,20000,2000,2000,20000,7
method_a,css,uniform,Z,3,0.0030295322452889083,1.0863784384673791,1.133009674464202,1.0,20.0,20000,2000,2000,20000,20
method_a,css,uniform,Z,3,0.003385947803558192,1.0863784384673791,1.133009674464202,1.0,20.0,20000,2000,2000,20000,42
method_a,css,uniform,Z,3,0.0037423633618274745,1.0863784384673791,1.133009674464202,1.0,20.0,20000,2000,2000,20000,64
method_a,css,uniform,Z,3,0.004098778920096758,1.0863784384673791,1.133009674464202,1.0,20.0,20000,2000,2000,20000,111
method_a,css,uniform,Z,3,0.004455194478366042,1.0863784384673791,1.133009674464202,1.0,20.0,20000,2000,2000,20000,164
method_a,css,uniform,Z,3,0.004811610036635325,1.0863784384673791,1.133009674464202,1.0,20.0,20000,2000,2000,20000,250
method_a,css,uniform,Z,5,0.001603870012211775,1.0863784384673791,1.133009674464202,1.0,20.0,20000,2000,2000,20000,0
method_a,css,uniform,Z,5,0.0019602855704810586,1.0863784384673791,1.133009674464202,1.0,20.0,20000,2000,2000,20000,0
method_a,css,uniform,Z,5,0.0023167011287503416,1.0863784384673791,1.133009674464202,1.0,20.0,20000,2000,2000,20000,1
method_a,css,uniform,Z,5,0.002673116687019625,1.0863784384673791,1.133009674464202,1.0,20.0,20000,2000,2000,20000,1
method_a,css,uniform,Z,5,0.0030295322452889083,1.0863784384673791,1.133009674464202,1.0,20.0,20000,2000,2000,20000,12
method_a,css,uniform,Z,5,0.003385947803558192,1.0863784384673791,1.133009674464202,1.0,20.0,20000,2000,2000,20000,11
method_a,css,uniform,Z,5,0.0037423633618274745,1.0863784384673791,1.133009674464202,1.0,20.0,20000,2000,2000,20000,45
method_a,css,uniform,Z,5,0.004098778920096758,1.0863784384673791,1.133009674464202,1.0,20.0,20000,2000,2000,20000,92
method_a,css,uniform,Z,5,0.004455194478366042,1.0863784384673791,1.133009674464202,1.0,20.0,20000,2000,2000,20000,191
method_a,css,uniform,Z,5,0.004811610036635325,1.0863784384673791,1.133009674464202,1.0,20.0,20000,2000,2000,20000,280
method_a,css,uniform,X,3,0.001603870012211775,1.0863784384673791,1.133009674464202,1.0,20.0,20000,2000,2000,20000,0
method_a,css,uniform,X,3,0.0019602855704810586,1.0863784384673791,1.133009674464202,1.0,20.0,20000,2000,2000,20000,1
method_a,css,uniform,X,3,0.0023167011287503416,1.0863784384673791,1.133009674464202,1.0,20.0,20000,2000,2000,20000,14
method_a,css,uniform,X,3,0.002673116687019625,1.0863784384673791,1.133009674464202,1.0,20.0,20000,2000,2000,20000,28
method_a,css,uniform,X,3,0.0030295322452889083,1.0863784384673791,1.133009674464202,1.0,20.0,20000,2000,2000,20000,52
method_a,css,uniform,X,3,0.003385947803558192,1.0863784384673791,1.133009674464202,1.0,20.0,20000,2000,2000,20000,104
method_a,css,uniform,X,3,0.0037423633618274745,1.0863784384673791,1.133009674464202,1.0,20.0,20000,2000,2000,20000,188
method_a,css,uniform,X,3,0.004098778920096758,1.0863784384673791,1.133009674464202,1.0,20.0,20000,2000,2000,20000,261
method_a,css,uniform,X,3,0.004455194478366042,1.0863784384673791,1.133009674464202,1.0,20.0,20000,2000,2000,20000,446
method_a,css,uniform,X,3,0.004811610036635325,1.0863784384673791,1.133009674464202,1.0,20.0,20000,2000,2000,20000,598
method_a,css,uniform,X,5,0.001603870012211775,1.0863784384673791,1.133009674464202,1.0,20.0,20000,2000,2000,20000,0
method_a,css,uniform,X,5,0.0019602855704810586,1.0863784384673791,1.133009674464202,1.0,20.0,20000,2000,2000,20000,1
method_a,css,uniform,X,5,0.0023167011287503416,1.0863784384673791,1.133009674464202,1.0,20.0,20000,2000,2000,20000,6
method_a,css,uniform,X,5,0.002673116687019625,1.0863784384673791,1.133009674464202,1.0,20.0,20000,2000,2000,20000,8
method_a,css,uniform,X,5,0.0030295322452889083,1.0863784384673791,1.133009674464202,1.0,20.0,20000,2000,2000,20000,31
method_a,css,uniform,X,5,0.003385947803558192,1.0863784384673791,1.133009674464202,1.0,20.0,20000,2000,2000,20000,115
method_a,css,uniform,X,5,0.0037423633618274745,1.0863784384673791,1.133009674464202,1.0,20.0,20000,2000,2000,20000,213
method_a,css,uniform,X,5,0.004098778920096758,1.0863784384673791,1.133009674464202,1.0,20.0,20000,2000,2000,20000,431
method_a,css,uniform,X,5,0.004455194478366042,1.0863784384673791,1.133009674464202,1.0,20.0,20000,2000,2000,20000,727
method_a,css,uniform,X,5,0.004811610036635325,1.0863784384673791,1.133009674464202,1.0,20.0,20000,2000,2000,20000,1231
method_a,css,uniform,Z,3,0.0020097231341803475,1.2274929222014546,1.5707963267948966,1.0,20.0,20000,2000,2000,20000,0
method_a,css,uniform,Z,3,0.002456328275109314,1.2274929222014546,1.5707963267948966,1.0,20.0,20000,2000,2000,20000,4
method_a,css,uniform,Z,3,0.0029029334160382797,1.2274929222014546,1.5707963267948966,1.0,20.0,20000,2000,2000,20000,7
method_a,css,uniform,Z,3,0.0033495385569672458,1.2274929222014546,1.5707963267948966,1.0,20.0,20000,2000,2000,20000,14
method_a,css,uniform,Z,3,0.003796143697896212,1.2274929222014546,1.5707963267948966,1.0,20.0,20000,2000,2000,20000,18
method_a,css,uniform,Z,3,0.004242748838825178,1.2274929222014546,1.5707963267948966,1.0,20.0,20000,2000,2000,20000,41
method_a,css,uniform,Z,3,0.0046893539797541435,1.2274929222014546,1.5707963267948966,1.0,20.0,20000,2000,2000,20000,89
method_a,css,uniform,Z,3,0.00513595912068311,1.2274929222014546,1.5707963267948966,1.0,20.0,20000,2000,2000,20000,94
method_a,css,uniform,Z,3,0.0055825642616120765,1.2274929222014546,1.5707963267948966,1.0,20.0,20000,2000,2000,20000,174
method_a,css,uniform,Z,3,0.006029169402541043,1.2274929222014546,1.5707963267948966,1.0,20.0,20000,2000,2000,20000,205
method_a,css,uniform,Z,5,0.0020097231341803475,1.2274929222014546,1.5707963267948966,1.0,20.0,20000,2000,2000,20000,0
method_a,css,uniform,Z,5,0.002456328275109314,1.2274929222014546,1.5707963267948966,1.0,20.0,20000,2000,2000,20000,0
method_a,css,uniform,Z,5,0.0029029334160382797,1.2274929222014546,1.5707963267948966,1.0,20.0,20000,2000,2000,20000,1
method_a,css,uniform,Z,5,0.0033495385569672458,1.2274929222014546,1.5707963267948966,1.0,20.0,20000,2000,2000,20000,3
method_a,css,uniform,Z,5,0.003796143697896212,1.2274929222014546,1.5707963267948966,1.0,20.0,20000,2000,2000,20000,4
method_a,css,uniform,Z,5,0.004242748838825178,1.2274929222014546,1.5707963267948966,1.0,20.0,20000,2000,2000,20000,20
method_a,css,uniform,Z,5,0.0046893539797541435,1.2274929222014546,1.5707963267948966,1.0,20.0,20000,2000,2000,20000,38
method_a,css,uniform,Z,5,0.00513595912068311,1.2274929222014546,1.5707963267948966,1.0,20.0,20000,2000,2000,20000,77
method_a,css,uniform,Z,5,0.0055825642616120765,1.2274929222014546,1.5707963267948966,1.0,20.0,20000,2000,2000,20000,177
method_a,css,uniform,Z,5,0.006029169402541043,1.2274929222014546,1.5707963267948966,1.0,20.0,20000,2000,2000,20000,273
method_a,css,uniform,X,3,0.0020097231341803475,1.2274929222014546,1.5707963267948966,1.0,20.0,20000,2000,2000,20000,2
method_a,css,uniform,X,3,0.002456328275109314,1.2274929222014546,1.5707963267948966,1.0,20.0,20000,2000,2000,20000,4
method_a,css,uniform,X,3,0.0029029334160382797,1.2274929222014546,1.5707963267948966,1.0,20.0,20000,2000,2000,20000,6
method_a,css,uniform,X,3,0.0033495385569672458,1.2274929222014546,1.5707963267948966,1.0,20.0,20000,2000,2000,20000,23
method_a,css,uniform,X,3,0.003796143697896212,1.2274929222014546,1.5707963267948966,1.0,20.0,20000,2000,2000,20000,47
method_a,css,uniform,X,3,0.004242748838825178,1.2274929222014546,1.5707963267948966,1.0,20.0,20000,2000,2000,20000,78
method_a,css,uniform,X,3,0.0046893539797541435,1.2274929222014546,1.5707963267948966,1.0,20.0,20000,2000,2000,20000,156
method_a,css,uniform,X,3,0.00513595912068311,1.2274929222014546,1.5707963267948966,1.0,20.0,20000,2000,2000,20000,242
method_a,css,uniform,X,3,0.0055825642616120765,1.2274929222014546,1.5707963267948966,1.0,20.0,20000,2000,2000,20000,355
method_a,css,uniform,X,3,0.006029169402541043,1.2274929222014546,1.5707963267948966,1.0,20.0,20000,2000,2000,20000,511
method_a,css,uniform,X,5,0.0020097231341803475,1.2274929222014546,1.5707963267948966,1.0,20.0,20000,2000,2000,20000,0
method_a,css,uniform,X,5,0.002456328275109314,1.2274929222014546,1.5707963267948966,1.0,20.0,20000,2000,2000,20000,0
method_a,css,uniform,X,5,0.0029029334160382797,1.2274929222014546,1.5707963267948966,1.0,20.0,20000,2000,2000,20000,3
method_a,css,uniform,X,5,0.0033495385569672458,1.2274929222014546,1.5707963267948966,1.0,20.0,20000,2000,2000,20000,11
method_a,css,uniform,X,5,0.003796143697896212,1.2274929222014546,1.5707963267948966,1.0,20.0,20000,2000,2000,20000,18
method_a,css,uniform,X,5,0.004242748838825178,1.2274929222014546,1.5707963267948966,1.0,20.0,20000,2000,2000,20000,82
method_a,css,uniform,X,5,0.0046893539797541435,1.2274929222014546,1.5707963267948966,1.0,20.0,20000,2000,2000,20000,167
method_a,css,uniform,X,5,0.00513595912068311,1.2274929222014546,1.5707963267948966,1.0,20.0,20000,2000,2000,20000,329
method_a,css,uniform,X,5,0.0055825642616120765,1.2274929222014546,1.5707963267948966,1.0,20.0,20000,2000,2000,20000,596
method_a,css,uniform,X,5,0.006029169402541043,1.2274929222014546,1.5707963267948966,1.0,20.0,20000,2000,2000,20000,963
method_a,css,uniform,Z,3,0.004132810760147977,0.0,0.958649526940303,1.0,20.0,20000,2000,2000,20000,17
method_a,css,uniform,Z,3,0.005051213151291973,0.0,0.958649526940303,1.0,20.0,20000,2000,2000,20000,58
method_a,css,uniform,Z,3,0.005969615542435968,0.0,0.958649526940303,1.0,20.0,20000,2000,2000,20000,161
method_a,css,uniform,Z,3,0.006888017933579962,0.0,0.958649526940303,1.0,20.0,20000,2000,2000,20000,312
method_a,css,uniform,Z,3,0.0078064203247239575,0.0,0.958649526940303,1.0,20.0,20000,2000,2000,20000,560
method_a,css,uniform,Z,3,0.008724822715867952,0.0,0.958649526940303,1.0,20.0,20000,2000,2000,20000,915
method_a,css,uniform,Z,3,0.009643225107011946,0.0,0.958649526940303,1.0,20.0,20000,2000,2000,20000,1401
method_a,css,uniform,Z,3,0.010561627498155942,0.0,0.958649526940303,1.0,20.0,20000,2000,2000,20000,1879
method_a,css,uniform,Z,3,0.011480029889299937,0.0,0.958649526940303,1.0,20.0,20000,2000,2000,16000,2016
method_a,css,uniform,Z,3,0.012398432280443933,0.0,0.958649526940303,1.0,20.0,20000,2000,2000,14000,2304
method_a,css,uniform,Z,5,0.004132810760147977,0.0,0.958649526940303,1.0,20.0,20000,2000,2000,20000,3
method_a,css,uniform,Z,5,0.005051213151291973,0.0,0.958649526940303,1.0,20.0,20000,2000,2000,20000,17
method_a,css,uniform,Z,5,0.005969615542435968,0.0,0.958649526940303,1.0,20.0,20000,2000,2000,20000,84
method_a,css,uniform,Z,5,0.006888017933579962,0.0,0.958649526940303,1.0,20.0,20000,2000,2000,20000,330
method_a,css,uniform,Z,5,0.0078064203247239575,0.0,0.958649526940303,1.0,20.0,20000,2000,2000,20000,820
method_a,css,uniform,Z,5,0.008724822715867952,0.0,0.958649526940303,1.0,20.0,20000,2000,2000,20000,1660
method_a,css,uniform,Z,5,0.009643225107011946,0.0,0.958649526940303,1.0,20.0,20000,2000,2000,14000,2067
method_a,css,uniform,Z,5,0.010561627498155942,0.0,0.958649526940303,1.0,20.0,20000,2000,2000,10000,2179
method_a,css,uniform,Z,5,0.011480029889299937,0.0,0.958649526940303,1.0,20.0,20000,2000,2000,8000,2316
method_a,css,uniform,Z,5,0.012398432280443933,0.0,0.958649526940303,1.0,20.0,20000,2000,2000,6000,2058
method_a,css,uniform,X,3,0.001653124304059191,0.0,0.958649526940303,1.0,20.0,20000,2000,2000,20000,2
method_a,css,uniform,X,3,0.002020485260516789,0.0,0.958649526940303,1.0,20.0,20000,2000,2000,20000,11
method_a,css,uniform,X,3,0.002387846216974387,0.0,0.958649526940303,1.0,20.0,20000,2000,2000,20000,30
method_a,css,uniform,X,3,0.002755207173431985,0.0,0.958649526940303,1.0,20.0,20000,2000,2000,20000,58
method_a,css,uniform,X,3,0.003122568129889583,0.0,0.958649526940303,1.0,20.0,20000,2000,2000,20000,130
method_a,css,uniform,X,3,0.003489929086347181,0.0,0.958649526940303,1.0,20.0,20000,2000,2000,20000,246
method_a,css,uniform,X,3,0.0038572900428047786,0.0,0.958649526940303,1.0,20.0,20000,2000,2000,20000,384
method_a,css,uniform,X,3,0.004224650999262377,0.0,0.958649526940303,1.0,20.0,20000,2000,2000,20000,594
method_a,css,uniform,X,3,0.0045920119557199745,0.0,0.958649526940303,1.0,20.0,20000,2000,2000,20000,856
method_a,css,uniform,X,3,0.004959372912177573,0.0,0.958649526940303,1.0,20.0,20000,2000,2000,20000,1173
method_a,css,uniform,X,5,0.001653124304059191,0.0,0.958649526940303,1.0,20.0,20000,2000,2000,20000,1
method_a,css,uniform,X,5,0.002020485260516789,0.0,0.958649526940303,1.0,20.0,20000,2000,2000,20000,1
method_a,css,uniform,X,5,0.002387846216974387,0.0,0.958649526940303,1.0,20.0,20000,2000,2000,20000,13
method_a,css,uniform,X,5,0.002755207173431985,0.0,0.958649526940303,1.0,20.0,20000,2000,2000,20000,27
method_a,css,uniform,X,5,0.003122568129889583,0.0,0.958649526940303,1.0,20.0,20000,2000,2000,20000,74
method_a,css,uniform,X,5,0.003489929086347181,0.0,0.958649526940303,1.0,20.0,20000,2000,2000,20000,217
method_a,css,uniform,X,5,0.0038572900428047786,0.0,0.958649526940303,1.0,20.0,20000,2000,2000,20000,514
method_a,css,uniform,X,5,0.004224650999262377,0.0,0.958649526940303,1.0,20.0,20000,2000,2000,20000,984
method_a,css,uniform,X,5,0.0045920119557199745,0.0,0.958649526940303,1.0,20.0,20000,2000,2000,20000,1714
method_a,css,uniform,X,5,0.004959372912177573,0.0,0.958649526940303,1.0,20.0,20000,2000,2000,16000,2046
method_a,css,uniform,Z,3,0.003917383593900236,0.3067182505666616,1.133009674464202,1.0,20.0,20000,2000,2000,20000,28
method_a,css,uniform,Z,3,0.0047879132814336225,0.3067182505666616,1.133009674464202,1.0,20.0,20000,2000,2000,20000,70
method_a,css,uniform,Z,3,0.005658442968967007,0.3067182505666616,1.133009674464202,1.0,20.0,20000,2000,2000,20000,158
method_a,css,uniform,Z,3,0.006528972656500392,0.3067182505666616,1.133009674464202,1.0,20.0,20000,2000,2000,20000,312
method_a,css,uniform,Z,3,0.0073995023440337785,0.3067182505666616,1.133009674464202,1.0,20.0,20000,2000,2000,20000,555
method_a,css,uniform,Z,3,0.008270032031567166,0.3067182505666616,1.133009674464202,1.0,20.0,20000,2000,2000,20000,912
method_a,css,uniform,Z,3,0.009140561719100548,0.3067182505666616,1.133009674464202,1.0,20.0,20000,2000,2000,20000,1404
method_a,css,uniform,Z,3,0.010011091406633935,0.3067182505666616,1.133009674464202,1.0,20.0,20000,2000,2000,20000,1814
method_a,css,uniform,Z,3,0.01088162109416732,0.3067182505666616,1.133009674464202,1.0,20.0,20000,2000,2000,18000,2245
method_a,css,uniform,Z,3,0.011752150781700707,0.3067182505666616,1.133009674464202,1.0,20.0,20000,2000,2000,14000,2199
method_a,css,uniform,Z,5,0.003917383593900236,0.3067182505666616,1.133009674464202,1.0,20.0,20000,2000,2000,20000,2
method_a,css,uniform,Z,5,0.0047879132814336225,0.3067182505666616,1.133009674464202,1.0,20.0,20000,2000,2000,20000,32
method_a,css,uniform,Z,5,0.005658442968967007,0.3067182505666616,1.133009674464202,1.0,20.0,20000,2000,2000,20000,136
method_a,css,uniform,Z,5,0.006528972656500392,0.3067182505666616,1.133009674464202,1.0,20.0,20000,2000,2000,20000,455
method_a,css,uniform,Z,5,0.0073995023440337785,0.3067182505666616,1.133009674464202,1.0,20.0,20000,2000,2000,20000,1024
method_a,css,uniform,Z,5,0.008270032031567166,0.3067182505666616,1.133009674464202,1.0,20.0,20000,2000,2000,20000,1951
method_a,css,uniform,Z,5,0.009140561719100548,0.3067182505666616,1.133009674464202,1.0,20.0,20000,2000,2000,14000,2194
method_a,css,uniform,Z,5,0.010011091406633935,0.3067182505666616,1.133009674464202,1.0,20.0,20000,2000,2000,10000,2338
method_a,css,uniform,Z,5,0.01088162109416732,0.3067182505666616,1.133009674464202,1.0,20.0,20000,2000,2000,8000,2345
method_a,css,uniform,Z,5,0.011752150781700707,0.3067182505666616,1.133009674464202,1.0,20.0,20000,2000,2000,6000,2103
method_a,css,uniform,X,3,0.0015669534375600943,0.3067182505666616,1.133009674464202,1.0,20.0,20000,2000,2000,20000,8
method_a,css,uniform,X,3,0.0019151653125734488,0.3067182505666616,1.133009674464202,1.0,20.0,20000,2000,2000,20000,4
method_a,css,uniform,X,3,0.002263377187586803,0.3067182505666616,1.133009674464202,1.0,20.0,20000,2000,2000,20000,17
method_a,css,uniform,X,3,0.002611589062600157,0.3067182505666616,1.133009674464202,1.0,20.0,20000,2000,2000,20000,63
method_a,css,uniform,X,3,0.0029598009376135114,0.3067182505666616,1.133009674464202,1.0,20.0,20000,2000,2000,20000,122
method_a,css,uniform,X,3,0.003308012812626866,0.3067182505666616,1.133009674464202,1.0,20.0,20000,2000,2000,20000,181
method_a,css,uniform,X,3,0.0036562246876402195,0.3067182505666616,1.133009674464202,1.0,20.0,20000,2000,2000,20000,334
method_a,css,uniform,X,3,0.004004436562653574,0.3067182505666616,1.133009674464202,1.0,20.0,20000,2000,2000,20000,486
method_a,css,uniform,X,3,0.0043526484376669285,0.3067182505666616,1.133009674464202,1.0,20.0,20000,2000,2000,20000,704
method_a,css,uniform,X,3,0.004700860312680283,0.3067182505666616,1.133009674464202,1.0,20.0,20000,2000,2000,20000,971
method_a,css,uniform,X,5,0.0015669534375600943,0.3067182505666616,1.133009674464202,1.0,20.0,20000,2000,2000,20000,0
method_a,css,uniform,X,5,0.0019151653125734488,0.3067182505666616,1.133009674464202,1.0,20.0,20000,2000,2000,20000,0
method_a,css,uniform,X,5,0.002263377187586803,0.3067182505666616,1.133009674464202,1.0,20.0,20000,2000,2000,20000,3
method_a,css,uniform,X,5,0.002611589062600157,0.3067182505666616,1.133009674464202,1.0,20.0,20000,2000,2000,20000,27
method_a,css,uniform,X,5,0.0029598009376135114,0.3067182505666616,1.133009674464202,1.0,20.0,20000,2000,2000,20000,75
method_a,css,uniform,X,5,0.003308012812626866,0.3067182505666616,1.133009674464202,1.0,20.0,20000,2000,2000,20000,193
method_a,css,uniform,X,5,0.0036562246876402195,0.3067182505666616,1.133009674464202,1.0,20.0,20000,2000,2000,20000,389
method_a,css,uniform,X,5,0.004004436562653574,0.3067182505666616,1.133009674464202,1.0,20.0,20000,2000,2000,20000,776
method_a,css,uniform,X,5,0.0043526484376669285,0.3067182505666616,1.133009674464202,1.0,20.0,20000,2000,2000,20000,1434
method_a,css,uniform,X,5,0.004700860312680283,0.3067182505666616,1.133009674464202,1.0,20.0,20000,2000,2000,20000,2062
method_a,css,uniform,Z,3,0.004202724459502455,0.5978473438517814,1.340894586637398,1.0,20.0,20000,2000,2000,20000,22
method_a,css,uniform,Z,3,0.0051366632282807785,0.5978473438517814,1.340894586637398,1.0,20.0,20000,2000,2000,20000,67
method_a,css,uniform,Z,3,0.006070601997059101,0.5978473438517814,1.340894586637398,1.0,20.0,20000,2000,2000,20000,169
method_a,css,uniform,Z,3,0.007004540765837424,0.5978473438517814,1.340894586637398,1.0,20.0,20000,2000,2000,20000,309
method_a,css,uniform,Z,3,0.007938479534615748,0.5978473438517814,1.340894586637398,1.0,20.0,20000,2000,2000,20000,538
method_a,css,uniform,Z,3,0.00887241830339407,0.5978473438517814,1.340894586637398,1.0,20.0,20000,2000,2000,20000,912
method_a,css,uniform,Z,3,0.009806357072172393,0.5978473438517814,1.340894586637398,1.0,20.0,20000,2000,2000,20000,1190
method_a,css,uniform,Z,3,0.010740295840950716,0.5978473438517814,1.340894586637398,1.0,20.0,20000,2000,2000,20000,1721
method_a,css,uniform,Z,3,0.01167423460972904,0.5978473438517814,1.340894586637398,1.0,20.0,20000,2000,2000,18000,2125
method_a,css,uniform,Z,3,0.012608173378507363,0.5978473438517814,1.340894586637398,1.0,20.0,20000,2000,2000,14000,2089
method_a,css,uniform,Z,5,0.004202724459502455,0.5978473438517814,1.340894586637398,1.0,20.0,20000,2000,2000,20000,6
method_a,css,uniform,Z,5,0.0051366632282807785,0.5978473438517814,1.340894586637398,1.0,20.0,20000,2000,2000,20000,47
method_a,css,uniform,Z,5,0.006070601997059101,0.5978473438517814,1.340894586637398,1.0,20.0,20000,2000,2000,20000,166
method_a,css,uniform,Z,5,0.007004540765837424,0.5978473438517814,1.340894586637398,1.0,20.0,20000,2000,2000,20000,467
method_a,css,uniform,Z,5,0.007938479534615748,0.5978473438517814,1.340894586637398,1.0,20.0,20000,2000,2000,20000,1025
method_a,css,uniform,Z,5,0.00887241830339407,0.5978473438517814,1.340894586637398,1.0,20.0,20000,2000,2000,20000,2006
method_a,css,uniform,Z,5,0.009806357072172393,0.5978473438517814,1.340894586637398,1.0,20.0,20000,2000,2000,14000,2229
method_a,css,uniform,Z,5,0.010740295840950716,0.5978473438517814,1.340894586637398,1.0,20.0,20000,2000,2000,10000,2202
method_a,css,uniform,Z,5,0.01167423460972904,0.5978473438517814,1.340894586637398,1.0,20.0,20000,2000,2000,8000,2322
method_a,css,uniform,Z,5,0.012608173378507363,0.5978473438517814,1.340894586637398,1.0,20.0,20000,2000,2000,6000,2063
method_a,css,uniform,X,3,0.0016810897838009818,0.5978473438517814,1.340894586637398,1.0,20.0,20000,2000,2000,20000,4
method_a,css,uniform,X,3,0.0020546652913123113,0.5978473438517814,1.340894586637398,1.0,20.0,20000,2000,2000,20000,5
method_a,css,uniform,X,3,0.0024282407988236404,0.5978473438517814,1.340894586637398,1.0,20.0,20000,2000,2000,20000,20
method_a,css,uniform,X,3,0.0028018163063349695,0.5978473438517814,1.340894586637398,1.0,20.0,20000,2000,2000,20000,37
method_a,css,uniform,X,3,0.003175391813846299,0.5978473438517814,1.340894586637398,1.0,20.0,20000,2000,2000,20000,85
method_a,css,uniform,X,3,0.003548967321357628,0.5978473438517814,1.340894586637398,1.0,20.0,20000,2000,2000,20000,160
method_a,css,uniform,X,3,0.003922542828868957,0.5978473438517814,1.340894586637398,1.0,20.0,20000,2000,2000,20000,256
method_a,css,uniform,X,3,0.004296118336380286,0.5978473438517814,1.340894586637398,1.0,20.0,20000,2000,2000,20000,405
method_a,css,uniform,X,3,0.004669693843891616,0.5978473438517814,1.340894586637398,1.0,20.0,20000,2000,2000,20000,577
method_a,css,uniform,X,3,0.005043269351402945,0.5978473438517814,1.340894586637398,1.0,20.0,20000,2000,2000,20000,825
method_a,css,uniform,X,5,0.0016810897838009818,0.5978473438517814,1.340894586637398,1.0,20.0,20000,2000,2000,20000,0
method_a,css,uniform,X,5,0.0020546652913123113,0.5978473438517814,1.340894586637398,1.0,20.0,20000,2000,2000,20000,0
method_a,css,uniform,X,5,0.0024282407988236404,0.5978473438517814,1.340894586637398,1.0,20.0,20000,2000,2000,20000,2
method_a,css,uniform,X,5,0.0028018163063349695,0.5978473438517814,1.340894586637398,1.0,20.0,20000,2000,2000,20000,22
method_a,css,uniform,X,5,0.003175391813846299,0.5978473438517814,1.340894586637398,1.0,20.0,20000,2000,2000,20000,39
method_a,css,uniform,X,5,0.003548967321357628,0.5978473438517814,1.340894586637398,1.0,20.0,20000,2000,2000,20000,149
method_a,css,uniform,X,5,0.003922542828868957,0.5978473438517814,1.340894586637398,1.0,20.0,20000,2000,2000,20000,312
method_a,css,uniform,X,5,0.004296118336380286,0.5978473438517814,1.340894586637398,1.0,20.0,20000,2000,2000,20000,561
method_a,css,uniform,X,5,0.004669693843891616,0.5978473438517814,1.340894586637398,1.0,20.0,20000,2000,2000,20000,1073
method_a,css,uniform,X,5,0.005043269351402945,0.5978473438517814,1.340894586637398,1.0,20.0,20000,2000,2000,20000,1699
method_a,css,uniform,Z,3,0.004902154705985859,0.8093430838731401,1.5707963267948966,1.0,20.0,20000,2000,2000,20000,28
method_a,css,uniform,Z,3,0.005991522418427162,0.8093430838731401,1.5707963267948966,1.0,20.0,20000,2000,2000,20000,60
method_a,css,uniform,Z,3,0.007080890130868463,0.8093430838731401,1.5707963267948966,1.0,20.0,20000,2000,2000,20000,175
method_a,css,uniform,Z,3,0.008170257843309764,0.8093430838731401,1.5707963267948966,1.0,20.0,20000,2000,2000,20000,316
method_a,css,uniform,Z,3,0.009259625555751067,0.8093430838731401,1.5707963267948966,1.0,20.0,20000,2000,2000,20000,529
method_a,css,uniform,Z,3,0.01034899326819237,0.8093430838731401,1.5707963267948966,1.0,20.0,20000,2000,2000,20000,760
method_a,css,uniform,Z,3,0.01143836098063367,0.8093430838731401,1.5707963267948966,1.0,20.0,20000,2000,2000,20000,1191
method_a,css,uniform,Z,3,0.012527728693074974,0.8093430838731401,1.5707963267948966,1.0,20.0,20000,2000,2000,20000,1655
method_a,css,uniform,Z,3,0.013617096405516275,0.8093430838731401,1.5707963267948966,1.0,20.0,20000,2000,2000,20000,2195
method_a,css,uniform,Z,3,0.014706464117957578,0.8093430838731401,1.5707963267948966,1.0,20.0,20000,2000,2000,16000,2250
method_a,css,uniform,Z,5,0.004902154705985859,0.8093430838731401,1.5707963267948966,1.0,20.0,20000,2000,2000,20000,6
method_a,css,uniform,Z,5,0.005991522418427162,0.8093430838731401,1.5707963267948966,1.0,20.0,20000,2000,2000,20000,41
method_a,css,uniform,Z,5,0.007080890130868463,0.8093430838731401,1.5707963267948966,1.0,20.0,20000,2000,2000,20000,137
method_a,css,uniform,Z,5,0.008170257843309764,0.8093430838731401,1.5707963267948966,1.0,20.0,20000,2000,2000,20000,432
method_a,css,uniform,Z,5,0.009259625555751067,0.8093430838731401,1.5707963267948966,1.0,20.0,20000,2000,2000,20000,936
method_a,css,uniform,Z,5,0.01034899326819237,0.8093430838731401,1.5707963267948966,1.0,20.0,20000,2000,2000,20000,1820
method_a,css,uniform,Z,5,0.01143836098063367,0.8093430838731401,1.5707963267948966,1.0,20.0,20000,2000,2000,14000,2010
method_a,css,uniform,Z,5,0.012527728693074974,0.8093430838731401,1.5707963267948966,1.0,20.0,20000,2000,2000,10000,2158
method_a,css,uniform,Z,5,0.013617096405516275,0.8093430838731401,1.5707963267948966,1.0,20.0,20000,2000,2000,8000,2162
method_a,css,uniform,Z,5,0.014706464117957578,0.8093430838731401,1.5707963267948966,1.0,20.0,20000,2000,2000,8000,2617
method_a,css,uniform,X,3,0.0019608618823943437,0.8093430838731401,1.5707963267948966,1.0,20.0,20000,2000,2000,20000,1
method_a,css,uniform,X,3,0.0023966089673708646,0.8093430838731401,1.5707963267948966,1.0,20.0,20000,2000,2000,20000,5
method_a,css,uniform,X,3,0.0028323560523473854,0.8093430838731401,1.5707963267948966,1.0,20.0,20000,2000,2000,20000,20
method_a,css,uniform,X,3,0.003268103137323906,0.8093430838731401,1.5707963267948966,1.0,20.0,20000,2000,2000,20000,34
method_a,css,uniform,X,3,0.003703850222300427,0.8093430838731401,1.5707963267948966,1.0,20.0,20000,2000,2000,20000,56
method_a,css,uniform,X,3,0.004139597307276948,0.8093430838731401,1.5707963267948966,1.0,20.0,20000,2000,2000,20000,127
method_a,css,uniform,X,3,0.004575344392253468,0.8093430838731401,1.5707963267948966,1.0,20.0,20000,2000,2000,20000,206
method_a,css,uniform,X,3,0.0050110914772299895,0.8093430838731401,1.5707963267948966,1.0,20.0,20000,2000,2000,20000,296
method_a,css,uniform,X,3,0.00544683856220651,0.8093430838731401,1.5707963267948966,1.0,20.0,20000,2000,2000,20000,437
method_a,css,uniform,X,3,0.005882585647183031,0.8093430838731401,1.5707963267948966,1.0,20.0,20000,2000,2000,20000,646
method_a,css,uniform,X,5,0.0019608618823943437,0.8093430838731401,1.5707963267948966,1.0,20.0,20000,2000,2000,20000,0
method_a,css,uniform,X,5,0.0023966089673708646,0.8093430838731401,1.5707963267948966,1.0,20.0,20000,2000,2000,20000,1
method_a,css,uniform,X,5,0.0028323560523473854,0.8093430838731401,1.5707963267948966,1.0,20.0,20000,2000,2000,20000,3
method_a,css,uniform,X,5,0.003268103137323906,0.8093430838731401,1.5707963267948966,1.0,20.0,20000,2000,2000,20000,9
method_a,css,uniform,X,5,0.003703850222300427,0.8093430838731401,1.5707963267948966,1.0,20.0,20000,2000,2000,20000,36
method_a,css,uniform,X,5,0.004139597307276948,0.8093430838731401,1.5707963267948966,1.0,20.0,20000,2000,2000,20000,90
method_a,css,uniform,X,5,0.004575344392253468,0.8093430838731401,1.5707963267948966,1.0,20.0,20000,2000,2000,20000,242
method_a,css,uniform,X,5,0.0050110914772299895,0.8093430838731401,1.5707963267948966,1.0,20.0,20000,2000,2000,20000,497
method_a,css,uniform,X,5,0.00544683856220651,0.8093430838731401,1.5707963267948966,1.0,20.0,20000,2000,2000,20000,820
method_a,css,uniform,X,5,0.005882585647183031,0.8093430838731401,1.5707963267948966,1.0,20.0,20000,2000,2000,20000,1247
method_a,css,uniform,Z,3,0.005314825186261226,0.0,1.2683187804466223,1.0,20.0,20000,2000,2000,20000,2
method_a,css,uniform,Z,3,0.0064958974498748314,0.0,1.2683187804466223,1.0,20.0,20000,2000,2000,20000,11
method_a,css,uniform,Z,3,0.0076769697134884355,0.0,1.2683187804466223,1.0,20.0,20000,2000,2000,20000,18
method_a,css,uniform,Z,3,0.008858041977102042,0.0,1.2683187804466223,1.0,20.0,20000,2000,2000,20000,40
method_a,css,uniform,Z,3,0.010039114240715647,0.0,1.2683187804466223,1.0,20.0,20000,2000,2000,20000,85
method_a,css,uniform,Z,3,0.011220186504329254,0.0,1.2683187804466223,1.0,20.0,20000,2000,2000,20000,147
method_a,css,uniform,Z,3,0.012401258767942857,0.0,1.2683187804466223,1.0,20.0,20000,2000,2000,20000,254
method_a,css,uniform,Z,3,0.013582331031556462,0.0,1.2683187804466223,1.0,20.0,20000,2000,2000,20000,405
method_a,css,uniform,Z,3,0.01476340329517007,0.0,1.2683187804466223,1.0,20.0,20000,2000,2000,20000,607
method_a,css,uniform,Z,3,0.015944475558783675,0.0,1.2683187804466223,1.0,20.0,20000,2000,2000,20000,864
method_a,css,uniform,Z,5,0.005314825186261226,0.0,1.2683187804466223,1.0,20.0,20000,2000,2000,20000,1
method_a,css,uniform,Z,5,0.0064958974498748314,0.0,1.2683187804466223,1.0,20.0,20000,2000,2000,20000,0
method_a,css,uniform,Z,5,0.0076769697134884355,0.0,1.2683187804466223,1.0,20.0,20000,2000,2000,20000,4
method_a,css,uniform,Z,5,0.008858041977102042,0.0,1.2683187804466223,1.0,20.0,20000,2000,2000,20000,17
method_a,css,uniform,Z,5,0.010039114240715647,0.0,1.2683187804466223,1.0,20.0,20000,2000,2000,20000,38
method_a,css,uniform,Z,5,0.011220186504329254,0.0,1.2683187804466223,1.0,20.0,20000,2000,2000,20000,118
method_a,css,uniform,Z,5,0.012401258767942857,0.0,1.2683187804466223,1.0,20.0,20000,2000,2000,20000,271
method_a,css,uniform,Z,5,0.013582331031556462,0.0,1.2683187804466223,1.0,20.0,20000,2000,2000,20000,502
method_a,css,uniform,Z,5,0.01476340329517007,0.0,1.2683187804466223,1.0,20.0,20000,2000,2000,20000,938
method_a,css,uniform,Z,5,0.015944475558783675,0.0,1.2683187804466223,1.0,20.0,20000,2000,2000,20000,1571
method_a,css,uniform,X,3,0.00212593007450449,0.0,1.2683187804466223,1.0,20.0,20000,2000,2000,20000,6
method_a,css,uniform,X,3,0.0025983589799499327,0.0,1.2683187804466223,1.0,20.0,20000,2000,2000,20000,8
method_a,css,uniform,X,3,0.0030707878853953744,0.0,1.2683187804466223,1.0,20.0,20000,2000,2000,20000,30
method_a,css,uniform,X,3,0.0035432167908408165,0.0,1.2683187804466223,1.0,20.0,20000,2000,2000,20000,65
method_a,css,uniform,X,3,0.004015645696286259,0.0,1.2683187804466223,1.0,20.0,20000,2000,2000,20000,129
method_a,css,uniform,X,3,0.004488074601731702,0.0,1.2683187804466223,1.0,20.0,20000,2000,2000,20000,248
method_a,css,uniform,X,3,0.004960503507177143,0.0,1.2683187804466223,1.0,20.0,20000,2000,2000,20000,390
method_a,css,uniform,X,3,0.005432932412622585,0.0,1.2683187804466223,1.0,20.0,20000,2000,2000,20000,575
method_a,css,uniform,X,3,0.005905361318068028,0.0,1.2683187804466223,1.0,20.0,20000,2000,2000,20000,899
method_a,css,uniform,X,3,0.00637779022351347,0.0,1.2683187804466223,1.0,20.0,20000,2000,2000,20000,1288
method_a,css,uniform,X,5,0.00212593007450449,0.0,1.2683187804466223,1.0,20.0,20000,2000,2000,20000,0
method_a,css,uniform,X,5,0.0025983589799499327,0.0,1.2683187804466223,1.0,20.0,20000,2000,2000,20000,2
method_a,css,uniform,X,5,0.0030707878853953744,0.0,1.2683187804466223,1.0,20.0,20000,2000,2000,20000,4
method_a,css,uniform,X,5,0.0035432167908408165,0.0,1.2683187804466223,1.0,20.0,20000,2000,2000,20000,32
method_a,css,uniform,X,5,0.004015645696286259,0.0,1.2683187804466223,1.0,20.0,20000,2000,2000,20000,97
method_a,css,uniform,X,5,0.004488074601731702,0.0,1.2683187804466223,1.0,20.0,20000,2000,2000,20000,206
method_a,css,uniform,X,5,0.004960503507177143,0.0,1.2683187804466223,1.0,20.0,20000,2000,2000,20000,525
method_a,css,uniform,X,5,0.005432932412622585,0.0,1.2683187804466223,1.0,20.0,20000,2000,2000,20000,907
method_a,css,uniform,X,5,0.005905361318068028,0.0,1.2683187804466223,1.0,20.0,20000,2000,2000,20000,1666
method_a,css,uniform,X,5,0.00637779022351347,0.0,1.2683187804466223,1.0,20.0,20000,2000,2000,16000,2047
method_a,css,uniform,Z,3,0.0052693849665075235,0.22639198796295915,1.4160177866414194,1.0,20.0,20000,2000,2000,20000,10
method_a,css,uniform,Z,3,0.006440359403509196,0.22639198796295915,1.4160177866414194,1.0,20.0,20000,2000,2000,20000,5
method_a,css,uniform,Z,3,0.007611333840510867,0.22639198796295915,1.4160177866414194,1.0,20.0,20000,2000,2000,20000,25
method_a,css,uniform,Z,3,0.008782308277512538,0.22639198796295915,1.4160177866414194,1.0,20.0,20000,2000,2000,20000,51
method_a,css,uniform,Z,3,0.009953282714514209,0.22639198796295915,1.4160177866414194,1.0,20.0,20000,2000,2000,20000,108
method_a,css,uniform,Z,3,0.011124257151515883,0.22639198796295915,1.4160177866414194,1.0,20.0,20000,2000,2000,20000,183
method_a,css,uniform,Z,3,0.012295231588517553,0.22639198796295915,1.4160177866414194,1.0,20.0,20000,2000,2000,20000,282
method_a,css,uniform,Z,3,0.013466206025519227,0.22639198796295915,1.4160177866414194,1.0,20.0,20000,2000,2000,20000,423
method_a,css,uniform,Z,3,0.014637180462520898,0.22639198796295915,1.4160177866414194,1.0,20.0,20000,2000,2000,20000,597
method_a,css,uniform,Z,3,0.01580815489952257,0.22639198796295915,1.4160177866414194,1.0,20.0,20000,2000,2000,20000,822
method_a,css,uniform,Z,5,0.0052693849665075235,0.22639198796295915,1.4160177866414194,1.0,20.0,20000,2000,2000,20000,0
method_a,css,uniform,Z,5,0.006440359403509196,0.22639198796295915,1.4160177866414194,1.0,20.0,20000,2000,2000,20000,0
method_a,css,uniform,Z,5,0.007611333840510867,0.22639198796295915,1.4160177866414194,1.0,20.0,20000,2000,2000,20000,6
method_a,css,uniform,Z,5,0.008782308277512538,0.22639198796295915,1.4160177866414194,1.0,20.0,20000,2000,2000,20000,23
method_a,css,uniform,Z,5,0.009953282714514209,0.22639198796295915,1.4160177866414194,1.0,20.0,20000,2000,2000,20000,67
method_a,css,uniform,Z,5,0.011124257151515883,0.22639198796295915,1.4160177866414194,1.0,20.0,20000,2000,2000,20000,171
method_a,css,uniform,Z,5,0.012295231588517553,0.22639198796295915,1.4160177866414194,1.0,20.0,20000,2000,2000,20000,382
method_a,css,uniform,Z,5,0.013466206025519227,0.22639198796295915,1.4160177866414194,1.0,20.0,20000,2000,2000,20000,719
method_a,css,uniform,Z,5,0.014637180462520898,0.22639198796295915,1.4160177866414194,1.0,20.0,20000,2000,2000,20000,1202
method_a,css,uniform,Z,5,0.01580815489952257,0.22639198796295915,1.4160177866414194,1.0,20.0,20000,2000,2000,20000,1805
method_a,css,uniform,X,3,0.0021077539866030093,0.22639198796295915,1.4160177866414194,1.0,20.0,20000,2000,2000,20000,3
method_a,css,uniform,X,3,0.0025761437614036783,0.22639198796295915,1.4160177866414194,1.0,20.0,20000,2000,2000,20000,8
method_a,css,uniform,X,3,0.003044533536204347,0.22639198796295915,1.4160177866414194,1.0,20.0,20000,2000,2000,20000,27
method_a,css,uniform,X,3,0.0035129233110050154,0.22639198796295915,1.4160177866414194,1.0,20.0,20000,2000,2000,20000,55
method_a,css,uniform,X,3,0.003981313085805684,0.22639198796295915,1.4160177866414194,1.0,20.0,20000,2000,2000,20000,112
method_a,css,uniform,X,3,0.004449702860606353,0.22639198796295915,1.4160177866414194,1.0,20.0,20000,2000,2000,20000,190
method_a,css,uniform,X,3,0.004918092635407021,0.22639198796295915,1.4160177866414194,1.0,20.0,20000,2000,2000,20000,330
method_a,css,uniform,X,3,0.0053864824102076905,0.22639198796295915,1.4160177866414194,1.0,20.0,20000,2000,2000,20000,472
method_a,css,uniform,X,3,0.005854872185008359,0.22639198796295915,1.4160177866414194,1.0,20.0,20000,2000,2000,20000,747
method_a,css,uniform,X,3,0.0063232619598090276,0.22639198796295915,1.4160177866414194,1.0,20.0,20000,2000,2000,20000,1059
method_a,css,uniform,X,5,0.0021077539866030093,0.22639198796295915,1.4160177866414194,1.0,20.0,20000,2000,2000,20000,0
method_a,css,uniform,X,5,0.0025761437614036783,0.22639198796295915,1.4160177866414194,1.0,20.0,20000,2000,2000,20000,0
method_a,css,uniform,X,5,0.003044533536204347,0.22639198796295915,1.4160177866414194,1.0,20.0,20000,2000,2000,20000,6
method_a,css,uniform,X,5,0.0035129233110050154,0.22639198796295915,1.4160177866414194,1.0,20.0,20000,2000,2000,20000,14
method_a,css,uniform,X,5,0.003981313085805684,0.22639198796295915,1.4160177866414194,1.0,20.0,20000,2000,2000,20000,81
method_a,css,uniform,X,5,0.004449702860606353,0.22639198796295915,1.4160177866414194,1.0,20.0,20000,2000,2000,20000,189
method_a,css,uniform,X,5,0.004918092635407021,0.22639198796295915,1.4160177866414194,1.0,20.0,20000,2000,2000,20000,396
method_a,css,uniform,X,5,0.0053864824102076905,0.22639198796295915,1.4160177866414194,1.0,20.0,20000,2000,2000,20000,776
method_a,css,uniform,X,5,0.005854872185008359,0.22639198796295915,1.4160177866414194,1.0,20.0,20000,2000,2000,20000,1443
method_a,css,uniform,X,5,0.0063232619598090276,0.22639198796295915,1.4160177866414194,1.0,20.0,20000,2000,2000,20000,2097
method_a,css,uniform,Z,3,0.005597919105182922,0.43628926005720603,1.5707963267948966,1.0,20.0,20000,2000,2000,20000,5
method_a,css,uniform,Z,3,0.006841901128556905,0.43628926005720603,1.5707963267948966,1.0,20.0,20000,2000,2000,20000,10
method_a,css,uniform,Z,3,0.008085883151930887,0.43628926005720603,1.5707963267948966,1.0,20.0,20000,2000,2000,20000,23
method_a,css,uniform,Z,3,0.00932986517530487,0.43628926005720603,1.5707963267948966,1.0,20.0,20000,2000,2000,20000,54
method_a,css,uniform,Z,3,0.010573847198678852,0.43628926005720603,1.5707963267948966,1.0,20.0,20000,2000,2000,20000,101
method_a,css,uniform,Z,3,0.011817829222052836,0.43628926005720603,1.5707963267948966,1.0,20.0,20000,2000,2000,20000,159
method_a,css,uniform,Z,3,0.013061811245426816,0.43628926005720603,1.5707963267948966,1.0,20.0,20000,2000,2000,20000,259
method_a,css,uniform,Z,3,0.014305793268800798,0.43628926005720603,1.5707963267948966,1.0,20.0,20000,2000,2000,20000,390
method_a,css,uniform,Z,3,0.015549775292174781,0.43628926005720603,1.5707963267948966,1.0,20.0,20000,2000,2000,20000,598
method_a,css,uniform,Z,3,0.016793757315548764,0.43628926005720603,1.5707963267948966,1.0,20.0,20000,2000,2000,20000,802
method_a,css,uniform,Z,5,0.005597919105182922,0.43628926005720603,1.5707963267948966,1.0,20.0,20000,2000,2000,20000,0
method_a,css,uniform,Z,5,0.006841901128556905,0.43628926005720603,1.5707963267948966,1.0,20.0,20000,2000,2000,20000,2
method_a,css,uniform,Z,5,0.008085883151930887,0.43628926005720603,1.5707963267948966,1.0,20.0,20000,2000,2000,20000,8
method_a,css,uniform,Z,5,0.00932986517530487,0.43628926005720603,1.5707963267948966,1.0,20.0,20000,2000,2000,20000,23
method_a,css,uniform,Z,5,0.010573847198678852,0.43628926005720603,1.5707963267948966,1.0,20.0,20000,2000,2000,20000,85
method_a,css,uniform,Z,5,0.011817829222052836,0.43628926005720603,1.5707963267948966,1.0,20.0,20000,2000,2000,20000,172
method_a,css,uniform,Z,5,0.013061811245426816,0.43628926005720603,1.5707963267948966,1.0,20.0,20000,2000,2000,20000,354
method_a,css,uniform,Z,5,0.014305793268800798,0.43628926005720603,1.5707963267948966,1.0,20.0,20000,2000,2000,20000,719
method_a,css,uniform,Z,5,0.015549775292174781,0.43628926005720603,1.5707963267948966,1.0,20.0,20000,2000,2000,20000,1162
method_a,css,uniform,Z,5,0.016793757315548764,0.43628926005720603,1.5707963267948966,1.0,20.0,20000,2000,2000,20000,1793
method_a,css,uniform,X,3,0.0022391676420731687,0.43628926005720603,1.5707963267948966,1.0,20.0,20000,2000,2000,20000,4
method_a,css,uniform,X,3,0.002736760451422762,0.43628926005720603,1.5707963267948966,1.0,20.0,20000,2000,2000,20000,10
method_a,css,uniform,X,3,0.003234353260772355,0.43628926005720603,1.5707963267948966,1.0,20.0,20000,2000,2000,20000,16
method_a,css,uniform,X,3,0.0037319460701219476,0.43628926005720603,1.5707963267948966,1.0,20.0,20000,2000,2000,20000,47
method_a,css,uniform,X,3,0.00422953887947154,0.43628926005720603,1.5707963267948966,1.0,20.0,20000,2000,2000,20000,79
method_a,css,uniform,X,3,0.0047271316888211345,0.43628926005720603,1.5707963267948966,1.0,20.0,20000,2000,2000,20000,136
method_a,css,uniform,X,3,0.005224724498170726,0.43628926005720603,1.5707963267948966,1.0,20.0,20000,2000,2000,20000,261
method_a,css,uniform,X,3,0.005722317307520319,0.43628926005720603,1.5707963267948966,1.0,20.0,20000,2000,2000,20000,368
method_a,css,uniform,X,3,0.0062199101168699126,0.43628926005720603,1.5707963267948966,1.0,20.0,20000,2000,2000,20000,595
method_a,css,uniform,X,3,0.006717502926219506,0.43628926005720603,1.5707963267948966,1.0,20.0,20000,2000,2000,20000,835
method_a,css,uniform,X,5,0.0022391676420731687,0.43628926005720603,1.5707963267948966,1.0,20.0,20000,2000,2000,20000,0
method_a,css,uniform,X,5,0.002736760451422762,0.43628926005720603,1.5707963267948966,1.0,20.0,20000,2000,2000,20000,0
method_a,css,uniform,X,5,0.003234353260772355,0.43628926005720603,1.5707963267948966,1.0,20.0,20000,2000,2000,20000,1
method_a,css,uniform,X,5,0.0037319460701219476,0.43628926005720603,1.5707963267948966,1.0,20.0,20000,2000,2000,20000,14
method_a,css,uniform,X,5,0.00422953887947154,0.43628926005720603,1.5707963267948966,1.0,20.0,20000,2000,2000,20000,58
method_a,css,uniform,X,5,0.0047271316888211345,0.43628926005720603,1.5707963267948966,1.0,20.0,20000,2000,2000,20000,144
method_a,css,uniform,X,5,0.005224724498170726,0.43628926005720603,1.5707963267948966,1.0,20.0,20000,2000,2000,20000,347
method_a,css,uniform,X,5,0.005722317307520319,0.43628926005720603,1.5707963267948966,1.0,20.0,20000,2000,2000,20000,642
method_a,css,uniform,X,5,0.0062199101168699126,0.43628926005720603,1.5707963267948966,1.0,20.0,20000,2000,2000,20000,1086
method_a,css,uniform,X,5,0.006717502926219506,0.43628926005720603,1.5707963267948966,1.0,20.0,20000,2000,2000,20000,1730
method_a,css,uniform,Z,3,0.017027196807372087,0.0,1.454306264554517,1.0,20.0,20000,2000,2000,20000,25
method_a,css,uniform,Z,3,0.020811018320121444,0.0,1.454306264554517,1.0,20.0,20000,2000,2000,20000,50
method_a,css,uniform,Z,3,0.02459483983287079,0.0,1.454306264554517,1.0,20.0,20000,2000,2000,20000,122
method_a,css,uniform,Z,3,0.028378661345620143,0.0,1.454306264554517,1.0,20.0,20000,2000,2000,20000,243
method_a,css,uniform,Z,3,0.0321624828583695,0.0,1.454306264554517,1.0,20.0,20000,2000,2000,20000,456
method_a,css,uniform,Z,3,0.03594630437111885,0.0,1.454306264554517,1.0,20.0,20000,2000,2000,20000,810
method_a,css,uniform,Z,3,0.0397301258838682,0.0,1.454306264554517,1.0,20.0,20000,2000,2000,20000,1179
method_a,css,uniform,Z,3,0.043513947396617556,0.0,1.454306264554517,1.0,20.0,20000,2000,2000,20000,1714
method_a,css,uniform,Z,3,0.047297768909366905,0.0,1.454306264554517,1.0,20.0,20000,2000,2000,18000,2167
method_a,css,uniform,Z,3,0.05108159042211627,0.0,1.454306264554517,1.0,20.0,20000,2000,2000,14000,2071
method_a,css,uniform,Z,5,0.017027196807372087,0.0,1.454306264554517,1.0,20.0,20000,2000,2000,20000,4
method_a,css,uniform,Z,5,0.020811018320121444,0.0,1.454306264554517,1.0,20.0,20000,2000,2000,20000,17
method_a,css,uniform,Z,5,0.02459483983287079,0.0,1.454306264554517,1.0,20.0,20000,2000,2000,20000,83
method_a,css,uniform,Z,5,0.028378661345620143,0.0,1.454306264554517,1.0,20.0,20000,2000,2000,20000,254
method_a,css,uniform,Z,5,0.0321624828583695,0.0,1.454306264554517,1.0,20.0,20000,2000,2000,20000,701
method_a,css,uniform,Z,5,0.03594630437111885,0.0,1.454306264554517,1.0,20.0,20000,2000,2000,20000,1462
method_a,css,uniform,Z,5,0.0397301258838682,0.0,1.454306264554517,1.0,20.0,20000,2000,2000,16000,2055
method_a,css,uniform,Z,5,0.043513947396617556,0.0,1.454306264554517,1.0,20.0,20000,2000,2000,10000,2019
method_a,css,uniform,Z,5,0.047297768909366905,0.0,1.454306264554517,1.0,20.0,20000,2000,2000,8000,2140
method_a,css,uniform,Z,5,0.05108159042211627,0.0,1.454306264554517,1.0,20.0,20000,2000,2000,6000,2008
method_a,css,uniform,X,3,0.002724351489179534,0.0,1.454306264554517,1.0,20.0,20000,2000,2000,20000,3
method_a,css,uniform,X,3,0.0033297629312194306,0.0,1.454306264554517,1.0,20.0,20000,2000,2000,20000,10
method_a,css,uniform,X,3,0.003935174373259327,0.0,1.454306264554517,1.0,20.0,20000,2000,2000,20000,27
method_a,css,uniform,X,3,0.004540585815299223,0.0,1.454306264554517,1.0,20.0,20000,2000,2000,20000,62
method_a,css,uniform,X,3,0.00514599725733912,0.0,1.454306264554517,1.0,20.0,20000,2000,2000,20000,150
method_a,css,uniform,X,3,0.005751408699379016,0.0,1.454306264554517,1.0,20.0,20000,2000,2000,20000,230
method_a,css,uniform,X,3,0.006356820141418912,0.0,1.454306264554517,1.0,20.0,20000,2000,2000,20000,412
method_a,css,uniform,X,3,0.006962231583458808,0.0,1.454306264554517,1.0,20.0,20000,2000,2000,20000,650
method_a,css,uniform,X,3,0.007567643025498705,0.0,1.454306264554517,1.0,20.0,20000,2000,2000,20000,891
method_a,css,uniform,X,3,0.008173054467538602,0.0,1.454306264554517,1.0,20.0,20000,2000,2000,20000,1215
method_a,css,uniform,X,5,0.002724351489179534,0.0,1.454306264554517,1.0,20.0,20000,2000,2000,20000,0
method_a,css,uniform,X,5,0.0033297629312194306,0.0,1.454306264554517,1.0,20.0,20000,2000,2000,20000,1
method_a,css,uniform,X,5,0.003935174373259327,0.0,1.454306264554517,1.0,20.0,20000,2000,2000,20000,4
method_a,css,uniform,X,5,0.004540585815299223,0.0,1.454306264554517,1.0,20.0,20000,2000,2000,20000,25
method_a,css,uniform,X,5,0.00514599725733912,0.0,1.454306264554517,1.0,20.0,20000,2000,2000,20000,72
method_a,css,uniform,X,5,0.005751408699379016,0.0,1.454306264554517,1.0,20.0,20000,2000,2000,20000,248
method_a,css,uniform,X,5,0.006356820141418912,0.0,1.454306264554517,1.0,20.0,20000,2000,2000,20000,520
method_a,css,uniform,X,5,0.006962231583458808,0.0,1.454306264554517,1.0,20.0,20000,2000,2000,20000,1034
method_a,css,uniform,X,5,0.007567643025498705,0.0,1.454306264554517,1.0,20.0,20000,2000,2000,20000,1606
method_a,css,uniform,X,5,0.008173054467538602,0.0,1.454306264554517,1.0,20.0,20000,2000,2000,16000,2076
method_a,css,uniform,Z,3,0.017168357861490235,0.1730959638217988,1.5707963267948966,1.0,20.0,20000,2000,2000,20000,14
method_a,css,uniform,Z,3,0.020983548497376957,0.1730959638217988,1.5707963267948966,1.0,20.0,20000,2000,2000,20000,58
method_a,css,uniform,Z,3,0.02479873913326367,0.1730959638217988,1.5707963267948966,1.0,20.0,20000,2000,2000,20000,136
method_a,css,uniform,Z,3,0.028613929769150392,0.1730959638217988,1.5707963267948966,1.0,20.0,20000,2000,2000,20000,301
method_a,css,uniform,Z,3,0.032429120405037114,0.1730959638217988,1.5707963267948966,1.0,20.0,20000,2000,2000,20000,471
method_a,css,uniform,Z,3,0.036244311040923835,0.1730959638217988,1.5707963267948966,1.0,20.0,20000,2000,2000,20000,805
method_a,css,uniform,Z,3,0.04005950167681054,0.1730959638217988,1.5707963267948966,1.0,20.0,20000,2000,2000,20000,1215
method_a,css,uniform,Z,3,0.043874692312697264,0.1730959638217988,1.5707963267948966,1.0,20.0,20000,2000,2000,20000,1610
method_a,css,uniform,Z,3,0.04768988294858399,0.1730959638217988,1.5707963267948966,1.0,20.0,20000,2000,2000,20000,2172
method_a,css,uniform,Z,3,0.051505073584470706,0.1730959638217988,1.5707963267948966,1.0,20.0,20000,2000,2000,16000,2100
method_a,css,uniform,Z,5,0.017168357861490235,0.1730959638217988,1.5707963267948966,1.0,20.0,20000,2000,2000,20000,2
method_a,css,uniform,Z,5,0.020983548497376957,0.1730959638217988,1.5707963267948966,1.0,20.0,20000,2000,2000,20000,34
method_a,css,uniform,Z,5,0.02479873913326367,0.1730959638217988,1.5707963267948966,1.0,20.0,20000,2000,2000,20000,160
method_a,css,uniform,Z,5,0.028613929769150392,0.1730959638217988,1.5707963267948966,1.0,20.0,20000,2000,2000,20000,406
method_a,css,uniform,Z,5,0.032429120405037114,0.1730959638217988,1.5707963267948966,1.0,20.0,20000,2000,2000,20000,897
method_a,css,uniform,Z,5,0.036244311040923835,0.1730959638217988,1.5707963267948966,1.0,20.0,20000,2000,2000,20000,1780
method_a,css,uniform,Z,5,0.04005950167681054,0.1730959638217988,1.5707963267948966,1.0,20.0,20000,2000,2000,16000,2284
method_a,css,uniform,Z,5,0.043874692312697264,0.1730959638217988,1.5707963267948966,1.0,20.0,20000,2000,2000,10000,2043
method_a,css,uniform,Z,5,0.04768988294858399,0.1730959638217988,1.5707963267948966,1.0,20.0,20000,2000,2000,8000,2140
method_a,css,uniform,Z,5,0.051505073584470706,0.1730959638217988,1.5707963267948966,1.0,20.0,20000,2000,2000,8000,2545
method_a,css,uniform,X,3,0.0027469372578384377,0.1730959638217988,1.5707963267948966,1.0,20.0,20000,2000,2000,20000,1
method_a,css,uniform,X,3,0.003357367759580313,0.1730959638217988,1.5707963267948966,1.0,20.0,20000,2000,2000,20000,13
method_a,css,uniform,X,3,0.003967798261322188,0.1730959638217988,1.5707963267948966,1.0,20.0,20000,2000,2000,20000,25
method_a,css,uniform,X,3,0.004578228763064063,0.1730959638217988,1.5707963267948966,1.0,20.0,20000,2000,2000,20000,70
method_a,css,uniform,X,3,0.005188659264805938,0.1730959638217988,1.5707963267948966,1.0,20.0,20000,2000,2000,20000,106
method_a,css,uniform,X,3,0.005799089766547813,0.1730959638217988,1.5707963267948966,1.0,20.0,20000,2000,2000,20000,188
method_a,css,uniform,X,3,0.0064095202682896875,0.1730959638217988,1.5707963267948966,1.0,20.0,20000,2000,2000,20000,378
method_a,css,uniform,X,3,0.0070199507700315624,0.1730959638217988,1.5707963267948966,1.0,20.0,20000,2000,2000,20000,516
method_a,css,uniform,X,3,0.007630381271773438,0.1730959638217988,1.5707963267948966,1.0,20.0,20000,2000,2000,20000,767
method_a,css,uniform,X,3,0.008240811773515313,0.1730959638217988,1.5707963267948966,1.0,20.0,20000,2000,2000,20000,1044
method_a,css,uniform,X,5,0.0027469372578384377,0.1730959638217988,1.5707963267948966,1.0,20.0,20000,2000,2000,20000,0
method_a,css,uniform,X,5,0.003357367759580313,0.1730959638217988,1.5707963267948966,1.0,20.0,20000,2000,2000,20000,4
method_a,css,uniform,X,5,0.003967798261322188,0.1730959638217988,1.5707963267948966,1.0,20.0,20000,2000,2000,20000,6
method_a,css,uniform,X,5,0.004578228763064063,0.1730959638217988,1.5707963267948966,1.0,20.0,20000,2000,2000,20000,16
method_a,css,uniform,X,5,0.005188659264805938,0.1730959638217988,1.5707963267948966,1.0,20.0,20000,2000,2000,20000,79
method_a,css,uniform,X,5,0.005799089766547813,0.1730959638217988,1.5707963267948966,1.0,20.0,20000,2000,2000,20000,204
method_a,css,uniform,X,5,0.0064095202682896875,0.1730959638217988,1.5707963267948966,1.0,20.0,20000,2000,2000,20000,414
method_a,css,uniform,X,5,0.0070199507700315624,0.1730959638217988,1.5707963267948966,1.0,20.0,20000,2000,2000,20000,835
method_a,css,uniform,X,5,0.007630381271773438,0.1730959638217988,1.5707963267948966,1.0,20.0,20000,2000,2000,20000,1485
method_a,css,uniform,X,5,0.008240811773515313,0.1730959638217988,1.5707963267948966,1.0,20.0,20000,2000,2000,20000,2186
method_a,css,uniform,Z,3,0.052849370056630464,0.0,1.5707963267948966,1.0,20.0,20000,2000,2000,20000,0
method_a,css,uniform,Z,3,0.06459367451365945,0.0,1.5707963267948966,1.0,20.0,20000,2000,2000,20000,0
method_a,css,uniform,Z,3,0.07633797897068846,0.0,1.5707963267948966,1.0,20.0,20000,2000,2000,20000,3
method_a,css,uniform,Z,3,0.08808228342771743,0.0,1.5707963267948966,1.0,20.0,20000,2000,2000,20000,11
method_a,css,uniform,Z,3,0.09982658788474641,0.0,1.5707963267948966,1.0,20.0,20000,2000,2000,20000,24
method_a,css,uniform,Z,3,0.11157089234177545,0.0,1.5707963267948966,1.0,20.0,20000,2000,2000,20000,42
method_a,css,uniform,Z,3,0.1233151967988044,0.0,1.5707963267948966,1.0,20.0,20000,2000,2000,20000,85
method_a,css,uniform,Z,3,0.1350595012558334,0.0,1.5707963267948966,1.0,20.0,20000,2000,2000,20000,123
method_a,css,uniform,Z,3,0.14680380571286236,0.0,1.5707963267948966,1.0,20.0,20000,2000,2000,20000,204
method_a,css,uniform,Z,3,0.15854811016989134,0.0,1.5707963267948966,1.0,20.0,20000,2000,2000,20000,266
method_a,css,uniform,Z,5,0.052849370056630464,0.0,1.5707963267948966,1.0,20.0,20000,2000,2000,20000,0
method_a,css,uniform,Z,5,0.06459367451365945,0.0,1.5707963267948966,1.0,20.0,20000,2000,2000,20000,0
method_a,css,uniform,Z,5,0.07633797897068846,0.0,1.5707963267948966,1.0,20.0,20000,2000,2000,20000,1
method_a,css,uniform,Z,5,0.08808228342771743,0.0,1.5707963267948966,1.0,20.0,20000,2000,2000,20000,2
method_a,css,uniform,Z,5,0.09982658788474641,0.0,1.5707963267948966,1.0,20.0,20000,2000,2000,20000,3
method_a,css,uniform,Z,5,0.11157089234177545,0.0,1.5707963267948966,1.0,20.0,20000,2000,2000,20000,11
method_a,css,uniform,Z,5,0.1233151967988044,0.0,1.5707963267948966,1.0,20.0,20000,2000,2000,20000,29
method_a,css,uniform,Z,5,0.1350595012558334,0.0,1.5707963267948966,1.0,20.0,20000,2000,2000,20000,70
method_a,css,uniform,Z,5,0.14680380571286236,0.0,1.5707963267948966,1.0,20.0,20000,2000,2000,20000,176
method_a,css,uniform,Z,5,0.15854811016989134,0.0,1.5707963267948966,1.0,20.0,20000,2000,2000,20000,321
method_a,css,uniform,X,3,0.0033823596836243496,0.0,1.5707963267948966,1.0,20.0,20000,2000,2000,20000,2
method_a,css,uniform,X,3,0.004133995168874205,0.0,1.5707963267948966,1.0,20.0,20000,2000,2000,20000,19
method_a,css,uniform,X,3,0.004885630654124061,0.0,1.5707963267948966,1.0,20.0,20000,2000,2000,20000,32
method_a,css,uniform,X,3,0.005637266139373915,0.0,1.5707963267948966,1.0,20.0,20000,2000,2000,20000,62
method_a,css,uniform,X,3,0.006388901624623771,0.0,1.5707963267948966,1.0,20.0,20000,2000,2000,20000,159
method_a,css,uniform,X,3,0.007140537109873627,0.0,1.5707963267948966,1.0,20.0,20000,2000,2000,20000,244
method_a,css,uniform,X,3,0.007892172595123481,0.0,1.5707963267948966,1.0,20.0,20000,2000,2000,20000,416
method_a,css,uniform,X,3,0.008643808080373338,0.0,1.5707963267948966,1.0,20.0,20000,2000,2000,20000,639
method_a,css,uniform,X,3,0.009395443565623192,0.0,1.5707963267948966,1.0,20.0,20000,2000,2000,20000,934
method_a,css,uniform,X,3,0.010147079050873049,0.0,1.5707963267948966,1.0,20.0,20000,2000,2000,20000,1330
method_a,css,uniform,X,5,0.0033823596836243496,0.0,1.5707963267948966,1.0,20.0,20000,2000,2000,20000,0
method_a,css,uniform,X,5,0.004133995168874205,0.0,1.5707963267948966,1.0,20.0,20000,2000,2000,20000,2
method_a,css,uniform,X,5,0.004885630654124061,0.0,1.5707963267948966,1.0,20.0,20000,2000,2000,20000,17
method_a,css,uniform,X,5,0.005637266139373915,0.0,1.5707963267948966,1.0,20.0,20000,2000,2000,20000,35
method_a,css,uniform,X,5,0.006388901624623771,0.0,1.5707963267948966,1.0,20.0,20000,2000,2000,20000,69
method_a,css,uniform,X,5,0.007140537109873627,0.0,1.5707963267948966,1.0,20.0,20000,2000,2000,20000,240
method_a,css,uniform,X,5,0.007892172595123481,0.0,1.5707963267948966,1.0,20.0,20000,2000,2000,20000,542
method_a,css,uniform,X,5,0.008643808080373338,0.0,1.5707963267948966,1.0,20.0,20000,2000,2000,20000,967
method_a,css,uniform,X,5,0.009395443565623192,0.0,1.5707963267948966,1.0,20.0,20000,2000,2000,20000,1746
method_a,css,uniform,X,5,0.010147079050873049,0.0,1.5707963267948966,1.0,20.0,20000,2000,2000,16000,2077
method_a,css,uniform,Z,3,0.010994534812099659,0.0,0.0,0.01,20.0,20000,2000,2000,20000,0
method_a,css,uniform,Z,3,0.021989069624199317,0.0,0.0,0.01,20.0,20000,2000,2000,20000,0
method_a,css,uniform,Z,3,0.03298360443629896,0.0,0.0,0.01,20.0,20000,2000,2000,20000,0
method_a,css,uniform,Z,3,0.043978139248398634,0.0,0.0,0.01,20.0,20000,2000,2000,20000,1
method_a,css,uniform,Z,3,0.05497267406049829,0.0,0.0,0.01,20.0,20000,2000,2000,20000,0
method_a,css,uniform,Z,3,0.06596720887259792,0.0,0.0,0.01,20.0,20000,2000,2000,20000,0
method_a,css,uniform,Z,3,0.07696174368469759,0.0,0.0,0.01,20.0,20000,2000,2000,20000,1
method_a,css,uniform,Z,3,0.08795627849679727,0.0,0.0,0.01,20.0,20000,2000,2000,20000,1
method_a,css,uniform,Z,3,0.0989508133088969,0.0,0.0,0.01,20.0,20000,2000,2000,20000,8
method_a,css,uniform,Z,5,0.010994534812099659,0.0,0.0,0.01,20.0,20000,2000,2000,20000,0
method_a,css,uniform,Z,5,0.021989069624199317,0.0,0.0,0.01,20.0,20000,2000,2000,20000,0
method_a,css,uniform,Z,5,0.03298360443629896,0.0,0.0,0.01,20.0,20000,2000,2000,20000,0
method_a,css,uniform,Z,5,0.043978139248398634,0.0,0.0,0.01,20.0,20000,2000,2000,20000,0
method_a,css,uniform,Z,5,0.05497267406049829,0.0,0.0,0.01,20.0,20000,2000,2000,20000,0
method_a,css,uniform,Z,5,0.06596720887259792,0.0,0.0,0.01,20.0,20000,2000,2000,20000,0
method_a,css,uniform,Z,5,0.07696174368469759,0.0,0.0,0.01,20.0,20000,2000,2000,20000,0
method_a,css,uniform,Z,5,0.08795627849679727,0.0,0.0,0.01,20.0,20000,2000,2000,20000,0
method_a,css,uniform,Z,5,0.0989508133088969,0.0,0.0,0.01,20.0,20000,2000,2000,20000,0
method_a,css,uniform,X,3,0.001759125569935945,0.0,0.0,0.01,20.0,20000,2000,2000,20000,0
method_a,css,uniform,X,3,0.00351825113987189,0.0,0.0,0.01,20.0,20000,2000,2000,20000,0
method_a,css,uniform,X,3,0.005277376709807834,0.0,0.0,0.01,20.0,20000,2000,2000,20000,1
method_a,css,uniform,X,3,0.00703650227974378,0.0,0.0,0.01,20.0,20000,2000,2000,20000,4
method_a,css,uniform,X,3,0.008795627849679726,0.0,0.0,0.01,20.0,20000,2000,2000,20000,29
method_a,css,uniform,X,3,0.010554753419615669,0.0,0.0,0.01,20.0,20000,2000,2000,20000,54
method_a,css,uniform,X,3,0.012313878989551615,0.0,0.0,0.01,20.0,20000,2000,2000,20000,124
method_a,css,uniform,X,3,0.01407300455948756,0.0,0.0,0.01,20.0,20000,2000,2000,20000,218
method_a,css,uniform,X,3,0.015832130129423506,0.0,0.0,0.01,20.0,20000,2000,2000,20000,409
method_a,css,uniform,X,5,0.001759125569935945,0.0,0.0,0.01,20.0,20000,2000,2000,20000,0
method_a,css,uniform,X,5,0.00351825113987189,0.0,0.0,0.01,20.0,20000,2000,2000,20000,0
method_a,css,uniform,X,5,0.005277376709807834,0.0,0.0,0.01,20.0,20000,2000,2000,20000,0
method_a,css,uniform,X,5,0.00703650227974378,0.0,0.0,0.01,20.0,20000,2000,2000,20000,0
method_a,css,uniform,X,5,0.008795627849679726,0.0,0.0,0.01,20.0,20000,2000,2000,20000,4
method_a,css,uniform,X,5,0.010554753419615669,0.0,0.0,0.01,20.0,20000,2000,2000,20000,35
method_a,css,uniform,X,5,0.012313878989551615,0.0,0.0,0.01,20.0,20000,2000,2000,20000,153
method_a,css,uniform,X,5,0.01407300455948756,0.0,0.0,0.01,20.0,20000,2000,2000,20000,451
method_a,css,uniform,X,5,0.015832130129423506,0.0,0.0,0.01,20.0,20000,2000,2000,20000,929
method_a,css,uniform,Z,3,0.010994534812099659,0.0,0.0,0.03162277660168379,20.0,20000,2000,2000,20000,0
method_a,css,uniform,Z,3,0.021989069624199317,0.0,0.0,0.03162277660168379,20.0,20000,2000,2000,20000,0
method_a,css,uniform,Z,3,0.03298360443629896,0.0,0.0,0.03162277660168379,20.0,20000,2000,2000,20000,3
method_a,css,uniform,Z,3,0.043978139248398634,0.0,0.0,0.03162277660168379,20.0,20000,2000,2000,20000,31
method_a,css,uniform,Z,3,0.05497267406049829,0.0,0.0,0.03162277660168379,20.0,20000,2000,2000,20000,116
method_a,css,uniform,Z,3,0.06596720887259792,0.0,0.0,0.03162277660168379,20.0,20000,2000,2000,20000,289
method_a,css,uniform,Z,3,0.07696174368469759,0.0,0.0,0.03162277660168379,20.0,20000,2000,2000,20000,597
method_a,css,uniform,Z,3,0.08795627849679727,0.0,0.0,0.03162277660168379,20.0,20000,2000,2000,20000,1004
method_a,css,uniform,Z,3,0.0989508133088969,0.0,0.0,0.03162277660168379,20.0,20000,2000,2000,20000,1651
method_a,css,uniform,Z,5,0.010994534812099659,0.0,0.0,0.03162277660168379,20.0,20000,2000,2000,20000,0
method_a,css,uniform,Z,5,0.021989069624199317,0.0,0.0,0.03162277660168379,20.0,20000,2000,2000,20000,0
method_a,css,uniform,Z,5,0.03298360443629896,0.0,0.0,0.03162277660168379,20.0,20000,2000,2000,20000,0
method_a,css,uniform,Z,5,0.043978139248398634,0.0,0.0,0.03162277660168379,20.0,20000,2000,2000,20000,7
method_a,css,uniform,Z,5,0.05497267406049829,0.0,0.0,0.03162277660168379,20.0,20000,2000,2000,20000,64
method_a,css,uniform,Z,5,0.06596720887259792,0.0,0.0,0.03162277660168379,20.0,20000,2000,2000,20000,277
method_a,css,uniform,Z,5,0.07696174368469759,0.0,0.0,0.03162277660168379,20.0,20000,2000,2000,20000,880
method_a,css,uniform,Z,5,0.08795627849679727,0.0,0.0,0.03162277660168379,20.0,20000,2000,2000,20000,2096
method_a,css,uniform,Z,5,0.0989508133088969,0.0,0.0,0.03162277660168379,20.0,20000,2000,2000,12000,2218
method_a,css,uniform,X,3,0.001759125569935945,0.0,0.0,0.03162277660168379,20.0,20000,2000,2000,20000,0
method_a,css,uniform,X,3,0.00351825113987189,0.0,0.0,0.03162277660168379,20.0,20000,2000,2000,20000,0
method_a,css,uniform,X,3,0.005277376709807834,0.0,0.0,0.03162277660168379,20.0,20000,2000,2000,20000,1
method_a,css,uniform,X,3,0.00703650227974378,0.0,0.0,0.03162277660168379,20.0,20000,2000,2000,20000,14
method_a,css,uniform,X,3,0.008795627849679726,0.0,0.0,0.03162277660168379,20.0,20000,2000,2000,20000,39
method_a,css,uniform,X,3,0.010554753419615669,0.0,0.0,0.03162277660168379,20.0,20000,2000,2000,20000,91
method_a,css,uniform,X,3,0.012313878989551615,0.0,0.0,0.03162277660168379,20.0,20000,2000,2000,20000,188
method_a,css,uniform,X,3,0.01407300455948756,0.0,0.0,0.03162277660168379,20.0,20000,2000,2000,20000,427
method_a,css,uniform,X,3,0.015832130129423506,0.0,0.0,0.03162277660168379,20.0,20000,2000,2000,20000,699
method_a,css,uniform,X,5,0.001759125569935945,0.0,0.0,0.03162277660168379,20.0,20000,2000,2000,20000,0
method_a,css,uniform,X,5,0.00351825113987189,0.0,0.0,0.03162277660168379,20.0,20000,2000,2000,20000,0
method_a,css,uniform,X,5,0.005277376709807834,0.0,0.0,0.03162277660168379,20.0,20000,2000,2000,20000,0
method_a,css,uniform,X,5,0.00703650227974378,0.0,0.0,0.03162277660168379,20.0,20000,2000,2000,20000,3
method_a,css,uniform,X,5,0.008795627849679726,0.0,0.0,0.03162277660168379,20.0,20000,2000,2000,20000,24
method_a,css,uniform,X,5,0.010554753419615669,0.0,0.0,0.03162277660168379,20.0,20000,2000,2000,20000,110
method_a,css,uniform,X,5,0.012313878989551615,0.0,0.0,0.03162277660168379,20.0,20000,2000,2000,20000,364
method_a,css,uniform,X,5,0.01407300455948756,0.0,0.0,0.03162277660168379,20.0,20000,2000,2000,20000,903
method_a,css,uniform,X,5,0.015832130129423506,0.0,0.0,0.03162277660168379,20.0,20000,2000,2000,20000,1847
method_a,css,uniform,Z,3,0.004397813924839863,0.0,0.0,0.1,20.0,20000,2000,2000,20000,0
method_a,css,uniform,Z,3,0.008795627849679726,0.0,0.0,0.1,20.0,20000,2000,2000,20000,3
method_a,css,uniform,Z,3,0.013193441774519586,0.0,0.0,0.1,20.0,20000,2000,2000,20000,21
method_a,css,uniform,Z,3,0.017591255699359452,0.0,0.0,0.1,20.0,20000,2000,2000,20000,71
method_a,css,uniform,Z,3,0.021989069624199317,0.0,0.0,0.1,20.0,20000,2000,2000,20000,276
method_a,css,uniform,Z,3,0.02638688354903917,0.0,0.0,0.1,20.0,20000,2000,2000,20000,635
method_a,css,uniform,Z,3,0.030784697473879036,0.0,0.0,0.1,20.0,20000,2000,2000,20000,1171
method_a,css,uniform,Z,3,0.035182511398718905,0.0,0.0,0.1,20.0,20000,2000,2000,20000,1970
method_a,css,uniform,Z,3,0.03958032532355876,0.0,0.0,0.1,20.0,20000,2000,2000,14000,2089
method_a,css,uniform,Z,5,0.004397813924839863,0.0,0.0,0.1,20.0,20000,2000,2000,20000,0
method_a,css,uniform,Z,5,0.008795627849679726,0.0,0.0,0.1,20.0,20000,2000,2000,20000,0
method_a,css,uniform,Z,5,0.013193441774519586,0.0,0.0,0.1,20.0,20000,2000,2000,20000,2
method_a,css,uniform,Z,5,0.017591255699359452,0.0,0.0,0.1,20.0,20000,2000,2000,20000,24
method_a,css,uniform,Z,5,0.021989069624199317,0.0,0.0,0.1,20.0,20000,2000,2000,20000,267
method_a,css,uniform,Z,5,0.02638688354903917,0.0,0.0,0.1,20.0,20000,2000,2000,20000,985
method_a,css,uniform,Z,5,0.030784697473879036,0.0,0.0,0.1,20.0,20000,2000,2000,16000,2089
method_a,css,uniform,Z,5,0.035182511398718905,0.0,0.0,0.1,20.0,20000,2000,2000,10000,2381
method_a,css,uniform,Z,5,0.03958032532355876,0.0,0.0,0.1,20.0,20000,2000,2000,6000,2023
method_a,css,uniform,X,3,0.001759125569935945,0.0,0.0,0.1,20.0,20000,2000,2000,20000,0
method_a,css,uniform,X,3,0.00351825113987189,0.0,0.0,0.1,20.0,20000,2000,2000,20000,0
method_a,css,uniform,X,3,0.005277376709807834,0.0,0.0,0.1,20.0,20000,2000,2000,20000,7
method_a,css,uniform,X,3,0.00703650227974378,0.0,0.0,0.1,20.0,20000,2000,2000,20000,51
method_a,css,uniform,X,3,0.008795627849679726,0.0,0.0,0.1,20.0,20000,2000,2000,20000,173
method_a,css,uniform,X,3,0.010554753419615669,0.0,0.0,0.1,20.0,20000,2000,2000,20000,448
method_a,css,uniform,X,3,0.012313878989551615,0.0,0.0,0.1,20.0,20000,2000,2000,20000,827
method_a,css,uniform,X,3,0.01407300455948756,0.0,0.0,0.1,20.0,20000,2000,2000,20000,1443
method_a,css,uniform,X,3,0.015832130129423506,0.0,0.0,0.1,20.0,20000,2000,2000,20000,2199
method_a,css,uniform,X,5,0.001759125569935945,0.0,0.0,0.1,20.0,20000,2000,2000,20000,0
method_a,css,uniform,X,5,0.00351825113987189,0.0,0.0,0.1,20.0,20000,2000,2000,20000,0
method_a,css,uniform,X,5,0.005277376709807834,0.0,0.0,0.1,20.0,20000,2000,2000,20000,4
method_a,css,uniform,X,5,0.00703650227974378,0.0,0.0,0.1,20.0,20000,2000,2000,20000,27
method_a,css,uniform,X,5,0.008795627849679726,0.0,0.0,0.1,20.0,20000,2000,2000,20000,217
method_a,css,uniform,X,5,0.010554753419615669,0.0,0.0,0.1,20.0,20000,2000,2000,20000,893
method_a,css,uniform,X,5,0.012313878989551615,0.0,0.0,0.1,20.0,20000,2000,2000,20000,2195
method_a,css,uniform,X,5,0.01407300455948756,0.0,0.0,0.1,20.0,20000,2000,2000,10000,2024
method_a,css,uniform,X,5,0.015832130129423506,0.0,0.0,0.1,20.0,20000,2000,2000,8000,2379
method_a,css,uniform,Z,3,0.001759125569935945,0.0,0.0,0.31622776601683794,20.0,20000,2000,2000,20000,0
method_a,css,uniform,Z,3,0.00351825113987189,0.0,0.0,0.31622776601683794,20.0,20000,2000,2000,20000,3
method_a,css,uniform,Z,3,0.005277376709807834,0.0,0.0,0.31622776601683794,20.0,20000,2000,2000,20000,18
method_a,css,uniform,Z,3,0.00703650227974378,0.0,0.0,0.31622776601683794,20.0,20000,2000,2000,20000,98
method_a,css,uniform,Z,3,0.008795627849679726,0.0,0.0,0.31622776601683794,20.0,20000,2000,2000,20000,333
method_a,css,uniform,Z,3,0.010554753419615669,0.0,0.0,0.31622776601683794,20.0,20000,2000,2000,20000,823
method_a,css,uniform,Z,3,0.012313878989551615,0.0,0.0,0.31622776601683794,20.0,20000,2000,2000,20000,1419
method_a,css,uniform,Z,3,0.01407300455948756,0.0,0.0,0.31622776601683794,20.0,20000,2000,2000,18000,2139
method_a,css,uniform,Z,3,0.015832130129423506,0.0,0.0,0.31622776601683794,20.0,20000,2000,2000,12000,2057
method_a,css,uniform,Z,5,0.001759125569935945,0.0,0.0,0.31622776601683794,20.0,20000,2000,2000,20000,0
method_a,css,uniform,Z,5,0.00351825113987189,0.0,0.0,0.31622776601683794,20.0,20000,2000,2000,20000,0
method_a,css,uniform,Z,5,0.005277376709807834,0.0,0.0,0.31622776601683794,20.0,20000,2000,2000,20000,3
method_a,css,uniform,Z,5,0.00703650227974378,0.0,0.0,0.31622776601683794,20.0,20000,2000,2000,20000,63
method_a,css,uniform,Z,5,0.008795627849679726,0.0,0.0,0.31622776601683794,20.0,20000,2000,2000,20000,434
method_a,css,uniform,Z,5,0.010554753419615669,0.0,0.0,0.31622776601683794,20.0,20000,2000,2000,20000,1477
method_a,css,uniform,Z,5,0.012313878989551615,0.0,0.0,0.31622776601683794,20.0,20000,2000,2000,12000,2009
method_a,css,uniform,Z,5,0.01407300455948756,0.0,0.0,0.31622776601683794,20.0,20000,2000,2000,8000,2238
method_a,css,uniform,Z,5,0.015832130129423506,0.0,0.0,0.31622776601683794,20.0,20000,2000,2000,6000,2274
method_a,css,uniform,X,3,0.000703650227974378,0.0,0.0,0.31622776601683794,20.0,20000,2000,2000,20000,0
method_a,css,uniform,X,3,0.001407300455948756,0.0,0.0,0.31622776601683794,20.0,20000,2000,2000,20000,0
method_a,css,uniform,X,3,0.0021109506839231337,0.0,0.0,0.31622776601683794,20.0,20000,2000,2000,20000,2
method_a,css,uniform,X,3,0.002814600911897512,0.0,0.0,0.31622776601683794,20.0,20000,2000,2000,20000,5
method_a,css,uniform,X,3,0.00351825113987189,0.0,0.0,0.31622776601683794,20.0,20000,2000,2000,20000,19
method_a,css,uniform,X,3,0.0042219013678462675,0.0,0.0,0.31622776601683794,20.0,20000,2000,2000,20000,51
method_a,css,uniform,X,3,0.004925551595820646,0.0,0.0,0.31622776601683794,20.0,20000,2000,2000,20000,124
method_a,css,uniform,X,3,0.005629201823795024,0.0,0.0,0.31622776601683794,20.0,20000,2000,2000,20000,234
method_a,css,uniform,X,3,0.006332852051769402,0.0,0.0,0.31622776601683794,20.0,20000,2000,2000,20000,413
method_a,css,uniform,X,5,0.000703650227974378,0.0,0.0,0.31622776601683794,20.0,20000,2000,2000,20000,0
method_a,css,uniform,X,5,0.001407300455948756,0.0,0.0,0.31622776601683794,20.0,20000,2000,2000,20000,0
method_a,css,uniform,X,5,0.0021109506839231337,0.0,0.0,0.31622776601683794,20.0,20000,2000,2000,20000,0
method_a,css,uniform,X,5,0.002814600911897512,0.0,0.0,0.31622776601683794,20.0,20000,2000,2000,20000,1
method_a,css,uniform,X,5,0.00351825113987189,0.0,0.0,0.31622776601683794,20.0,20000,2000,2000,20000,4
method_a,css,uniform,X,5,0.0042219013678462675,0.0,0.0,0.31622776601683794,20.0,20000,2000,2000,20000,25
method_a,css,uniform,X,5,0.004925551595820646,0.0,0.0,0.31622776601683794,20.0,20000,2000,2000,20000,104
method_a,css,uniform,X,5,0.005629201823795024,0.0,0.0,0.31622776601683794,20.0,20000,2000,2000,20000,258
method_a,css,uniform,X,5,0.006332852051769402,0.0,0.0,0.31622776601683794,20.0,20000,2000,2000,20000,670
method_a,css,uniform,Z,3,0.000703650227974378,0.0,0.0,1.0,20.0,20000,2000,2000,20000,0
method_a,css,uniform,Z,3,0.001407300455948756,0.0,0.0,1.0,20.0,20000,2000,2000,20000,1
method_a,css,uniform,Z,3,0.0021109506839231337,0.0,0.0,1.0,20.0,20000,2000,2000,20000,6
method_a,css,uniform,Z,3,0.002814600911897512,0.0,0.0,1.0,20.0,20000,2000,2000,20000,41
method_a,css,uniform,Z,3,0.00351825113987189,0.0,0.0,1.0,20.0,20000,2000,2000,20000,150
method_a,css,uniform,Z,3,0.0042219013678462675,0.0,0.0,1.0,20.0,20000,2000,2000,20000,318
method_a,css,uniform,Z,3,0.004925551595820646,0.0,0.0,1.0,20.0,20000,2000,2000,20000,655
method_a,css,uniform,Z,3,0.005629201823795024,0.0,0.0,1.0,20.0,20000,2000,2000,20000,1189
method_a,css,uniform,Z,3,0.006332852051769402,0.0,0.0,1.0,20.0,20000,2000,2000,20000,1917
method_a,css,uniform,Z,5,0.000703650227974378,0.0,0.0,1.0,20.0,20000,2000,2000,20000,0
method_a,css,uniform,Z,5,0.001407300455948756,0.0,0.0,1.0,20.0,20000,2000,2000,20000,1
method_a,css,uniform,Z,5,0.0021109506839231337,0.0,0.0,1.0,20.0,20000,2000,2000,20000,0
method_a,css,uniform,Z,5,0.002814600911897512,0.0,0.0,1.0,20.0,20000,2000,2000,20000,10
method_a,css,uniform,Z,5,0.00351825113987189,0.0,0.0,1.0,20.0,20000,2000,2000,20000,69
method_a,css,uniform,Z,5,0.0042219013678462675,0.0,0.0,1.0,20.0,20000,2000,2000,20000,378
method_a,css,uniform,Z,5,0.004925551595820646,0.0,0.0,1.0,20.0,20000,2000,2000,20000,1266
method_a,css,uniform,Z,5,0.005629201823795024,0.0,0.0,1.0,20.0,20000,2000,2000,16000,2118
method_a,css,uniform,Z,5,0.006332852051769402,0.0,0.0,1.0,20.0,20000,2000,2000,10000,2205
method_a,css,uniform,X,3,0.000703650227974378,0.0,0.0,1.0,20.0,20000,2000,2000,20000,0
method_a,css,uniform,X,3,0.001407300455948756,0.0,0.0,1.0,20.0,20000,2000,2000,20000,4
method_a,css,uniform,X,3,0.0021109506839231337,0.0,0.0,1.0,20.0,20000,2000,2000,20000,24
method_a,css,uniform,X,3,0.002814600911897512,0.0,0.0,1.0,20.0,20000,2000,2000,20000,86
method_a,css,uniform,X,3,0.00351825113987189,0.0,0.0,1.0,20.0,20000,2000,2000,20000,297
method_a,css,uniform,X,3,0.0042219013678462675,0.0,0.0,1.0,20.0,20000,2000,2000,20000,686
method_a,css,uniform,X,3,0.004925551595820646,0.0,0.0,1.0,20.0,20000,2000,2000,20000,1311
method_a,css,uniform,X,3,0.005629201823795024,0.0,0.0,1.0,20.0,20000,2000,2000,20000,2160
method_a,css,uniform,X,3,0.006332852051769402,0.0,0.0,1.0,20.0,20000,2000,2000,14000,2112
method_a,css,uniform,X,5,0.000703650227974378,0.0,0.0,1.0,20.0,20000,2000,2000,20000,0
method_a,css,uniform,X,5,0.001407300455948756,0.0,0.0,1.0,20.0,20000,2000,2000,20000,0
method_a,css,uniform,X,5,0.0021109506839231337,0.0,0.0,1.0,20.0,20000,2000,2000,20000,3
method_a,css,uniform,X,5,0.002814600911897512,0.0,0.0,1.0,20.0,20000,2000,2000,20000,42
method_a,css,uniform,X,5,0.00351825113987189,0.0,0.0,1.0,20.0,20000,2000,2000,20000,329
method_a,css,uniform,X,5,0.0042219013678462675,0.0,0.0,1.0,20.0,20000,2000,2000,20000,1240
method_a,css,uniform,X,5,0.004925551595820646,0.0,0.0,1.0,20.0,20000,2000,2000,14000,2011
method_a,css,uniform,X,5,0.005629201823795024,0.0,0.0,1.0,20.0,20000,2000,2000,10000,2479
method_a,css,uniform,X,5,0.006332852051769402,0.0,0.0,1.0,20.0,20000,2000,2000,6000,2060
method_a,css,uniform,Z,3,0.000703650227974378,0.0,0.0,3.1622776601683795,20.0,20000,2000,2000,20000,0
method_a,css,uniform,Z,3,0.001407300455948756,0.0,0.0,3.1622776601683795,20.0,20000,2000,2000,20000,9
method_a,css,uniform,Z,3,0.0021109506839231337,0.0,0.0,3.1622776601683795,20.0,20000,2000,2000,20000,84
method_a,css,uniform,Z,3,0.002814600911897512,0.0,0.0,3.1622776601683795,20.0,20000,2000,2000,20000,390
method_a,css,uniform,Z,3,0.00351825113987189,0.0,0.0,3.1622776601683795,20.0,20000,2000,2000,20000,967
method_a,css,uniform,Z,3,0.0042219013678462675,0.0,0.0,3.1622776601683795,20.0,20000,2000,2000,20000,2027
method_a,css,uniform,Z,3,0.004925551595820646,0.0,0.0,3.1622776601683795,20.0,20000,2000,2000,12000,2001
method_a,css,uniform,Z,3,0.005629201823795024,0.0,0.0,3.1622776601683795,20.0,20000,2000,2000,10000,2394
method_a,css,uniform,Z,3,0.006332852051769402,0.0,0.0,3.1622776601683795,20.0,20000,2000,2000,8000,2495
method_a,css,uniform,Z,5,0.000703650227974378,0.0,0.0,3.1622776601683795,20.0,20000,2000,2000,20000,0
method_a,css,uniform,Z,5,0.001407300455948756,0.0,0.0,3.1622776601683795,20.0,20000,2000,2000,20000,1
method_a,css,uniform,Z,5,0.0021109506839231337,0.0,0.0,3.1622776601683795,20.0,20000,2000,2000,20000,43
method_a,css,uniform,Z,5,0.002814600911897512,0.0,0.0,3.1622776601683795,20.0,20000,2000,2000,20000,431
method_a,css,uniform,Z,5,0.00351825113987189,0.0,0.0,3.1622776601683795,20.0,20000,2000,2000,20000,2006
method_a,css,uniform,Z,5,0.0042219013678462675,0.0,0.0,3.1622776601683795,20.0,20000,2000,2000,10000,2320
method_a,css,uniform,Z,5,0.004925551595820646,0.0,0.0,3.1622776601683795,20.0,20000,2000,2000,6000,2201
method_a,css,uniform,Z,5,0.005629201823795024,0.0,0.0,3.1622776601683795,20.0,20000,2000,2000,6000,2621
method_a,css,uniform,Z,5,0.006332852051769402,0.0,0.0,3.1622776601683795,20.0,20000,2000,2000,6000,2826
method_a,css,uniform,X,3,0.000703650227974378,0.0,0.0,3.1622776601683795,20.0,20000,2000,2000,20000,0
method_a,css,uniform,X,3,0.001407300455948756,0.0,0.0,3.1622776601683795,20.0,20000,2000,2000,20000,17
method_a,css,uniform,X,3,0.0021109506839231337,0.0,0.0,3.1622776601683795,20.0,20000,2000,2000,20000,100
method_a,css,uniform,X,3,0.002814600911897512,0.0,0.0,3.1622776601683795,20.0,20000,2000,2000,20000,508
method_a,css,uniform,X,3,0.00351825113987189,0.0,0.0,3.1622776601683795,20.0,20000,2000,2000,20000,1270
method_a,css,uniform,X,3,0.0042219013678462675,0.0,0.0,3.1622776601683795,20.0,20000,2000,2000,16000,2034
method_a,css,uniform,X,3,0.004925551595820646,0.0,0.0,3.1622776601683795,20.0,20000,2000,2000,10000,2012
method_a,css,uniform,X,3,0.005629201823795024,0.0,0.0,3.1622776601683795,20.0,20000,2000,2000,8000,2176
method_a,css,uniform,X,3,0.006332852051769402,0.0,0.0,3.1622776601683795,20.0,20000,2000,2000,6000,2037
method_a,css,uniform,X,5,0.000703650227974378,0.0,0.0,3.1622776601683795,20.0,20000,2000,2000,20000,0
method_a,css,uniform,X,5,0.001407300455948756,0.0,0.0,3.1622776601683795,20.0,20000,2000,2000,20000,0
method_a,css,uniform,X,5,0.0021109506839231337,0.0,0.0,3.1622776601683795,20.0,20000,2000,2000,20000,65
method_a,css,uniform,X,5,0.002814600911897512,0.0,0.0,3.1622776601683795,20.0,20000,2000,2000,20000,770
method_a,css,uniform,X,5,0.00351825113987189,0.0,0.0,3.1622776601683795,20.0,20000,2000,2000,14000,2004
method_a,css,uniform,X,5,0.0042219013678462675,0.0,0.0,3.1622776601683795,20.0,20000,2000,2000,8000,2229
method_a,css,uniform,X,5,0.004925551595820646,0.0,0.0,3.1622776601683795,20.0,20000,2000,2000,6000,2388
method_a,css,uniform,X,5,0.005629201823795024,0.0,0.0,3.1622776601683795,20.0,20000,2000,2000,6000,2813
method_a,css,uniform,Z,3,0.000703650227974378,0.0,0.0,10.0,20.0,20000,2000,2000,20000,0
method_a,css,uniform,Z,3,0.001407300455948756,0.0,0.0,10.0,20.0,20000,2000,2000,20000,10
method_a,css,uniform,Z,3,0.0021109506839231337,0.0,0.0,10.0,20.0,20000,2000,2000,20000,199
method_a,css,uniform,Z,3,0.002814600911897512,0.0,0.0,10.0,20.0,20000,2000,2000,20000,826
method_a,css,uniform,Z,3,0.00351825113987189,0.0,0.0,10.0,20.0,20000,2000,2000,20000,2025
method_a,css,uniform,Z,3,0.0042219013678462675,0.0,0.0,10.0,20.0,20000,2000,2000,12000,2172
method_a,css,uniform,Z,3,0.004925551595820646,0.0,0.0,10.0,20.0,20000,2000,2000,8000,2124
method_a,css,uniform,Z,3,0.005629201823795024,0.0,0.0,10.0,20.0,20000,2000,2000,6000,2060
method_a,css,uniform,Z,3,0.006332852051769402,0.0,0.0,10.0,20.0,20000,2000,2000,6000,2402
method_a,css,uniform,Z,5,0.000703650227974378,0.0,0.0,10.0,20.0,20000,2000,2000,20000,0
method_a,css,uniform,Z,5,0.001407300455948756,0.0,0.0,10.0,20.0,20000,2000,2000,20000,7
method_a,css,uniform,Z,5,0.0021109506839231337,0.0,0.0,10.0,20.0,20000,2000,2000,20000,169
method_a,css,uniform,Z,5,0.002814600911897512,0.0,0.0,10.0,20.0,20000,2000,2000,20000,1639
method_a,css,uniform,Z,5,0.00351825113987189,0.0,0.0,10.0,20.0,20000,2000,2000,10000,2316
method_a,css,uniform,Z,5,0.0042219013678462675,0.0,0.0,10.0,20.0,20000,2000,2000,6000,2303
method_a,css,uniform,Z,5,0.004925551595820646,0.0,0.0,10.0,20.0,20000,2000,2000,6000,2705
method_a,css,uniform,X,3,0.000703650227974378,0.0,0.0,10.0,20.0,20000,2000,2000,20000,0
method_a,css,uniform,X,3,0.001407300455948756,0.0,0.0,10.0,20.0,20000,2000,2000,20000,27
method_a,css,uniform,X,3,0.0021109506839231337,0.0,0.0,10.0,20.0,20000,2000,2000,20000,271
method_a,css,uniform,X,3,0.002814600911897512,0.0,0.0,10.0,20.0,20000,2000,2000,20000,990
method_a,css,uniform,X,3,0.00351825113987189,0.0,0.0,10.0,20.0,20000,2000,2000,18000,2072
method_a,css,uniform,X,3,0.0042219013678462675,0.0,0.0,10.0,20.0,20000,2000,2000,12000,2387
method_a,css,uniform,X,3,0.004925551595820646,0.0,0.0,10.0,20.0,20000,2000,2000,8000,2290
method_a,css,uniform,X,3,0.005629201823795024,0.0,0.0,10.0,20.0,20000,2000,2000,6000,2124
method_a,css,uniform,X,3,0.006332852051769402,0.0,0.0,10.0,20.0,20000,2000,2000,6000,2515
method_a,css,uniform,X,5,0.000703650227974378,0.0,0.0,10.0,20.0,20000,2000,2000,20000,0
method_a,css,uniform,X,5,0.001407300455948756,0.0,0.0,10.0,20.0,20000,2000,2000,20000,7
method_a,css,uniform,X,5,0.0021109506839231337,0.0,0.0,10.0,20.0,20000,2000,2000,20000,245
method_a,css,uniform,X,5,0.002814600911897512,0.0,0.0,10.0,20.0,20000,2000,2000,20000,1923
method_a,css,uniform,X,5,0.00351825113987189,0.0,0.0,10.0,20.0,20000,2000,2000,8000,2092
method_a,css,uniform,X,5,0.0042219013678462675,0.0,0.0,10.0,20.0,20000,2000,2000,6000,2404
method_a,css,uniform,X,5,0.004925551595820646,0.0,0.0,10.0,20.0,20000,2000,2000,6000,2778
method_a,css,uniform,Z,3,0.000703650227974378,0.0,0.0,31.622776601683793,20.0,20000,2000,2000,20000,2
method_a,css,uniform,Z,3,0.001407300455948756,0.0,0.0,31.622776601683793,20.0,20000,2000,2000,20000,33
method_a,css,uniform,Z,3,0.0021109506839231337,0.0,0.0,31.622776601683793,20.0,20000,2000,2000,20000,271
method_a,css,uniform,Z,3,0.002814600911897512,0.0,0.0,31.622776601683793,20.0,20000,2000,2000,20000,1098
method_a,css,uniform,Z,3,0.00351825113987189,0.0,0.0,31.622776601683793,20.0,20000,2000,2000,18000,2203
method_a,css,uniform,Z,3,0.0042219013678462675,0.0,0.0,31.622776601683793,20.0,20000,2000,2000,10000,2207
method_a,css,uniform,Z,3,0.004925551595820646,0.0,0.0,31.622776601683793,20.0,20000,2000,2000,8000,2416
method_a,css,uniform,Z,3,0.005629201823795024,0.0,0.0,31.622776601683793,20.0,20000,2000,2000,6000,2236
method_a,css,uniform,Z,3,0.006332852051769402,0.0,0.0,31.622776601683793,20.0,20000,2000,2000,6000,2486
method_a,css,uniform,Z,5,0.000703650227974378,0.0,0.0,31.622776601683793,20.0,20000,2000,2000,20000,0
method_a,css,uniform,Z,5,0.001407300455948756,0.0,0.0,31.622776601683793,20.0,20000,2000,2000,20000,9
method_a,css,uniform,Z,5,0.0021109506839231337,0.0,0.0,31.622776601683793,20.0,20000,2000,2000,20000,318
method_a,css,uniform,Z,5,0.002814600911897512,0.0,0.0,31.622776601683793,20.0,20000,2000,2000,20000,2205
method_a,css,uniform,Z,5,0.00351825113987189,0.0,0.0,31.622776601683793,20.0,20000,2000,2000,8000,2329
method_a,css,uniform,Z,5,0.0042219013678462675,0.0,0.0,31.622776601683793,20.0,20000,2000,2000,6000,2494
method_a,css,uniform,Z,5,0.004925551595820646,0.0,0.0,31.622776601683793,20.0,20000,2000,2000,6000,2849
method_a,css,uniform,X,3,0.000703650227974378,0.0,0.0,31.622776601683793,20.0,20000,2000,2000,20000,0
method_a,css,uniform,X,3,0.001407300455948756,0.0,0.0,31.622776601683793,20.0,20000,2000,2000,20000,47
method_a,css,uniform,X,3,0.0021109506839231337,0.0,0.0,31.622776601683793,20.0,20000,2000,2000,20000,325
method_a,css,uniform,X,3,0.002814600911897512,0.0,0.0,31.622776601683793,20.0,20000,2000,2000,20000,1149
method_a,css,uniform,X,3,0.00351825113987189,0.0,0.0,31.622776601683793,20.0,20000,2000,2000,16000,2171
method_a,css,uniform,X,3,0.0042219013678462675,0.0,0.0,31.622776601683793,20.0,20000,2000,2000,10000,2302
method_a,css,uniform,X,3,0.004925551595820646,0.0,0.0,31.622776601683793,20.0,20000,2000,2000,8000,2508
method_a,css,uniform,X,3,0.005629201823795024,0.0,0.0,31.622776601683793,20.0,20000,2000,2000,6000,2328
method_a,css,uniform,X,3,0.006332852051769402,0.0,0.0,31.622776601683793,20.0,20000,2000,2000,6000,2623
method_a,css,uniform,X,5,0.000703650227974378,0.0,0.0,31.622776601683793,20.0,20000,2000,2000,20000,0
method_a,css,uniform,X,5,0.001407300455948756,0.0,0.0,31.622776601683793,20.0,20000,2000,2000,20000,9
method_a,css,uniform,X,5,0.0021109506839231337,0.0,0.0,31.622776601683793,20.0,20000,2000,2000,20000,394
method_a,css,uniform,X,5,0.002814600911897512,0.0,0.0,31.622776601683793,20.0,20000,2000,2000,16000,2065
method_a,css,uniform,X,5,0.00351825113987189,0.0,0.0,31.622776601683793,20.0,20000,2000,2000,8000,2540
method_a,css,uniform,X,5,0.0042219013678462675,0.0,0.0,31.622776601683793,20.0,20000,2000,2000,6000,2648
method_a,css,uniform,X,5,0.004925551595820646,0.0,0.0,31.622776601683793,20.0,20000,2000,2000,6000,2877
method_a,css,uniform,Z,3,0.000703650227974378,0.0,0.0,100.0,20.0,20000,2000,2000,20000,1
method_a,css,uniform,Z,3,0.001407300455948756,0.0,0.0,100.0,20.0,20000,2000,2000,20000,36
method_a,css,uniform,Z,3,0.0021109506839231337,0.0,0.0,100.0,20.0,20000,2000,2000,20000,322
method_a,css,uniform,Z,3,0.002814600911897512,0.0,0.0,100.0,20.0,20000,2000,2000,20000,1199
method_a,css,uniform,Z,3,0.00351825113987189,0.0,0.0,100.0,20.0,20000,2000,2000,16000,2225
method_a,css,uniform,Z,3,0.0042219013678462675,0.0,0.0,100.0,20.0,20000,2000,2000,10000,2248
method_a,css,uniform,Z,3,0.004925551595820646,0.0,0.0,100.0,20.0,20000,2000,2000,8000,2580
method_a,css,uniform,Z,3,0.005629201823795024,0.0,0.0,100.0,20.0,20000,2000,2000,6000,2323
method_a,css,uniform,Z,3,0.006332852051769402,0.0,0.0,100.0,20.0,20000,2000,2000,6000,2577
method_a,css,uniform,Z,5,0.000703650227974378,0.0,0.0,100.0,20.0,20000,2000,2000,20000,1
method_a,css,uniform,Z,5,0.001407300455948756,0.0,0.0,100.0,20.0,20000,2000,2000,20000,8
method_a,css,uniform,Z,5,0.0021109506839231337,0.0,0.0,100.0,20.0,20000,2000,2000,20000,331
method_a,css,uniform,Z,5,0.002814600911897512,0.0,0.0,100.0,20.0,20000,2000,2000,18000,2203
method_a,css,uniform,Z,5,0.00351825113987189,0.0,0.0,100.0,20.0,20000,2000,2000,8000,2462
method_a,css,uniform,Z,5,0.0042219013678462675,0.0,0.0,100.0,20.0,20000,2000,2000,6000,2582
method_a,css,uniform,Z,5,0.004925551595820646,0.0,0.0,100.0,20.0,20000,2000,2000,6000,2906
method_a,css,uniform,X,3,0.000703650227974378,0.0,0.0,100.0,20.0,20000,2000,2000,20000,1
method_a,css,uniform,X,3,0.001407300455948756,0.0,0.0,100.0,20.0,20000,2000,2000,20000,49
method_a,css,uniform,X,3,0.0021109506839231337,0.0,0.0,100.0,20.0,20000,2000,2000,20000,375
method_a,css,uniform,X,3,0.002814600911897512,0.0,0.0,100.0,20.0,20000,2000,2000,20000,1305
method_a,css,uniform,X,3,0.00351825113987189,0.0,0.0,100.0,20.0,20000,2000,2000,14000,2033
method_a,css,uniform,X,3,0.0042219013678462675,0.0,0.0,100.0,20.0,20000,2000,2000,10000,2368
method_a,css,uniform,X,3,0.004925551595820646,0.0,0.0,100.0,20.0,20000,2000,2000,8000,2669
method_a,css,uniform,X,3,0.005629201823795024,0.0,0.0,100.0,20.0,20000,2000,2000,6000,2264
method_a,css,uniform,X,3,0.006332852051769402,0.0,0.0,100.0,20.0,20000,2000,2000,6000,2614
method_a,css,uniform,X,5,0.000703650227974378,0.0,0.0,100.0,20.0,20000,2000,2000,20000,0
method_a,css,uniform,X,5,0.001407300455948756,0.0,0.0,100.0,20.0,20000,2000,2000,20000,14
method_a,css,uniform,X,5,0.0021109506839231337,0.0,0.0,100.0,20.0,20000,2000,2000,20000,486
method_a,css,uniform,X,5,0.002814600911897512,0.0,0.0,100.0,20.0,20000,2000,2000,16000,2252
method_a,css,uniform,X,5,0.00351825113987189,0.0,0.0,100.0,20.0,20000,2000,2000,8000,2528
method_a,css,uniform,X,5,0.0042219013678462675,0.0,0.0,100.0,20.0,20000,2000,2000,6000,2671
method_a,css,uniform,X,5,0.004925551595820646,0.0,0.0,100.0,20.0,20000,2000,2000,6000,2819
method_a,css,uniform,Z,3,0.0015032709704997109,0.0,1.5707963267948966,1.0,0.01,20000,2000,2000,20000,0
method_a,css,uniform,Z,3,0.0030065419409994218,0.0,1.5707963267948966,1.0,0.01,20000,2000,2000,20000,1
method_a,css,uniform,Z,3,0.0045098129114991324,0.0,1.5707963267948966,1.0,0.01,20000,2000,2000,20000,21
method_a,css,uniform,Z,3,0.0060130838819988435,0.0,1.5707963267948966,1.0,0.01,20000,2000,2000,20000,95
method_a,css,uniform,Z,3,0.007516354852498555,0.0,1.5707963267948966,1.0,0.01,20000,2000,2000,20000,287
method_a,css,uniform,Z,3,0.009019625822998265,0.0,1.5707963267948966,1.0,0.01,20000,2000,2000,20000,702
method_a,css,uniform,Z,3,0.010522896793497974,0.0,1.5707963267948966,1.0,0.01,20000,2000,2000,20000,1297
method_a,css,uniform,Z,3,0.012026167763997687,0.0,1.5707963267948966,1.0,0.01,20000,2000,2000,18000,2040
method_a,css,uniform,Z,3,0.013529438734497398,0.0,1.5707963267948966,1.0,0.01,20000,2000,2000,14000,2281
method_a,css,uniform,Z,5,0.0015032709704997109,0.0,1.5707963267948966,1.0,0.01,20000,2000,2000,20000,0
method_a,css,uniform,Z,5,0.0030065419409994218,0.0,1.5707963267948966,1.0,0.01,20000,2000,2000,20000,0
method_a,css,uniform,Z,5,0.0045098129114991324,0.0,1.5707963267948966,1.0,0.01,20000,2000,2000,20000,2
method_a,css,uniform,Z,5,0.0060130838819988435,0.0,1.5707963267948966,1.0,0.01,20000,2000,2000,20000,35
method_a,css,uniform,Z,5,0.007516354852498555,0.0,1.5707963267948966,1.0,0.01,20000,2000,2000,20000,293
method_a,css,uniform,Z,5,0.009019625822998265,0.0,1.5707963267948966,1.0,0.01,20000,2000,2000,20000,1099
method_a,css,uniform,Z,5,0.010522896793497974,0.0,1.5707963267948966,1.0,0.01,20000,2000,2000,16000,2242
method_a,css,uniform,Z,5,0.012026167763997687,0.0,1.5707963267948966,1.0,0.01,20000,2000,2000,8000,2015
method_a,css,uniform,Z,5,0.013529438734497398,0.0,1.5707963267948966,1.0,0.01,20000,2000,2000,6000,2102
method_a,css,uniform,X,3,0.0037581774262492773,0.0,1.5707963267948966,1.0,0.01,20000,2000,2000,20000,0
method_a,css,uniform,X,3,0.007516354852498555,0.0,1.5707963267948966,1.0,0.01,20000,2000,2000,20000,7
method_a,css,uniform,X,3,0.01127453227874783,0.0,1.5707963267948966,1.0,0.01,20000,2000,2000,20000,92
method_a,css,uniform,X,3,0.01503270970499711,0.0,1.5707963267948966,1.0,0.01,20000,2000,2000,20000,359
method_a,css,uniform,X,3,0.018790887131246388,0.0,1.5707963267948966,1.0,0.01,20000,2000,2000,20000,1027
method_a,css,uniform,X,3,0.02254906455749566,0.0,1.5707963267948966,1.0,0.01,20000,2000,2000,20000,2167
method_a,css,uniform,X,3,0.026307241983744935,0.0,1.5707963267948966,1.0,0.01,20000,2000,2000,12000,2132
method_a,css,uniform,X,3,0.03006541940999422,0.0,1.5707963267948966,1.0,0.01,20000,2000,2000,8000,2085
method_a,css,uniform,X,3,0.033823596836243496,0.0,1.5707963267948966,1.0,0.01,20000,2000,2000,8000,2564
method_a,css,uniform,X,5,0.0037581774262492773,0.0,1.5707963267948966,1.0,0.01,20000,2000,2000,20000,0
method_a,css,uniform,X,5,0.007516354852498555,0.0,1.5707963267948966,1.0,0.01,20000,2000,2000,20000,1
method_a,css,uniform,X,5,0.01127453227874783,0.0,1.5707963267948966,1.0,0.01,20000,2000,2000,20000,47
method_a,css,uniform,X,5,0.01503270970499711,0.0,1.5707963267948966,1.0,0.01,20000,2000,2000,20000,430
method_a,css,uniform,X,5,0.018790887131246388,0.0,1.5707963267948966,1.0,0.01,20000,2000,2000,20000,2119
method_a,css,uniform,X,5,0.02254906455749566,0.0,1.5707963267948966,1.0,0.01,20000,2000,2000,10000,2381
method_a,css,uniform,X,5,0.026307241983744935,0.0,1.5707963267948966,1.0,0.01,20000,2000,2000,6000,2220
method_a,css,uniform,X,5,0.03006541940999422,0.0,1.5707963267948966,1.0,0.01,20000,2000,2000,6000,2719
method_a,css,uniform,Z,3,0.0015032709704997109,0.0,1.5707963267948966,1.0,0.03162277660168379,20000,2000,2000,20000,0
method_a,css,uniform,Z,3,0.0030065419409994218,0.0,1.5707963267948966,1.0,0.03162277660168379,20000,2000,2000,20000,0
method_a,css,uniform,Z,3,0.0045098129114991324,0.0,1.5707963267948966,1.0,0.03162277660168379,20000,2000,2000,20000,3
method_a,css,uniform,Z,3,0.0060130838819988435,0.0,1.5707963267948966,1.0,0.03162277660168379,20000,2000,2000,20000,71
method_a,css,uniform,Z,3,0.007516354852498555,0.0,1.5707963267948966,1.0,0.03162277660168379,20000,2000,2000,20000,249
method_a,css,uniform,Z,3,0.009019625822998265,0.0,1.5707963267948966,1.0,0.03162277660168379,20000,2000,2000,20000,601
method_a,css,uniform,Z,3,0.010522896793497974,0.0,1.5707963267948966,1.0,0.03162277660168379,20000,2000,2000,20000,1228
method_a,css,uniform,Z,3,0.012026167763997687,0.0,1.5707963267948966,1.0,0.03162277660168379,20000,2000,2000,20000,2043
method_a,css,uniform,Z,3,0.013529438734497398,0.0,1.5707963267948966,1.0,0.03162277660168379,20000,2000,2000,14000,2134
method_a,css,uniform,Z,5,0.0015032709704997109,0.0,1.5707963267948966,1.0,0.03162277660168379,20000,2000,2000,20000,0
method_a,css,uniform,Z,5,0.0030065419409994218,0.0,1.5707963267948966,1.0,0.03162277660168379,20000,2000,2000,20000,0
method_a,css,uniform,Z,5,0.0045098129114991324,0.0,1.5707963267948966,1.0,0.03162277660168379,20000,2000,2000,20000,0
method_a,css,uniform,Z,5,0.0060130838819988435,0.0,1.5707963267948966,1.0,0.03162277660168379,20000,2000,2000,20000,37
method_a,css,uniform,Z,5,0.007516354852498555,0.0,1.5707963267948966,1.0,0.03162277660168379,20000,2000,2000,20000,227
method_a,css,uniform,Z,5,0.009019625822998265,0.0,1.5707963267948966,1.0,0.03162277660168379,20000,2000,2000,20000,881
method_a,css,uniform,Z,5,0.010522896793497974,0.0,1.5707963267948966,1.0,0.03162277660168379,20000,2000,2000,18000,2215
method_a,css,uniform,Z,5,0.012026167763997687,0.0,1.5707963267948966,1.0,0.03162277660168379,20000,2000,2000,10000,2324
method_a,css,uniform,Z,5,0.013529438734497398,0.0,1.5707963267948966,1.0,0.03162277660168379,20000,2000,2000,6000,2050
method_a,css,uniform,X,3,0.0037581774262492773,0.0,1.5707963267948966,1.0,0.03162277660168379,20000,2000,2000,20000,0
method_a,css,uniform,X,3,0.007516354852498555,0.0,1.5707963267948966,1.0,0.03162277660168379,20000,2000,2000,20000,9
method_a,css,uniform,X,3,0.01127453227874783,0.0,1.5707963267948966,1.0,0.03162277660168379,20000,2000,2000,20000,116
method_a,css,uniform,X,3,0.01503270970499711,0.0,1.5707963267948966,1.0,0.03162277660168379,20000,2000,2000,20000,425
method_a,css,uniform,X,3,0.018790887131246388,0.0,1.5707963267948966,1.0,0.03162277660168379,20000,2000,2000,20000,1155
method_a,css,uniform,X,3,0.02254906455749566,0.0,1.5707963267948966,1.0,0.03162277660168379,20000,2000,2000,18000,2096
method_a,css,uniform,X,3,0.026307241983744935,0.0,1.5707963267948966,1.0,0.03162277660168379,20000,2000,2000,12000,2303
method_a,css,uniform,X,3,0.03006541940999422,0.0,1.5707963267948966,1.0,0.03162277660168379,20000,2000,2000,8000,2100
method_a,css,uniform,X,3,0.033823596836243496,0.0,1.5707963267948966,1.0,0.03162277660168379,20000,2000,2000,8000,2649
method_a,css,uniform,X,5,0.0037581774262492773,0.0,1.5707963267948966,1.0,0.03162277660168379,20000,2000,2000,20000,0
method_a,css,uniform,X,5,0.007516354852498555,0.0,1.5707963267948966,1.0,0.03162277660168379,20000,2000,2000,20000,1
method_a,css,uniform,X,5,0.01127453227874783,0.0,1.5707963267948966,1.0,0.03162277660168379,20000,2000,2000,20000,55
method_a,css,uniform,X,5,0.01503270970499711,0.0,1.5707963267948966,1.0,0.03162277660168379,20000,2000,2000,20000,541
method_a,css,uniform,X,5,0.018790887131246388,0.0,1.5707963267948966,1.0,0.03162277660168379,20000,2000,2000,18000,2119
method_a,css,uniform,X,5,0.02254906455749566,0.0,1.5707963267948966,1.0,0.03162277660168379,20000,2000,2000,8000,2029
method_a,css,uniform,X,5,0.026307241983744935,0.0,1.5707963267948966,1.0,0.03162277660168379,20000,2000,2000,6000,2338
method_a,css,uniform,X,5,0.03006541940999422,0.0,1.5707963267948966,1.0,0.03162277660168379,20000,2000,2000,6000,2704
method_a,css,uniform,Z,3,0.0015032709704997109,0.0,1.5707963267948966,1.0,0.1,20000,2000,2000,20000,0
method_a,css,uniform,Z,3,0.0030065419409994218,0.0,1.5707963267948966,1.0,0.1,20000,2000,2000,20000,1
method_a,css,uniform,Z,3,0.0045098129114991324,0.0,1.5707963267948966,1.0,0.1,20000,2000,2000,20000,8
method_a,css,uniform,Z,3,0.0060130838819988435,0.0,1.5707963267948966,1.0,0.1,20000,2000,2000,20000,45
method_a,css,uniform,Z,3,0.007516354852498555,0.0,1.5707963267948966,1.0,0.1,20000,2000,2000,20000,175
method_a,css,uniform,Z,3,0.009019625822998265,0.0,1.5707963267948966,1.0,0.1,20000,2000,2000,20000,395
method_a,css,uniform,Z,3,0.010522896793497974,0.0,1.5707963267948966,1.0,0.1,20000,2000,2000,20000,898
method_a,css,uniform,Z,3,0.012026167763997687,0.0,1.5707963267948966,1.0,0.1,20000,2000,2000,20000,1563
method_a,css,uniform,Z,3,0.013529438734497398,0.0,1.5707963267948966,1.0,0.1,20000,2000,2000,18000,2264
method_a,css,uniform,Z,5,0.0015032709704997109,0.0,1.5707963267948966,1.0,0.1,20000,2000,2000,20000,0
method_a,css,uniform,Z,5,0.0030065419409994218,0.0,1.5707963267948966,1.0,0.1,20000,2000,2000,20000,0
method_a,css,uniform,Z,5,0.0045098129114991324,0.0,1.5707963267948966,1.0,0.1,20000,2000,2000,20000,0
method_a,css,uniform,Z,5,0.0060130838819988435,0.0,1.5707963267948966,1.0,0.1,20000,2000,2000,20000,16
method_a,css,uniform,Z,5,0.007516354852498555,0.0,1.5707963267948966,1.0,0.1,20000,2000,2000,20000,127
method_a,css,uniform,Z,5,0.009019625822998265,0.0,1.5707963267948966,1.0,0.1,20000,2000,2000,20000,553
method_a,css,uniform,Z,5,0.010522896793497974,0.0,1.5707963267948966,1.0,0.1,20000,2000,2000,20000,1737
method_a,css,uniform,Z,5,0.012026167763997687,0.0,1.5707963267948966,1.0,0.1,20000,2000,2000,12000,2088
method_a,css,uniform,Z,5,0.013529438734497398,0.0,1.5707963267948966,1.0,0.1,20000,2000,2000,8000,2301
method_a,css,uniform,X,3,0.0037581774262492773,0.0,1.5707963267948966,1.0,0.1,20000,2000,2000,20000,0
method_a,css,uniform,X,3,0.007516354852498555,0.0,1.5707963267948966,1.0,0.1,20000,2000,2000,20000,9
method_a,css,uniform,X,3,0.01127453227874783,0.0,1.5707963267948966,1.0,0.1,20000,2000,2000,20000,142
method_a,css,uniform,X,3,0.01503270970499711,0.0,1.5707963267948966,1.0,0.1,20000,2000,2000,20000,522
method_a,css,uniform,X,3,0.018790887131246388,0.0,1.5707963267948966,1.0,0.1,20000,2000,2000,20000,1438
method_a,css,uniform,X,3,0.02254906455749566,0.0,1.5707963267948966,1.0,0.1,20000,2000,2000,16000,2257
method_a,css,uniform,X,3,0.026307241983744935,0.0,1.5707963267948966,1.0,0.1,20000,2000,2000,10000,2219
method_a,css,uniform,X,3,0.03006541940999422,0.0,1.5707963267948966,1.0,0.1,20000,2000,2000,8000,2315
method_a,css,uniform,X,3,0.033823596836243496,0.0,1.5707963267948966,1.0,0.1,20000,2000,2000,6000,2163
method_a,css,uniform,X,5,0.0037581774262492773,0.0,1.5707963267948966,1.0,0.1,20000,2000,2000,20000,0
method_a,css,uniform,X,5,0.007516354852498555,0.0,1.5707963267948966,1.0,0.1,20000,2000,2000,20000,3
method_a,css,uniform,X,5,0.01127453227874783,0.0,1.5707963267948966,1.0,0.1,20000,2000,2000,20000,89
method_a,css,uniform,X,5,0.01503270970499711,0.0,1.5707963267948966,1.0,0.1,20000,2000,2000,20000,832
method_a,css,uniform,X,5,0.018790887131246388,0.0,1.5707963267948966,1.0,0.1,20000,2000,2000,14000,2222
method_a,css,uniform,X,5,0.02254906455749566,0.0,1.5707963267948966,1.0,0.1,20000,2000,2000,8000,2518
method_a,css,uniform,X,5,0.026307241983744935,0.0,1.5707963267948966,1.0,0.1,20000,2000,2000,6000,2483
method_a,css,uniform,X,5,0.03006541940999422,0.0,1.5707963267948966,1.0,0.1,20000,2000,2000,6000,2868
method_a,css,uniform,Z,3,0.0015032709704997109,0.0,1.5707963267948966,1.0,0.31622776601683794,20000,2000,2000,20000,0
method_a,css,uniform,Z,3,0.0030065419409994218,0.0,1.5707963267948966,1.0,0.31622776601683794,20000,2000,2000,20000,0
method_a,css,uniform,Z,3,0.0045098129114991324,0.0,1.5707963267948966,1.0,0.31622776601683794,20000,2000,2000,20000,2
method_a,css,uniform,Z,3,0.0060130838819988435,0.0,1.5707963267948966,1.0,0.31622776601683794,20000,2000,2000,20000,17
method_a,css,uniform,Z,3,0.007516354852498555,0.0,1.5707963267948966,1.0,0.31622776601683794,20000,2000,2000,20000,57
method_a,css,uniform,Z,3,0.009019625822998265,0.0,1.5707963267948966,1.0,0.31622776601683794,20000,2000,2000,20000,172
method_a,css,uniform,Z,3,0.010522896793497974,0.0,1.5707963267948966,1.0,0.31622776601683794,20000,2000,2000,20000,368
method_a,css,uniform,Z,3,0.012026167763997687,0.0,1.5707963267948966,1.0,0.31622776601683794,20000,2000,2000,20000,715
method_a,css,uniform,Z,3,0.013529438734497398,0.0,1.5707963267948966,1.0,0.31622776601683794,20000,2000,2000,20000,1241
method_a,css,uniform,Z,5,0.0015032709704997109,0.0,1.5707963267948966,1.0,0.31622776601683794,20000,2000,2000,20000,0
method_a,css,uniform,Z,5,0.0030065419409994218,0.0,1.5707963267948966,1.0,0.31622776601683794,20000,2000,2000,20000,0
method_a,css,uniform,Z,5,0.0045098129114991324,0.0,1.5707963267948966,1.0,0.31622776601683794,20000,2000,2000,20000,0
method_a,css,uniform,Z,5,0.0060130838819988435,0.0,1.5707963267948966,1.0,0.31622776601683794,20000,2000,2000,20000,0
method_a,css,uniform,Z,5,0.007516354852498555,0.0,1.5707963267948966,1.0,0.31622776601683794,20000,2000,2000,20000,32
method_a,css,uniform,Z,5,0.009019625822998265,0.0,1.5707963267948966,1.0,0.31622776601683794,20000,2000,2000,20000,122
method_a,css,uniform,Z,5,0.010522896793497974,0.0,1.5707963267948966,1.0,0.31622776601683794,20000,2000,2000,20000,494
method_a,css,uniform,Z,5,0.012026167763997687,0.0,1.5707963267948966,1.0,0.31622776601683794,20000,2000,2000,20000,1312
method_a,css,uniform,Z,5,0.013529438734497398,0.0,1.5707963267948966,1.0,0.31622776601683794,20000,2000,2000,16000,2061
method_a,css,uniform,X,3,0.0015032709704997109,0.0,1.5707963267948966,1.0,0.31622776601683794,20000,2000,2000,20000,0
method_a,css,uniform,X,3,0.0030065419409994218,0.0,1.5707963267948966,1.0,0.31622776601683794,20000,2000,2000,20000,0
method_a,css,uniform,X,3,0.0045098129114991324,0.0,1.5707963267948966,1.0,0.31622776601683794,20000,2000,2000,20000,1
method_a,css,uniform,X,3,0.0060130838819988435,0.0,1.5707963267948966,1.0,0.31622776601683794,20000,2000,2000,20000,10
method_a,css,uniform,X,3,0.007516354852498555,0.0,1.5707963267948966,1.0,0.31622776601683794,20000,2000,2000,20000,32
method_a,css,uniform,X,3,0.009019625822998265,0.0,1.5707963267948966,1.0,0.31622776601683794,20000,2000,2000,20000,71
method_a,css,uniform,X,3,0.010522896793497974,0.0,1.5707963267948966,1.0,0.31622776601683794,20000,2000,2000,20000,179
method_a,css,uniform,X,3,0.012026167763997687,0.0,1.5707963267948966,1.0,0.31622776601683794,20000,2000,2000,20000,356
method_a,css,uniform,X,3,0.013529438734497398,0.0,1.5707963267948966,1.0,0.31622776601683794,20000,2000,2000,20000,622
method_a,css,uniform,X,5,0.0015032709704997109,0.0,1.5707963267948966,1.0,0.31622776601683794,20000,2000,2000,20000,0
method_a,css,uniform,X,5,0.0030065419409994218,0.0,1.5707963267948966,1.0,0.31622776601683794,20000,2000,2000,20000,0
method_a,css,uniform,X,5,0.0045098129114991324,0.0,1.5707963267948966,1.0,0.31622776601683794,20000,2000,2000,20000,0
method_a,css,uniform,X,5,0.0060130838819988435,0.0,1.5707963267948966,1.0,0.31622776601683794,20000,2000,2000,20000,0
method_a,css,uniform,X,5,0.007516354852498555,0.0,1.5707963267948966,1.0,0.31622776601683794,20000,2000,2000,20000,7
method_a,css,uniform,X,5,0.009019625822998265,0.0,1.5707963267948966,1.0,0.31622776601683794,20000,2000,2000,20000,33
method_a,css,uniform,X,5,0.010522896793497974,0.0,1.5707963267948966,1.0,0.31622776601683794,20000,2000,2000,20000,141
method_a,css,uniform,X,5,0.012026167763997687,0.0,1.5707963267948966,1.0,0.31622776601683794,20000,2000,2000,20000,438
method_a,css,uniform,X,5,0.013529438734497398,0.0,1.5707963267948966,1.0,0.31622776601683794,20000,2000,2000,20000,994
method_a,css,uniform,Z,3,0.0037581774262492773,0.0,1.5707963267948966,1.0,1.0,20000,2000,2000,20000,0
method_a,css,uniform,Z,3,0.007516354852498555,0.0,1.5707963267948966,1.0,1.0,20000,2000,2000,20000,8
method_a,css,uniform,Z,3,0.01127453227874783,0.0,1.5707963267948966,1.0,1.0,20000,2000,2000,20000,69
method_a,css,uniform,Z,3,0.01503270970499711,0.0,1.5707963267948966,1.0,1.0,20000,2000,2000,20000,302
method_a,css,uniform,Z,3,0.018790887131246388,0.0,1.5707963267948966,1.0,1.0,20000,2000,2000,20000,841
method_a,css,uniform,Z,3,0.02254906455749566,0.0,1.5707963267948966,1.0,1.0,20000,2000,2000,20000,1783
method_a,css,uniform,Z,3,0.026307241983744935,0.0,1.5707963267948966,1.0,1.0,20000,2000,2000,14000,2231
method_a,css,uniform,Z,3,0.03006541940999422,0.0,1.5707963267948966,1.0,1.0,20000,2000,2000,10000,2319
method_a,css,uniform,Z,3,0.033823596836243496,0.0,1.5707963267948966,1.0,1.0,20000,2000,2000,8000,2448
method_a,css,uniform,Z,5,0.0037581774262492773,0.0,1.5707963267948966,1.0,1.0,20000,2000,2000,20000,0
method_a,css,uniform,Z,5,0.007516354852498555,0.0,1.5707963267948966,1.0,1.0,20000,2000,2000,20000,0
method_a,css,uniform,Z,5,0.01127453227874783,0.0,1.5707963267948966,1.0,1.0,20000,2000,2000,20000,18
method_a,css,uniform,Z,5,0.01503270970499711,0.0,1.5707963267948966,1.0,1.0,20000,2000,2000,20000,286
method_a,css,uniform,Z,5,0.018790887131246388,0.0,1.5707963267948966,1.0,1.0,20000,2000,2000,20000,1485
method_a,css,uniform,Z,5,0.02254906455749566,0.0,1.5707963267948966,1.0,1.0,20000,2000,2000,10000,2025
method_a,css,uniform,Z,5,0.026307241983744935,0.0,1.5707963267948966,1.0,1.0,20000,2000,2000,6000,2076
method_a,css,uniform,Z,5,0.03006541940999422,0.0,1.5707963267948966,1.0,1.0,20000,2000,2000,6000,2598
method_a,css,uniform,Z,5,0.033823596836243496,0.0,1.5707963267948966,1.0,1.0,20000,2000,2000,6000,2885
method_a,css,uniform,X,3,0.0015032709704997109,0.0,1.5707963267948966,1.0,1.0,20000,2000,2000,20000,0
method_a,css,uniform,X,3,0.0030065419409994218,0.0,1.5707963267948966,1.0,1.0,20000,2000,2000,20000,0
method_a,css,uniform,X,3,0.0045098129114991324,0.0,1.5707963267948966,1.0,1.0,20000,2000,2000,20000,2
method_a,css,uniform,X,3,0.0060130838819988435,0.0,1.5707963267948966,1.0,1.0,20000,2000,2000,20000,17
method_a,css,uniform,X,3,0.007516354852498555,0.0,1.5707963267948966,1.0,1.0,20000,2000,2000,20000,77
method_a,css,uniform,X,3,0.009019625822998265,0.0,1.5707963267948966,1.0,1.0,20000,2000,2000,20000,229
method_a,css,uniform,X,3,0.010522896793497974,0.0,1.5707963267948966,1.0,1.0,20000,2000,2000,20000,484
method_a,css,uniform,X,3,0.012026167763997687,0.0,1.5707963267948966,1.0,1.0,20000,2000,2000,20000,889
method_a,css,uniform,X,3,0.013529438734497398,0.0,1.5707963267948966,1.0,1.0,20000,2000,2000,20000,1378
method_a,css,uniform,X,5,0.0015032709704997109,0.0,1.5707963267948966,1.0,1.0,20000,2000,2000,20000,0
method_a,css,uniform,X,5,0.0030065419409994218,0.0,1.5707963267948966,1.0,1.0,20000,2000,2000,20000,0
method_a,css,uniform,X,5,0.0045098129114991324,0.0,1.5707963267948966,1.0,1.0,20000,2000,2000,20000,0
method_a,css,uniform,X,5,0.0060130838819988435,0.0,1.5707963267948966,1.0,1.0,20000,2000,2000,20000,3
method_a,css,uniform,X,5,0.007516354852498555,0.0,1.5707963267948966,1.0,1.0,20000,2000,2000,20000,38
method_a,css,uniform,X,5,0.009019625822998265,0.0,1.5707963267948966,1.0,1.0,20000,2000,2000,20000,185
method_a,css,uniform,X,5,0.010522896793497974,0.0,1.5707963267948966,1.0,1.0,20000,2000,2000,20000,638
method_a,css,uniform,X,5,0.012026167763997687,0.0,1.5707963267948966,1.0,1.0,20000,2000,2000,20000,1628
method_a,css,uniform,X,5,0.013529438734497398,0.0,1.5707963267948966,1.0,1.0,20000,2000,2000,14000,2112
method_a,css,uniform,Z,3,0.009395443565623194,0.0,1.5707963267948966,1.0,3.1622776601683795,20000,2000,2000,20000,1
method_a,css,uniform,Z,3,0.018790887131246388,0.0,1.5707963267948966,1.0,3.1622776601683795,20000,2000,2000,20000,19
method_a,css,uniform,Z,3,0.02818633069686958,0.0,1.5707963267948966,1.0,3.1622776601683795,20000,2000,2000,20000,162
method_a,css,uniform,Z,3,0.037581774262492776,0.0,1.5707963267948966,1.0,3.1622776601683795,20000,2000,2000,20000,680
method_a,css,uniform,Z,3,0.046977217828115966,0.0,1.5707963267948966,1.0,3.1622776601683795,20000,2000,2000,20000,1872
method_a,css,uniform,Z,3,0.05637266139373916,0.0,1.5707963267948966,1.0,3.1622776601683795,20000,2000,2000,12000,2044
method_a,css,uniform,Z,3,0.06576810495936233,0.0,1.5707963267948966,1.0,3.1622776601683795,20000,2000,2000,8000,2087
method_a,css,uniform,Z,3,0.07516354852498555,0.0,1.5707963267948966,1.0,3.1622776601683795,20000,2000,2000,6000,2044
method_a,css,uniform,Z,3,0.08455899209060874,0.0,1.5707963267948966,1.0,3.1622776601683795,20000,2000,2000,6000,2348
method_a,css,uniform,Z,5,0.009395443565623194,0.0,1.5707963267948966,1.0,3.1622776601683795,20000,2000,2000,20000,0
method_a,css,uniform,Z,5,0.018790887131246388,0.0,1.5707963267948966,1.0,3.1622776601683795,20000,2000,2000,20000,1
method_a,css,uniform,Z,5,0.02818633069686958,0.0,1.5707963267948966,1.0,3.1622776601683795,20000,2000,2000,20000,125
method_a,css,uniform,Z,5,0.037581774262492776,0.0,1.5707963267948966,1.0,3.1622776601683795,20000,2000,2000,20000,1203
method_a,css,uniform,Z,5,0.046977217828115966,0.0,1.5707963267948966,1.0,3.1622776601683795,20000,2000,2000,10000,2053
method_a,css,uniform,Z,5,0.05637266139373916,0.0,1.5707963267948966,1.0,3.1622776601683795,20000,2000,2000,6000,2188
method_a,css,uniform,Z,5,0.06576810495936233,0.0,1.5707963267948966,1.0,3.1622776601683795,20000,2000,2000,6000,2672
method_a,css,uniform,Z,5,0.07516354852498555,0.0,1.5707963267948966,1.0,3.1622776601683795,20000,2000,2000,6000,2950
method_a,css,uniform,X,3,0.0015032709704997109,0.0,1.5707963267948966,1.0,3.1622776601683795,20000,2000,2000,20000,0
method_a,css,uniform,X,3,0.0030065419409994218,0.0,1.5707963267948966,1.0,3.1622776601683795,20000,2000,2000,20000,1
method_a,css,uniform,X,3,0.0045098129114991324,0.0,1.5707963267948966,1.0,3.1622776601683795,20000,2000,2000,20000,13
method_a,css,uniform,X,3,0.0060130838819988435,0.0,1.5707963267948966,1.0,3.1622776601683795,20000,2000,2000,20000,66
method_a,css,uniform,X,3,0.007516354852498555,0.0,1.5707963267948966,1.0,3.1622776601683795,20000,2000,2000,20000,217
method_a,css,uniform,X,3,0.009019625822998265,0.0,1.5707963267948966,1.0,3.1622776601683795,20000,2000,2000,20000,500
method_a,css,uniform,X,3,0.010522896793497974,0.0,1.5707963267948966,1.0,3.1622776601683795,20000,2000,2000,20000,1016
method_a,css,uniform,X,3,0.012026167763997687,0.0,1.5707963267948966,1.0,3.1622776601683795,20000,2000,2000,20000,1702
method_a,css,uniform,X,3,0.013529438734497398,0.0,1.5707963267948966,1.0,3.1622776601683795,20000,2000,2000,16000,2052
method_a,css,uniform,X,5,0.0015032709704997109,0.0,1.5707963267948966,1.0,3.1622776601683795,20000,2000,2000,20000,0
method_a,css,uniform,X,5,0.0030065419409994218,0.0,1.5707963267948966,1.0,3.1622776601683795,20000,2000,2000,20000,0
method_a,css,uniform,X,5,0.0045098129114991324,0.0,1.5707963267948966,1.0,3.1622776601683795,20000,2000,2000,20000,2
method_a,css,uniform,X,5,0.0060130838819988435,0.0,1.5707963267948966,1.0,3.1622776601683795,20000,2000,2000,20000,26
method_a,css,uniform,X,5,0.007516354852498555,0.0,1.5707963267948966,1.0,3.1622776601683795,20000,2000,2000,20000,148
method_a,css,uniform,X,5,0.009019625822998265,0.0,1.5707963267948966,1.0,3.1622776601683795,20000,2000,2000,20000,648
method_a,css,uniform,X,5,0.010522896793497974,0.0,1.5707963267948966,1.0,3.1622776601683795,20000,2000,2000,20000,1814
method_a,css,uniform,X,5,0.012026167763997687,0.0,1.5707963267948966,1.0,3.1622776601683795,20000,2000,2000,12000,2078
method_a,css,uniform,X,5,0.013529438734497398,0.0,1.5707963267948966,1.0,3.1622776601683795,20000,2000,2000,8000,2243
method_a,css,uniform,Z,3,0.023488608914057983,0.0,1.5707963267948966,1.0,10.0,20000,2000,2000,20000,0
method_a,css,uniform,Z,3,0.046977217828115966,0.0,1.5707963267948966,1.0,10.0,20000,2000,2000,20000,9
method_a,css,uniform,Z,3,0.07046582674217394,0.0,1.5707963267948966,1.0,10.0,20000,2000,2000,20000,127
method_a,css,uniform,Z,3,0.09395443565623193,0.0,1.5707963267948966,1.0,10.0,20000,2000,2000,20000,546
method_a,css,uniform,Z,3,0.11744304457028992,0.0,1.5707963267948966,1.0,10.0,20000,2000,2000,20000,1445
method_a,css,uniform,Z,3,0.14093165348434789,0.0,1.5707963267948966,1.0,10.0,20000,2000,2000,14000,2001
method_a,css,uniform,Z,3,0.16442026239840585,0.0,1.5707963267948966,1.0,10.0,20000,2000,2000,10000,2292
method_a,css,uniform,Z,3,0.18790887131246387,0.0,1.5707963267948966,1.0,10.0,20000,2000,2000,8000,2470
method_a,css,uniform,Z,3,0.21139748022652186,0.0,1.5707963267948966,1.0,10.0,20000,2000,2000,6000,2138
method_a,css,uniform,Z,5,0.023488608914057983,0.0,1.5707963267948966,1.0,10.0,20000,2000,2000,20000,0
method_a,css,uniform,Z,5,0.046977217828115966,0.0,1.5707963267948966,1.0,10.0,20000,2000,2000,20000,0
method_a,css,uniform,Z,5,0.07046582674217394,0.0,1.5707963267948966,1.0,10.0,20000,2000,2000,20000,64
method_a,css,uniform,Z,5,0.09395443565623193,0.0,1.5707963267948966,1.0,10.0,20000,2000,2000,20000,773
method_a,css,uniform,Z,5,0.11744304457028992,0.0,1.5707963267948966,1.0,10.0,20000,2000,2000,14000,2266
method_a,css,uniform,Z,5,0.14093165348434789,0.0,1.5707963267948966,1.0,10.0,20000,2000,2000,8000,2540
method_a,css,uniform,Z,5,0.16442026239840585,0.0,1.5707963267948966,1.0,10.0,20000,2000,2000,6000,2596
method_a,css,uniform,Z,5,0.18790887131246387,0.0,1.5707963267948966,1.0,10.0,20000,2000,2000,6000,2851
method_a,css,uniform,X,3,0.0015032709704997109,0.0,1.5707963267948966,1.0,10.0,20000,2000,2000,20000,0
method_a,css,uniform,X,3,0.0030065419409994218,0.0,1.5707963267948966,1.0,10.0,20000,2000,2000,20000,2
method_a,css,uniform,X,3,0.0045098129114991324,0.0,1.5707963267948966,1.0,10.0,20000,2000,2000,20000,15
method_a,css,uniform,X,3,0.0060130838819988435,0.0,1.5707963267948966,1.0,10.0,20000,2000,2000,20000,82
method_a,css,uniform,X,3,0.007516354852498555,0.0,1.5707963267948966,1.0,10.0,20000,2000,2000,20000,306
method_a,css,uniform,X,3,0.009019625822998265,0.0,1.5707963267948966,1.0,10.0,20000,2000,2000,20000,700
method_a,css,uniform,X,3,0.010522896793497974,0.0,1.5707963267948966,1.0,10.0,20000,2000,2000,20000,1329
method_a,css,uniform,X,3,0.012026167763997687,0.0,1.5707963267948966,1.0,10.0,20000,2000,2000,20000,2202
method_a,css,uniform,X,3,0.013529438734497398,0.0,1.5707963267948966,1.0,10.0,20000,2000,2000,14000,2288
method_a,css,uniform,X,5,0.0015032709704997109,0.0,1.5707963267948966,1.0,10.0,20000,2000,2000,20000,0
method_a,css,uniform,X,5,0.0030065419409994218,0.0,1.5707963267948966,1.0,10.0,20000,2000,2000,20000,0
method_a,css,uniform,X,5,0.0045098129114991324,0.0,1.5707963267948966,1.0,10.0,20000,2000,2000,20000,3
method_a,css,uniform,X,5,0.0060130838819988435,0.0,1.5707963267948966,1.0,10.0,20000,2000,2000,20000,35
method_a,css,uniform,X,5,0.007516354852498555,0.0,1.5707963267948966,1.0,10.0,20000,2000,2000,20000,296
method_a,css,uniform,X,5,0.009019625822998265,0.0,1.5707963267948966,1.0,10.0,20000,2000,2000,20000,1157
method_a,css,uniform,X,5,0.010522896793497974,0.0,1.5707963267948966,1.0,10.0,20000,2000,2000,16000,2243
method_a,css,uniform,X,5,0.012026167763997687,0.0,1.5707963267948966,1.0,10.0,20000,2000,2000,10000,2477
method_a,css,uniform,X,5,0.013529438734497398,0.0,1.5707963267948966,1.0,10.0,20000,2000,2000,6000,2075
method_a,css,uniform,Z,3,0.023488608914057983,0.0,1.5707963267948966,1.0,31.622776601683793,20000,2000,2000,20000,0
method_a,css,uniform,Z,3,0.046977217828115966,0.0,1.5707963267948966,1.0,31.622776601683793,20000,2000,2000,20000,1
method_a,css,uniform,Z,3,0.07046582674217394,0.0,1.5707963267948966,1.0,31.622776601683793,20000,2000,2000,20000,0
method_a,css,uniform,Z,3,0.09395443565623193,0.0,1.5707963267948966,1.0,31.622776601683793,20000,2000,2000,20000,3
method_a,css,uniform,Z,3,0.11744304457028992,0.0,1.5707963267948966,1.0,31.622776601683793,20000,2000,2000,20000,6
method_a,css,uniform,Z,3,0.14093165348434789,0.0,1.5707963267948966,1.0,31.622776601683793,20000,2000,2000,20000,17
method_a,css,uniform,Z,3,0.16442026239840585,0.0,1.5707963267948966,1.0,31.622776601683793,20000,2000,2000,20000,26
method_a,css,uniform,Z,3,0.18790887131246387,0.0,1.5707963267948966,1.0,31.622776601683793,20000,2000,2000,20000,69
method_a,css,uniform,Z,3,0.21139748022652186,0.0,1.5707963267948966,1.0,31.622776601683793,20000,2000,2000,20000,140
method_a,css,uniform,Z,5,0.023488608914057983,0.0,1.5707963267948966,1.0,31.622776601683793,20000,2000,2000,20000,0
method_a,css,uniform,Z,5,0.046977217828115966,0.0,1.5707963267948966,1.0,31.622776601683793,20000,2000,2000,20000,0
method_a,css,uniform,Z,5,0.07046582674217394,0.0,1.5707963267948966,1.0,31.622776601683793,20000,2000,2000,20000,0
method_a,css,uniform,Z,5,0.09395443565623193,0.0,1.5707963267948966,1.0,31.622776601683793,20000,2000,2000,20000,0
method_a,css,uniform,Z,5,0.11744304457028992,0.0,1.5707963267948966,1.0,31.622776601683793,20000,2000,2000,20000,0
method_a,css,uniform,Z,5,0.14093165348434789,0.0,1.5707963267948966,1.0,31.622776601683793,20000,2000,2000,20000,2
method_a,css,uniform,Z,5,0.16442026239840585,0.0,1.5707963267948966,1.0,31.622776601683793,20000,2000,2000,20000,7
method_a,css,uniform,Z,5,0.18790887131246387,0.0,1.5707963267948966,1.0,31.622776601683793,20000,2000,2000,20000,32
method_a,css,uniform,Z,5,0.21139748022652186,0.0,1.5707963267948966,1.0,31.622776601683793,20000,2000,2000,20000,79
method_a,css,uniform,X,3,0.0015032709704997109,0.0,1.5707963267948966,1.0,31.622776601683793,20000,2000,2000,20000,0
method_a,css,uniform,X,3,0.0030065419409994218,0.0,1.5707963267948966,1.0,31.622776601683793,20000,2000,2000,20000,2
method_a,css,uniform,X,3,0.0045098129114991324,0.0,1.5707963267948966,1.0,31.622776601683793,20000,2000,2000,20000,14
method_a,css,uniform,X,3,0.0060130838819988435,0.0,1.5707963267948966,1.0,31.622776601683793,20000,2000,2000,20000,98
method_a,css,uniform,X,3,0.007516354852498555,0.0,1.5707963267948966,1.0,31.622776601683793,20000,2000,2000,20000,353
method_a,css,uniform,X,3,0.009019625822998265,0.0,1.5707963267948966,1.0,31.622776601683793,20000,2000,2000,20000,771
method_a,css,uniform,X,3,0.010522896793497974,0.0,1.5707963267948966,1.0,31.622776601683793,20000,2000,2000,20000,1518
method_a,css,uniform,X,3,0.012026167763997687,0.0,1.5707963267948966,1.0,31.622776601683793,20000,2000,2000,18000,2214
method_a,css,uniform,X,3,0.013529438734497398,0.0,1.5707963267948966,1.0,31.622776601683793,20000,2000,2000,12000,2166
method_a,css,uniform,X,5,0.0015032709704997109,0.0,1.5707963267948966,1.0,31.622776601683793,20000,2000,2000,20000,0
method_a,css,uniform,X,5,0.0030065419409994218,0.0,1.5707963267948966,1.0,31.622776601683793,20000,2000,2000,20000,0
method_a,css,uniform,X,5,0.0045098129114991324,0.0,1.5707963267948966,1.0,31.622776601683793,20000,2000,2000,20000,4
method_a,css,uniform,X,5,0.0060130838819988435,0.0,1.5707963267948966,1.0,31.622776601683793,20000,2000,2000,20000,67
method_a,css,uniform,X,5,0.007516354852498555,0.0,1.5707963267948966,1.0,31.622776601683793,20000,2000,2000,20000,388
method_a,css,uniform,X,5,0.009019625822998265,0.0,1.5707963267948966,1.0,31.622776601683793,20000,2000,2000,20000,1402
method_a,css,uniform,X,5,0.010522896793497974,0.0,1.5707963267948966,1.0,31.622776601683793,20000,2000,2000,12000,2060
method_a,css,uniform,X,5,0.012026167763997687,0.0,1.5707963267948966,1.0,31.622776601683793,20000,2000,2000,8000,2216
method_a,css,uniform,X,5,0.013529438734497398,0.0,1.5707963267948966,1.0,31.622776601683793,20000,2000,2000,6000,2248
method_a,css,uniform,Z,3,0.023488608914057983,0.0,1.5707963267948966,1.0,100.0,20000,2000,2000,20000,0
method_a,css,uniform,Z,3,0.046977217828115966,0.0,1.5707963267948966,1.0,100.0,20000,2000,2000,20000,0
method_a,css,uniform,Z,3,0.07046582674217394,0.0,1.5707963267948966,1.0,100.0,20000,2000,2000,20000,0
method_a,css,uniform,Z,3,0.09395443565623193,0.0,1.5707963267948966,1.0,100.0,20000,2000,2000,20000,0
method_a,css,uniform,Z,3,0.11744304457028992,0.0,1.5707963267948966,1.0,100.0,20000,2000,2000,20000,0
method_a,css,uniform,Z,3,0.14093165348434789,0.0,1.5707963267948966,1.0,100.0,20000,2000,2000,20000,0
method_a,css,uniform,Z,3,0.16442026239840585,0.0,1.5707963267948966,1.0,100.0,20000,2000,2000,20000,0
method_a,css,uniform,Z,3,0.18790887131246387,0.0,1.5707963267948966,1.0,100.0,20000,2000,2000,20000,1
method_a,css,uniform,Z,3,0.21139748022652186,0.0,1.5707963267948966,1.0,100.0,20000,2000,2000,20000,0
method_a,css,uniform,Z,5,0.023488608914057983,0.0,1.5707963267948966,1.0,100.0,20000,2000,2000,20000,0
method_a,css,uniform,Z,5,0.046977217828115966,0.0,1.5707963267948966,1.0,100.0,20000,2000,2000,20000,0
method_a,css,uniform,Z,5,0.07046582674217394,0.0,1.5707963267948966,1.0,100.0,20000,2000,2000,20000,0
method_a,css,uniform,Z,5,0.09395443565623193,0.0,1.5707963267948966,1.0,100.0,20000,2000,2000,20000,0
method_a,css,uniform,Z,5,0.11744304457028992,0.0,1.5707963267948966,1.0,100.0,20000,2000,2000,20000,0
method_a,css,uniform,Z,5,0.14093165348434789,0.0,1.5707963267948966,1.0,100.0,20000,2000,2000,20000,0
method_a,css,uniform,Z,5,0.16442026239840585,0.0,1.5707963267948966,1.0,100.0,20000,2000,2000,20000,0
method_a,css,uniform,Z,5,0.18790887131246387,0.0,1.5707963267948966,1.0,100.0,20000,2000,2000,20000,0
method_a,css,uniform,Z,5,0.21139748022652186,0.0,1.5707963267948966,1.0,100.0,20000,2000,2000,20000,0
method_a,css,uniform,X,3,0.0015032709704997109,0.0,1.5707963267948966,1.0,100.0,20000,2000,2000,20000,0
method_a,css,uniform,X,3,0.0030065419409994218,0.0,1.5707963267948966,1.0,100.0,20000,2000,2000,20000,0
method_a,css,uniform,X,3,0.0045098129114991324,0.0,1.5707963267948966,1.0,100.0,20000,2000,2000,20000,29
method_a,css,uniform,X,3,0.0060130838819988435,0.0,1.5707963267948966,1.0,100.0,20000,2000,2000,20000,103
method_a,css,uniform,X,3,0.007516354852498555,0.0,1.5707963267948966,1.0,100.0,20000,2000,2000,20000,371
method_a,css,uniform,X,3,0.009019625822998265,0.0,1.5707963267948966,1.0,100.0,20000,2000,2000,20000,847
method_a,css,uniform,X,3,0.010522896793497974,0.0,1.5707963267948966,1.0,100.0,20000,2000,2000,20000,1551
method_a,css,uniform,X,3,0.012026167763997687,0.0,1.5707963267948966,1.0,100.0,20000,2000,2000,16000,2086
method_a,css,uniform,X,3,0.013529438734497398,0.0,1.5707963267948966,1.0,100.0,20000,2000,2000,12000,2213
method_a,css,uniform,X,5,0.0015032709704997109,0.0,1.5707963267948966,1.0,100.0,20000,2000,2000,20000,0
method_a,css,uniform,X,5,0.0030065419409994218,0.0,1.5707963267948966,1.0,100.0,20000,2000,2000,20000,0
method_a,css,uniform,X,5,0.0045098129114991324,0.0,1.5707963267948966,1.0,100.0,20000,2000,2000,20000,5
method_a,css,uniform,X,5,0.0060130838819988435,0.0,1.5707963267948966,1.0,100.0,20000,2000,2000,20000,56
method_a,css,uniform,X,5,0.007516354852498555,0.0,1.5707963267948966,1.0,100.0,20000,2000,2000,20000,422
method_a,css,uniform,X,5,0.009019625822998265,0.0,1.5707963267948966,1.0,100.0,20000,2000,2000,20000,1521
method_a,css,uniform,X,5,0.010522896793497974,0.0,1.5707963267948966,1.0,100.0,20000,2000,2000,12000,2056
method_a,css,uniform,X,5,0.012026167763997687,0.0,1.5707963267948966,1.0,100.0,20000,2000,2000,8000,2291
method_a,css,uniform,X,5,0.013529438734497398,0.0,1.5707963267948966,1.0,100.0,20000,2000,2000,6000,2309
