scheme,code,decoder,basis,distance,p,theta,phi,eta_g,eta_t,shots_max,batch,max_fail,shots,errors
method_a,css,uniform,Z,3,0.0015905351195308409,0.0,0.0,1.0,20.0,20000,2000,2000,20000,1
method_a,css,uniform,Z,3,0.0019439873683154724,0.0,0.0,1.0,20.0,20000,2000,2000,20000,4
method_a,css,uniform,Z,3,0.0022974396171001033,0.0,0.0,1.0,20.0,20000,2000,2000,20000,9
method_a,css,uniform,Z,3,0.0026508918658847344,0.0,0.0,1.0,20.0,20000,2000,2000,20000,28
method_a,css,uniform,Z,3,0.003004344114669366,0.0,0.0,1.0,20.0,20000,2000,2000,20000,51
method_a,css,uniform,Z,3,0.0033577963634539975,0.0,0.0,1.0,20.0,20000,2000,2000,20000,111
method_a,css,uniform,Z,3,0.003711248612238628,0.0,0.0,1.0,20.0,20000,2000,2000,20000,174
method_a,css,uniform,Z,3,0.00406470086102326,0.0,0.0,1.0,20.0,20000,2000,2000,20000,274
method_a,css,uniform,Z,3,0.004418153109807891,0.0,0.0,1.0,20.0,20000,2000,2000,20000,408
method_a,css,uniform,Z,3,0.004771605358592523,0.0,0.0,1.0,20.0,20000,2000,2000,20000,603
method_a,css,uniform,Z,5,0.0015905351195308409,0.0,0.0,1.0,20.0,20000,2000,2000,20000,0
method_a,css,uniform,Z,5,0.0019439873683154724,0.0,0.0,1.0,20.0,20000,2000,2000,20000,0
method_a,css,uniform,Z,5,0.0022974396171001033,0.0,0.0,1.0,20.0,20000,2000,2000,20000,0
method_a,css,uniform,Z,5,0.0026508918658847344,0.0,0.0,1.0,20.0,20000,2000,2000,20000,6
method_a,css,uniform,Z,5,0.003004344114669366,0.0,0.0,1.0,20.0,20000,2000,2000,20000,10
method_a,css,uniform,Z,5,0.0033577963634539975,0.0,0.0,1.0,20.0,20000,2000,2000,20000,58
method_a,css,uniform,Z,5,0.003711248612238628,0.0,0.0,1.0,20.0,20000,2000,2000,20000,146
method_a,css,uniform,Z,5,0.00406470086102326,0.0,0.0,1.0,20.0,20000,2000,2000,20000,277
method_a,css,uniform,Z,5,0.004418153109807891,0.0,0.0,1.0,20.0,20000,2000,2000,20000,590
method_a,css,uniform,Z,5,0.004771605358592523,0.0,0.0,1.0,20.0,20000,2000,2000,20000,985
method_a,css,uniform,X,3,0.0015905351195308409,0.0,0.0,1.0,20.0,20000,2000,2000,20000,4
method_a,css,uniform,X,3,0.0019439873683154724,0.0,0.0,1.0,20.0,20000,2000,2000,20000,10
method_a,css,uniform,X,3,0.0022974396171001033,0.0,0.0,1.0,20.0,20000,2000,2000,20000,29
method_a,css,uniform,X,3,0.0026508918658847344,0.0,0.0,1.0,20.0,20000,2000,2000,20000,69
method_a,css,uniform,X,3,0.003004344114669366,0.0,0.0,1.0,20.0,20000,2000,2000,20000,115
method_a,css,uniform,X,3,0.0033577963634539975,0.0,0.0,1.0,20.0,20000,2000,2000,20000,235
method_a,css,uniform,X,3,0.003711248612238628,0.0,0.0,1.0,20.0,20000,2000,2000,20000,363
method_a,css,uniform,X,3,0.00406470086102326,0.0,0.0,1.0,20.0,20000,2000,2000,20000,548
method_a,css,uniform,X,3,0.004418153109807891,0.0,0.0,1.0,20.0,20000,2000,2000,20000,821
method_a,css,uniform,X,3,0.004771605358592523,0.0,0.0,1.0,20.0,20000,2000,2000,20000,1187
method_a,css,uniform,X,5,0.0015905351195308409,0.0,0.0,1.0,20.0,20000,2000,2000,20000,0
method_a,css,uniform,X,5,0.0019439873683154724,0.0,0.0,1.0,20.0,20000,2000,2000,20000,0
method_a,css,uniform,X,5,0.0022974396171001033,0.0,0.0,1.0,20.0,20000,2000,2000,20000,7
method_a,css,uniform,X,5,0.0026508918658847344,0.0,0.0,1.0,20.0,20000,2000,2000,20000,39
method_a,css,uniform,X,5,0.003004344114669366,0.0,0.0,1.0,20.0,20000,2000,2000,20000,74
method_a,css,uniform,X,5,0.0033577963634539975,0.0,0.0,1.0,20.0,20000,2000,2000,20000,241
method_a,css,uniform,X,5,0.003711248612238628,0.0,0.0,1.0,20.0,20000,2000,2000,20000,529
method_a,css,uniform,X,5,0.00406470086102326,0.0,0.0,1.0,20.0,20000,2000,2000,20000,991
method_a,css,uniform,X,5,0.004418153109807891,0.0,0.0,1.0,20.0,20000,2000,2000,20000,1623
method_a,css,uniform,X,5,0.004771605358592523,0.0,0.0,1.0,20.0,20000,2000,2000,18000,2213
method_a,css,uniform,Z,3,0.0014187959409607187,0.08386864861822897,0.0,1.0,20.0,20000,2000,2000,20000,3
method_a,css,uniform,Z,3,0.0017340839278408785,0.08386864861822897,0.0,1.0,20.0,20000,2000,2000,20000,2
method_a,css,uniform,Z,3,0.002049371914721038,0.08386864861822897,0.0,1.0,20.0,20000,2000,2000,20000,11
method_a,css,uniform,Z,3,0.0023646599016011976,0.08386864861822897,0.0,1.0,20.0,20000,2000,2000,20000,20
method_a,css,uniform,Z,3,0.0026799478884813573,0.08386864861822897,0.0,1.0,20.0,20000,2000,2000,20000,41
method_a,css,uniform,Z,3,0.0029952358753615174,0.08386864861822897,0.0,1.0,20.0,20000,2000,2000,20000,81
method_a,css,uniform,Z,3,0.0033105238622416766,0.08386864861822897,0.0,1.0,20.0,20000,2000,2000,20000,121
method_a,css,uniform,Z,3,0.0036258118491218363,0.08386864861822897,0.0,1.0,20.0,20000,2000,2000,20000,216
method_a,css,uniform,Z,3,0.003941099836001996,0.08386864861822897,0.0,1.0,20.0,20000,2000,2000,20000,310
method_a,css,uniform,Z,3,0.004256387822882156,0.08386864861822897,0.0,1.0,20.0,20000,2000,2000,20000,450
method_a,css,uniform,Z,5,0.0014187959409607187,0.08386864861822897,0.0,1.0,20.0,20000,2000,2000,20000,0
method_a,css,uniform,Z,5,0.0017340839278408785,0.08386864861822897,0.0,1.0,20.0,20000,2000,2000,20000,0
method_a,css,uniform,Z,5,0.002049371914721038,0.08386864861822897,0.0,1.0,20.0,20000,2000,2000,20000,0
method_a,css,uniform,Z,5,0.0023646599016011976,0.08386864861822897,0.0,1.0,20.0,20000,2000,2000,20000,2
method_a,css,uniform,Z,5,0.0026799478884813573,0.08386864861822897,0.0,1.0,20.0,20000,2000,2000,20000,17
method_a,css,uniform,Z,5,0.0029952358753615174,0.08386864861822897,0.0,1.0,20.0,20000,2000,2000,20000,22
method_a,css,uniform,Z,5,0.0033105238622416766,0.08386864861822897,0.0,1.0,20.0,20000,2000,2000,20000,81
method_a,css,uniform,Z,5,0.0036258118491218363,0.08386864861822897,0.0,1.0,20.0,20000,2000,2000,20000,204
method_a,css,uniform,Z,5,0.003941099836001996,0.08386864861822897,0.0,1.0,20.0,20000,2000,2000,20000,375
method_a,css,uniform,Z,5,0.004256387822882156,0.08386864861822897,0.0,1.0,20.0,20000,2000,2000,20000,679
method_a,css,uniform,X,3,0.0014187959409607187,0.08386864861822897,0.0,1.0,20.0,20000,2000,2000,20000,2
method_a,css,uniform,X,3,0.0017340839278408785,0.08386864861822897,0.0,1.0,20.0,20000,2000,2000,20000,6
method_a,css,uniform,X,3,0.002049371914721038,0.08386864861822897,0.0,1.0,20.0,20000,2000,2000,20000,20
method_a,css,uniform,X,3,0.0023646599016011976,0.08386864861822897,0.0,1.0,20.0,20000,2000,2000,20000,47
method_a,css,uniform,X,3,0.0026799478884813573,0.08386864861822897,0.0,1.0,20.0,20000,2000,2000,20000,78
method_a,css,uniform,X,3,0.0029952358753615174,0.08386864861822897,0.0,1.0,20.0,20000,2000,2000,20000,174
method_a,css,uniform,X,3,0.0033105238622416766,0.08386864861822897,0.0,1.0,20.0,20000,2000,2000,20000,231
method_a,css,uniform,X,3,0.0036258118491218363,0.08386864861822897,0.0,1.0,20.0,20000,2000,2000,20000,411
method_a,css,uniform,X,3,0.003941099836001996,0.08386864861822897,0.0,1.0,20.0,20000,2000,2000,20000,640
method_a,css,uniform,X,3,0.004256387822882156,0.08386864861822897,0.0,1.0,20.0,20000,2000,2000,20000,832
method_a,css,uniform,X,5,0.0014187959409607187,0.08386864861822897,0.0,1.0,20.0,20000,2000,2000,20000,0
method_a,css,uniform,X,5,0.0017340839278408785,0.08386864861822897,0.0,1.0,20.0,20000,2000,2000,20000,2
method_a,css,uniform,X,5,0.002049371914721038,0.08386864861822897,0.0,1.0,20.0,20000,2000,2000,20000,5
method_a,css,uniform,X,5,0.0023646599016011976,0.08386864861822897,0.0,1.0,20.0,20000,2000,2000,20000,13
method_a,css,uniform,X,5,0.0026799478884813573,0.08386864861822897,0.0,1.0,20.0,20000,2000,2000,20000,55
method_a,css,uniform,X,5,0.0029952358753615174,0.08386864861822897,0.0,1.0,20.0,20000,2000,2000,20000,138
method_a,css,uniform,X,5,0.0033105238622416766,0.08386864861822897,0.0,1.0,20.0,20000,2000,2000,20000,297
method_a,css,uniform,X,5,0.0036258118491218363,0.08386864861822897,0.0,1.0,20.0,20000,2000,2000,20000,574
method_a,css,uniform,X,5,0.003941099836001996,0.08386864861822897,0.0,1.0,20.0,20000,2000,2000,20000,1071
method_a,css,uniform,X,5,0.004256387822882156,0.08386864861822897,0.0,1.0,20.0,20000,2000,2000,20000,1699
method_a,css,uniform,Z,3,0.003149283865521754,0.18983670237767883,0.0,1.0,20.0,20000,2000,2000,20000,129
method_a,css,uniform,Z,3,0.0038491247245265887,0.18983670237767883,0.0,1.0,20.0,20000,2000,2000,20000,388
method_a,css,uniform,Z,3,0.004548965583531423,0.18983670237767883,0.0,1.0,20.0,20000,2000,2000,20000,706
method_a,css,uniform,Z,3,0.005248806442536256,0.18983670237767883,0.0,1.0,20.0,20000,2000,2000,20000,1387
method_a,css,uniform,Z,3,0.005948647301541091,0.18983670237767883,0.0,1.0,20.0,20000,2000,2000,20000,2157
method_a,css,uniform,Z,3,0.0066484881605459265,0.18983670237767883,0.0,1.0,20.0,20000,2000,2000,14000,2250
method_a,css,uniform,Z,3,0.007348329019550759,0.18983670237767883,0.0,1.0,20.0,20000,2000,2000,10000,2060
method_a,css,uniform,Z,3,0.008048169878555594,0.18983670237767883,0.0,1.0,20.0,20000,2000,2000,8000,2025
method_a,css,uniform,Z,3,0.008748010737560428,0.18983670237767883,0.0,1.0,20.0,20000,2000,2000,8000,2400
method_a,css,uniform,Z,3,0.009447851596565263,0.18983670237767883,0.0,1.0,20.0,20000,2000,2000,6000,2094
method_a,css,uniform,Z,5,0.003149283865521754,0.18983670237767883,0.0,1.0,20.0,20000,2000,2000,20000,100
method_a,css,uniform,Z,5,0.0038491247245265887,0.18983670237767883,0.0,1.0,20.0,20000,2000,2000,20000,469
method_a,css,uniform,Z,5,0.004548965583531423,0.18983670237767883,0.0,1.0,20.0,20000,2000,2000,20000,1470
method_a,css,uniform,Z,5,0.005248806442536256,0.18983670237767883,0.0,1.0,20.0,20000,2000,2000,14000,2278
method_a,css,uniform,Z,5,0.005948647301541091,0.18983670237767883,0.0,1.0,20.0,20000,2000,2000,8000,2085
method_a,css,uniform,Z,5,0.0066484881605459265,0.18983670237767883,0.0,1.0,20.0,20000,2000,2000,6000,2073
method_a,css,uniform,Z,5,0.007348329019550759,0.18983670237767883,0.0,1.0,20.0,20000,2000,2000,6000,2472
method_a,css,uniform,Z,5,0.008048169878555594,0.18983670237767883,0.0,1.0,20.0,20000,2000,2000,6000,2771
method_a,css,uniform,X,3,0.0012597135462087017,0.18983670237767883,0.0,1.0,20.0,20000,2000,2000,20000,2
method_a,css,uniform,X,3,0.0015396498898106355,0.18983670237767883,0.0,1.0,20.0,20000,2000,2000,20000,5
method_a,css,uniform,X,3,0.0018195862334125692,0.18983670237767883,0.0,1.0,20.0,20000,2000,2000,20000,15
method_a,css,uniform,X,3,0.0020995225770145025,0.18983670237767883,0.0,1.0,20.0,20000,2000,2000,20000,32
method_a,css,uniform,X,3,0.0023794589206164365,0.18983670237767883,0.0,1.0,20.0,20000,2000,2000,20000,52
method_a,css,uniform,X,3,0.0026593952642183704,0.18983670237767883,0.0,1.0,20.0,20000,2000,2000,20000,94
method_a,css,uniform,X,3,0.0029393316078203035,0.18983670237767883,0.0,1.0,20.0,20000,2000,2000,20000,174
method_a,css,uniform,X,3,0.0032192679514222375,0.18983670237767883,0.0,1.0,20.0,20000,2000,2000,20000,282
method_a,css,uniform,X,3,0.0034992042950241714,0.18983670237767883,0.0,1.0,20.0,20000,2000,2000,20000,437
method_a,css,uniform,X,3,0.0037791406386261054,0.18983670237767883,0.0,1.0,20.0,20000,2000,2000,20000,578
method_a,css,uniform,X,5,0.0012597135462087017,0.18983670237767883,0.0,1.0,20.0,20000,2000,2000,20000,0
method_a,css,uniform,X,5,0.0015396498898106355,0.18983670237767883,0.0,1.0,20.0,20000,2000,2000,20000,0
method_a,css,uniform,X,5,0.0018195862334125692,0.18983670237767883,0.0,1.0,20.0,20000,2000,2000,20000,2
method_a,css,uniform,X,5,0.0020995225770145025,0.18983670237767883,0.0,1.0,20.0,20000,2000,2000,20000,8
method_a,css,uniform,X,5,0.0023794589206164365,0.18983670237767883,0.0,1.0,20.0,20000,2000,2000,20000,32
method_a,css,uniform,X,5,0.0026593952642183704,0.18983670237767883,0.0,1.0,20.0,20000,2000,2000,20000,64
method_a,css,uniform,X,5,0.0029393316078203035,0.18983670237767883,0.0,1.0,20.0,20000,2000,2000,20000,160
method_a,css,uniform,X,5,0.0032192679514222375,0.18983670237767883,0.0,1.0,20.0,20000,2000,2000,20000,357
method_a,css,uniform,X,5,0.0034992042950241714,0.18983670237767883,0.0,1.0,20.0,20000,2000,2000,20000,624
method_a,css,uniform,X,5,0.0037791406386261054,0.18983670237767883,0.0,1.0,20.0,20000,2000,2000,20000,1038
method_a,css,uniform,Z,3,0.002796751302523006,0.3243852782952545,0.0,1.0,20.0,20000,2000,2000,20000,85
method_a,css,uniform,Z,3,0.003418251591972563,0.3243852782952545,0.0,1.0,20.0,20000,2000,2000,20000,254
method_a,css,uniform,Z,3,0.00403975188142212,0.3243852782952545,0.0,1.0,20.0,20000,2000,2000,20000,562
method_a,css,uniform,Z,3,0.0046612521708716765,0.3243852782952545,0.0,1.0,20.0,20000,2000,2000,20000,1113
method_a,css,uniform,Z,3,0.005282752460321233,0.3243852782952545,0.0,1.0,20.0,20000,2000,2000,20000,1667
method_a,css,uniform,Z,3,0.005904252749770791,0.3243852782952545,0.0,1.0,20.0,20000,2000,2000,18000,2197
method_a,css,uniform,Z,3,0.006525753039220346,0.3243852782952545,0.0,1.0,20.0,20000,2000,2000,12000,2068
method_a,css,uniform,Z,3,0.007147253328669904,0.3243852782952545,0.0,1.0,20.0,20000,2000,2000,10000,2173
method_a,css,uniform,Z,3,0.007768753618119461,0.3243852782952545,0.0,1.0,20.0,20000,2000,2000,8000,2083
method_a,css,uniform,Z,3,0.008390253907569018,0.3243852782952545,0.0,1.0,20.0,20000,2000,2000,8000,2456
method_a,css,uniform,Z,5,0.002796751302523006,0.3243852782952545,0.0,1.0,20.0,20000,2000,2000,20000,55
method_a,css,uniform,Z,5,0.003418251591972563,0.3243852782952545,0.0,1.0,20.0,20000,2000,2000,20000,319
method_a,css,uniform,Z,5,0.00403975188142212,0.3243852782952545,0.0,1.0,20.0,20000,2000,2000,20000,1001
method_a,css,uniform,Z,5,0.0046612521708716765,0.3243852782952545,0.0,1.0,20.0,20000,2000,2000,18000,2063
method_a,css,uniform,Z,5,0.005282752460321233,0.3243852782952545,0.0,1.0,20.0,20000,2000,2000,10000,2042
method_a,css,uniform,Z,5,0.005904252749770791,0.3243852782952545,0.0,1.0,20.0,20000,2000,2000,8000,2376
method_a,css,uniform,Z,5,0.006525753039220346,0.3243852782952545,0.0,1.0,20.0,20000,2000,2000,6000,2213
method_a,css,uniform,Z,5,0.007147253328669904,0.3243852782952545,0.0,1.0,20.0,20000,2000,2000,6000,2514
method_a,css,uniform,Z,5,0.007768753618119461,0.3243852782952545,0.0,1.0,20.0,20000,2000,2000,6000,2709
method_a,css,uniform,X,3,0.0011187005210092024,0.3243852782952545,0.0,1.0,20.0,20000,2000,2000,20000,0
method_a,css,uniform,X,3,0.0013673006367890253,0.3243852782952545,0.0,1.0,20.0,20000,2000,2000,20000,4
method_a,css,uniform,X,3,0.001615900752568848,0.3243852782952545,0.0,1.0,20.0,20000,2000,2000,20000,5
method_a,css,uniform,X,3,0.0018645008683486706,0.3243852782952545,0.0,1.0,20.0,20000,2000,2000,20000,15
method_a,css,uniform,X,3,0.0021131009841284932,0.3243852782952545,0.0,1.0,20.0,20000,2000,2000,20000,37
method_a,css,uniform,X,3,0.0023617010999083163,0.3243852782952545,0.0,1.0,20.0,20000,2000,2000,20000,73
method_a,css,uniform,X,3,0.0026103012156881386,0.3243852782952545,0.0,1.0,20.0,20000,2000,2000,20000,98
method_a,css,uniform,X,3,0.0028589013314679616,0.3243852782952545,0.0,1.0,20.0,20000,2000,2000,20000,170
method_a,css,uniform,X,3,0.0031075014472477843,0.3243852782952545,0.0,1.0,20.0,20000,2000,2000,20000,256
method_a,css,uniform,X,3,0.0033561015630276074,0.3243852782952545,0.0,1.0,20.0,20000,2000,2000,20000,430
method_a,css,uniform,X,5,0.0011187005210092024,0.3243852782952545,0.0,1.0,20.0,20000,2000,2000,20000,0
method_a,css,uniform,X,5,0.0013673006367890253,0.3243852782952545,0.0,1.0,20.0,20000,2000,2000,20000,0
method_a,css,uniform,X,5,0.001615900752568848,0.3243852782952545,0.0,1.0,20.0,20000,2000,2000,20000,1
method_a,css,uniform,X,5,0.0018645008683486706,0.3243852782952545,0.0,1.0,20.0,20000,2000,2000,20000,7
method_a,css,uniform,X,5,0.0021131009841284932,0.3243852782952545,0.0,1.0,20.0,20000,2000,2000,20000,7
method_a,css,uniform,X,5,0.0023617010999083163,0.3243852782952545,0.0,1.0,20.0,20000,2000,2000,20000,31
method_a,css,uniform,X,5,0.0026103012156881386,0.3243852782952545,0.0,1.0,20.0,20000,2000,2000,20000,69
method_a,css,uniform,X,5,0.0028589013314679616,0.3243852782952545,0.0,1.0,20.0,20000,2000,2000,20000,170
method_a,css,uniform,X,5,0.0031075014472477843,0.3243852782952545,0.0,1.0,20.0,20000,2000,2000,20000,343
method_a,css,uniform,X,5,0.0033561015630276074,0.3243852782952545,0.0,1.0,20.0,20000,2000,2000,20000,581
method_a,css,uniform,Z,3,0.002508510307060105,0.49360010964324214,0.0,1.0,20.0,20000,2000,2000,20000,52
method_a,css,uniform,Z,3,0.0030659570419623505,0.49360010964324214,0.0,1.0,20.0,20000,2000,2000,20000,181
method_a,css,uniform,Z,3,0.003623403776864596,0.49360010964324214,0.0,1.0,20.0,20000,2000,2000,20000,399
method_a,css,uniform,Z,3,0.004180850511766841,0.49360010964324214,0.0,1.0,20.0,20000,2000,2000,20000,757
method_a,css,uniform,Z,3,0.004738297246669087,0.49360010964324214,0.0,1.0,20.0,20000,2000,2000,20000,1245
method_a,css,uniform,Z,3,0.005295743981571333,0.49360010964324214,0.0,1.0,20.0,20000,2000,2000,20000,1880
method_a,css,uniform,Z,3,0.005853190716473578,0.49360010964324214,0.0,1.0,20.0,20000,2000,2000,16000,2143
method_a,css,uniform,Z,3,0.006410637451375824,0.49360010964324214,0.0,1.0,20.0,20000,2000,2000,12000,2084
method_a,css,uniform,Z,3,0.00696808418627807,0.49360010964324214,0.0,1.0,20.0,20000,2000,2000,10000,2087
method_a,css,uniform,Z,3,0.007525530921180315,0.49360010964324214,0.0,1.0,20.0,20000,2000,2000,8000,2102
method_a,css,uniform,Z,5,0.002508510307060105,0.49360010964324214,0.0,1.0,20.0,20000,2000,2000,20000,37
method_a,css,uniform,Z,5,0.0030659570419623505,0.49360010964324214,0.0,1.0,20.0,20000,2000,2000,20000,178
method_a,css,uniform,Z,5,0.003623403776864596,0.49360010964324214,0.0,1.0,20.0,20000,2000,2000,20000,609
method_a,css,uniform,Z,5,0.004180850511766841,0.49360010964324214,0.0,1.0,20.0,20000,2000,2000,20000,1493
method_a,css,uniform,Z,5,0.004738297246669087,0.49360010964324214,0.0,1.0,20.0,20000,2000,2000,14000,2006
method_a,css,uniform,Z,5,0.005295743981571333,0.49360010964324214,0.0,1.0,20.0,20000,2000,2000,10000,2306
method_a,css,uniform,Z,5,0.005853190716473578,0.49360010964324214,0.0,1.0,20.0,20000,2000,2000,8000,2491
method_a,css,uniform,Z,5,0.006410637451375824,0.49360010964324214,0.0,1.0,20.0,20000,2000,2000,6000,2280
method_a,css,uniform,Z,5,0.00696808418627807,0.49360010964324214,0.0,1.0,20.0,20000,2000,2000,6000,2611
method_a,css,uniform,Z,5,0.007525530921180315,0.49360010964324214,0.0,1.0,20.0,20000,2000,2000,6000,2793
method_a,css,uniform,X,3,0.001003404122824042,0.49360010964324214,0.0,1.0,20.0,20000,2000,2000,20000,1
method_a,css,uniform,X,3,0.0012263828167849403,0.49360010964324214,0.0,1.0,20.0,20000,2000,2000,20000,0
method_a,css,uniform,X,3,0.0014493615107458383,0.49360010964324214,0.0,1.0,20.0,20000,2000,2000,20000,5
method_a,css,uniform,X,3,0.0016723402047067366,0.49360010964324214,0.0,1.0,20.0,20000,2000,2000,20000,11
method_a,css,uniform,X,3,0.0018953188986676349,0.49360010964324214,0.0,1.0,20.0,20000,2000,2000,20000,14
method_a,css,uniform,X,3,0.0021182975926285334,0.49360010964324214,0.0,1.0,20.0,20000,2000,2000,20000,36
method_a,css,uniform,X,3,0.002341276286589431,0.49360010964324214,0.0,1.0,20.0,20000,2000,2000,20000,59
method_a,css,uniform,X,3,0.0025642549805503295,0.49360010964324214,0.0,1.0,20.0,20000,2000,2000,20000,85
method_a,css,uniform,X,3,0.0027872336745112278,0.49360010964324214,0.0,1.0,20.0,20000,2000,2000,20000,121
method_a,css,uniform,X,3,0.003010212368472126,0.49360010964324214,0.0,1.0,20.0,20000,2000,2000,20000,236
method_a,css,uniform,X,5,0.001003404122824042,0.49360010964324214,0.0,1.0,20.0,20000,2000,2000,20000,0
method_a,css,uniform,X,5,0.0012263828167849403,0.49360010964324214,0.0,1.0,20.0,20000,2000,2000,20000,0
method_a,css,uniform,X,5,0.0014493615107458383,0.49360010964324214,0.0,1.0,20.0,20000,2000,2000,20000,0
method_a,css,uniform,X,5,0.0016723402047067366,0.49360010964324214,0.0,1.0,20.0,20000,2000,2000,20000,0
method_a,css,uniform,X,5,0.0018953188986676349,0.49360010964324214,0.0,1.0,20.0,20000,2000,2000,20000,3
method_a,css,uniform,X,5,0.0021182975926285334,0.49360010964324214,0.0,1.0,20.0,20000,2000,2000,20000,19
method_a,css,uniform,X,5,0.002341276286589431,0.49360010964324214,0.0,1.0,20.0,20000,2000,2000,20000,32
method_a,css,uniform,X,5,0.0025642549805503295,0.49360010964324214,0.0,1.0,20.0,20000,2000,2000,20000,67
method_a,css,uniform,X,5,0.0027872336745112278,0.49360010964324214,0.0,1.0,20.0,20000,2000,2000,20000,164
method_a,css,uniform,X,5,0.003010212368472126,0.49360010964324214,0.0,1.0,20.0,20000,2000,2000,20000,308
method_a,css,uniform,Z,3,0.0023087674640430112,0.6990457578322908,0.0,1.0,20.0,20000,2000,2000,20000,40
method_a,css,uniform,Z,3,0.002821826900497014,0.6990457578322908,0.0,1.0,20.0,20000,2000,2000,20000,108
method_a,css,uniform,Z,3,0.0033348863369510166,0.6990457578322908,0.0,1.0,20.0,20000,2000,2000,20000,312
method_a,css,uniform,Z,3,0.003847945773405018,0.6990457578322908,0.0,1.0,20.0,20000,2000,2000,20000,535
method_a,css,uniform,Z,3,0.004361005209859021,0.6990457578322908,0.0,1.0,20.0,20000,2000,2000,20000,920
method_a,css,uniform,Z,3,0.004874064646313024,0.6990457578322908,0.0,1.0,20.0,20000,2000,2000,20000,1332
method_a,css,uniform,Z,3,0.005387124082767026,0.6990457578322908,0.0,1.0,20.0,20000,2000,2000,20000,2057
method_a,css,uniform,Z,3,0.005900183519221029,0.6990457578322908,0.0,1.0,20.0,20000,2000,2000,16000,2086
method_a,css,uniform,Z,3,0.006413242955675032,0.6990457578322908,0.0,1.0,20.0,20000,2000,2000,12000,2061
method_a,css,uniform,Z,3,0.006926302392129035,0.6990457578322908,0.0,1.0,20.0,20000,2000,2000,10000,2101
method_a,css,uniform,Z,5,0.0023087674640430112,0.6990457578322908,0.0,1.0,20.0,20000,2000,2000,20000,15
method_a,css,uniform,Z,5,0.002821826900497014,0.6990457578322908,0.0,1.0,20.0,20000,2000,2000,20000,90
method_a,css,uniform,Z,5,0.0033348863369510166,0.6990457578322908,0.0,1.0,20.0,20000,2000,2000,20000,336
method_a,css,uniform,Z,5,0.003847945773405018,0.6990457578322908,0.0,1.0,20.0,20000,2000,2000,20000,936
method_a,css,uniform,Z,5,0.004361005209859021,0.6990457578322908,0.0,1.0,20.0,20000,2000,2000,20000,1858
method_a,css,uniform,Z,5,0.004874064646313024,0.6990457578322908,0.0,1.0,20.0,20000,2000,2000,12000,2002
method_a,css,uniform,Z,5,0.005387124082767026,0.6990457578322908,0.0,1.0,20.0,20000,2000,2000,10000,2498
method_a,css,uniform,Z,5,0.005900183519221029,0.6990457578322908,0.0,1.0,20.0,20000,2000,2000,8000,2473
method_a,css,uniform,Z,5,0.006413242955675032,0.6990457578322908,0.0,1.0,20.0,20000,2000,2000,6000,2284
method_a,css,uniform,Z,5,0.006926302392129035,0.6990457578322908,0.0,1.0,20.0,20000,2000,2000,6000,2526
method_a,css,uniform,X,3,0.0023087674640430112,0.6990457578322908,0.0,1.0,20.0,20000,2000,2000,20000,53
method_a,css,uniform,X,3,0.002821826900497014,0.6990457578322908,0.0,1.0,20.0,20000,2000,2000,20000,146
method_a,css,uniform,X,3,0.0033348863369510166,0.6990457578322908,0.0,1.0,20.0,20000,2000,2000,20000,387
method_a,css,uniform,X,3,0.003847945773405018,0.6990457578322908,0.0,1.0,20.0,20000,2000,2000,20000,695
method_a,css,uniform,X,3,0.004361005209859021,0.6990457578322908,0.0,1.0,20.0,20000,2000,2000,20000,1148
method_a,css,uniform,X,3,0.004874064646313024,0.6990457578322908,0.0,1.0,20.0,20000,2000,2000,20000,1753
method_a,css,uniform,X,3,0.005387124082767026,0.6990457578322908,0.0,1.0,20.0,20000,2000,2000,16000,2009
method_a,css,uniform,X,3,0.005900183519221029,0.6990457578322908,0.0,1.0,20.0,20000,2000,2000,14000,2170
method_a,css,uniform,X,3,0.006413242955675032,0.6990457578322908,0.0,1.0,20.0,20000,2000,2000,10000,2039
method_a,css,uniform,X,3,0.006926302392129035,0.6990457578322908,0.0,1.0,20.0,20000,2000,2000,10000,2403
method_a,css,uniform,X,5,0.0023087674640430112,0.6990457578322908,0.0,1.0,20.0,20000,2000,2000,20000,32
method_a,css,uniform,X,5,0.002821826900497014,0.6990457578322908,0.0,1.0,20.0,20000,2000,2000,20000,145
method_a,css,uniform,X,5,0.0033348863369510166,0.6990457578322908,0.0,1.0,20.0,20000,2000,2000,20000,578
method_a,css,uniform,X,5,0.003847945773405018,0.6990457578322908,0.0,1.0,20.0,20000,2000,2000,20000,1374
method_a,css,uniform,X,5,0.004361005209859021,0.6990457578322908,0.0,1.0,20.0,20000,2000,2000,16000,2159
method_a,css,uniform,X,5,0.004874064646313024,0.6990457578322908,0.0,1.0,20.0,20000,2000,2000,10000,2208
method_a,css,uniform,X,5,0.005387124082767026,0.6990457578322908,0.0,1.0,20.0,20000,2000,2000,8000,2428
method_a,css,uniform,X,5,0.005900183519221029,0.6990457578322908,0.0,1.0,20.0,20000,2000,2000,6000,2203
method_a,css,uniform,X,5,0.006413242955675032,0.6990457578322908,0.0,1.0,20.0,20000,2000,2000,6000,2541
method_a,css,uniform,X,5,0.006926302392129035,0.6990457578322908,0.0,1.0,20.0,20000,2000,2000,6000,2691
method_a,css,uniform,Z,3,0.002221523705782718,0.9314908633509309,0.0,1.0,20.0,20000,2000,2000,20000,34
method_a,css,uniform,Z,3,0.0027151956404011,0.9314908633509309,0.0,1.0,20.0,20000,2000,2000,20000,76
method_a,css,uniform,Z,3,0.003208867575019481,0.9314908633509309,0.0,1.0,20.0,20000,2000,2000,20000,171
method_a,css,uniform,Z,3,0.0037025395096378626,0.9314908633509309,0.0,1.0,20.0,20000,2000,2000,20000,350
method_a,css,uniform,Z,3,0.004196211444256245,0.9314908633509309,0.0,1.0,20.0,20000,2000,2000,20000,599
method_a,css,uniform,Z,3,0.004689883378874627,0.9314908633509309,0.0,1.0,20.0,20000,2000,2000,20000,933
method_a,css,uniform,Z,3,0.005183555313493008,0.9314908633509309,0.0,1.0,20.0,20000,2000,2000,20000,1426
method_a,css,uniform,Z,3,0.005677227248111389,0.9314908633509309,0.0,1.0,20.0,20000,2000,2000,20000,1968
method_a,css,uniform,Z,3,0.006170899182729771,0.9314908633509309,0.0,1.0,20.0,20000,2000,2000,16000,2095
method_a,css,uniform,Z,3,0.006664571117348153,0.9314908633509309,0.0,1.0,20.0,20000,2000,2000,14000,2287
method_a,css,uniform,Z,5,0.002221523705782718,0.9314908633509309,0.0,1.0,20.0,20000,2000,2000,20000,7
method_a,css,uniform,Z,5,0.0027151956404011,0.9314908633509309,0.0,1.0,20.0,20000,2000,2000,20000,50
method_a,css,uniform,Z,5,0.003208867575019481,0.9314908633509309,0.0,1.0,20.0,20000,2000,2000,20000,194
method_a,css,uniform,Z,5,0.0037025395096378626,0.9314908633509309,0.0,1.0,20.0,20000,2000,2000,20000,500
method_a,css,uniform,Z,5,0.004196211444256245,0.9314908633509309,0.0,1.0,20.0,20000,2000,2000,20000,1192
method_a,css,uniform,Z,5,0.004689883378874627,0.9314908633509309,0.0,1.0,20.0,20000,2000,2000,20000,2164
method_a,css,uniform,Z,5,0.005183555313493008,0.9314908633509309,0.0,1.0,20.0,20000,2000,2000,12000,2132
method_a,css,uniform,Z,5,0.005677227248111389,0.9314908633509309,0.0,1.0,20.0,20000,2000,2000,10000,2395
method_a,css,uniform,Z,5,0.006170899182729771,0.9314908633509309,0.0,1.0,20.0,20000,2000,2000,8000,2410
method_a,css,uniform,Z,5,0.006664571117348153,0.9314908633509309,0.0,1.0,20.0,20000,2000,2000,6000,2216
method_a,css,uniform,X,3,0.002221523705782718,0.9314908633509309,0.0,1.0,20.0,20000,2000,2000,20000,38
method_a,css,uniform,X,3,0.0027151956404011,0.9314908633509309,0.0,1.0,20.0,20000,2000,2000,20000,82
method_a,css,uniform,X,3,0.003208867575019481,0.9314908633509309,0.0,1.0,20.0,20000,2000,2000,20000,203
method_a,css,uniform,X,3,0.0037025395096378626,0.9314908633509309,0.0,1.0,20.0,20000,2000,2000,20000,412
method_a,css,uniform,X,3,0.004196211444256245,0.9314908633509309,0.0,1.0,20.0,20000,2000,2000,20000,654
method_a,css,uniform,X,3,0.004689883378874627,0.9314908633509309,0.0,1.0,20.0,20000,2000,2000,20000,1106
method_a,css,uniform,X,3,0.005183555313493008,0.9314908633509309,0.0,1.0,20.0,20000,2000,2000,20000,1592
method_a,css,uniform,X,3,0.005677227248111389,0.9314908633509309,0.0,1.0,20.0,20000,2000,2000,20000,2170
method_a,css,uniform,X,3,0.006170899182729771,0.9314908633509309,0.0,1.0,20.0,20000,2000,2000,14000,2033
method_a,css,uniform,X,3,0.006664571117348153,0.9314908633509309,0.0,1.0,20.0,20000,2000,2000,12000,2114
method_a,css,uniform,X,5,0.002221523705782718,0.9314908633509309,0.0,1.0,20.0,20000,2000,2000,20000,11
method_a,css,uniform,X,5,0.0027151956404011,0.9314908633509309,0.0,1.0,20.0,20000,2000,2000,20000,59
method_a,css,uniform,X,5,0.003208867575019481,0.9314908633509309,0.0,1.0,20.0,20000,2000,2000,20000,244
method_a,css,uniform,X,5,0.0037025395096378626,0.9314908633509309,0.0,1.0,20.0,20000,2000,2000,20000,685
method_a,css,uniform,X,5,0.004196211444256245,0.9314908633509309,0.0,1.0,20.0,20000,2000,2000,20000,1525
method_a,css,uniform,X,5,0.004689883378874627,0.9314908633509309,0.0,1.0,20.0,20000,2000,2000,16000,2112
method_a,css,uniform,X,5,0.005183555313493008,0.9314908633509309,0.0,1.0,20.0,20000,2000,2000,12000,2365
method_a,css,uniform,X,5,0.005677227248111389,0.9314908633509309,0.0,1.0,20.0,20000,2000,2000,8000,2210
method_a,css,uniform,X,5,0.006170899182729771,0.9314908633509309,0.0,1.0,20.0,20000,2000,2000,6000,2047
method_a,css,uniform,X,5,0.006664571117348153,0.9314908633509309,0.0,1.0,20.0,20000,2000,2000,6000,2353
method_a,css,uniform,Z,3,0.0022598462508807374,1.1690637110830486,0.0,1.0,20.0,20000,2000,2000,20000,22
method_a,css,uniform,Z,3,0.0027620343066320128,1.1690637110830486,0.0,1.0,20.0,20000,2000,2000,20000,39
method_a,css,uniform,Z,3,0.0032642223623832872,1.1690637110830486,0.0,1.0,20.0,20000,2000,2000,20000,123
method_a,css,uniform,Z,3,0.0037664104181345617,1.1690637110830486,0.0,1.0,20.0,20000,2000,2000,20000,230
method_a,css,uniform,Z,3,0.004268598473885837,1.1690637110830486,0.0,1.0,20.0,20000,2000,2000,20000,372
method_a,css,uniform,Z,3,0.004770786529637113,1.1690637110830486,0.0,1.0,20.0,20000,2000,2000,20000,698
method_a,css,uniform,Z,3,0.005272974585388387,1.1690637110830486,0.0,1.0,20.0,20000,2000,2000,20000,928
method_a,css,uniform,Z,3,0.005775162641139662,1.1690637110830486,0.0,1.0,20.0,20000,2000,2000,20000,1316
method_a,css,uniform,Z,3,0.0062773506968909374,1.1690637110830486,0.0,1.0,20.0,20000,2000,2000,20000,1787
method_a,css,uniform,Z,3,0.0067795387526422115,1.1690637110830486,0.0,1.0,20.0,20000,2000,2000,18000,2085
method_a,css,uniform,Z,5,0.0022598462508807374,1.1690637110830486,0.0,1.0,20.0,20000,2000,2000,20000,1
method_a,css,uniform,Z,5,0.0027620343066320128,1.1690637110830486,0.0,1.0,20.0,20000,2000,2000,20000,22
method_a,css,uniform,Z,5,0.0032642223623832872,1.1690637110830486,0.0,1.0,20.0,20000,2000,2000,20000,78
method_a,css,uniform,Z,5,0.0037664104181345617,1.1690637110830486,0.0,1.0,20.0,20000,2000,2000,20000,239
method_a,css,uniform,Z,5,0.004268598473885837,1.1690637110830486,0.0,1.0,20.0,20000,2000,2000,20000,650
method_a,css,uniform,Z,5,0.004770786529637113,1.1690637110830486,0.0,1.0,20.0,20000,2000,2000,20000,1264
method_a,css,uniform,Z,5,0.005272974585388387,1.1690637110830486,0.0,1.0,20.0,20000,2000,2000,20000,2170
method_a,css,uniform,Z,5,0.005775162641139662,1.1690637110830486,0.0,1.0,20.0,20000,2000,2000,12000,2026
method_a,css,uniform,Z,5,0.0062773506968909374,1.1690637110830486,0.0,1.0,20.0,20000,2000,2000,10000,2191
method_a,css,uniform,Z,5,0.0067795387526422115,1.1690637110830486,0.0,1.0,20.0,20000,2000,2000,8000,2254
method_a,css,uniform,X,3,0.0022598462508807374,1.1690637110830486,0.0,1.0,20.0,20000,2000,2000,20000,9
method_a,css,uniform,X,3,0.0027620343066320128,1.1690637110830486,0.0,1.0,20.0,20000,2000,2000,20000,48
method_a,css,uniform,X,3,0.0032642223623832872,1.1690637110830486,0.0,1.0,20.0,20000,2000,2000,20000,100
method_a,css,uniform,X,3,0.0037664104181345617,1.1690637110830486,0.0,1.0,20.0,20000,2000,2000,20000,183
method_a,css,uniform,X,3,0.004268598473885837,1.1690637110830486,0.0,1.0,20.0,20000,2000,2000,20000,376
method_a,css,uniform,X,3,0.004770786529637113,1.1690637110830486,0.0,1.0,20.0,20000,2000,2000,20000,593
method_a,css,uniform,X,3,0.005272974585388387,1.1690637110830486,0.0,1.0,20.0,20000,2000,2000,20000,925
method_a,css,uniform,X,3,0.005775162641139662,1.1690637110830486,0.0,1.0,20.0,20000,2000,2000,20000,1365
method_a,css,uniform,X,3,0.0062773506968909374,1.1690637110830486,0.0,1.0,20.0,20000,2000,2000,20000,1789
method_a,css,uniform,X,3,0.0067795387526422115,1.1690637110830486,0.0,1.0,20.0,20000,2000,2000,18000,2145
method_a,css,uniform,X,5,0.0022598462508807374,1.1690637110830486,0.0,1.0,20.0,20000,2000,2000,20000,4
method_a,css,uniform,X,5,0.0027620343066320128,1.1690637110830486,0.0,1.0,20.0,20000,2000,2000,20000,17
method_a,css,uniform,X,5,0.0032642223623832872,1.1690637110830486,0.0,1.0,20.0,20000,2000,2000,20000,79
method_a,css,uniform,X,5,0.0037664104181345617,1.1690637110830486,0.0,1.0,20.0,20000,2000,2000,20000,257
method_a,css,uniform,X,5,0.004268598473885837,1.1690637110830486,0.0,1.0,20.0,20000,2000,2000,20000,636
method_a,css,uniform,X,5,0.004770786529637113,1.1690637110830486,0.0,1.0,20.0,20000,2000,2000,20000,1307
method_a,css,uniform,X,5,0.005272974585388387,1.1690637110830486,0.0,1.0,20.0,20000,2000,2000,18000,2028
method_a,css,uniform,X,5,0.005775162641139662,1.1690637110830486,0.0,1.0,20.0,20000,2000,2000,12000,2041
method_a,css,uniform,X,5,0.0062773506968909374,1.1690637110830486,0.0,1.0,20.0,20000,2000,2000,10000,2354
method_a,css,uniform,X,5,0.0067795387526422115,1.1690637110830486,0.0,1.0,20.0,20000,2000,2000,8000,2384
method_a,css,uniform,Z,3,0.0009671086565485006,1.3870271478477794,0.0,1.0,20.0,20000,2000,2000,20000,0
method_a,css,uniform,Z,3,0.0011820216913370565,1.3870271478477794,0.0,1.0,20.0,20000,2000,2000,20000,0
method_a,css,uniform,Z,3,0.001396934726125612,1.3870271478477794,0.0,1.0,20.0,20000,2000,2000,20000,0
method_a,css,uniform,Z,3,0.0016118477609141676,1.3870271478477794,0.0,1.0,20.0,20000,2000,2000,20000,1
method_a,css,uniform,Z,3,0.0018267607957027233,1.3870271478477794,0.0,1.0,20.0,20000,2000,2000,20000,5
method_a,css,uniform,Z,3,0.002041673830491279,1.3870271478477794,0.0,1.0,20.0,20000,2000,2000,20000,4
method_a,css,uniform,Z,3,0.0022565868652798344,1.3870271478477794,0.0,1.0,20.0,20000,2000,2000,20000,1
method_a,css,uniform,Z,3,0.0024714999000683903,1.3870271478477794,0.0,1.0,20.0,20000,2000,2000,20000,11
method_a,css,uniform,Z,3,0.002686412934856946,1.3870271478477794,0.0,1.0,20.0,20000,2000,2000,20000,14
method_a,css,uniform,Z,3,0.0029013259696455016,1.3870271478477794,0.0,1.0,20.0,20000,2000,2000,20000,25
method_a,css,uniform,Z,5,0.0009671086565485006,1.3870271478477794,0.0,1.0,20.0,20000,2000,2000,20000,0
method_a,css,uniform,Z,5,0.0011820216913370565,1.3870271478477794,0.0,1.0,20.0,20000,2000,2000,20000,0
method_a,css,uniform,Z,5,0.001396934726125612,1.3870271478477794,0.0,1.0,20.0,20000,2000,2000,20000,0
method_a,css,uniform,Z,5,0.0016118477609141676,1.3870271478477794,0.0,1.0,20.0,20000,2000,2000,20000,0
method_a,css,uniform,Z,5,0.0018267607957027233,1.3870271478477794,0.0,1.0,20.0,20000,2000,2000,20000,0
method_a,css,uniform,Z,5,0.002041673830491279,1.3870271478477794,0.0,1.0,20.0,20000,2000,2000,20000,0
method_a,css,uniform,Z,5,0.0022565868652798344,1.3870271478477794,0.0,1.0,20.0,20000,2000,2000,20000,1
method_a,css,uniform,Z,5,0.0024714999000683903,1.3870271478477794,0.0,1.0,20.0,20000,2000,2000,20000,1
method_a,css,uniform,Z,5,0.002686412934856946,1.3870271478477794,0.0,1.0,20.0,20000,2000,2000,20000,2
method_a,css,uniform,Z,5,0.0029013259696455016,1.3870271478477794,0.0,1.0,20.0,20000,2000,2000,20000,3
method_a,css,uniform,X,3,0.0009671086565485006,1.3870271478477794,0.0,1.0,20.0,20000,2000,2000,20000,0
method_a,css,uniform,X,3,0.0011820216913370565,1.3870271478477794,0.0,1.0,20.0,20000,2000,2000,20000,0
method_a,css,uniform,X,3,0.001396934726125612,1.3870271478477794,0.0,1.0,20.0,20000,2000,2000,20000,0
method_a,css,uniform,X,3,0.0016118477609141676,1.3870271478477794,0.0,1.0,20.0,20000,2000,2000,20000,0
method_a,css,uniform,X,3,0.0018267607957027233,1.3870271478477794,0.0,1.0,20.0,20000,2000,2000,20000,2
method_a,css,uniform,X,3,0.002041673830491279,1.3870271478477794,0.0,1.0,20.0,20000,2000,2000,20000,0
method_a,css,uniform,X,3,0.0022565868652798344,1.3870271478477794,0.0,1.0,20.0,20000,2000,2000,20000,5
method_a,css,uniform,X,3,0.0024714999000683903,1.3870271478477794,0.0,1.0,20.0,20000,2000,2000,20000,3
method_a,css,uniform,X,3,0.002686412934856946,1.3870271478477794,0.0,1.0,20.0,20000,2000,2000,20000,5
method_a,css,uniform,X,3,0.0029013259696455016,1.3870271478477794,0.0,1.0,20.0,20000,2000,2000,20000,19
method_a,css,uniform,X,5,0.0009671086565485006,1.3870271478477794,0.0,1.0,20.0,20000,2000,2000,20000,0
method_a,css,uniform,X,5,0.0011820216913370565,1.3870271478477794,0.0,1.0,20.0,20000,2000,2000,20000,0
method_a,css,uniform,X,5,0.001396934726125612,1.3870271478477794,0.0,1.0,20.0,20000,2000,2000,20000,0
method_a,css,uniform,X,5,0.0016118477609141676,1.3870271478477794,0.0,1.0,20.0,20000,2000,2000,20000,0
method_a,css,uniform,X,5,0.0018267607957027233,1.3870271478477794,0.0,1.0,20.0,20000,2000,2000,20000,0
method_a,css,uniform,X,5,0.002041673830491279,1.3870271478477794,0.0,1.0,20.0,20000,2000,2000,20000,0
method_a,css,uniform,X,5,0.0022565868652798344,1.3870271478477794,0.0,1.0,20.0,20000,2000,2000,20000,1
method_a,css,uniform,X,5,0.0024714999000683903,1.3870271478477794,0.0,1.0,20.0,20000,2000,2000,20000,0
method_a,css,uniform,X,5,0.002686412934856946,1.3870271478477794,0.0,1.0,20.0,20000,2000,2000,20000,5
method_a,css,uniform,X,5,0.0029013259696455016,1.3870271478477794,0.0,1.0,20.0,20000,2000,2000,20000,4
method_a,css,uniform,Z,3,0.002674193611530869,1.5707963267948966,0.0,1.0,20.0,20000,2000,2000,20000,2
method_a,css,uniform,Z,3,0.003268458858537729,1.5707963267948966,0.0,1.0,20.0,20000,2000,2000,20000,4
method_a,css,uniform,Z,3,0.003862724105544589,1.5707963267948966,0.0,1.0,20.0,20000,2000,2000,20000,38
method_a,css,uniform,Z,3,0.004456989352551448,1.5707963267948966,0.0,1.0,20.0,20000,2000,2000,20000,55
method_a,css,uniform,Z,3,0.005051254599558308,1.5707963267948966,0.0,1.0,20.0,20000,2000,2000,20000,121
method_a,css,uniform,Z,3,0.005645519846565168,1.5707963267948966,0.0,1.0,20.0,20000,2000,2000,20000,183
method_a,css,uniform,Z,3,0.006239785093572026,1.5707963267948966,0.0,1.0,20.0,20000,2000,2000,20000,329
method_a,css,uniform,Z,3,0.006834050340578887,1.5707963267948966,0.0,1.0,20.0,20000,2000,2000,20000,449
method_a,css,uniform,Z,3,0.007428315587585747,1.5707963267948966,0.0,1.0,20.0,20000,2000,2000,20000,671
method_a,css,uniform,Z,3,0.008022580834592606,1.5707963267948966,0.0,1.0,20.0,20000,2000,2000,20000,926
method_a,css,uniform,Z,5,0.002674193611530869,1.5707963267948966,0.0,1.0,20.0,20000,2000,2000,20000,0
method_a,css,uniform,Z,5,0.003268458858537729,1.5707963267948966,0.0,1.0,20.0,20000,2000,2000,20000,7
method_a,css,uniform,Z,5,0.003862724105544589,1.5707963267948966,0.0,1.0,20.0,20000,2000,2000,20000,13
method_a,css,uniform,Z,5,0.004456989352551448,1.5707963267948966,0.0,1.0,20.0,20000,2000,2000,20000,47
method_a,css,uniform,Z,5,0.005051254599558308,1.5707963267948966,0.0,1.0,20.0,20000,2000,2000,20000,117
method_a,css,uniform,Z,5,0.005645519846565168,1.5707963267948966,0.0,1.0,20.0,20000,2000,2000,20000,261
method_a,css,uniform,Z,5,0.006239785093572026,1.5707963267948966,0.0,1.0,20.0,20000,2000,2000,20000,477
method_a,css,uniform,Z,5,0.006834050340578887,1.5707963267948966,0.0,1.0,20.0,20000,2000,2000,20000,953
method_a,css,uniform,Z,5,0.007428315587585747,1.5707963267948966,0.0,1.0,20.0,20000,2000,2000,20000,1502
method_a,css,uniform,Z,5,0.008022580834592606,1.5707963267948966,0.0,1.0,20.0,20000,2000,2000,20000,2125
method_a,css,uniform,X,3,0.002674193611530869,1.5707963267948966,0.0,1.0,20.0,20000,2000,2000,20000,3
method_a,css,uniform,X,3,0.003268458858537729,1.5707963267948966,0.0,1.0,20.0,20000,2000,2000,20000,3
method_a,css,uniform,X,3,0.003862724105544589,1.5707963267948966,0.0,1.0,20.0,20000,2000,2000,20000,15
method_a,css,uniform,X,3,0.004456989352551448,1.5707963267948966,0.0,1.0,20.0,20000,2000,2000,20000,35
method_a,css,uniform,X,3,0.005051254599558308,1.5707963267948966,0.0,1.0,20.0,20000,2000,2000,20000,59
method_a,css,uniform,X,3,0.005645519846565168,1.5707963267948966,0.0,1.0,20.0,20000,2000,2000,20000,128
method_a,css,uniform,X,3,0.006239785093572026,1.5707963267948966,0.0,1.0,20.0,20000,2000,2000,20000,192
method_a,css,uniform,X,3,0.006834050340578887,1.5707963267948966,0.0,1.0,20.0,20000,2000,2000,20000,274
method_a,css,uniform,X,3,0.007428315587585747,1.5707963267948966,0.0,1.0,20.0,20000,2000,2000,20000,470
method_a,css,uniform,X,3,0.008022580834592606,1.5707963267948966,0.0,1.0,20.0,20000,2000,2000,20000,578
method_a,css,uniform,X,5,0.002674193611530869,1.5707963267948966,0.0,1.0,20.0,20000,2000,2000,20000,0
method_a,css,uniform,X,5,0.003268458858537729,1.5707963267948966,0.0,1.0,20.0,20000,2000,2000,20000,1
method_a,css,uniform,X,5,0.003862724105544589,1.5707963267948966,0.0,1.0,20.0,20000,2000,2000,20000,3
method_a,css,uniform,X,5,0.004456989352551448,1.5707963267948966,0.0,1.0,20.0,20000,2000,2000,20000,21
method_a,css,uniform,X,5,0.005051254599558308,1.5707963267948966,0.0,1.0,20.0,20000,2000,2000,20000,52
method_a,css,uniform,X,5,0.005645519846565168,1.5707963267948966,0.0,1.0,20.0,20000,2000,2000,20000,130
method_a,css,uniform,X,5,0.006239785093572026,1.5707963267948966,0.0,1.0,20.0,20000,2000,2000,20000,292
method_a,css,uniform,X,5,0.006834050340578887,1.5707963267948966,0.0,1.0,20.0,20000,2000,2000,20000,546
method_a,css,uniform,X,5,0.007428315587585747,1.5707963267948966,0.0,1.0,20.0,20000,2000,2000,20000,966
method_a,css,uniform,X,5,0.008022580834592606,1.5707963267948966,0.0,1.0,20.0,20000,2000,2000,20000,1562
method_a,css,uniform,Z,3,0.0014626757146331672,0.0,0.2592174037117518,1.0,20.0,20000,2000,2000,20000,1
method_a,css,uniform,Z,3,0.0017877147623294267,0.0,0.2592174037117518,1.0,20.0,20000,2000,2000,20000,6
method_a,css,uniform,Z,3,0.002112753810025686,0.0,0.2592174037117518,1.0,20.0,20000,2000,2000,20000,15
method_a,css,uniform,Z,3,0.002437792857721945,0.0,0.2592174037117518,1.0,20.0,20000,2000,2000,20000,18
method_a,css,uniform,Z,3,0.0027628319054182047,0.0,0.2592174037117518,1.0,20.0,20000,2000,2000,20000,24
method_a,css,uniform,Z,3,0.003087870953114464,0.0,0.2592174037117518,1.0,20.0,20000,2000,2000,20000,48
method_a,css,uniform,Z,3,0.003412910000810723,0.0,0.2592174037117518,1.0,20.0,20000,2000,2000,20000,108
method_a,css,uniform,Z,3,0.0037379490485069827,0.0,0.2592174037117518,1.0,20.0,20000,2000,2000,20000,190
method_a,css,uniform,Z,3,0.0040629880962032424,0.0,0.2592174037117518,1.0,20.0,20000,2000,2000,20000,230
method_a,css,uniform,Z,3,0.004388027143899502,0.0,0.2592174037117518,1.0,20.0,20000,2000,2000,20000,310
method_a,css,uniform,Z,5,0.0014626757146331672,0.0,0.2592174037117518,1.0,20.0,20000,2000,2000,20000,0
method_a,css,uniform,Z,5,0.0017877147623294267,0.0,0.2592174037117518,1.0,20.0,20000,2000,2000,20000,0
method_a,css,uniform,Z,5,0.002112753810025686,0.0,0.2592174037117518,1.0,20.0,20000,2000,2000,20000,0
method_a,css,uniform,Z,5,0.002437792857721945,0.0,0.2592174037117518,1.0,20.0,20000,2000,2000,20000,0
method_a,css,uniform,Z,5,0.0027628319054182047,0.0,0.2592174037117518,1.0,20.0,20000,2000,2000,20000,7
method_a,css,uniform,Z,5,0.003087870953114464,0.0,0.2592174037117518,1.0,20.0,20000,2000,2000,20000,14
method_a,css,uniform,Z,5,0.003412910000810723,0.0,0.2592174037117518,1.0,20.0,20000,2000,2000,20000,51
method_a,css,uniform,Z,5,0.0037379490485069827,0.0,0.2592174037117518,1.0,20.0,20000,2000,2000,20000,116
method_a,css,uniform,Z,5,0.0040629880962032424,0.0,0.2592174037117518,1.0,20.0,20000,2000,2000,20000,241
method_a,css,uniform,Z,5,0.004388027143899502,0.0,0.2592174037117518,1.0,20.0,20000,2000,2000,20000,424
method_a,css,uniform,X,3,0.0014626757146331672,0.0,0.2592174037117518,1.0,20.0,20000,2000,2000,20000,5
method_a,css,uniform,X,3,0.0017877147623294267,0.0,0.2592174037117518,1.0,20.0,20000,2000,2000,20000,6
method_a,css,uniform,X,3,0.002112753810025686,0.0,0.2592174037117518,1.0,20.0,20000,2000,2000,20000,31
method_a,css,uniform,X,3,0.002437792857721945,0.0,0.2592174037117518,1.0,20.0,20000,2000,2000,20000,71
method_a,css,uniform,X,3,0.0027628319054182047,0.0,0.2592174037117518,1.0,20.0,20000,2000,2000,20000,141
method_a,css,uniform,X,3,0.003087870953114464,0.0,0.2592174037117518,1.0,20.0,20000,2000,2000,20000,234
method_a,css,uniform,X,3,0.003412910000810723,0.0,0.2592174037117518,1.0,20.0,20000,2000,2000,20000,382
method_a,css,uniform,X,3,0.0037379490485069827,0.0,0.2592174037117518,1.0,20.0,20000,2000,2000,20000,581
method_a,css,uniform,X,3,0.0040629880962032424,0.0,0.2592174037117518,1.0,20.0,20000,2000,2000,20000,838
method_a,css,uniform,X,3,0.004388027143899502,0.0,0.2592174037117518,1.0,20.0,20000,2000,2000,20000,1097
method_a,css,uniform,X,5,0.0014626757146331672,0.0,0.2592174037117518,1.0,20.0,20000,2000,2000,20000,1
method_a,css,uniform,X,5,0.0017877147623294267,0.0,0.2592174037117518,1.0,20.0,20000,2000,2000,20000,5
method_a,css,uniform,X,5,0.002112753810025686,0.0,0.2592174037117518,1.0,20.0,20000,2000,2000,20000,7
method_a,css,uniform,X,5,0.002437792857721945,0.0,0.2592174037117518,1.0,20.0,20000,2000,2000,20000,29
method_a,css,uniform,X,5,0.0027628319054182047,0.0,0.2592174037117518,1.0,20.0,20000,2000,2000,20000,96
method_a,css,uniform,X,5,0.003087870953114464,0.0,0.2592174037117518,1.0,20.0,20000,2000,2000,20000,229
method_a,css,uniform,X,5,0.003412910000810723,0.0,0.2592174037117518,1.0,20.0,20000,2000,2000,20000,534
method_a,css,uniform,X,5,0.0037379490485069827,0.0,0.2592174037117518,1.0,20.0,20000,2000,2000,20000,930
method_a,css,uniform,X,5,0.0040629880962032424,0.0,0.2592174037117518,1.0,20.0,20000,2000,2000,20000,1623
method_a,css,uniform,X,5,0.004388027143899502,0.0,0.2592174037117518,1.0,20.0,20000,2000,2000,18000,2230
method_a,css,uniform,Z,3,0.003245250806841368,0.09168762707151727,0.2942682929492291,1.0,20.0,20000,2000,2000,20000,95
method_a,css,uniform,Z,3,0.003966417652806116,0.09168762707151727,0.2942682929492291,1.0,20.0,20000,2000,2000,20000,264
method_a,css,uniform,Z,3,0.004687584498770865,0.09168762707151727,0.2942682929492291,1.0,20.0,20000,2000,2000,20000,627
method_a,css,uniform,Z,3,0.005408751344735612,0.09168762707151727,0.2942682929492291,1.0,20.0,20000,2000,2000,20000,1125
method_a,css,uniform,Z,3,0.006129918190700361,0.09168762707151727,0.2942682929492291,1.0,20.0,20000,2000,2000,20000,1836
method_a,css,uniform,Z,3,0.00685108503666511,0.09168762707151727,0.2942682929492291,1.0,20.0,20000,2000,2000,16000,2188
method_a,css,uniform,Z,3,0.007572251882629857,0.09168762707151727,0.2942682929492291,1.0,20.0,20000,2000,2000,12000,2126
method_a,css,uniform,Z,3,0.008293418728594605,0.09168762707151727,0.2942682929492291,1.0,20.0,20000,2000,2000,10000,2245
method_a,css,uniform,Z,3,0.009014585574559354,0.09168762707151727,0.2942682929492291,1.0,20.0,20000,2000,2000,8000,2279
method_a,css,uniform,Z,3,0.009735752420524104,0.09168762707151727,0.2942682929492291,1.0,20.0,20000,2000,2000,8000,2534
method_a,css,uniform,Z,5,0.003245250806841368,0.09168762707151727,0.2942682929492291,1.0,20.0,20000,2000,2000,20000,46
method_a,css,uniform,Z,5,0.003966417652806116,0.09168762707151727,0.2942682929492291,1.0,20.0,20000,2000,2000,20000,304
method_a,css,uniform,Z,5,0.004687584498770865,0.09168762707151727,0.2942682929492291,1.0,20.0,20000,2000,2000,20000,1096
method_a,css,uniform,Z,5,0.005408751344735612,0.09168762707151727,0.2942682929492291,1.0,20.0,20000,2000,2000,18000,2217
method_a,css,uniform,Z,5,0.006129918190700361,0.09168762707151727,0.2942682929492291,1.0,20.0,20000,2000,2000,10000,2168
method_a,css,uniform,Z,5,0.00685108503666511,0.09168762707151727,0.2942682929492291,1.0,20.0,20000,2000,2000,8000,2471
method_a,css,uniform,Z,5,0.007572251882629857,0.09168762707151727,0.2942682929492291,1.0,20.0,20000,2000,2000,6000,2338
method_a,css,uniform,Z,5,0.008293418728594605,0.09168762707151727,0.2942682929492291,1.0,20.0,20000,2000,2000,6000,2607
method_a,css,uniform,Z,5,0.009014585574559354,0.09168762707151727,0.2942682929492291,1.0,20.0,20000,2000,2000,6000,2805
method_a,css,uniform,X,3,0.001298100322736547,0.09168762707151727,0.2942682929492291,1.0,20.0,20000,2000,2000,20000,1
method_a,css,uniform,X,3,0.0015865670611224466,0.09168762707151727,0.2942682929492291,1.0,20.0,20000,2000,2000,20000,9
method_a,css,uniform,X,3,0.0018750337995083457,0.09168762707151727,0.2942682929492291,1.0,20.0,20000,2000,2000,20000,23
method_a,css,uniform,X,3,0.002163500537894245,0.09168762707151727,0.2942682929492291,1.0,20.0,20000,2000,2000,20000,52
method_a,css,uniform,X,3,0.0024519672762801444,0.09168762707151727,0.2942682929492291,1.0,20.0,20000,2000,2000,20000,75
method_a,css,uniform,X,3,0.002740434014666044,0.09168762707151727,0.2942682929492291,1.0,20.0,20000,2000,2000,20000,134
method_a,css,uniform,X,3,0.0030289007530519426,0.09168762707151727,0.2942682929492291,1.0,20.0,20000,2000,2000,20000,268
method_a,css,uniform,X,3,0.003317367491437842,0.09168762707151727,0.2942682929492291,1.0,20.0,20000,2000,2000,20000,394
method_a,css,uniform,X,3,0.0036058342298237417,0.09168762707151727,0.2942682929492291,1.0,20.0,20000,2000,2000,20000,583
method_a,css,uniform,X,3,0.003894300968209641,0.09168762707151727,0.2942682929492291,1.0,20.0,20000,2000,2000,20000,860
method_a,css,uniform,X,5,0.001298100322736547,0.09168762707151727,0.2942682929492291,1.0,20.0,20000,2000,2000,20000,0
method_a,css,uniform,X,5,0.0015865670611224466,0.09168762707151727,0.2942682929492291,1.0,20.0,20000,2000,2000,20000,2
method_a,css,uniform,X,5,0.0018750337995083457,0.09168762707151727,0.2942682929492291,1.0,20.0,20000,2000,2000,20000,1
method_a,css,uniform,X,5,0.002163500537894245,0.09168762707151727,0.2942682929492291,1.0,20.0,20000,2000,2000,20000,13
method_a,css,uniform,X,5,0.0024519672762801444,0.09168762707151727,0.2942682929492291,1.0,20.0,20000,2000,2000,20000,58
method_a,css,uniform,X,5,0.002740434014666044,0.09168762707151727,0.2942682929492291,1.0,20.0,20000,2000,2000,20000,129
method_a,css,uniform,X,5,0.0030289007530519426,0.09168762707151727,0.2942682929492291,1.0,20.0,20000,2000,2000,20000,353
method_a,css,uniform,X,5,0.003317367491437842,0.09168762707151727,0.2942682929492291,1.0,20.0,20000,2000,2000,20000,601
method_a,css,uniform,X,5,0.0036058342298237417,0.09168762707151727,0.2942682929492291,1.0,20.0,20000,2000,2000,20000,1032
method_a,css,uniform,X,5,0.003894300968209641,0.09168762707151727,0.2942682929492291,1.0,20.0,20000,2000,2000,20000,1657
method_a,css,uniform,Z,3,0.0028738312737412014,0.20828780593719748,0.339859065595056,1.0,20.0,20000,2000,2000,20000,64
method_a,css,uniform,Z,3,0.003512460445683691,0.20828780593719748,0.339859065595056,1.0,20.0,20000,2000,2000,20000,190
method_a,css,uniform,Z,3,0.0041510896176261795,0.20828780593719748,0.339859065595056,1.0,20.0,20000,2000,2000,20000,420
method_a,css,uniform,Z,3,0.004789718789568669,0.20828780593719748,0.339859065595056,1.0,20.0,20000,2000,2000,20000,869
method_a,css,uniform,Z,3,0.005428347961511158,0.20828780593719748,0.339859065595056,1.0,20.0,20000,2000,2000,20000,1395
method_a,css,uniform,Z,3,0.006066977133453648,0.20828780593719748,0.339859065595056,1.0,20.0,20000,2000,2000,20000,2050
method_a,css,uniform,Z,3,0.006705606305396137,0.20828780593719748,0.339859065595056,1.0,20.0,20000,2000,2000,14000,2011
method_a,css,uniform,Z,3,0.0073442354773386245,0.20828780593719748,0.339859065595056,1.0,20.0,20000,2000,2000,12000,2287
method_a,css,uniform,Z,3,0.007982864649281114,0.20828780593719748,0.339859065595056,1.0,20.0,20000,2000,2000,10000,2323
method_a,css,uniform,Z,3,0.008621493821223604,0.20828780593719748,0.339859065595056,1.0,20.0,20000,2000,2000,8000,2240
method_a,css,uniform,Z,5,0.0028738312737412014,0.20828780593719748,0.339859065595056,1.0,20.0,20000,2000,2000,20000,32
method_a,css,uniform,Z,5,0.003512460445683691,0.20828780593719748,0.339859065595056,1.0,20.0,20000,2000,2000,20000,187
method_a,css,uniform,Z,5,0.0041510896176261795,0.20828780593719748,0.339859065595056,1.0,20.0,20000,2000,2000,20000,614
method_a,css,uniform,Z,5,0.004789718789568669,0.20828780593719748,0.339859065595056,1.0,20.0,20000,2000,2000,20000,1786
method_a,css,uniform,Z,5,0.005428347961511158,0.20828780593719748,0.339859065595056,1.0,20.0,20000,2000,2000,14000,2227
method_a,css,uniform,Z,5,0.006066977133453648,0.20828780593719748,0.339859065595056,1.0,20.0,20000,2000,2000,8000,2020
method_a,css,uniform,Z,5,0.006705606305396137,0.20828780593719748,0.339859065595056,1.0,20.0,20000,2000,2000,8000,2561
method_a,css,uniform,Z,5,0.0073442354773386245,0.20828780593719748,0.339859065595056,1.0,20.0,20000,2000,2000,6000,2381
method_a,css,uniform,Z,5,0.007982864649281114,0.20828780593719748,0.339859065595056,1.0,20.0,20000,2000,2000,6000,2595
method_a,css,uniform,Z,5,0.008621493821223604,0.20828780593719748,0.339859065595056,1.0,20.0,20000,2000,2000,6000,2838
method_a,css,uniform,X,3,0.0011495325094964806,0.20828780593719748,0.339859065595056,1.0,20.0,20000,2000,2000,20000,1
method_a,css,uniform,X,3,0.0014049841782734765,0.20828780593719748,0.339859065595056,1.0,20.0,20000,2000,2000,20000,5
method_a,css,uniform,X,3,0.001660435847050472,0.20828780593719748,0.339859065595056,1.0,20.0,20000,2000,2000,20000,17
method_a,css,uniform,X,3,0.0019158875158274676,0.20828780593719748,0.339859065595056,1.0,20.0,20000,2000,2000,20000,20
method_a,css,uniform,X,3,0.0021713391846044632,0.20828780593719748,0.339859065595056,1.0,20.0,20000,2000,2000,20000,65
method_a,css,uniform,X,3,0.002426790853381459,0.20828780593719748,0.339859065595056,1.0,20.0,20000,2000,2000,20000,105
method_a,css,uniform,X,3,0.0026822425221584545,0.20828780593719748,0.339859065595056,1.0,20.0,20000,2000,2000,20000,170
method_a,css,uniform,X,3,0.00293769419093545,0.20828780593719748,0.339859065595056,1.0,20.0,20000,2000,2000,20000,270
method_a,css,uniform,X,3,0.003193145859712446,0.20828780593719748,0.339859065595056,1.0,20.0,20000,2000,2000,20000,424
method_a,css,uniform,X,3,0.0034485975284894417,0.20828780593719748,0.339859065595056,1.0,20.0,20000,2000,2000,20000,620
method_a,css,uniform,X,5,0.0011495325094964806,0.20828780593719748,0.339859065595056,1.0,20.0,20000,2000,2000,20000,0
method_a,css,uniform,X,5,0.0014049841782734765,0.20828780593719748,0.339859065595056,1.0,20.0,20000,2000,2000,20000,0
method_a,css,uniform,X,5,0.001660435847050472,0.20828780593719748,0.339859065595056,1.0,20.0,20000,2000,2000,20000,1
method_a,css,uniform,X,5,0.0019158875158274676,0.20828780593719748,0.339859065595056,1.0,20.0,20000,2000,2000,20000,6
method_a,css,uniform,X,5,0.0021713391846044632,0.20828780593719748,0.339859065595056,1.0,20.0,20000,2000,2000,20000,21
method_a,css,uniform,X,5,0.002426790853381459,0.20828780593719748,0.339859065595056,1.0,20.0,20000,2000,2000,20000,77
method_a,css,uniform,X,5,0.0026822425221584545,0.20828780593719748,0.339859065595056,1.0,20.0,20000,2000,2000,20000,188
method_a,css,uniform,X,5,0.00293769419093545,0.20828780593719748,0.339859065595056,1.0,20.0,20000,2000,2000,20000,339
method_a,css,uniform,X,5,0.003193145859712446,0.20828780593719748,0.339859065595056,1.0,20.0,20000,2000,2000,20000,587
method_a,css,uniform,X,5,0.0034485975284894417,0.20828780593719748,0.339859065595056,1.0,20.0,20000,2000,2000,20000,1012
method_a,css,uniform,Z,3,0.0025599095121694375,0.3556658301496282,0.4012724899716597,1.0,20.0,20000,2000,2000,20000,45
method_a,css,uniform,Z,3,0.003128778292651535,0.3556658301496282,0.4012724899716597,1.0,20.0,20000,2000,2000,20000,121
method_a,css,uniform,Z,3,0.0036976470731336316,0.3556658301496282,0.4012724899716597,1.0,20.0,20000,2000,2000,20000,314
method_a,css,uniform,Z,3,0.004266515853615729,0.3556658301496282,0.4012724899716597,1.0,20.0,20000,2000,2000,20000,610
method_a,css,uniform,Z,3,0.004835384634097826,0.3556658301496282,0.4012724899716597,1.0,20.0,20000,2000,2000,20000,1049
method_a,css,uniform,Z,3,0.005404253414579924,0.3556658301496282,0.4012724899716597,1.0,20.0,20000,2000,2000,20000,1502
method_a,css,uniform,Z,3,0.0059731221950620195,0.3556658301496282,0.4012724899716597,1.0,20.0,20000,2000,2000,18000,2052
method_a,css,uniform,Z,3,0.006541990975544118,0.3556658301496282,0.4012724899716597,1.0,20.0,20000,2000,2000,14000,2099
method_a,css,uniform,Z,3,0.0071108597560262145,0.3556658301496282,0.4012724899716597,1.0,20.0,20000,2000,2000,12000,2247
method_a,css,uniform,Z,3,0.007679728536508312,0.3556658301496282,0.4012724899716597,1.0,20.0,20000,2000,2000,10000,2333
method_a,css,uniform,Z,5,0.0025599095121694375,0.3556658301496282,0.4012724899716597,1.0,20.0,20000,2000,2000,20000,22
method_a,css,uniform,Z,5,0.003128778292651535,0.3556658301496282,0.4012724899716597,1.0,20.0,20000,2000,2000,20000,94
method_a,css,uniform,Z,5,0.0036976470731336316,0.3556658301496282,0.4012724899716597,1.0,20.0,20000,2000,2000,20000,374
method_a,css,uniform,Z,5,0.004266515853615729,0.3556658301496282,0.4012724899716597,1.0,20.0,20000,2000,2000,20000,1034
method_a,css,uniform,Z,5,0.004835384634097826,0.3556658301496282,0.4012724899716597,1.0,20.0,20000,2000,2000,20000,2140
method_a,css,uniform,Z,5,0.005404253414579924,0.3556658301496282,0.4012724899716597,1.0,20.0,20000,2000,2000,12000,2242
method_a,css,uniform,Z,5,0.0059731221950620195,0.3556658301496282,0.4012724899716597,1.0,20.0,20000,2000,2000,8000,2196
method_a,css,uniform,Z,5,0.006541990975544118,0.3556658301496282,0.4012724899716597,1.0,20.0,20000,2000,2000,8000,2630
method_a,css,uniform,Z,5,0.0071108597560262145,0.3556658301496282,0.4012724899716597,1.0,20.0,20000,2000,2000,6000,2316
method_a,css,uniform,Z,5,0.007679728536508312,0.3556658301496282,0.4012724899716597,1.0,20.0,20000,2000,2000,6000,2594
method_a,css,uniform,X,3,0.001023963804867775,0.3556658301496282,0.4012724899716597,1.0,20.0,20000,2000,2000,20000,1
method_a,css,uniform,X,3,0.001251511317060614,0.3556658301496282,0.4012724899716597,1.0,20.0,20000,2000,2000,20000,2
method_a,css,uniform,X,3,0.0014790588292534527,0.3556658301496282,0.4012724899716597,1.0,20.0,20000,2000,2000,20000,9
method_a,css,uniform,X,3,0.0017066063414462914,0.3556658301496282,0.4012724899716597,1.0,20.0,20000,2000,2000,20000,23
method_a,css,uniform,X,3,0.0019341538536391304,0.3556658301496282,0.4012724899716597,1.0,20.0,20000,2000,2000,20000,39
method_a,css,uniform,X,3,0.0021617013658319696,0.3556658301496282,0.4012724899716597,1.0,20.0,20000,2000,2000,20000,70
method_a,css,uniform,X,3,0.002389248878024808,0.3556658301496282,0.4012724899716597,1.0,20.0,20000,2000,2000,20000,124
method_a,css,uniform,X,3,0.002616796390217647,0.3556658301496282,0.4012724899716597,1.0,20.0,20000,2000,2000,20000,178
method_a,css,uniform,X,3,0.002844343902410486,0.3556658301496282,0.4012724899716597,1.0,20.0,20000,2000,2000,20000,270
method_a,css,uniform,X,3,0.003071891414603325,0.3556658301496282,0.4012724899716597,1.0,20.0,20000,2000,2000,20000,420
method_a,css,uniform,X,5,0.001023963804867775,0.3556658301496282,0.4012724899716597,1.0,20.0,20000,2000,2000,20000,0
method_a,css,uniform,X,5,0.001251511317060614,0.3556658301496282,0.4012724899716597,1.0,20.0,20000,2000,2000,20000,0
method_a,css,uniform,X,5,0.0014790588292534527,0.3556658301496282,0.4012724899716597,1.0,20.0,20000,2000,2000,20000,1
method_a,css,uniform,X,5,0.0017066063414462914,0.3556658301496282,0.4012724899716597,1.0,20.0,20000,2000,2000,20000,2
method_a,css,uniform,X,5,0.0019341538536391304,0.3556658301496282,0.4012724899716597,1.0,20.0,20000,2000,2000,20000,13
method_a,css,uniform,X,5,0.0021617013658319696,0.3556658301496282,0.4012724899716597,1.0,20.0,20000,2000,2000,20000,39
method_a,css,uniform,X,5,0.002389248878024808,0.3556658301496282,0.4012724899716597,1.0,20.0,20000,2000,2000,20000,74
method_a,css,uniform,X,5,0.002616796390217647,0.3556658301496282,0.4012724899716597,1.0,20.0,20000,2000,2000,20000,154
method_a,css,uniform,X,5,0.002844343902410486,0.3556658301496282,0.4012724899716597,1.0,20.0,20000,2000,2000,20000,325
method_a,css,uniform,X,5,0.003071891414603325,0.3556658301496282,0.4012724899716597,1.0,20.0,20000,2000,2000,20000,601
method_a,css,uniform,Z,3,0.002326874375851073,0.5360966262573255,0.48764542375088293,1.0,20.0,20000,2000,2000,20000,31
method_a,css,uniform,Z,3,0.002843957570484645,0.5360966262573255,0.48764542375088293,1.0,20.0,20000,2000,2000,20000,84
method_a,css,uniform,Z,3,0.003361040765118216,0.5360966262573255,0.48764542375088293,1.0,20.0,20000,2000,2000,20000,196
method_a,css,uniform,Z,3,0.003878123959751788,0.5360966262573255,0.48764542375088293,1.0,20.0,20000,2000,2000,20000,390
method_a,css,uniform,Z,3,0.00439520715438536,0.5360966262573255,0.48764542375088293,1.0,20.0,20000,2000,2000,20000,732
method_a,css,uniform,Z,3,0.0049122903490189315,0.5360966262573255,0.48764542375088293,1.0,20.0,20000,2000,2000,20000,1116
method_a,css,uniform,Z,3,0.005429373543652503,0.5360966262573255,0.48764542375088293,1.0,20.0,20000,2000,2000,20000,1582
method_a,css,uniform,Z,3,0.005946456738286075,0.5360966262573255,0.48764542375088293,1.0,20.0,20000,2000,2000,20000,2156
method_a,css,uniform,Z,3,0.006463539932919647,0.5360966262573255,0.48764542375088293,1.0,20.0,20000,2000,2000,16000,2272
method_a,css,uniform,Z,3,0.006980623127553218,0.5360966262573255,0.48764542375088293,1.0,20.0,20000,2000,2000,12000,2124
method_a,css,uniform,Z,5,0.002326874375851073,0.5360966262573255,0.48764542375088293,1.0,20.0,20000,2000,2000,20000,3
method_a,css,uniform,Z,5,0.002843957570484645,0.5360966262573255,0.48764542375088293,1.0,20.0,20000,2000,2000,20000,63
method_a,css,uniform,Z,5,0.003361040765118216,0.5360966262573255,0.48764542375088293,1.0,20.0,20000,2000,2000,20000,214
method_a,css,uniform,Z,5,0.003878123959751788,0.5360966262573255,0.48764542375088293,1.0,20.0,20000,2000,2000,20000,597
method_a,css,uniform,Z,5,0.00439520715438536,0.5360966262573255,0.48764542375088293,1.0,20.0,20000,2000,2000,20000,1317
method_a,css,uniform,Z,5,0.0049122903490189315,0.5360966262573255,0.48764542375088293,1.0,20.0,20000,2000,2000,18000,2232
method_a,css,uniform,Z,5,0.005429373543652503,0.5360966262573255,0.48764542375088293,1.0,20.0,20000,2000,2000,12000,2367
method_a,css,uniform,Z,5,0.005946456738286075,0.5360966262573255,0.48764542375088293,1.0,20.0,20000,2000,2000,8000,2117
method_a,css,uniform,Z,5,0.006463539932919647,0.5360966262573255,0.48764542375088293,1.0,20.0,20000,2000,2000,8000,2620
method_a,css,uniform,Z,5,0.006980623127553218,0.5360966262573255,0.48764542375088293,1.0,20.0,20000,2000,2000,6000,2268
method_a,css,uniform,X,3,0.0009307497503404291,0.5360966262573255,0.48764542375088293,1.0,20.0,20000,2000,2000,20000,0
method_a,css,uniform,X,3,0.001137583028193858,0.5360966262573255,0.48764542375088293,1.0,20.0,20000,2000,2000,20000,2
method_a,css,uniform,X,3,0.0013444163060472864,0.5360966262573255,0.48764542375088293,1.0,20.0,20000,2000,2000,20000,12
method_a,css,uniform,X,3,0.001551249583900715,0.5360966262573255,0.48764542375088293,1.0,20.0,20000,2000,2000,20000,14
method_a,css,uniform,X,3,0.001758082861754144,0.5360966262573255,0.48764542375088293,1.0,20.0,20000,2000,2000,20000,21
method_a,css,uniform,X,3,0.0019649161396075726,0.5360966262573255,0.48764542375088293,1.0,20.0,20000,2000,2000,20000,47
method_a,css,uniform,X,3,0.0021717494174610013,0.5360966262573255,0.48764542375088293,1.0,20.0,20000,2000,2000,20000,64
method_a,css,uniform,X,3,0.00237858269531443,0.5360966262573255,0.48764542375088293,1.0,20.0,20000,2000,2000,20000,95
method_a,css,uniform,X,3,0.0025854159731678586,0.5360966262573255,0.48764542375088293,1.0,20.0,20000,2000,2000,20000,159
method_a,css,uniform,X,3,0.002792249251021287,0.5360966262573255,0.48764542375088293,1.0,20.0,20000,2000,2000,20000,248
method_a,css,uniform,X,5,0.0009307497503404291,0.5360966262573255,0.48764542375088293,1.0,20.0,20000,2000,2000,20000,0
method_a,css,uniform,X,5,0.001137583028193858,0.5360966262573255,0.48764542375088293,1.0,20.0,20000,2000,2000,20000,0
method_a,css,uniform,X,5,0.0013444163060472864,0.5360966262573255,0.48764542375088293,1.0,20.0,20000,2000,2000,20000,0
method_a,css,uniform,X,5,0.001551249583900715,0.5360966262573255,0.48764542375088293,1.0,20.0,20000,2000,2000,20000,2
method_a,css,uniform,X,5,0.001758082861754144,0.5360966262573255,0.48764542375088293,1.0,20.0,20000,2000,2000,20000,4
method_a,css,uniform,X,5,0.0019649161396075726,0.5360966262573255,0.48764542375088293,1.0,20.0,20000,2000,2000,20000,12
method_a,css,uniform,X,5,0.0021717494174610013,0.5360966262573255,0.48764542375088293,1.0,20.0,20000,2000,2000,20000,45
method_a,css,uniform,X,5,0.00237858269531443,0.5360966262573255,0.48764542375088293,1.0,20.0,20000,2000,2000,20000,60
method_a,css,uniform,X,5,0.0025854159731678586,0.5360966262573255,0.48764542375088293,1.0,20.0,20000,2000,2000,20000,180
method_a,css,uniform,X,5,0.002792249251021287,0.5360966262573255,0.48764542375088293,1.0,20.0,20000,2000,2000,20000,311
method_a,css,uniform,Z,3,0.0022005747297974775,0.741134197358996,0.6155129423611175,1.0,20.0,20000,2000,2000,20000,19
method_a,css,uniform,Z,3,0.0026895913364191394,0.741134197358996,0.6155129423611175,1.0,20.0,20000,2000,2000,20000,42
method_a,css,uniform,Z,3,0.003178607943040801,0.741134197358996,0.6155129423611175,1.0,20.0,20000,2000,2000,20000,122
method_a,css,uniform,Z,3,0.0036676245496624622,0.741134197358996,0.6155129423611175,1.0,20.0,20000,2000,2000,20000,248
method_a,css,uniform,Z,3,0.004156641156284124,0.741134197358996,0.6155129423611175,1.0,20.0,20000,2000,2000,20000,472
method_a,css,uniform,Z,3,0.004645657762905786,0.741134197358996,0.6155129423611175,1.0,20.0,20000,2000,2000,20000,707
method_a,css,uniform,Z,3,0.005134674369527447,0.741134197358996,0.6155129423611175,1.0,20.0,20000,2000,2000,20000,1056
method_a,css,uniform,Z,3,0.005623690976149109,0.741134197358996,0.6155129423611175,1.0,20.0,20000,2000,2000,20000,1551
method_a,css,uniform,Z,3,0.00611270758277077,0.741134197358996,0.6155129423611175,1.0,20.0,20000,2000,2000,20000,2089
method_a,css,uniform,Z,3,0.006601724189392432,0.741134197358996,0.6155129423611175,1.0,20.0,20000,2000,2000,16000,2079
method_a,css,uniform,Z,5,0.0022005747297974775,0.741134197358996,0.6155129423611175,1.0,20.0,20000,2000,2000,20000,7
method_a,css,uniform,Z,5,0.0026895913364191394,0.741134197358996,0.6155129423611175,1.0,20.0,20000,2000,2000,20000,29
method_a,css,uniform,Z,5,0.003178607943040801,0.741134197358996,0.6155129423611175,1.0,20.0,20000,2000,2000,20000,96
method_a,css,uniform,Z,5,0.0036676245496624622,0.741134197358996,0.6155129423611175,1.0,20.0,20000,2000,2000,20000,306
method_a,css,uniform,Z,5,0.004156641156284124,0.741134197358996,0.6155129423611175,1.0,20.0,20000,2000,2000,20000,728
method_a,css,uniform,Z,5,0.004645657762905786,0.741134197358996,0.6155129423611175,1.0,20.0,20000,2000,2000,20000,1488
method_a,css,uniform,Z,5,0.005134674369527447,0.741134197358996,0.6155129423611175,1.0,20.0,20000,2000,2000,18000,2196
method_a,css,uniform,Z,5,0.005623690976149109,0.741134197358996,0.6155129423611175,1.0,20.0,20000,2000,2000,12000,2224
method_a,css,uniform,Z,5,0.00611270758277077,0.741134197358996,0.6155129423611175,1.0,20.0,20000,2000,2000,8000,2023
method_a,css,uniform,Z,5,0.006601724189392432,0.741134197358996,0.6155129423611175,1.0,20.0,20000,2000,2000,8000,2482
method_a,css,uniform,X,3,0.0022005747297974775,0.741134197358996,0.6155129423611175,1.0,20.0,20000,2000,2000,20000,53
method_a,css,uniform,X,3,0.0026895913364191394,0.741134197358996,0.6155129423611175,1.0,20.0,20000,2000,2000,20000,203
method_a,css,uniform,X,3,0.003178607943040801,0.741134197358996,0.6155129423611175,1.0,20.0,20000,2000,2000,20000,362
method_a,css,uniform,X,3,0.0036676245496624622,0.741134197358996,0.6155129423611175,1.0,20.0,20000,2000,2000,20000,729
method_a,css,uniform,X,3,0.004156641156284124,0.741134197358996,0.6155129423611175,1.0,20.0,20000,2000,2000,20000,1087
method_a,css,uniform,X,3,0.004645657762905786,0.741134197358996,0.6155129423611175,1.0,20.0,20000,2000,2000,20000,1805
method_a,css,uniform,X,3,0.005134674369527447,0.741134197358996,0.6155129423611175,1.0,20.0,20000,2000,2000,18000,2251
method_a,css,uniform,X,3,0.005623690976149109,0.741134197358996,0.6155129423611175,1.0,20.0,20000,2000,2000,12000,2001
method_a,css,uniform,X,3,0.00611270758277077,0.741134197358996,0.6155129423611175,1.0,20.0,20000,2000,2000,10000,2062
method_a,css,uniform,X,3,0.006601724189392432,0.741134197358996,0.6155129423611175,1.0,20.0,20000,2000,2000,10000,2486
method_a,css,uniform,X,5,0.0022005747297974775,0.741134197358996,0.6155129423611175,1.0,20.0,20000,2000,2000,20000,41
method_a,css,uniform,X,5,0.0026895913364191394,0.741134197358996,0.6155129423611175,1.0,20.0,20000,2000,2000,20000,160
method_a,css,uniform,X,5,0.003178607943040801,0.741134197358996,0.6155129423611175,1.0,20.0,20000,2000,2000,20000,560
method_a,css,uniform,X,5,0.0036676245496624622,0.741134197358996,0.6155129423611175,1.0,20.0,20000,2000,2000,20000,1419
method_a,css,uniform,X,5,0.004156641156284124,0.741134197358996,0.6155129423611175,1.0,20.0,20000,2000,2000,16000,2161
method_a,css,uniform,X,5,0.004645657762905786,0.741134197358996,0.6155129423611175,1.0,20.0,20000,2000,2000,10000,2171
method_a,css,uniform,X,5,0.005134674369527447,0.741134197358996,0.6155129423611175,1.0,20.0,20000,2000,2000,8000,2445
method_a,css,uniform,X,5,0.005623690976149109,0.741134197358996,0.6155129423611175,1.0,20.0,20000,2000,2000,6000,2230
method_a,css,uniform,X,5,0.00611270758277077,0.741134197358996,0.6155129423611175,1.0,20.0,20000,2000,2000,6000,2483
method_a,css,uniform,X,5,0.006601724189392432,0.741134197358996,0.6155129423611175,1.0,20.0,20000,2000,2000,6000,2737
method_a,css,uniform,Z,3,0.002199475176442854,0.9450992475969947,0.8148621044982823,1.0,20.0,20000,2000,2000,20000,12
method_a,css,uniform,Z,3,0.0026882474378746,0.9450992475969947,0.8148621044982823,1.0,20.0,20000,2000,2000,20000,18
method_a,css,uniform,Z,3,0.003177019699306345,0.9450992475969947,0.8148621044982823,1.0,20.0,20000,2000,2000,20000,68
method_a,css,uniform,Z,3,0.00366579196073809,0.9450992475969947,0.8148621044982823,1.0,20.0,20000,2000,2000,20000,146
method_a,css,uniform,Z,3,0.004154564222169836,0.9450992475969947,0.8148621044982823,1.0,20.0,20000,2000,2000,20000,270
method_a,css,uniform,Z,3,0.004643336483601581,0.9450992475969947,0.8148621044982823,1.0,20.0,20000,2000,2000,20000,401
method_a,css,uniform,Z,3,0.005132108745033326,0.9450992475969947,0.8148621044982823,1.0,20.0,20000,2000,2000,20000,653
method_a,css,uniform,Z,3,0.005620881006465072,0.9450992475969947,0.8148621044982823,1.0,20.0,20000,2000,2000,20000,975
method_a,css,uniform,Z,3,0.006109653267896817,0.9450992475969947,0.8148621044982823,1.0,20.0,20000,2000,2000,20000,1372
method_a,css,uniform,Z,3,0.006598425529328563,0.9450992475969947,0.8148621044982823,1.0,20.0,20000,2000,2000,20000,1803
method_a,css,uniform,Z,5,0.002199475176442854,0.9450992475969947,0.8148621044982823,1.0,20.0,20000,2000,2000,20000,1
method_a,css,uniform,Z,5,0.0026882474378746,0.9450992475969947,0.8148621044982823,1.0,20.0,20000,2000,2000,20000,10
method_a,css,uniform,Z,5,0.003177019699306345,0.9450992475969947,0.8148621044982823,1.0,20.0,20000,2000,2000,20000,37
method_a,css,uniform,Z,5,0.00366579196073809,0.9450992475969947,0.8148621044982823,1.0,20.0,20000,2000,2000,20000,137
method_a,css,uniform,Z,5,0.004154564222169836,0.9450992475969947,0.8148621044982823,1.0,20.0,20000,2000,2000,20000,352
method_a,css,uniform,Z,5,0.004643336483601581,0.9450992475969947,0.8148621044982823,1.0,20.0,20000,2000,2000,20000,753
method_a,css,uniform,Z,5,0.005132108745033326,0.9450992475969947,0.8148621044982823,1.0,20.0,20000,2000,2000,20000,1392
method_a,css,uniform,Z,5,0.005620881006465072,0.9450992475969947,0.8148621044982823,1.0,20.0,20000,2000,2000,18000,2090
method_a,css,uniform,Z,5,0.006109653267896817,0.9450992475969947,0.8148621044982823,1.0,20.0,20000,2000,2000,12000,2047
method_a,css,uniform,Z,5,0.006598425529328563,0.9450992475969947,0.8148621044982823,1.0,20.0,20000,2000,2000,10000,2260
method_a,css,uniform,X,3,0.002199475176442854,0.9450992475969947,0.8148621044982823,1.0,20.0,20000,2000,2000,20000,38
method_a,css,uniform,X,3,0.0026882474378746,0.9450992475969947,0.8148621044982823,1.0,20.0,20000,2000,2000,20000,81
method_a,css,uniform,X,3,0.003177019699306345,0.9450992475969947,0.8148621044982823,1.0,20.0,20000,2000,2000,20000,198
method_a,css,uniform,X,3,0.00366579196073809,0.9450992475969947,0.8148621044982823,1.0,20.0,20000,2000,2000,20000,419
method_a,css,uniform,X,3,0.004154564222169836,0.9450992475969947,0.8148621044982823,1.0,20.0,20000,2000,2000,20000,667
method_a,css,uniform,X,3,0.004643336483601581,0.9450992475969947,0.8148621044982823,1.0,20.0,20000,2000,2000,20000,1066
method_a,css,uniform,X,3,0.005132108745033326,0.9450992475969947,0.8148621044982823,1.0,20.0,20000,2000,2000,20000,1670
method_a,css,uniform,X,3,0.005620881006465072,0.9450992475969947,0.8148621044982823,1.0,20.0,20000,2000,2000,18000,2072
method_a,css,uniform,X,3,0.006109653267896817,0.9450992475969947,0.8148621044982823,1.0,20.0,20000,2000,2000,14000,2075
method_a,css,uniform,X,3,0.006598425529328563,0.9450992475969947,0.8148621044982823,1.0,20.0,20000,2000,2000,12000,2191
method_a,css,uniform,X,5,0.002199475176442854,0.9450992475969947,0.8148621044982823,1.0,20.0,20000,2000,2000,20000,12
method_a,css,uniform,X,5,0.0026882474378746,0.9450992475969947,0.8148621044982823,1.0,20.0,20000,2000,2000,20000,50
method_a,css,uniform,X,5,0.003177019699306345,0.9450992475969947,0.8148621044982823,1.0,20.0,20000,2000,2000,20000,232
method_a,css,uniform,X,5,0.00366579196073809,0.9450992475969947,0.8148621044982823,1.0,20.0,20000,2000,2000,20000,667
method_a,css,uniform,X,5,0.004154564222169836,0.9450992475969947,0.8148621044982823,1.0,20.0,20000,2000,2000,20000,1460
method_a,css,uniform,X,5,0.004643336483601581,0.9450992475969947,0.8148621044982823,1.0,20.0,20000,2000,2000,16000,2221
method_a,css,uniform,X,5,0.005132108745033326,0.9450992475969947,0.8148621044982823,1.0,20.0,20000,2000,2000,10000,2018
method_a,css,uniform,X,5,0.005620881006465072,0.9450992475969947,0.8148621044982823,1.0,20.0,20000,2000,2000,8000,2198
method_a,css,uniform,X,5,0.006109653267896817,0.9450992475969947,0.8148621044982823,1.0,20.0,20000,2000,2000,6000,2044
method_a,css,uniform,X,5,0.006598425529328563,0.9450992475969947,0.8148621044982823,1.0,20.0,20000,2000,2000,6000,2388
method_a,css,uniform,Z,3,0.0023237534490749166,1.1085942973043044,1.130312854062304,1.0,20.0,20000,2000,2000,20000,5
method_a,css,uniform,Z,3,0.0028401431044248983,1.1085942973043044,1.130312854062304,1.0,20.0,20000,2000,2000,20000,28
method_a,css,uniform,Z,3,0.00335653275977488,1.1085942973043044,1.130312854062304,1.0,20.0,20000,2000,2000,20000,37
method_a,css,uniform,Z,3,0.0038729224151248607,1.1085942973043044,1.130312854062304,1.0,20.0,20000,2000,2000,20000,87
method_a,css,uniform,Z,3,0.004389312070474842,1.1085942973043044,1.130312854062304,1.0,20.0,20000,2000,2000,20000,136
method_a,css,uniform,Z,3,0.004905701725824824,1.1085942973043044,1.130312854062304,1.0,20.0,20000,2000,2000,20000,261
method_a,css,uniform,Z,3,0.005422091381174806,1.1085942973043044,1.130312854062304,1.0,20.0,20000,2000,2000,20000,411
method_a,css,uniform,Z,3,0.0059384810365247865,1.1085942973043044,1.130312854062304,1.0,20.0,20000,2000,2000,20000,554
method_a,css,uniform,Z,3,0.006454870691874769,1.1085942973043044,1.130312854062304,1.0,20.0,20000,2000,2000,20000,860
method_a,css,uniform,Z,3,0.006971260347224751,1.1085942973043044,1.130312854062304,1.0,20.0,20000,2000,2000,20000,1070
method_a,css,uniform,Z,5,0.0023237534490749166,1.1085942973043044,1.130312854062304,1.0,20.0,20000,2000,2000,20000,0
method_a,css,uniform,Z,5,0.0028401431044248983,1.1085942973043044,1.130312854062304,1.0,20.0,20000,2000,2000,20000,1
method_a,css,uniform,Z,5,0.00335653275977488,1.1085942973043044,1.130312854062304,1.0,20.0,20000,2000,2000,20000,21
method_a,css,uniform,Z,5,0.0038729224151248607,1.1085942973043044,1.130312854062304,1.0,20.0,20000,2000,2000,20000,44
method_a,css,uniform,Z,5,0.004389312070474842,1.1085942973043044,1.130312854062304,1.0,20.0,20000,2000,2000,20000,160
method_a,css,uniform,Z,5,0.004905701725824824,1.1085942973043044,1.130312854062304,1.0,20.0,20000,2000,2000,20000,381
method_a,css,uniform,Z,5,0.005422091381174806,1.1085942973043044,1.130312854062304,1.0,20.0,20000,2000,2000,20000,702
method_a,css,uniform,Z,5,0.0059384810365247865,1.1085942973043044,1.130312854062304,1.0,20.0,20000,2000,2000,20000,1151
method_a,css,uniform,Z,5,0.006454870691874769,1.1085942973043044,1.130312854062304,1.0,20.0,20000,2000,2000,20000,1869
method_a,css,uniform,Z,5,0.006971260347224751,1.1085942973043044,1.130312854062304,1.0,20.0,20000,2000,2000,16000,2080
method_a,css,uniform,X,3,0.0023237534490749166,1.1085942973043044,1.130312854062304,1.0,20.0,20000,2000,2000,20000,10
method_a,css,uniform,X,3,0.0028401431044248983,1.1085942973043044,1.130312854062304,1.0,20.0,20000,2000,2000,20000,28
method_a,css,uniform,X,3,0.00335653275977488,1.1085942973043044,1.130312854062304,1.0,20.0,20000,2000,2000,20000,119
method_a,css,uniform,X,3,0.0038729224151248607,1.1085942973043044,1.130312854062304,1.0,20.0,20000,2000,2000,20000,205
method_a,css,uniform,X,3,0.004389312070474842,1.1085942973043044,1.130312854062304,1.0,20.0,20000,2000,2000,20000,370
method_a,css,uniform,X,3,0.004905701725824824,1.1085942973043044,1.130312854062304,1.0,20.0,20000,2000,2000,20000,643
method_a,css,uniform,X,3,0.005422091381174806,1.1085942973043044,1.130312854062304,1.0,20.0,20000,2000,2000,20000,1007
method_a,css,uniform,X,3,0.0059384810365247865,1.1085942973043044,1.130312854062304,1.0,20.0,20000,2000,2000,20000,1379
method_a,css,uniform,X,3,0.006454870691874769,1.1085942973043044,1.130312854062304,1.0,20.0,20000,2000,2000,20000,1894
method_a,css,uniform,X,3,0.006971260347224751,1.1085942973043044,1.130312854062304,1.0,20.0,20000,2000,2000,18000,2245
method_a,css,uniform,X,5,0.0023237534490749166,1.1085942973043044,1.130312854062304,1.0,20.0,20000,2000,2000,20000,2
method_a,css,uniform,X,5,0.0028401431044248983,1.1085942973043044,1.130312854062304,1.0,20.0,20000,2000,2000,20000,18
method_a,css,uniform,X,5,0.00335653275977488,1.1085942973043044,1.130312854062304,1.0,20.0,20000,2000,2000,20000,68
method_a,css,uniform,X,5,0.0038729224151248607,1.1085942973043044,1.130312854062304,1.0,20.0,20000,2000,2000,20000,269
method_a,css,uniform,X,5,0.004389312070474842,1.1085942973043044,1.130312854062304,1.0,20.0,20000,2000,2000,20000,626
method_a,css,uniform,X,5,0.004905701725824824,1.1085942973043044,1.130312854062304,1.0,20.0,20000,2000,2000,20000,1281
method_a,css,uniform,X,5,0.005422091381174806,1.1085942973043044,1.130312854062304,1.0,20.0,20000,2000,2000,18000,2014
method_a,css,uniform,X,5,0.0059384810365247865,1.1085942973043044,1.130312854062304,1.0,20.0,20000,2000,2000,12000,2125
method_a,css,uniform,X,5,0.006454870691874769,1.1085942973043044,1.130312854062304,1.0,20.0,20000,2000,2000,10000,2415
method_a,css,uniform,X,5,0.006971260347224751,1.1085942973043044,1.130312854062304,1.0,20.0,20000,2000,2000,8000,2381
method_a,css,uniform,Z,3,0.0025551802798082536,1.1952051026146147,1.5707963267948966,1.0,20.0,20000,2000,2000,20000,4
method_a,css,uniform,Z,3,0.0031229981197656437,1.1952051026146147,1.5707963267948966,1.0,20.0,20000,2000,2000,20000,6
method_a,css,uniform,Z,3,0.003690815959723033,1.1952051026146147,1.5707963267948966,1.0,20.0,20000,2000,2000,20000,18
method_a,css,uniform,Z,3,0.004258633799680423,1.1952051026146147,1.5707963267948966,1.0,20.0,20000,2000,2000,20000,42
method_a,css,uniform,Z,3,0.004826451639637813,1.1952051026146147,1.5707963267948966,1.0,20.0,20000,2000,2000,20000,73
method_a,css,uniform,Z,3,0.005394269479595203,1.1952051026146147,1.5707963267948966,1.0,20.0,20000,2000,2000,20000,146
method_a,css,uniform,Z,3,0.005962087319552592,1.1952051026146147,1.5707963267948966,1.0,20.0,20000,2000,2000,20000,199
method_a,css,uniform,Z,3,0.0065299051595099815,1.1952051026146147,1.5707963267948966,1.0,20.0,20000,2000,2000,20000,323
method_a,css,uniform,Z,3,0.007097722999467372,1.1952051026146147,1.5707963267948966,1.0,20.0,20000,2000,2000,20000,426
method_a,css,uniform,Z,3,0.007665540839424762,1.1952051026146147,1.5707963267948966,1.0,20.0,20000,2000,2000,20000,609
method_a,css,uniform,Z,5,0.0025551802798082536,1.1952051026146147,1.5707963267948966,1.0,20.0,20000,2000,2000,20000,0
method_a,css,uniform,Z,5,0.0031229981197656437,1.1952051026146147,1.5707963267948966,1.0,20.0,20000,2000,2000,20000,2
method_a,css,uniform,Z,5,0.003690815959723033,1.1952051026146147,1.5707963267948966,1.0,20.0,20000,2000,2000,20000,6
method_a,css,uniform,Z,5,0.004258633799680423,1.1952051026146147,1.5707963267948966,1.0,20.0,20000,2000,2000,20000,14
method_a,css,uniform,Z,5,0.004826451639637813,1.1952051026146147,1.5707963267948966,1.0,20.0,20000,2000,2000,20000,54
method_a,css,uniform,Z,5,0.005394269479595203,1.1952051026146147,1.5707963267948966,1.0,20.0,20000,2000,2000,20000,115
method_a,css,uniform,Z,5,0.005962087319552592,1.1952051026146147,1.5707963267948966,1.0,20.0,20000,2000,2000,20000,246
method_a,css,uniform,Z,5,0.0065299051595099815,1.1952051026146147,1.5707963267948966,1.0,20.0,20000,2000,2000,20000,449
method_a,css,uniform,Z,5,0.007097722999467372,1.1952051026146147,1.5707963267948966,1.0,20.0,20000,2000,2000,20000,835
method_a,css,uniform,Z,5,0.007665540839424762,1.1952051026146147,1.5707963267948966,1.0,20.0,20000,2000,2000,20000,1309
method_a,css,uniform,X,3,0.0025551802798082536,1.1952051026146147,1.5707963267948966,1.0,20.0,20000,2000,2000,20000,4
method_a,css,uniform,X,3,0.0031229981197656437,1.1952051026146147,1.5707963267948966,1.0,20.0,20000,2000,2000,20000,14
method_a,css,uniform,X,3,0.003690815959723033,1.1952051026146147,1.5707963267948966,1.0,20.0,20000,2000,2000,20000,41
method_a,css,uniform,X,3,0.004258633799680423,1.1952051026146147,1.5707963267948966,1.0,20.0,20000,2000,2000,20000,103
method_a,css,uniform,X,3,0.004826451639637813,1.1952051026146147,1.5707963267948966,1.0,20.0,20000,2000,2000,20000,172
method_a,css,uniform,X,3,0.005394269479595203,1.1952051026146147,1.5707963267948966,1.0,20.0,20000,2000,2000,20000,286
method_a,css,uniform,X,3,0.005962087319552592,1.1952051026146147,1.5707963267948966,1.0,20.0,20000,2000,2000,20000,511
method_a,css,uniform,X,3,0.0065299051595099815,1.1952051026146147,1.5707963267948966,1.0,20.0,20000,2000,2000,20000,739
method_a,css,uniform,X,3,0.007097722999467372,1.1952051026146147,1.5707963267948966,1.0,20.0,20000,2000,2000,20000,1025
method_a,css,uniform,X,3,0.007665540839424762,1.1952051026146147,1.5707963267948966,1.0,20.0,20000,2000,2000,20000,1387
method_a,css,uniform,X,5,0.0025551802798082536,1.1952051026146147,1.5707963267948966,1.0,20.0,20000,2000,2000,20000,0
method_a,css,uniform,X,5,0.0031229981197656437,1.1952051026146147,1.5707963267948966,1.0,20.0,20000,2000,2000,20000,5
method_a,css,uniform,X,5,0.003690815959723033,1.1952051026146147,1.5707963267948966,1.0,20.0,20000,2000,2000,20000,30
method_a,css,uniform,X,5,0.004258633799680423,1.1952051026146147,1.5707963267948966,1.0,20.0,20000,2000,2000,20000,80
method_a,css,uniform,X,5,0.004826451639637813,1.1952051026146147,1.5707963267948966,1.0,20.0,20000,2000,2000,20000,224
method_a,css,uniform,X,5,0.005394269479595203,1.1952051026146147,1.5707963267948966,1.0,20.0,20000,2000,2000,20000,526
method_a,css,uniform,X,5,0.005962087319552592,1.1952051026146147,1.5707963267948966,1.0,20.0,20000,2000,2000,20000,957
method_a,css,uniform,X,5,0.0065299051595099815,1.1952051026146147,1.5707963267948966,1.0,20.0,20000,2000,2000,20000,1656
method_a,css,uniform,X,5,0.007097722999467372,1.1952051026146147,1.5707963267948966,1.0,20.0,20000,2000,2000,16000,2037
method_a,css,uniform,X,5,0.007665540839424762,1.1952051026146147,1.5707963267948966,1.0,20.0,20000,2000,2000,12000,2199
method_a,css,uniform,Z,3,0.0036164826790559264,0.0,0.5449177791186204,1.0,20.0,20000,2000,2000,20000,74
method_a,css,uniform,Z,3,0.004420145496623911,0.0,0.5449177791186204,1.0,20.0,20000,2000,2000,20000,216
method_a,css,uniform,Z,3,0.005223808314191894,0.0,0.5449177791186204,1.0,20.0,20000,2000,2000,20000,497
method_a,css,uniform,Z,3,0.006027471131759876,0.0,0.5449177791186204,1.0,20.0,20000,2000,2000,20000,880
method_a,css,uniform,Z,3,0.006831133949327861,0.0,0.5449177791186204,1.0,20.0,20000,2000,2000,20000,1501
method_a,css,uniform,Z,3,0.007634796766895845,0.0,0.5449177791186204,1.0,20.0,20000,2000,2000,18000,2002
method_a,css,uniform,Z,3,0.008438459584463827,0.0,0.5449177791186204,1.0,20.0,20000,2000,2000,14000,2182
method_a,css,uniform,Z,3,0.00924212240203181,0.0,0.5449177791186204,1.0,20.0,20000,2000,2000,10000,2040
method_a,css,uniform,Z,3,0.010045785219599795,0.0,0.5449177791186204,1.0,20.0,20000,2000,2000,10000,2488
method_a,css,uniform,Z,3,0.010849448037167779,0.0,0.5449177791186204,1.0,20.0,20000,2000,2000,8000,2442
method_a,css,uniform,Z,5,0.0036164826790559264,0.0,0.5449177791186204,1.0,20.0,20000,2000,2000,20000,27
method_a,css,uniform,Z,5,0.004420145496623911,0.0,0.5449177791186204,1.0,20.0,20000,2000,2000,20000,195
method_a,css,uniform,Z,5,0.005223808314191894,0.0,0.5449177791186204,1.0,20.0,20000,2000,2000,20000,729
method_a,css,uniform,Z,5,0.006027471131759876,0.0,0.5449177791186204,1.0,20.0,20000,2000,2000,20000,1738
method_a,css,uniform,Z,5,0.006831133949327861,0.0,0.5449177791186204,1.0,20.0,20000,2000,2000,12000,2017
method_a,css,uniform,Z,5,0.007634796766895845,0.0,0.5449177791186204,1.0,20.0,20000,2000,2000,8000,2064
method_a,css,uniform,Z,5,0.008438459584463827,0.0,0.5449177791186204,1.0,20.0,20000,2000,2000,6000,2117
method_a,css,uniform,Z,5,0.00924212240203181,0.0,0.5449177791186204,1.0,20.0,20000,2000,2000,6000,2425
method_a,css,uniform,Z,5,0.010045785219599795,0.0,0.5449177791186204,1.0,20.0,20000,2000,2000,6000,2727
method_a,css,uniform,X,3,0.0014465930716223705,0.0,0.5449177791186204,1.0,20.0,20000,2000,2000,20000,3
method_a,css,uniform,X,3,0.0017680581986495641,0.0,0.5449177791186204,1.0,20.0,20000,2000,2000,20000,9
method_a,css,uniform,X,3,0.0020895233256767575,0.0,0.5449177791186204,1.0,20.0,20000,2000,2000,20000,37
method_a,css,uniform,X,3,0.0024109884527039505,0.0,0.5449177791186204,1.0,20.0,20000,2000,2000,20000,61
method_a,css,uniform,X,3,0.0027324535797311443,0.0,0.5449177791186204,1.0,20.0,20000,2000,2000,20000,134
method_a,css,uniform,X,3,0.0030539187067583377,0.0,0.5449177791186204,1.0,20.0,20000,2000,2000,20000,244
method_a,css,uniform,X,3,0.0033753838337855307,0.0,0.5449177791186204,1.0,20.0,20000,2000,2000,20000,374
method_a,css,uniform,X,3,0.0036968489608127245,0.0,0.5449177791186204,1.0,20.0,20000,2000,2000,20000,554
method_a,css,uniform,X,3,0.004018314087839918,0.0,0.5449177791186204,1.0,20.0,20000,2000,2000,20000,813
method_a,css,uniform,X,3,0.004339779214867111,0.0,0.5449177791186204,1.0,20.0,20000,2000,2000,20000,1161
method_a,css,uniform,X,5,0.0014465930716223705,0.0,0.5449177791186204,1.0,20.0,20000,2000,2000,20000,0
method_a,css,uniform,X,5,0.0017680581986495641,0.0,0.5449177791186204,1.0,20.0,20000,2000,2000,20000,1
method_a,css,uniform,X,5,0.0020895233256767575,0.0,0.5449177791186204,1.0,20.0,20000,2000,2000,20000,11
method_a,css,uniform,X,5,0.0024109884527039505,0.0,0.5449177791186204,1.0,20.0,20000,2000,2000,20000,24
method_a,css,uniform,X,5,0.0027324535797311443,0.0,0.5449177791186204,1.0,20.0,20000,2000,2000,20000,79
method_a,css,uniform,X,5,0.0030539187067583377,0.0,0.5449177791186204,1.0,20.0,20000,2000,2000,20000,241
method_a,css,uniform,X,5,0.0033753838337855307,0.0,0.5449177791186204,1.0,20.0,20000,2000,2000,20000,556
method_a,css,uniform,X,5,0.0036968489608127245,0.0,0.5449177791186204,1.0,20.0,20000,2000,2000,20000,971
method_a,css,uniform,X,5,0.004018314087839918,0.0,0.5449177791186204,1.0,20.0,20000,2000,2000,20000,1624
method_a,css,uniform,X,5,0.004339779214867111,0.0,0.5449177791186204,1.0,20.0,20000,2000,2000,18000,2229
method_a,css,uniform,Z,3,0.003260310532240739,0.09126292954783954,0.6155129423611174,1.0,20.0,20000,2000,2000,20000,34
method_a,css,uniform,Z,3,0.003984823983849793,0.09126292954783954,0.6155129423611174,1.0,20.0,20000,2000,2000,20000,132
method_a,css,uniform,Z,3,0.004709337435458845,0.09126292954783954,0.6155129423611174,1.0,20.0,20000,2000,2000,20000,356
method_a,css,uniform,Z,3,0.005433850887067898,0.09126292954783954,0.6155129423611174,1.0,20.0,20000,2000,2000,20000,586
method_a,css,uniform,Z,3,0.0061583643386769514,0.09126292954783954,0.6155129423611174,1.0,20.0,20000,2000,2000,20000,1073
method_a,css,uniform,Z,3,0.006882877790286005,0.09126292954783954,0.6155129423611174,1.0,20.0,20000,2000,2000,20000,1648
method_a,css,uniform,Z,3,0.007607391241895058,0.09126292954783954,0.6155129423611174,1.0,20.0,20000,2000,2000,18000,2196
method_a,css,uniform,Z,3,0.008331904693504111,0.09126292954783954,0.6155129423611174,1.0,20.0,20000,2000,2000,14000,2280
method_a,css,uniform,Z,3,0.009056418145113165,0.09126292954783954,0.6155129423611174,1.0,20.0,20000,2000,2000,10000,2026
method_a,css,uniform,Z,3,0.009780931596722218,0.09126292954783954,0.6155129423611174,1.0,20.0,20000,2000,2000,10000,2493
method_a,css,uniform,Z,5,0.003260310532240739,0.09126292954783954,0.6155129423611174,1.0,20.0,20000,2000,2000,20000,12
method_a,css,uniform,Z,5,0.003984823983849793,0.09126292954783954,0.6155129423611174,1.0,20.0,20000,2000,2000,20000,122
method_a,css,uniform,Z,5,0.004709337435458845,0.09126292954783954,0.6155129423611174,1.0,20.0,20000,2000,2000,20000,374
method_a,css,uniform,Z,5,0.005433850887067898,0.09126292954783954,0.6155129423611174,1.0,20.0,20000,2000,2000,20000,1119
method_a,css,uniform,Z,5,0.0061583643386769514,0.09126292954783954,0.6155129423611174,1.0,20.0,20000,2000,2000,18000,2139
method_a,css,uniform,Z,5,0.006882877790286005,0.09126292954783954,0.6155129423611174,1.0,20.0,20000,2000,2000,12000,2330
method_a,css,uniform,Z,5,0.007607391241895058,0.09126292954783954,0.6155129423611174,1.0,20.0,20000,2000,2000,8000,2182
method_a,css,uniform,Z,5,0.008331904693504111,0.09126292954783954,0.6155129423611174,1.0,20.0,20000,2000,2000,6000,2086
method_a,css,uniform,Z,5,0.009056418145113165,0.09126292954783954,0.6155129423611174,1.0,20.0,20000,2000,2000,6000,2437
method_a,css,uniform,Z,5,0.009780931596722218,0.09126292954783954,0.6155129423611174,1.0,20.0,20000,2000,2000,6000,2631
method_a,css,uniform,X,3,0.0013041242128962957,0.09126292954783954,0.6155129423611174,1.0,20.0,20000,2000,2000,20000,3
method_a,css,uniform,X,3,0.001593929593539917,0.09126292954783954,0.6155129423611174,1.0,20.0,20000,2000,2000,20000,7
method_a,css,uniform,X,3,0.0018837349741835383,0.09126292954783954,0.6155129423611174,1.0,20.0,20000,2000,2000,20000,15
method_a,css,uniform,X,3,0.0021735403548271593,0.09126292954783954,0.6155129423611174,1.0,20.0,20000,2000,2000,20000,55
method_a,css,uniform,X,3,0.0024633457354707807,0.09126292954783954,0.6155129423611174,1.0,20.0,20000,2000,2000,20000,100
method_a,css,uniform,X,3,0.002753151116114402,0.09126292954783954,0.6155129423611174,1.0,20.0,20000,2000,2000,20000,147
method_a,css,uniform,X,3,0.003042956496758023,0.09126292954783954,0.6155129423611174,1.0,20.0,20000,2000,2000,20000,257
method_a,css,uniform,X,3,0.0033327618774016445,0.09126292954783954,0.6155129423611174,1.0,20.0,20000,2000,2000,20000,385
method_a,css,uniform,X,3,0.003622567258045266,0.09126292954783954,0.6155129423611174,1.0,20.0,20000,2000,2000,20000,636
method_a,css,uniform,X,3,0.003912372638688887,0.09126292954783954,0.6155129423611174,1.0,20.0,20000,2000,2000,20000,860
method_a,css,uniform,X,5,0.0013041242128962957,0.09126292954783954,0.6155129423611174,1.0,20.0,20000,2000,2000,20000,0
method_a,css,uniform,X,5,0.001593929593539917,0.09126292954783954,0.6155129423611174,1.0,20.0,20000,2000,2000,20000,2
method_a,css,uniform,X,5,0.0018837349741835383,0.09126292954783954,0.6155129423611174,1.0,20.0,20000,2000,2000,20000,3
method_a,css,uniform,X,5,0.0021735403548271593,0.09126292954783954,0.6155129423611174,1.0,20.0,20000,2000,2000,20000,13
method_a,css,uniform,X,5,0.0024633457354707807,0.09126292954783954,0.6155129423611174,1.0,20.0,20000,2000,2000,20000,45
method_a,css,uniform,X,5,0.002753151116114402,0.09126292954783954,0.6155129423611174,1.0,20.0,20000,2000,2000,20000,137
method_a,css,uniform,X,5,0.003042956496758023,0.09126292954783954,0.6155129423611174,1.0,20.0,20000,2000,2000,20000,332
method_a,css,uniform,X,5,0.0033327618774016445,0.09126292954783954,0.6155129423611174,1.0,20.0,20000,2000,2000,20000,602
method_a,css,uniform,X,5,0.003622567258045266,0.09126292954783954,0.6155129423611174,1.0,20.0,20000,2000,2000,20000,1058
method_a,css,uniform,X,5,0.003912372638688887,0.09126292954783954,0.6155129423611174,1.0,20.0,20000,2000,2000,20000,1718
method_a,css,uniform,Z,3,0.002957580040388158,0.20230673785114828,0.7036737305394436,1.0,20.0,20000,2000,2000,20000,33
method_a,css,uniform,Z,3,0.0036148200493633046,0.20230673785114828,0.7036737305394436,1.0,20.0,20000,2000,2000,20000,91
method_a,css,uniform,Z,3,0.004272060058338451,0.20230673785114828,0.7036737305394436,1.0,20.0,20000,2000,2000,20000,190
method_a,css,uniform,Z,3,0.004929300067313597,0.20230673785114828,0.7036737305394436,1.0,20.0,20000,2000,2000,20000,449
method_a,css,uniform,Z,3,0.005586540076288744,0.20230673785114828,0.7036737305394436,1.0,20.0,20000,2000,2000,20000,817
method_a,css,uniform,Z,3,0.006243780085263889,0.20230673785114828,0.7036737305394436,1.0,20.0,20000,2000,2000,20000,1220
method_a,css,uniform,Z,3,0.006901020094239034,0.20230673785114828,0.7036737305394436,1.0,20.0,20000,2000,2000,20000,1774
method_a,css,uniform,Z,3,0.007558260103214181,0.20230673785114828,0.7036737305394436,1.0,20.0,20000,2000,2000,18000,2179
method_a,css,uniform,Z,3,0.008215500112189328,0.20230673785114828,0.7036737305394436,1.0,20.0,20000,2000,2000,14000,2191
method_a,css,uniform,Z,3,0.008872740121164473,0.20230673785114828,0.7036737305394436,1.0,20.0,20000,2000,2000,12000,2328
method_a,css,uniform,Z,5,0.002957580040388158,0.20230673785114828,0.7036737305394436,1.0,20.0,20000,2000,2000,20000,12
method_a,css,uniform,Z,5,0.0036148200493633046,0.20230673785114828,0.7036737305394436,1.0,20.0,20000,2000,2000,20000,52
method_a,css,uniform,Z,5,0.004272060058338451,0.20230673785114828,0.7036737305394436,1.0,20.0,20000,2000,2000,20000,215
method_a,css,uniform,Z,5,0.004929300067313597,0.20230673785114828,0.7036737305394436,1.0,20.0,20000,2000,2000,20000,593
method_a,css,uniform,Z,5,0.005586540076288744,0.20230673785114828,0.7036737305394436,1.0,20.0,20000,2000,2000,20000,1503
method_a,css,uniform,Z,5,0.006243780085263889,0.20230673785114828,0.7036737305394436,1.0,20.0,20000,2000,2000,16000,2170
method_a,css,uniform,Z,5,0.006901020094239034,0.20230673785114828,0.7036737305394436,1.0,20.0,20000,2000,2000,10000,2043
method_a,css,uniform,Z,5,0.007558260103214181,0.20230673785114828,0.7036737305394436,1.0,20.0,20000,2000,2000,8000,2275
method_a,css,uniform,Z,5,0.008215500112189328,0.20230673785114828,0.7036737305394436,1.0,20.0,20000,2000,2000,6000,2035
method_a,css,uniform,Z,5,0.008872740121164473,0.20230673785114828,0.7036737305394436,1.0,20.0,20000,2000,2000,6000,2431
method_a,css,uniform,X,3,0.0011830320161552632,0.20230673785114828,0.7036737305394436,1.0,20.0,20000,2000,2000,20000,1
method_a,css,uniform,X,3,0.0014459280197453219,0.20230673785114828,0.7036737305394436,1.0,20.0,20000,2000,2000,20000,4
method_a,css,uniform,X,3,0.0017088240233353801,0.20230673785114828,0.7036737305394436,1.0,20.0,20000,2000,2000,20000,9
method_a,css,uniform,X,3,0.0019717200269254386,0.20230673785114828,0.7036737305394436,1.0,20.0,20000,2000,2000,20000,24
method_a,css,uniform,X,3,0.0022346160305154973,0.20230673785114828,0.7036737305394436,1.0,20.0,20000,2000,2000,20000,62
method_a,css,uniform,X,3,0.0024975120341055555,0.20230673785114828,0.7036737305394436,1.0,20.0,20000,2000,2000,20000,113
method_a,css,uniform,X,3,0.0027604080376956138,0.20230673785114828,0.7036737305394436,1.0,20.0,20000,2000,2000,20000,175
method_a,css,uniform,X,3,0.0030233040412856725,0.20230673785114828,0.7036737305394436,1.0,20.0,20000,2000,2000,20000,275
method_a,css,uniform,X,3,0.003286200044875731,0.20230673785114828,0.7036737305394436,1.0,20.0,20000,2000,2000,20000,428
method_a,css,uniform,X,3,0.0035490960484657894,0.20230673785114828,0.7036737305394436,1.0,20.0,20000,2000,2000,20000,612
method_a,css,uniform,X,5,0.0011830320161552632,0.20230673785114828,0.7036737305394436,1.0,20.0,20000,2000,2000,20000,0
method_a,css,uniform,X,5,0.0014459280197453219,0.20230673785114828,0.7036737305394436,1.0,20.0,20000,2000,2000,20000,1
method_a,css,uniform,X,5,0.0017088240233353801,0.20230673785114828,0.7036737305394436,1.0,20.0,20000,2000,2000,20000,2
method_a,css,uniform,X,5,0.0019717200269254386,0.20230673785114828,0.7036737305394436,1.0,20.0,20000,2000,2000,20000,5
method_a,css,uniform,X,5,0.0022346160305154973,0.20230673785114828,0.7036737305394436,1.0,20.0,20000,2000,2000,20000,21
method_a,css,uniform,X,5,0.0024975120341055555,0.20230673785114828,0.7036737305394436,1.0,20.0,20000,2000,2000,20000,62
method_a,css,uniform,X,5,0.0027604080376956138,0.20230673785114828,0.7036737305394436,1.0,20.0,20000,2000,2000,20000,155
method_a,css,uniform,X,5,0.0030233040412856725,0.20230673785114828,0.7036737305394436,1.0,20.0,20000,2000,2000,20000,356
method_a,css,uniform,X,5,0.003286200044875731,0.20230673785114828,0.7036737305394436,1.0,20.0,20000,2000,2000,20000,637
method_a,css,uniform,X,5,0.0035490960484657894,0.20230673785114828,0.7036737305394436,1.0,20.0,20000,2000,2000,20000,1124
method_a,css,uniform,Z,3,0.0027261532887750666,0.33310624362161545,0.8148621044982822,1.0,20.0,20000,2000,2000,20000,30
method_a,css,uniform,Z,3,0.0033319651307250815,0.33310624362161545,0.8148621044982822,1.0,20.0,20000,2000,2000,20000,62
method_a,css,uniform,Z,3,0.0039377769726750955,0.33310624362161545,0.8148621044982822,1.0,20.0,20000,2000,2000,20000,139
method_a,css,uniform,Z,3,0.00454358881462511,0.33310624362161545,0.8148621044982822,1.0,20.0,20000,2000,2000,20000,279
method_a,css,uniform,Z,3,0.005149400656575125,0.33310624362161545,0.8148621044982822,1.0,20.0,20000,2000,2000,20000,539
method_a,css,uniform,Z,3,0.0057552124985251404,0.33310624362161545,0.8148621044982822,1.0,20.0,20000,2000,2000,20000,844
method_a,css,uniform,Z,3,0.006361024340475154,0.33310624362161545,0.8148621044982822,1.0,20.0,20000,2000,2000,20000,1192
method_a,css,uniform,Z,3,0.006966836182425169,0.33310624362161545,0.8148621044982822,1.0,20.0,20000,2000,2000,20000,1728
method_a,css,uniform,Z,3,0.0075726480243751846,0.33310624362161545,0.8148621044982822,1.0,20.0,20000,2000,2000,18000,2168
method_a,css,uniform,Z,3,0.0081784598663252,0.33310624362161545,0.8148621044982822,1.0,20.0,20000,2000,2000,14000,2154
method_a,css,uniform,Z,5,0.0027261532887750666,0.33310624362161545,0.8148621044982822,1.0,20.0,20000,2000,2000,20000,4
method_a,css,uniform,Z,5,0.0033319651307250815,0.33310624362161545,0.8148621044982822,1.0,20.0,20000,2000,2000,20000,22
method_a,css,uniform,Z,5,0.0039377769726750955,0.33310624362161545,0.8148621044982822,1.0,20.0,20000,2000,2000,20000,122
method_a,css,uniform,Z,5,0.00454358881462511,0.33310624362161545,0.8148621044982822,1.0,20.0,20000,2000,2000,20000,348
method_a,css,uniform,Z,5,0.005149400656575125,0.33310624362161545,0.8148621044982822,1.0,20.0,20000,2000,2000,20000,816
method_a,css,uniform,Z,5,0.0057552124985251404,0.33310624362161545,0.8148621044982822,1.0,20.0,20000,2000,2000,20000,1656
method_a,css,uniform,Z,5,0.006361024340475154,0.33310624362161545,0.8148621044982822,1.0,20.0,20000,2000,2000,14000,2004
method_a,css,uniform,Z,5,0.006966836182425169,0.33310624362161545,0.8148621044982822,1.0,20.0,20000,2000,2000,10000,2077
method_a,css,uniform,Z,5,0.0075726480243751846,0.33310624362161545,0.8148621044982822,1.0,20.0,20000,2000,2000,8000,2245
method_a,css,uniform,Z,5,0.0081784598663252,0.33310624362161545,0.8148621044982822,1.0,20.0,20000,2000,2000,8000,2665
method_a,css,uniform,X,3,0.0010904613155100266,0.33310624362161545,0.8148621044982822,1.0,20.0,20000,2000,2000,20000,0
method_a,css,uniform,X,3,0.0013327860522900326,0.33310624362161545,0.8148621044982822,1.0,20.0,20000,2000,2000,20000,4
method_a,css,uniform,X,3,0.0015751107890700383,0.33310624362161545,0.8148621044982822,1.0,20.0,20000,2000,2000,20000,10
method_a,css,uniform,X,3,0.0018174355258500441,0.33310624362161545,0.8148621044982822,1.0,20.0,20000,2000,2000,20000,14
method_a,css,uniform,X,3,0.00205976026263005,0.33310624362161545,0.8148621044982822,1.0,20.0,20000,2000,2000,20000,38
method_a,css,uniform,X,3,0.0023020849994100563,0.33310624362161545,0.8148621044982822,1.0,20.0,20000,2000,2000,20000,59
method_a,css,uniform,X,3,0.0025444097361900617,0.33310624362161545,0.8148621044982822,1.0,20.0,20000,2000,2000,20000,106
method_a,css,uniform,X,3,0.0027867344729700675,0.33310624362161545,0.8148621044982822,1.0,20.0,20000,2000,2000,20000,180
method_a,css,uniform,X,3,0.003029059209750074,0.33310624362161545,0.8148621044982822,1.0,20.0,20000,2000,2000,20000,272
method_a,css,uniform,X,3,0.0032713839465300797,0.33310624362161545,0.8148621044982822,1.0,20.0,20000,2000,2000,20000,386
method_a,css,uniform,X,5,0.0010904613155100266,0.33310624362161545,0.8148621044982822,1.0,20.0,20000,2000,2000,20000,0
method_a,css,uniform,X,5,0.0013327860522900326,0.33310624362161545,0.8148621044982822,1.0,20.0,20000,2000,2000,20000,0
method_a,css,uniform,X,5,0.0015751107890700383,0.33310624362161545,0.8148621044982822,1.0,20.0,20000,2000,2000,20000,4
method_a,css,uniform,X,5,0.0018174355258500441,0.33310624362161545,0.8148621044982822,1.0,20.0,20000,2000,2000,20000,4
method_a,css,uniform,X,5,0.00205976026263005,0.33310624362161545,0.8148621044982822,1.0,20.0,20000,2000,2000,20000,8
method_a,css,uniform,X,5,0.0023020849994100563,0.33310624362161545,0.8148621044982822,1.0,20.0,20000,2000,2000,20000,38
method_a,css,uniform,X,5,0.0025444097361900617,0.33310624362161545,0.8148621044982822,1.0,20.0,20000,2000,2000,20000,81
method_a,css,uniform,X,5,0.0027867344729700675,0.33310624362161545,0.8148621044982822,1.0,20.0,20000,2000,2000,20000,158
method_a,css,uniform,X,5,0.003029059209750074,0.33310624362161545,0.8148621044982822,1.0,20.0,20000,2000,2000,20000,321
method_a,css,uniform,X,5,0.0032713839465300797,0.33310624362161545,0.8148621044982822,1.0,20.0,20000,2000,2000,20000,603
method_a,css,uniform,Z,3,0.002585250653694912,0.47769689493098966,0.9553498510342737,1.0,20.0,20000,2000,2000,20000,12
method_a,css,uniform,Z,3,0.0031597507989604484,0.47769689493098966,0.9553498510342737,1.0,20.0,20000,2000,2000,20000,42
method_a,css,uniform,Z,3,0.0037342509442259836,0.47769689493098966,0.9553498510342737,1.0,20.0,20000,2000,2000,20000,82
method_a,css,uniform,Z,3,0.00430875108949152,0.47769689493098966,0.9553498510342737,1.0,20.0,20000,2000,2000,20000,176
method_a,css,uniform,Z,3,0.004883251234757056,0.47769689493098966,0.9553498510342737,1.0,20.0,20000,2000,2000,20000,324
method_a,css,uniform,Z,3,0.005457751380022592,0.47769689493098966,0.9553498510342737,1.0,20.0,20000,2000,2000,20000,523
method_a,css,uniform,Z,3,0.006032251525288127,0.47769689493098966,0.9553498510342737,1.0,20.0,20000,2000,2000,20000,786
method_a,css,uniform,Z,3,0.006606751670553663,0.47769689493098966,0.9553498510342737,1.0,20.0,20000,2000,2000,20000,1163
method_a,css,uniform,Z,3,0.0071812518158192,0.47769689493098966,0.9553498510342737,1.0,20.0,20000,2000,2000,20000,1614
method_a,css,uniform,Z,3,0.007755751961084736,0.47769689493098966,0.9553498510342737,1.0,20.0,20000,2000,2000,20000,2102
method_a,css,uniform,Z,5,0.002585250653694912,0.47769689493098966,0.9553498510342737,1.0,20.0,20000,2000,2000,20000,4
method_a,css,uniform,Z,5,0.0031597507989604484,0.47769689493098966,0.9553498510342737,1.0,20.0,20000,2000,2000,20000,9
method_a,css,uniform,Z,5,0.0037342509442259836,0.47769689493098966,0.9553498510342737,1.0,20.0,20000,2000,2000,20000,35
method_a,css,uniform,Z,5,0.00430875108949152,0.47769689493098966,0.9553498510342737,1.0,20.0,20000,2000,2000,20000,169
method_a,css,uniform,Z,5,0.004883251234757056,0.47769689493098966,0.9553498510342737,1.0,20.0,20000,2000,2000,20000,402
method_a,css,uniform,Z,5,0.005457751380022592,0.47769689493098966,0.9553498510342737,1.0,20.0,20000,2000,2000,20000,893
method_a,css,uniform,Z,5,0.006032251525288127,0.47769689493098966,0.9553498510342737,1.0,20.0,20000,2000,2000,20000,1700
method_a,css,uniform,Z,5,0.006606751670553663,0.47769689493098966,0.9553498510342737,1.0,20.0,20000,2000,2000,16000,2177
method_a,css,uniform,Z,5,0.0071812518158192,0.47769689493098966,0.9553498510342737,1.0,20.0,20000,2000,2000,12000,2286
method_a,css,uniform,Z,5,0.007755751961084736,0.47769689493098966,0.9553498510342737,1.0,20.0,20000,2000,2000,8000,2055
method_a,css,uniform,X,3,0.002585250653694912,0.47769689493098966,0.9553498510342737,1.0,20.0,20000,2000,2000,20000,84
method_a,css,uniform,X,3,0.0031597507989604484,0.47769689493098966,0.9553498510342737,1.0,20.0,20000,2000,2000,20000,263
method_a,css,uniform,X,3,0.0037342509442259836,0.47769689493098966,0.9553498510342737,1.0,20.0,20000,2000,2000,20000,600
method_a,css,uniform,X,3,0.00430875108949152,0.47769689493098966,0.9553498510342737,1.0,20.0,20000,2000,2000,20000,1097
method_a,css,uniform,X,3,0.004883251234757056,0.47769689493098966,0.9553498510342737,1.0,20.0,20000,2000,2000,20000,1804
method_a,css,uniform,X,3,0.005457751380022592,0.47769689493098966,0.9553498510342737,1.0,20.0,20000,2000,2000,16000,2004
method_a,css,uniform,X,3,0.006032251525288127,0.47769689493098966,0.9553498510342737,1.0,20.0,20000,2000,2000,12000,2116
method_a,css,uniform,X,3,0.006606751670553663,0.47769689493098966,0.9553498510342737,1.0,20.0,20000,2000,2000,10000,2178
method_a,css,uniform,X,3,0.0071812518158192,0.47769689493098966,0.9553498510342737,1.0,20.0,20000,2000,2000,8000,2102
method_a,css,uniform,X,3,0.007755751961084736,0.47769689493098966,0.9553498510342737,1.0,20.0,20000,2000,2000,8000,2477
method_a,css,uniform,X,5,0.002585250653694912,0.47769689493098966,0.9553498510342737,1.0,20.0,20000,2000,2000,20000,79
method_a,css,uniform,X,5,0.0031597507989604484,0.47769689493098966,0.9553498510342737,1.0,20.0,20000,2000,2000,20000,360
method_a,css,uniform,X,5,0.0037342509442259836,0.47769689493098966,0.9553498510342737,1.0,20.0,20000,2000,2000,20000,1058
method_a,css,uniform,X,5,0.00430875108949152,0.47769689493098966,0.9553498510342737,1.0,20.0,20000,2000,2000,16000,2072
method_a,css,uniform,X,5,0.004883251234757056,0.47769689493098966,0.9553498510342737,1.0,20.0,20000,2000,2000,10000,2185
method_a,css,uniform,X,5,0.005457751380022592,0.47769689493098966,0.9553498510342737,1.0,20.0,20000,2000,2000,8000,2397
method_a,css,uniform,X,5,0.006032251525288127,0.47769689493098966,0.9553498510342737,1.0,20.0,20000,2000,2000,6000,2274
method_a,css,uniform,X,5,0.006606751670553663,0.47769689493098966,0.9553498510342737,1.0,20.0,20000,2000,2000,6000,2503
method_a,css,uniform,X,5,0.0071812518158192,0.47769689493098966,0.9553498510342737,1.0,20.0,20000,2000,2000,6000,2834
method_a,css,uniform,Z,3,0.0025499229911695354,0.6219616453022371,1.1303128540623042,1.0,20.0,20000,2000,2000,20000,5
method_a,css,uniform,Z,3,0.0031165725447627655,0.6219616453022371,1.1303128540623042,1.0,20.0,20000,2000,2000,20000,20
method_a,css,uniform,Z,3,0.0036832220983559955,0.6219616453022371,1.1303128540623042,1.0,20.0,20000,2000,2000,20000,42
method_a,css,uniform,Z,3,0.004249871651949225,0.6219616453022371,1.1303128540623042,1.0,20.0,20000,2000,2000,20000,106
method_a,css,uniform,Z,3,0.004816521205542455,0.6219616453022371,1.1303128540623042,1.0,20.0,20000,2000,2000,20000,160
method_a,css,uniform,Z,3,0.005383170759135686,0.6219616453022371,1.1303128540623042,1.0,20.0,20000,2000,2000,20000,314
method_a,css,uniform,Z,3,0.005949820312728915,0.6219616453022371,1.1303128540623042,1.0,20.0,20000,2000,2000,20000,485
method_a,css,uniform,Z,3,0.006516469866322146,0.6219616453022371,1.1303128540623042,1.0,20.0,20000,2000,2000,20000,687
method_a,css,uniform,Z,3,0.007083119419915376,0.6219616453022371,1.1303128540623042,1.0,20.0,20000,2000,2000,20000,969
method_a,css,uniform,Z,3,0.0076497689735086066,0.6219616453022371,1.1303128540623042,1.0,20.0,20000,2000,2000,20000,1347
method_a,css,uniform,Z,5,0.0025499229911695354,0.6219616453022371,1.1303128540623042,1.0,20.0,20000,2000,2000,20000,0
method_a,css,uniform,Z,5,0.0031165725447627655,0.6219616453022371,1.1303128540623042,1.0,20.0,20000,2000,2000,20000,4
method_a,css,uniform,Z,5,0.0036832220983559955,0.6219616453022371,1.1303128540623042,1.0,20.0,20000,2000,2000,20000,12
method_a,css,uniform,Z,5,0.004249871651949225,0.6219616453022371,1.1303128540623042,1.0,20.0,20000,2000,2000,20000,74
method_a,css,uniform,Z,5,0.004816521205542455,0.6219616453022371,1.1303128540623042,1.0,20.0,20000,2000,2000,20000,212
method_a,css,uniform,Z,5,0.005383170759135686,0.6219616453022371,1.1303128540623042,1.0,20.0,20000,2000,2000,20000,423
method_a,css,uniform,Z,5,0.005949820312728915,0.6219616453022371,1.1303128540623042,1.0,20.0,20000,2000,2000,20000,798
method_a,css,uniform,Z,5,0.006516469866322146,0.6219616453022371,1.1303128540623042,1.0,20.0,20000,2000,2000,20000,1491
method_a,css,uniform,Z,5,0.007083119419915376,0.6219616453022371,1.1303128540623042,1.0,20.0,20000,2000,2000,18000,2035
method_a,css,uniform,Z,5,0.0076497689735086066,0.6219616453022371,1.1303128540623042,1.0,20.0,20000,2000,2000,14000,2298
method_a,css,uniform,X,3,0.0025499229911695354,0.6219616453022371,1.1303128540623042,1.0,20.0,20000,2000,2000,20000,48
method_a,css,uniform,X,3,0.0031165725447627655,0.6219616453022371,1.1303128540623042,1.0,20.0,20000,2000,2000,20000,173
method_a,css,uniform,X,3,0.0036832220983559955,0.6219616453022371,1.1303128540623042,1.0,20.0,20000,2000,2000,20000,360
method_a,css,uniform,X,3,0.004249871651949225,0.6219616453022371,1.1303128540623042,1.0,20.0,20000,2000,2000,20000,698
method_a,css,uniform,X,3,0.004816521205542455,0.6219616453022371,1.1303128540623042,1.0,20.0,20000,2000,2000,20000,1180
method_a,css,uniform,X,3,0.005383170759135686,0.6219616453022371,1.1303128540623042,1.0,20.0,20000,2000,2000,20000,1779
method_a,css,uniform,X,3,0.005949820312728915,0.6219616453022371,1.1303128540623042,1.0,20.0,20000,2000,2000,16000,2017
method_a,css,uniform,X,3,0.006516469866322146,0.6219616453022371,1.1303128540623042,1.0,20.0,20000,2000,2000,14000,2348
method_a,css,uniform,X,3,0.007083119419915376,0.6219616453022371,1.1303128540623042,1.0,20.0,20000,2000,2000,10000,2067
method_a,css,uniform,X,3,0.0076497689735086066,0.6219616453022371,1.1303128540623042,1.0,20.0,20000,2000,2000,10000,2449
method_a,css,uniform,X,5,0.0025499229911695354,0.6219616453022371,1.1303128540623042,1.0,20.0,20000,2000,2000,20000,28
method_a,css,uniform,X,5,0.0031165725447627655,0.6219616453022371,1.1303128540623042,1.0,20.0,20000,2000,2000,20000,161
method_a,css,uniform,X,5,0.0036832220983559955,0.6219616453022371,1.1303128540623042,1.0,20.0,20000,2000,2000,20000,567
method_a,css,uniform,X,5,0.004249871651949225,0.6219616453022371,1.1303128540623042,1.0,20.0,20000,2000,2000,20000,1365
method_a,css,uniform,X,5,0.004816521205542455,0.6219616453022371,1.1303128540623042,1.0,20.0,20000,2000,2000,14000,2002
method_a,css,uniform,X,5,0.005383170759135686,0.6219616453022371,1.1303128540623042,1.0,20.0,20000,2000,2000,10000,2221
method_a,css,uniform,X,5,0.005949820312728915,0.6219616453022371,1.1303128540623042,1.0,20.0,20000,2000,2000,8000,2380
method_a,css,uniform,X,5,0.006516469866322146,0.6219616453022371,1.1303128540623042,1.0,20.0,20000,2000,2000,6000,2192
method_a,css,uniform,X,5,0.007083119419915376,0.6219616453022371,1.1303128540623042,1.0,20.0,20000,2000,2000,6000,2581
method_a,css,uniform,X,5,0.0076497689735086066,0.6219616453022371,1.1303128540623042,1.0,20.0,20000,2000,2000,6000,2666
method_a,css,uniform,Z,3,0.002624437217632416,0.746816421736667,1.3393347044178405,1.0,20.0,20000,2000,2000,20000,5
method_a,css,uniform,Z,3,0.003207645488217397,0.746816421736667,1.3393347044178405,1.0,20.0,20000,2000,2000,20000,8
method_a,css,uniform,Z,3,0.0037908537588023784,0.746816421736667,1.3393347044178405,1.0,20.0,20000,2000,2000,20000,33
method_a,css,uniform,Z,3,0.004374062029387359,0.746816421736667,1.3393347044178405,1.0,20.0,20000,2000,2000,20000,39
method_a,css,uniform,Z,3,0.00495727029997234,0.746816421736667,1.3393347044178405,1.0,20.0,20000,2000,2000,20000,95
method_a,css,uniform,Z,3,0.0055404785705573225,0.746816421736667,1.3393347044178405,1.0,20.0,20000,2000,2000,20000,135
method_a,css,uniform,Z,3,0.006123686841142303,0.746816421736667,1.3393347044178405,1.0,20.0,20000,2000,2000,20000,252
method_a,css,uniform,Z,3,0.006706895111727285,0.746816421736667,1.3393347044178405,1.0,20.0,20000,2000,2000,20000,395
method_a,css,uniform,Z,3,0.007290103382312265,0.746816421736667,1.3393347044178405,1.0,20.0,20000,2000,2000,20000,537
method_a,css,uniform,Z,3,0.007873311652897248,0.746816421736667,1.3393347044178405,1.0,20.0,20000,2000,2000,20000,789
method_a,css,uniform,Z,5,0.002624437217632416,0.746816421736667,1.3393347044178405,1.0,20.0,20000,2000,2000,20000,0
method_a,css,uniform,Z,5,0.003207645488217397,0.746816421736667,1.3393347044178405,1.0,20.0,20000,2000,2000,20000,0
method_a,css,uniform,Z,5,0.0037908537588023784,0.746816421736667,1.3393347044178405,1.0,20.0,20000,2000,2000,20000,6
method_a,css,uniform,Z,5,0.004374062029387359,0.746816421736667,1.3393347044178405,1.0,20.0,20000,2000,2000,20000,18
method_a,css,uniform,Z,5,0.00495727029997234,0.746816421736667,1.3393347044178405,1.0,20.0,20000,2000,2000,20000,62
method_a,css,uniform,Z,5,0.0055404785705573225,0.746816421736667,1.3393347044178405,1.0,20.0,20000,2000,2000,20000,157
method_a,css,uniform,Z,5,0.006123686841142303,0.746816421736667,1.3393347044178405,1.0,20.0,20000,2000,2000,20000,344
method_a,css,uniform,Z,5,0.006706895111727285,0.746816421736667,1.3393347044178405,1.0,20.0,20000,2000,2000,20000,594
method_a,css,uniform,Z,5,0.007290103382312265,0.746816421736667,1.3393347044178405,1.0,20.0,20000,2000,2000,20000,1060
method_a,css,uniform,Z,5,0.007873311652897248,0.746816421736667,1.3393347044178405,1.0,20.0,20000,2000,2000,20000,1633
method_a,css,uniform,X,3,0.002624437217632416,0.746816421736667,1.3393347044178405,1.0,20.0,20000,2000,2000,20000,33
method_a,css,uniform,X,3,0.003207645488217397,0.746816421736667,1.3393347044178405,1.0,20.0,20000,2000,2000,20000,77
method_a,css,uniform,X,3,0.0037908537588023784,0.746816421736667,1.3393347044178405,1.0,20.0,20000,2000,2000,20000,189
method_a,css,uniform,X,3,0.004374062029387359,0.746816421736667,1.3393347044178405,1.0,20.0,20000,2000,2000,20000,415
method_a,css,uniform,X,3,0.00495727029997234,0.746816421736667,1.3393347044178405,1.0,20.0,20000,2000,2000,20000,721
method_a,css,uniform,X,3,0.0055404785705573225,0.746816421736667,1.3393347044178405,1.0,20.0,20000,2000,2000,20000,1159
method_a,css,uniform,X,3,0.006123686841142303,0.746816421736667,1.3393347044178405,1.0,20.0,20000,2000,2000,20000,1686
method_a,css,uniform,X,3,0.006706895111727285,0.746816421736667,1.3393347044178405,1.0,20.0,20000,2000,2000,18000,2072
method_a,css,uniform,X,3,0.007290103382312265,0.746816421736667,1.3393347044178405,1.0,20.0,20000,2000,2000,14000,2159
method_a,css,uniform,X,3,0.007873311652897248,0.746816421736667,1.3393347044178405,1.0,20.0,20000,2000,2000,12000,2241
method_a,css,uniform,X,5,0.002624437217632416,0.746816421736667,1.3393347044178405,1.0,20.0,20000,2000,2000,20000,11
method_a,css,uniform,X,5,0.003207645488217397,0.746816421736667,1.3393347044178405,1.0,20.0,20000,2000,2000,20000,52
method_a,css,uniform,X,5,0.0037908537588023784,0.746816421736667,1.3393347044178405,1.0,20.0,20000,2000,2000,20000,235
method_a,css,uniform,X,5,0.004374062029387359,0.746816421736667,1.3393347044178405,1.0,20.0,20000,2000,2000,20000,634
method_a,css,uniform,X,5,0.00495727029997234,0.746816421736667,1.3393347044178405,1.0,20.0,20000,2000,2000,20000,1541
method_a,css,uniform,X,5,0.0055404785705573225,0.746816421736667,1.3393347044178405,1.0,20.0,20000,2000,2000,14000,2013
method_a,css,uniform,X,5,0.006123686841142303,0.746816421736667,1.3393347044178405,1.0,20.0,20000,2000,2000,10000,2082
method_a,css,uniform,X,5,0.006706895111727285,0.746816421736667,1.3393347044178405,1.0,20.0,20000,2000,2000,8000,2257
method_a,css,uniform,X,5,0.007290103382312265,0.746816421736667,1.3393347044178405,1.0,20.0,20000,2000,2000,6000,2090
method_a,css,uniform,X,5,0.007873311652897248,0.746816421736667,1.3393347044178405,1.0,20.0,20000,2000,2000,6000,2410
method_a,css,uniform,Z,3,0.0028000377296792858,0.8372750418534041,1.5707963267948963,1.0,20.0,20000,2000,2000,20000,1
method_a,css,uniform,Z,3,0.0034222683362746826,0.8372750418534041,1.5707963267948963,1.0,20.0,20000,2000,2000,20000,5
method_a,css,uniform,Z,3,0.004044498942870079,0.8372750418534041,1.5707963267948963,1.0,20.0,20000,2000,2000,20000,15
method_a,css,uniform,Z,3,0.004666729549465475,0.8372750418534041,1.5707963267948963,1.0,20.0,20000,2000,2000,20000,16
method_a,css,uniform,Z,3,0.005288960156060872,0.8372750418534041,1.5707963267948963,1.0,20.0,20000,2000,2000,20000,35
method_a,css,uniform,Z,3,0.00591119076265627,0.8372750418534041,1.5707963267948963,1.0,20.0,20000,2000,2000,20000,54
method_a,css,uniform,Z,3,0.006533421369251665,0.8372750418534041,1.5707963267948963,1.0,20.0,20000,2000,2000,20000,141
method_a,css,uniform,Z,3,0.007155651975847062,0.8372750418534041,1.5707963267948963,1.0,20.0,20000,2000,2000,20000,182
method_a,css,uniform,Z,3,0.0077778825824424596,0.8372750418534041,1.5707963267948963,1.0,20.0,20000,2000,2000,20000,279
method_a,css,uniform,Z,3,0.008400113189037856,0.8372750418534041,1.5707963267948963,1.0,20.0,20000,2000,2000,20000,371
method_a,css,uniform,Z,5,0.0028000377296792858,0.8372750418534041,1.5707963267948963,1.0,20.0,20000,2000,2000,20000,0
method_a,css,uniform,Z,5,0.0034222683362746826,0.8372750418534041,1.5707963267948963,1.0,20.0,20000,2000,2000,20000,0
method_a,css,uniform,Z,5,0.004044498942870079,0.8372750418534041,1.5707963267948963,1.0,20.0,20000,2000,2000,20000,2
method_a,css,uniform,Z,5,0.004666729549465475,0.8372750418534041,1.5707963267948963,1.0,20.0,20000,2000,2000,20000,11
method_a,css,uniform,Z,5,0.005288960156060872,0.8372750418534041,1.5707963267948963,1.0,20.0,20000,2000,2000,20000,17
method_a,css,uniform,Z,5,0.00591119076265627,0.8372750418534041,1.5707963267948963,1.0,20.0,20000,2000,2000,20000,37
method_a,css,uniform,Z,5,0.006533421369251665,0.8372750418534041,1.5707963267948963,1.0,20.0,20000,2000,2000,20000,116
method_a,css,uniform,Z,5,0.007155651975847062,0.8372750418534041,1.5707963267948963,1.0,20.0,20000,2000,2000,20000,222
method_a,css,uniform,Z,5,0.0077778825824424596,0.8372750418534041,1.5707963267948963,1.0,20.0,20000,2000,2000,20000,389
method_a,css,uniform,Z,5,0.008400113189037856,0.8372750418534041,1.5707963267948963,1.0,20.0,20000,2000,2000,20000,657
method_a,css,uniform,X,3,0.0028000377296792858,0.8372750418534041,1.5707963267948963,1.0,20.0,20000,2000,2000,20000,17
method_a,css,uniform,X,3,0.0034222683362746826,0.8372750418534041,1.5707963267948963,1.0,20.0,20000,2000,2000,20000,44
method_a,css,uniform,X,3,0.004044498942870079,0.8372750418534041,1.5707963267948963,1.0,20.0,20000,2000,2000,20000,110
method_a,css,uniform,X,3,0.004666729549465475,0.8372750418534041,1.5707963267948963,1.0,20.0,20000,2000,2000,20000,197
method_a,css,uniform,X,3,0.005288960156060872,0.8372750418534041,1.5707963267948963,1.0,20.0,20000,2000,2000,20000,390
method_a,css,uniform,X,3,0.00591119076265627,0.8372750418534041,1.5707963267948963,1.0,20.0,20000,2000,2000,20000,648
method_a,css,uniform,X,3,0.006533421369251665,0.8372750418534041,1.5707963267948963,1.0,20.0,20000,2000,2000,20000,902
method_a,css,uniform,X,3,0.007155651975847062,0.8372750418534041,1.5707963267948963,1.0,20.0,20000,2000,2000,20000,1474
method_a,css,uniform,X,3,0.0077778825824424596,0.8372750418534041,1.5707963267948963,1.0,20.0,20000,2000,2000,20000,1855
method_a,css,uniform,X,3,0.008400113189037856,0.8372750418534041,1.5707963267948963,1.0,20.0,20000,2000,2000,16000,2058
method_a,css,uniform,X,5,0.0028000377296792858,0.8372750418534041,1.5707963267948963,1.0,20.0,20000,2000,2000,20000,1
method_a,css,uniform,X,5,0.0034222683362746826,0.8372750418534041,1.5707963267948963,1.0,20.0,20000,2000,2000,20000,19
method_a,css,uniform,X,5,0.004044498942870079,0.8372750418534041,1.5707963267948963,1.0,20.0,20000,2000,2000,20000,92
method_a,css,uniform,X,5,0.004666729549465475,0.8372750418534041,1.5707963267948963,1.0,20.0,20000,2000,2000,20000,271
method_a,css,uniform,X,5,0.005288960156060872,0.8372750418534041,1.5707963267948963,1.0,20.0,20000,2000,2000,20000,657
method_a,css,uniform,X,5,0.00591119076265627,0.8372750418534041,1.5707963267948963,1.0,20.0,20000,2000,2000,20000,1348
method_a,css,uniform,X,5,0.006533421369251665,0.8372750418534041,1.5707963267948963,1.0,20.0,20000,2000,2000,18000,2137
method_a,css,uniform,X,5,0.007155651975847062,0.8372750418534041,1.5707963267948963,1.0,20.0,20000,2000,2000,12000,2138
method_a,css,uniform,X,5,0.0077778825824424596,0.8372750418534041,1.5707963267948963,1.0,20.0,20000,2000,2000,10000,2499
method_a,css,uniform,X,5,0.008400113189037856,0.8372750418534041,1.5707963267948963,1.0,20.0,20000,2000,2000,8000,2420
method_a,css,uniform,Z,3,0.0015457799883960136,0.0,0.8148621044982822,1.0,20.0,20000,2000,2000,20000,0
method_a,css,uniform,Z,3,0.001889286652484017,0.0,0.8148621044982822,1.0,20.0,20000,2000,2000,20000,0
method_a,css,uniform,Z,3,0.0022327933165720197,0.0,0.8148621044982822,1.0,20.0,20000,2000,2000,20000,0
method_a,css,uniform,Z,3,0.0025762999806600226,0.0,0.8148621044982822,1.0,20.0,20000,2000,2000,20000,1
method_a,css,uniform,Z,3,0.002919806644748026,0.0,0.8148621044982822,1.0,20.0,20000,2000,2000,20000,2
method_a,css,uniform,Z,3,0.0032633133088360287,0.0,0.8148621044982822,1.0,20.0,20000,2000,2000,20000,13
method_a,css,uniform,Z,3,0.0036068199729240315,0.0,0.8148621044982822,1.0,20.0,20000,2000,2000,20000,16
method_a,css,uniform,Z,3,0.003950326637012035,0.0,0.8148621044982822,1.0,20.0,20000,2000,2000,20000,43
method_a,css,uniform,Z,3,0.004293833301100038,0.0,0.8148621044982822,1.0,20.0,20000,2000,2000,20000,55
method_a,css,uniform,Z,3,0.004637339965188041,0.0,0.8148621044982822,1.0,20.0,20000,2000,2000,20000,104
method_a,css,uniform,Z,5,0.0015457799883960136,0.0,0.8148621044982822,1.0,20.0,20000,2000,2000,20000,0
method_a,css,uniform,Z,5,0.001889286652484017,0.0,0.8148621044982822,1.0,20.0,20000,2000,2000,20000,0
method_a,css,uniform,Z,5,0.0022327933165720197,0.0,0.8148621044982822,1.0,20.0,20000,2000,2000,20000,0
method_a,css,uniform,Z,5,0.0025762999806600226,0.0,0.8148621044982822,1.0,20.0,20000,2000,2000,20000,1
method_a,css,uniform,Z,5,0.002919806644748026,0.0,0.8148621044982822,1.0,20.0,20000,2000,2000,20000,0
method_a,css,uniform,Z,5,0.0032633133088360287,0.0,0.8148621044982822,1.0,20.0,20000,2000,2000,20000,3
method_a,css,uniform,Z,5,0.0036068199729240315,0.0,0.8148621044982822,1.0,20.0,20000,2000,2000,20000,6
method_a,css,uniform,Z,5,0.003950326637012035,0.0,0.8148621044982822,1.0,20.0,20000,2000,2000,20000,5
method_a,css,uniform,Z,5,0.004293833301100038,0.0,0.8148621044982822,1.0,20.0,20000,2000,2000,20000,20
method_a,css,uniform,Z,5,0.004637339965188041,0.0,0.8148621044982822,1.0,20.0,20000,2000,2000,20000,48
method_a,css,uniform,X,3,0.0015457799883960136,0.0,0.8148621044982822,1.0,20.0,20000,2000,2000,20000,2
method_a,css,uniform,X,3,0.001889286652484017,0.0,0.8148621044982822,1.0,20.0,20000,2000,2000,20000,11
method_a,css,uniform,X,3,0.0022327933165720197,0.0,0.8148621044982822,1.0,20.0,20000,2000,2000,20000,30
method_a,css,uniform,X,3,0.0025762999806600226,0.0,0.8148621044982822,1.0,20.0,20000,2000,2000,20000,58
method_a,css,uniform,X,3,0.002919806644748026,0.0,0.8148621044982822,1.0,20.0,20000,2000,2000,20000,131
method_a,css,uniform,X,3,0.0032633133088360287,0.0,0.8148621044982822,1.0,20.0,20000,2000,2000,20000,261
method_a,css,uniform,X,3,0.0036068199729240315,0.0,0.8148621044982822,1.0,20.0,20000,2000,2000,20000,421
method_a,css,uniform,X,3,0.003950326637012035,0.0,0.8148621044982822,1.0,20.0,20000,2000,2000,20000,576
method_a,css,uniform,X,3,0.004293833301100038,0.0,0.8148621044982822,1.0,20.0,20000,2000,2000,20000,896
method_a,css,uniform,X,3,0.004637339965188041,0.0,0.8148621044982822,1.0,20.0,20000,2000,2000,20000,1186
method_a,css,uniform,X,5,0.0015457799883960136,0.0,0.8148621044982822,1.0,20.0,20000,2000,2000,20000,0
method_a,css,uniform,X,5,0.001889286652484017,0.0,0.8148621044982822,1.0,20.0,20000,2000,2000,20000,1
method_a,css,uniform,X,5,0.0022327933165720197,0.0,0.8148621044982822,1.0,20.0,20000,2000,2000,20000,4
method_a,css,uniform,X,5,0.0025762999806600226,0.0,0.8148621044982822,1.0,20.0,20000,2000,2000,20000,31
method_a,css,uniform,X,5,0.002919806644748026,0.0,0.8148621044982822,1.0,20.0,20000,2000,2000,20000,96
method_a,css,uniform,X,5,0.0032633133088360287,0.0,0.8148621044982822,1.0,20.0,20000,2000,2000,20000,236
method_a,css,uniform,X,5,0.0036068199729240315,0.0,0.8148621044982822,1.0,20.0,20000,2000,2000,20000,550
method_a,css,uniform,X,5,0.003950326637012035,0.0,0.8148621044982822,1.0,20.0,20000,2000,2000,20000,950
method_a,css,uniform,X,5,0.004293833301100038,0.0,0.8148621044982822,1.0,20.0,20000,2000,2000,20000,1625
method_a,css,uniform,X,5,0.004637339965188041,0.0,0.8148621044982822,1.0,20.0,20000,2000,2000,16000,2017
method_a,css,uniform,Z,3,0.0035881823971263415,0.08290360676183636,0.9048861217131318,1.0,20.0,20000,2000,2000,20000,26
method_a,css,uniform,Z,3,0.004385556263154417,0.08290360676183636,0.9048861217131318,1.0,20.0,20000,2000,2000,20000,59
method_a,css,uniform,Z,3,0.005182930129182493,0.08290360676183636,0.9048861217131318,1.0,20.0,20000,2000,2000,20000,152
method_a,css,uniform,Z,3,0.005980303995210568,0.08290360676183636,0.9048861217131318,1.0,20.0,20000,2000,2000,20000,309
method_a,css,uniform,Z,3,0.006777677861238645,0.08290360676183636,0.9048861217131318,1.0,20.0,20000,2000,2000,20000,541
method_a,css,uniform,Z,3,0.00757505172726672,0.08290360676183636,0.9048861217131318,1.0,20.0,20000,2000,2000,20000,912
method_a,css,uniform,Z,3,0.008372425593294795,0.08290360676183636,0.9048861217131318,1.0,20.0,20000,2000,2000,20000,1445
method_a,css,uniform,Z,3,0.009169799459322872,0.08290360676183636,0.9048861217131318,1.0,20.0,20000,2000,2000,20000,1905
method_a,css,uniform,Z,3,0.009967173325350947,0.08290360676183636,0.9048861217131318,1.0,20.0,20000,2000,2000,16000,2095
method_a,css,uniform,Z,3,0.010764547191379023,0.08290360676183636,0.9048861217131318,1.0,20.0,20000,2000,2000,12000,2046
method_a,css,uniform,Z,5,0.0035881823971263415,0.08290360676183636,0.9048861217131318,1.0,20.0,20000,2000,2000,20000,5
method_a,css,uniform,Z,5,0.004385556263154417,0.08290360676183636,0.9048861217131318,1.0,20.0,20000,2000,2000,20000,22
method_a,css,uniform,Z,5,0.005182930129182493,0.08290360676183636,0.9048861217131318,1.0,20.0,20000,2000,2000,20000,108
method_a,css,uniform,Z,5,0.005980303995210568,0.08290360676183636,0.9048861217131318,1.0,20.0,20000,2000,2000,20000,372
method_a,css,uniform,Z,5,0.006777677861238645,0.08290360676183636,0.9048861217131318,1.0,20.0,20000,2000,2000,20000,979
method_a,css,uniform,Z,5,0.00757505172726672,0.08290360676183636,0.9048861217131318,1.0,20.0,20000,2000,2000,20000,1831
method_a,css,uniform,Z,5,0.008372425593294795,0.08290360676183636,0.9048861217131318,1.0,20.0,20000,2000,2000,14000,2130
method_a,css,uniform,Z,5,0.009169799459322872,0.08290360676183636,0.9048861217131318,1.0,20.0,20000,2000,2000,10000,2232
method_a,css,uniform,Z,5,0.009967173325350947,0.08290360676183636,0.9048861217131318,1.0,20.0,20000,2000,2000,8000,2423
method_a,css,uniform,Z,5,0.010764547191379023,0.08290360676183636,0.9048861217131318,1.0,20.0,20000,2000,2000,6000,2125
method_a,css,uniform,X,3,0.0014352729588505365,0.08290360676183636,0.9048861217131318,1.0,20.0,20000,2000,2000,20000,3
method_a,css,uniform,X,3,0.001754222505261767,0.08290360676183636,0.9048861217131318,1.0,20.0,20000,2000,2000,20000,12
method_a,css,uniform,X,3,0.0020731720516729973,0.08290360676183636,0.9048861217131318,1.0,20.0,20000,2000,2000,20000,30
method_a,css,uniform,X,3,0.002392121598084227,0.08290360676183636,0.9048861217131318,1.0,20.0,20000,2000,2000,20000,53
method_a,css,uniform,X,3,0.002711071144495458,0.08290360676183636,0.9048861217131318,1.0,20.0,20000,2000,2000,20000,97
method_a,css,uniform,X,3,0.0030300206909066882,0.08290360676183636,0.9048861217131318,1.0,20.0,20000,2000,2000,20000,133
method_a,css,uniform,X,3,0.003348970237317918,0.08290360676183636,0.9048861217131318,1.0,20.0,20000,2000,2000,20000,284
method_a,css,uniform,X,3,0.003667919783729149,0.08290360676183636,0.9048861217131318,1.0,20.0,20000,2000,2000,20000,418
method_a,css,uniform,X,3,0.003986869330140379,0.08290360676183636,0.9048861217131318,1.0,20.0,20000,2000,2000,20000,603
method_a,css,uniform,X,3,0.004305818876551609,0.08290360676183636,0.9048861217131318,1.0,20.0,20000,2000,2000,20000,826
method_a,css,uniform,X,5,0.0014352729588505365,0.08290360676183636,0.9048861217131318,1.0,20.0,20000,2000,2000,20000,0
method_a,css,uniform,X,5,0.001754222505261767,0.08290360676183636,0.9048861217131318,1.0,20.0,20000,2000,2000,20000,4
method_a,css,uniform,X,5,0.0020731720516729973,0.08290360676183636,0.9048861217131318,1.0,20.0,20000,2000,2000,20000,0
method_a,css,uniform,X,5,0.002392121598084227,0.08290360676183636,0.9048861217131318,1.0,20.0,20000,2000,2000,20000,11
method_a,css,uniform,X,5,0.002711071144495458,0.08290360676183636,0.9048861217131318,1.0,20.0,20000,2000,2000,20000,54
method_a,css,uniform,X,5,0.0030300206909066882,0.08290360676183636,0.9048861217131318,1.0,20.0,20000,2000,2000,20000,132
method_a,css,uniform,X,5,0.003348970237317918,0.08290360676183636,0.9048861217131318,1.0,20.0,20000,2000,2000,20000,302
method_a,css,uniform,X,5,0.003667919783729149,0.08290360676183636,0.9048861217131318,1.0,20.0,20000,2000,2000,20000,624
method_a,css,uniform,X,5,0.003986869330140379,0.08290360676183636,0.9048861217131318,1.0,20.0,20000,2000,2000,20000,1040
method_a,css,uniform,X,5,0.004305818876551609,0.08290360676183636,0.9048861217131318,1.0,20.0,20000,2000,2000,20000,1744
method_a,css,uniform,Z,3,0.0033738863913510735,0.17706041248532,1.0096876629392213,1.0,20.0,20000,2000,2000,20000,10
method_a,css,uniform,Z,3,0.0041236389227624235,0.17706041248532,1.0096876629392213,1.0,20.0,20000,2000,2000,20000,40
method_a,css,uniform,Z,3,0.004873391454173773,0.17706041248532,1.0096876629392213,1.0,20.0,20000,2000,2000,20000,102
method_a,css,uniform,Z,3,0.005623143985585122,0.17706041248532,1.0096876629392213,1.0,20.0,20000,2000,2000,20000,205
method_a,css,uniform,Z,3,0.006372896516996473,0.17706041248532,1.0096876629392213,1.0,20.0,20000,2000,2000,20000,359
method_a,css,uniform,Z,3,0.007122649048407821,0.17706041248532,1.0096876629392213,1.0,20.0,20000,2000,2000,20000,565
method_a,css,uniform,Z,3,0.007872401579819171,0.17706041248532,1.0096876629392213,1.0,20.0,20000,2000,2000,20000,931
method_a,css,uniform,Z,3,0.00862215411123052,0.17706041248532,1.0096876629392213,1.0,20.0,20000,2000,2000,20000,1326
method_a,css,uniform,Z,3,0.00937190664264187,0.17706041248532,1.0096876629392213,1.0,20.0,20000,2000,2000,20000,1833
method_a,css,uniform,Z,3,0.010121659174053221,0.17706041248532,1.0096876629392213,1.0,20.0,20000,2000,2000,18000,2135
method_a,css,uniform,Z,5,0.0033738863913510735,0.17706041248532,1.0096876629392213,1.0,20.0,20000,2000,2000,20000,2
method_a,css,uniform,Z,5,0.0041236389227624235,0.17706041248532,1.0096876629392213,1.0,20.0,20000,2000,2000,20000,12
method_a,css,uniform,Z,5,0.004873391454173773,0.17706041248532,1.0096876629392213,1.0,20.0,20000,2000,2000,20000,58
method_a,css,uniform,Z,5,0.005623143985585122,0.17706041248532,1.0096876629392213,1.0,20.0,20000,2000,2000,20000,174
method_a,css,uniform,Z,5,0.006372896516996473,0.17706041248532,1.0096876629392213,1.0,20.0,20000,2000,2000,20000,482
method_a,css,uniform,Z,5,0.007122649048407821,0.17706041248532,1.0096876629392213,1.0,20.0,20000,2000,2000,20000,1019
method_a,css,uniform,Z,5,0.007872401579819171,0.17706041248532,1.0096876629392213,1.0,20.0,20000,2000,2000,20000,1932
method_a,css,uniform,Z,5,0.00862215411123052,0.17706041248532,1.0096876629392213,1.0,20.0,20000,2000,2000,14000,2075
method_a,css,uniform,Z,5,0.00937190664264187,0.17706041248532,1.0096876629392213,1.0,20.0,20000,2000,2000,10000,2055
method_a,css,uniform,Z,5,0.010121659174053221,0.17706041248532,1.0096876629392213,1.0,20.0,20000,2000,2000,8000,2183
method_a,css,uniform,X,3,0.0013495545565404294,0.17706041248532,1.0096876629392213,1.0,20.0,20000,2000,2000,20000,1
method_a,css,uniform,X,3,0.0016494555691049695,0.17706041248532,1.0096876629392213,1.0,20.0,20000,2000,2000,20000,4
method_a,css,uniform,X,3,0.0019493565816695092,0.17706041248532,1.0096876629392213,1.0,20.0,20000,2000,2000,20000,16
method_a,css,uniform,X,3,0.002249257594234049,0.17706041248532,1.0096876629392213,1.0,20.0,20000,2000,2000,20000,34
method_a,css,uniform,X,3,0.002549158606798589,0.17706041248532,1.0096876629392213,1.0,20.0,20000,2000,2000,20000,57
method_a,css,uniform,X,3,0.0028490596193631286,0.17706041248532,1.0096876629392213,1.0,20.0,20000,2000,2000,20000,98
method_a,css,uniform,X,3,0.0031489606319276683,0.17706041248532,1.0096876629392213,1.0,20.0,20000,2000,2000,20000,183
method_a,css,uniform,X,3,0.003448861644492208,0.17706041248532,1.0096876629392213,1.0,20.0,20000,2000,2000,20000,276
method_a,css,uniform,X,3,0.003748762657056748,0.17706041248532,1.0096876629392213,1.0,20.0,20000,2000,2000,20000,405
method_a,css,uniform,X,3,0.004048663669621288,0.17706041248532,1.0096876629392213,1.0,20.0,20000,2000,2000,20000,592
method_a,css,uniform,X,5,0.0013495545565404294,0.17706041248532,1.0096876629392213,1.0,20.0,20000,2000,2000,20000,0
method_a,css,uniform,X,5,0.0016494555691049695,0.17706041248532,1.0096876629392213,1.0,20.0,20000,2000,2000,20000,0
method_a,css,uniform,X,5,0.0019493565816695092,0.17706041248532,1.0096876629392213,1.0,20.0,20000,2000,2000,20000,2
method_a,css,uniform,X,5,0.002249257594234049,0.17706041248532,1.0096876629392213,1.0,20.0,20000,2000,2000,20000,5
method_a,css,uniform,X,5,0.002549158606798589,0.17706041248532,1.0096876629392213,1.0,20.0,20000,2000,2000,20000,33
method_a,css,uniform,X,5,0.0028490596193631286,0.17706041248532,1.0096876629392213,1.0,20.0,20000,2000,2000,20000,71
method_a,css,uniform,X,5,0.0031489606319276683,0.17706041248532,1.0096876629392213,1.0,20.0,20000,2000,2000,20000,159
method_a,css,uniform,X,5,0.003448861644492208,0.17706041248532,1.0096876629392213,1.0,20.0,20000,2000,2000,20000,346
method_a,css,uniform,X,5,0.003748762657056748,0.17706041248532,1.0096876629392213,1.0,20.0,20000,2000,2000,20000,600
method_a,css,uniform,X,5,0.004048663669621288,0.17706041248532,1.0096876629392213,1.0,20.0,20000,2000,2000,20000,1074
method_a,css,uniform,Z,3,0.003233905220994388,0.279256793527602,1.130312854062304,1.0,20.0,20000,2000,2000,20000,4
method_a,css,uniform,Z,3,0.003952550825659808,0.279256793527602,1.130312854062304,1.0,20.0,20000,2000,2000,20000,20
method_a,css,uniform,Z,3,0.0046711964303252276,0.279256793527602,1.130312854062304,1.0,20.0,20000,2000,2000,20000,45
method_a,css,uniform,Z,3,0.005389842034990646,0.279256793527602,1.130312854062304,1.0,20.0,20000,2000,2000,20000,104
method_a,css,uniform,Z,3,0.006108487639656067,0.279256793527602,1.130312854062304,1.0,20.0,20000,2000,2000,20000,205
method_a,css,uniform,Z,3,0.006827133244321486,0.279256793527602,1.130312854062304,1.0,20.0,20000,2000,2000,20000,351
method_a,css,uniform,Z,3,0.0075457788489869055,0.279256793527602,1.130312854062304,1.0,20.0,20000,2000,2000,20000,526
method_a,css,uniform,Z,3,0.008264424453652325,0.279256793527602,1.130312854062304,1.0,20.0,20000,2000,2000,20000,824
method_a,css,uniform,Z,3,0.008983070058317746,0.279256793527602,1.130312854062304,1.0,20.0,20000,2000,2000,20000,1182
method_a,css,uniform,Z,3,0.009701715662983165,0.279256793527602,1.130312854062304,1.0,20.0,20000,2000,2000,20000,1552
method_a,css,uniform,Z,5,0.003233905220994388,0.279256793527602,1.130312854062304,1.0,20.0,20000,2000,2000,20000,1
method_a,css,uniform,Z,5,0.003952550825659808,0.279256793527602,1.130312854062304,1.0,20.0,20000,2000,2000,20000,3
method_a,css,uniform,Z,5,0.0046711964303252276,0.279256793527602,1.130312854062304,1.0,20.0,20000,2000,2000,20000,29
method_a,css,uniform,Z,5,0.005389842034990646,0.279256793527602,1.130312854062304,1.0,20.0,20000,2000,2000,20000,88
method_a,css,uniform,Z,5,0.006108487639656067,0.279256793527602,1.130312854062304,1.0,20.0,20000,2000,2000,20000,207
method_a,css,uniform,Z,5,0.006827133244321486,0.279256793527602,1.130312854062304,1.0,20.0,20000,2000,2000,20000,529
method_a,css,uniform,Z,5,0.0075457788489869055,0.279256793527602,1.130312854062304,1.0,20.0,20000,2000,2000,20000,992
method_a,css,uniform,Z,5,0.008264424453652325,0.279256793527602,1.130312854062304,1.0,20.0,20000,2000,2000,20000,1725
method_a,css,uniform,Z,5,0.008983070058317746,0.279256793527602,1.130312854062304,1.0,20.0,20000,2000,2000,16000,2127
method_a,css,uniform,Z,5,0.009701715662983165,0.279256793527602,1.130312854062304,1.0,20.0,20000,2000,2000,12000,2135
method_a,css,uniform,X,3,0.0012935620883977553,0.279256793527602,1.130312854062304,1.0,20.0,20000,2000,2000,20000,1
method_a,css,uniform,X,3,0.0015810203302639232,0.279256793527602,1.130312854062304,1.0,20.0,20000,2000,2000,20000,1
method_a,css,uniform,X,3,0.001868478572130091,0.279256793527602,1.130312854062304,1.0,20.0,20000,2000,2000,20000,7
method_a,css,uniform,X,3,0.0021559368139962586,0.279256793527602,1.130312854062304,1.0,20.0,20000,2000,2000,20000,18
method_a,css,uniform,X,3,0.0024433950558624268,0.279256793527602,1.130312854062304,1.0,20.0,20000,2000,2000,20000,35
method_a,css,uniform,X,3,0.0027308532977285945,0.279256793527602,1.130312854062304,1.0,20.0,20000,2000,2000,20000,76
method_a,css,uniform,X,3,0.003018311539594762,0.279256793527602,1.130312854062304,1.0,20.0,20000,2000,2000,20000,128
method_a,css,uniform,X,3,0.00330576978146093,0.279256793527602,1.130312854062304,1.0,20.0,20000,2000,2000,20000,179
method_a,css,uniform,X,3,0.003593228023327098,0.279256793527602,1.130312854062304,1.0,20.0,20000,2000,2000,20000,300
method_a,css,uniform,X,3,0.003880686265193266,0.279256793527602,1.130312854062304,1.0,20.0,20000,2000,2000,20000,438
method_a,css,uniform,X,5,0.0012935620883977553,0.279256793527602,1.130312854062304,1.0,20.0,20000,2000,2000,20000,0
method_a,css,uniform,X,5,0.0015810203302639232,0.279256793527602,1.130312854062304,1.0,20.0,20000,2000,2000,20000,0
method_a,css,uniform,X,5,0.001868478572130091,0.279256793527602,1.130312854062304,1.0,20.0,20000,2000,2000,20000,1
method_a,css,uniform,X,5,0.0021559368139962586,0.279256793527602,1.130312854062304,1.0,20.0,20000,2000,2000,20000,4
method_a,css,uniform,X,5,0.0024433950558624268,0.279256793527602,1.130312854062304,1.0,20.0,20000,2000,2000,20000,13
method_a,css,uniform,X,5,0.0027308532977285945,0.279256793527602,1.130312854062304,1.0,20.0,20000,2000,2000,20000,36
method_a,css,uniform,X,5,0.003018311539594762,0.279256793527602,1.130312854062304,1.0,20.0,20000,2000,2000,20000,80
method_a,css,uniform,X,5,0.00330576978146093,0.279256793527602,1.130312854062304,1.0,20.0,20000,2000,2000,20000,159
method_a,css,uniform,X,5,0.003593228023327098,0.279256793527602,1.130312854062304,1.0,20.0,20000,2000,2000,20000,322
method_a,css,uniform,X,5,0.003880686265193266,0.279256793527602,1.130312854062304,1.0,20.0,20000,2000,2000,20000,637
method_a,css,uniform,Z,3,0.0031780738985964004,0.3832948308253024,1.266320199489415,1.0,20.0,20000,2000,2000,20000,4
method_a,css,uniform,Z,3,0.0038843125427289343,0.3832948308253024,1.266320199489415,1.0,20.0,20000,2000,2000,20000,16
method_a,css,uniform,Z,3,0.004590551186861467,0.3832948308253024,1.266320199489415,1.0,20.0,20000,2000,2000,20000,25
method_a,css,uniform,Z,3,0.005296789830994001,0.3832948308253024,1.266320199489415,1.0,20.0,20000,2000,2000,20000,51
method_a,css,uniform,Z,3,0.006003028475126534,0.3832948308253024,1.266320199489415,1.0,20.0,20000,2000,2000,20000,115
method_a,css,uniform,Z,3,0.0067092671192590676,0.3832948308253024,1.266320199489415,1.0,20.0,20000,2000,2000,20000,188
method_a,css,uniform,Z,3,0.0074155057633916,0.3832948308253024,1.266320199489415,1.0,20.0,20000,2000,2000,20000,312
method_a,css,uniform,Z,3,0.008121744407524133,0.3832948308253024,1.266320199489415,1.0,20.0,20000,2000,2000,20000,466
method_a,css,uniform,Z,3,0.008827983051656668,0.3832948308253024,1.266320199489415,1.0,20.0,20000,2000,2000,20000,704
method_a,css,uniform,Z,3,0.009534221695789201,0.3832948308253024,1.266320199489415,1.0,20.0,20000,2000,2000,20000,935
method_a,css,uniform,Z,5,0.0031780738985964004,0.3832948308253024,1.266320199489415,1.0,20.0,20000,2000,2000,20000,0
method_a,css,uniform,Z,5,0.0038843125427289343,0.3832948308253024,1.266320199489415,1.0,20.0,20000,2000,2000,20000,1
method_a,css,uniform,Z,5,0.004590551186861467,0.3832948308253024,1.266320199489415,1.0,20.0,20000,2000,2000,20000,10
method_a,css,uniform,Z,5,0.005296789830994001,0.3832948308253024,1.266320199489415,1.0,20.0,20000,2000,2000,20000,23
method_a,css,uniform,Z,5,0.006003028475126534,0.3832948308253024,1.266320199489415,1.0,20.0,20000,2000,2000,20000,91
method_a,css,uniform,Z,5,0.0067092671192590676,0.3832948308253024,1.266320199489415,1.0,20.0,20000,2000,2000,20000,197
method_a,css,uniform,Z,5,0.0074155057633916,0.3832948308253024,1.266320199489415,1.0,20.0,20000,2000,2000,20000,456
method_a,css,uniform,Z,5,0.008121744407524133,0.3832948308253024,1.266320199489415,1.0,20.0,20000,2000,2000,20000,822
method_a,css,uniform,Z,5,0.008827983051656668,0.3832948308253024,1.266320199489415,1.0,20.0,20000,2000,2000,20000,1359
method_a,css,uniform,Z,5,0.009534221695789201,0.3832948308253024,1.266320199489415,1.0,20.0,20000,2000,2000,20000,2082
method_a,css,uniform,X,3,0.0031780738985964004,0.3832948308253024,1.266320199489415,1.0,20.0,20000,2000,2000,20000,106
method_a,css,uniform,X,3,0.0038843125427289343,0.3832948308253024,1.266320199489415,1.0,20.0,20000,2000,2000,20000,274
method_a,css,uniform,X,3,0.004590551186861467,0.3832948308253024,1.266320199489415,1.0,20.0,20000,2000,2000,20000,604
method_a,css,uniform,X,3,0.005296789830994001,0.3832948308253024,1.266320199489415,1.0,20.0,20000,2000,2000,20000,1135
method_a,css,uniform,X,3,0.006003028475126534,0.3832948308253024,1.266320199489415,1.0,20.0,20000,2000,2000,20000,1827
method_a,css,uniform,X,3,0.0067092671192590676,0.3832948308253024,1.266320199489415,1.0,20.0,20000,2000,2000,16000,2121
method_a,css,uniform,X,3,0.0074155057633916,0.3832948308253024,1.266320199489415,1.0,20.0,20000,2000,2000,12000,2117
method_a,css,uniform,X,3,0.008121744407524133,0.3832948308253024,1.266320199489415,1.0,20.0,20000,2000,2000,10000,2313
method_a,css,uniform,X,3,0.008827983051656668,0.3832948308253024,1.266320199489415,1.0,20.0,20000,2000,2000,8000,2172
method_a,css,uniform,X,3,0.009534221695789201,0.3832948308253024,1.266320199489415,1.0,20.0,20000,2000,2000,8000,2466
method_a,css,uniform,X,5,0.0031780738985964004,0.3832948308253024,1.266320199489415,1.0,20.0,20000,2000,2000,20000,73
method_a,css,uniform,X,5,0.0038843125427289343,0.3832948308253024,1.266320199489415,1.0,20.0,20000,2000,2000,20000,330
method_a,css,uniform,X,5,0.004590551186861467,0.3832948308253024,1.266320199489415,1.0,20.0,20000,2000,2000,20000,1104
method_a,css,uniform,X,5,0.005296789830994001,0.3832948308253024,1.266320199489415,1.0,20.0,20000,2000,2000,16000,2032
method_a,css,uniform,X,5,0.006003028475126534,0.3832948308253024,1.266320199489415,1.0,20.0,20000,2000,2000,10000,2251
method_a,css,uniform,X,5,0.0067092671192590676,0.3832948308253024,1.266320199489415,1.0,20.0,20000,2000,2000,8000,2507
method_a,css,uniform,X,5,0.0074155057633916,0.3832948308253024,1.266320199489415,1.0,20.0,20000,2000,2000,6000,2301
method_a,css,uniform,X,5,0.008121744407524133,0.3832948308253024,1.266320199489415,1.0,20.0,20000,2000,2000,6000,2590
method_a,css,uniform,X,5,0.008827983051656668,0.3832948308253024,1.266320199489415,1.0,20.0,20000,2000,2000,6000,2821
method_a,css,uniform,Z,3,0.003210785193911117,0.48104994661029615,1.4149467595582401,1.0,20.0,20000,2000,2000,20000,0
method_a,css,uniform,Z,3,0.003924293014780255,0.48104994661029615,1.4149467595582401,1.0,20.0,20000,2000,2000,20000,6
method_a,css,uniform,Z,3,0.004637800835649391,0.48104994661029615,1.4149467595582401,1.0,20.0,20000,2000,2000,20000,14
method_a,css,uniform,Z,3,0.005351308656518528,0.48104994661029615,1.4149467595582401,1.0,20.0,20000,2000,2000,20000,26
method_a,css,uniform,Z,3,0.006064816477387666,0.48104994661029615,1.4149467595582401,1.0,20.0,20000,2000,2000,20000,69
method_a,css,uniform,Z,3,0.006778324298256802,0.48104994661029615,1.4149467595582401,1.0,20.0,20000,2000,2000,20000,97
method_a,css,uniform,Z,3,0.007491832119125939,0.48104994661029615,1.4149467595582401,1.0,20.0,20000,2000,2000,20000,120
method_a,css,uniform,Z,3,0.008205339939995076,0.48104994661029615,1.4149467595582401,1.0,20.0,20000,2000,2000,20000,228
method_a,css,uniform,Z,3,0.008918847760864214,0.48104994661029615,1.4149467595582401,1.0,20.0,20000,2000,2000,20000,331
method_a,css,uniform,Z,3,0.009632355581733351,0.48104994661029615,1.4149467595582401,1.0,20.0,20000,2000,2000,20000,504
method_a,css,uniform,Z,5,0.003210785193911117,0.48104994661029615,1.4149467595582401,1.0,20.0,20000,2000,2000,20000,0
method_a,css,uniform,Z,5,0.003924293014780255,0.48104994661029615,1.4149467595582401,1.0,20.0,20000,2000,2000,20000,0
method_a,css,uniform,Z,5,0.004637800835649391,0.48104994661029615,1.4149467595582401,1.0,20.0,20000,2000,2000,20000,2
method_a,css,uniform,Z,5,0.005351308656518528,0.48104994661029615,1.4149467595582401,1.0,20.0,20000,2000,2000,20000,9
method_a,css,uniform,Z,5,0.006064816477387666,0.48104994661029615,1.4149467595582401,1.0,20.0,20000,2000,2000,20000,21
method_a,css,uniform,Z,5,0.006778324298256802,0.48104994661029615,1.4149467595582401,1.0,20.0,20000,2000,2000,20000,60
method_a,css,uniform,Z,5,0.007491832119125939,0.48104994661029615,1.4149467595582401,1.0,20.0,20000,2000,2000,20000,137
method_a,css,uniform,Z,5,0.008205339939995076,0.48104994661029615,1.4149467595582401,1.0,20.0,20000,2000,2000,20000,302
method_a,css,uniform,Z,5,0.008918847760864214,0.48104994661029615,1.4149467595582401,1.0,20.0,20000,2000,2000,20000,531
method_a,css,uniform,Z,5,0.009632355581733351,0.48104994661029615,1.4149467595582401,1.0,20.0,20000,2000,2000,20000,901
method_a,css,uniform,X,3,0.003210785193911117,0.48104994661029615,1.4149467595582401,1.0,20.0,20000,2000,2000,20000,44
method_a,css,uniform,X,3,0.003924293014780255,0.48104994661029615,1.4149467595582401,1.0,20.0,20000,2000,2000,20000,173
method_a,css,uniform,X,3,0.004637800835649391,0.48104994661029615,1.4149467595582401,1.0,20.0,20000,2000,2000,20000,383
method_a,css,uniform,X,3,0.005351308656518528,0.48104994661029615,1.4149467595582401,1.0,20.0,20000,2000,2000,20000,697
method_a,css,uniform,X,3,0.006064816477387666,0.48104994661029615,1.4149467595582401,1.0,20.0,20000,2000,2000,20000,1153
method_a,css,uniform,X,3,0.006778324298256802,0.48104994661029615,1.4149467595582401,1.0,20.0,20000,2000,2000,20000,1908
method_a,css,uniform,X,3,0.007491832119125939,0.48104994661029615,1.4149467595582401,1.0,20.0,20000,2000,2000,16000,2131
method_a,css,uniform,X,3,0.008205339939995076,0.48104994661029615,1.4149467595582401,1.0,20.0,20000,2000,2000,14000,2321
method_a,css,uniform,X,3,0.008918847760864214,0.48104994661029615,1.4149467595582401,1.0,20.0,20000,2000,2000,10000,2131
method_a,css,uniform,X,3,0.009632355581733351,0.48104994661029615,1.4149467595582401,1.0,20.0,20000,2000,2000,8000,2116
method_a,css,uniform,X,5,0.003210785193911117,0.48104994661029615,1.4149467595582401,1.0,20.0,20000,2000,2000,20000,35
method_a,css,uniform,X,5,0.003924293014780255,0.48104994661029615,1.4149467595582401,1.0,20.0,20000,2000,2000,20000,164
method_a,css,uniform,X,5,0.004637800835649391,0.48104994661029615,1.4149467595582401,1.0,20.0,20000,2000,2000,20000,562
method_a,css,uniform,X,5,0.005351308656518528,0.48104994661029615,1.4149467595582401,1.0,20.0,20000,2000,2000,20000,1441
method_a,css,uniform,X,5,0.006064816477387666,0.48104994661029615,1.4149467595582401,1.0,20.0,20000,2000,2000,14000,2054
method_a,css,uniform,X,5,0.006778324298256802,0.48104994661029615,1.4149467595582401,1.0,20.0,20000,2000,2000,10000,2272
method_a,css,uniform,X,5,0.007491832119125939,0.48104994661029615,1.4149467595582401,1.0,20.0,20000,2000,2000,8000,2543
method_a,css,uniform,X,5,0.008205339939995076,0.48104994661029615,1.4149467595582401,1.0,20.0,20000,2000,2000,6000,2309
method_a,css,uniform,X,5,0.008918847760864214,0.48104994661029615,1.4149467595582401,1.0,20.0,20000,2000,2000,6000,2521
method_a,css,uniform,X,5,0.009632355581733351,0.48104994661029615,1.4149467595582401,1.0,20.0,20000,2000,2000,6000,2751
method_a,css,uniform,Z,3,0.003329430363871895,0.5650590572786653,1.5707963267948966,1.0,20.0,20000,2000,2000,20000,3
method_a,css,uniform,Z,3,0.00406930377806565,0.5650590572786653,1.5707963267948966,1.0,20.0,20000,2000,2000,20000,2
method_a,css,uniform,Z,3,0.004809177192259403,0.5650590572786653,1.5707963267948966,1.0,20.0,20000,2000,2000,20000,8
method_a,css,uniform,Z,3,0.0055490506064531575,0.5650590572786653,1.5707963267948966,1.0,20.0,20000,2000,2000,20000,16
method_a,css,uniform,Z,3,0.0062889240206469126,0.5650590572786653,1.5707963267948966,1.0,20.0,20000,2000,2000,20000,25
method_a,css,uniform,Z,3,0.007028797434840667,0.5650590572786653,1.5707963267948966,1.0,20.0,20000,2000,2000,20000,51
method_a,css,uniform,Z,3,0.00776867084903442,0.5650590572786653,1.5707963267948966,1.0,20.0,20000,2000,2000,20000,59
method_a,css,uniform,Z,3,0.008508544263228175,0.5650590572786653,1.5707963267948966,1.0,20.0,20000,2000,2000,20000,88
method_a,css,uniform,Z,3,0.00924841767742193,0.5650590572786653,1.5707963267948966,1.0,20.0,20000,2000,2000,20000,131
method_a,css,uniform,Z,3,0.009988291091615684,0.5650590572786653,1.5707963267948966,1.0,20.0,20000,2000,2000,20000,190
method_a,css,uniform,Z,5,0.003329430363871895,0.5650590572786653,1.5707963267948966,1.0,20.0,20000,2000,2000,20000,0
method_a,css,uniform,Z,5,0.00406930377806565,0.5650590572786653,1.5707963267948966,1.0,20.0,20000,2000,2000,20000,0
method_a,css,uniform,Z,5,0.004809177192259403,0.5650590572786653,1.5707963267948966,1.0,20.0,20000,2000,2000,20000,0
method_a,css,uniform,Z,5,0.0055490506064531575,0.5650590572786653,1.5707963267948966,1.0,20.0,20000,2000,2000,20000,3
method_a,css,uniform,Z,5,0.0062889240206469126,0.5650590572786653,1.5707963267948966,1.0,20.0,20000,2000,2000,20000,8
method_a,css,uniform,Z,5,0.007028797434840667,0.5650590572786653,1.5707963267948966,1.0,20.0,20000,2000,2000,20000,17
method_a,css,uniform,Z,5,0.00776867084903442,0.5650590572786653,1.5707963267948966,1.0,20.0,20000,2000,2000,20000,38
method_a,css,uniform,Z,5,0.008508544263228175,0.5650590572786653,1.5707963267948966,1.0,20.0,20000,2000,2000,20000,69
method_a,css,uniform,Z,5,0.00924841767742193,0.5650590572786653,1.5707963267948966,1.0,20.0,20000,2000,2000,20000,145
method_a,css,uniform,Z,5,0.009988291091615684,0.5650590572786653,1.5707963267948966,1.0,20.0,20000,2000,2000,20000,258
method_a,css,uniform,X,3,0.003329430363871895,0.5650590572786653,1.5707963267948966,1.0,20.0,20000,2000,2000,20000,34
method_a,css,uniform,X,3,0.00406930377806565,0.5650590572786653,1.5707963267948966,1.0,20.0,20000,2000,2000,20000,89
method_a,css,uniform,X,3,0.004809177192259403,0.5650590572786653,1.5707963267948966,1.0,20.0,20000,2000,2000,20000,198
method_a,css,uniform,X,3,0.0055490506064531575,0.5650590572786653,1.5707963267948966,1.0,20.0,20000,2000,2000,20000,407
method_a,css,uniform,X,3,0.0062889240206469126,0.5650590572786653,1.5707963267948966,1.0,20.0,20000,2000,2000,20000,741
method_a,css,uniform,X,3,0.007028797434840667,0.5650590572786653,1.5707963267948966,1.0,20.0,20000,2000,2000,20000,1180
method_a,css,uniform,X,3,0.00776867084903442,0.5650590572786653,1.5707963267948966,1.0,20.0,20000,2000,2000,20000,1711
method_a,css,uniform,X,3,0.008508544263228175,0.5650590572786653,1.5707963267948966,1.0,20.0,20000,2000,2000,18000,2133
method_a,css,uniform,X,3,0.00924841767742193,0.5650590572786653,1.5707963267948966,1.0,20.0,20000,2000,2000,14000,2095
method_a,css,uniform,X,3,0.009988291091615684,0.5650590572786653,1.5707963267948966,1.0,20.0,20000,2000,2000,12000,2315
method_a,css,uniform,X,5,0.003329430363871895,0.5650590572786653,1.5707963267948966,1.0,20.0,20000,2000,2000,20000,14
method_a,css,uniform,X,5,0.00406930377806565,0.5650590572786653,1.5707963267948966,1.0,20.0,20000,2000,2000,20000,58
method_a,css,uniform,X,5,0.004809177192259403,0.5650590572786653,1.5707963267948966,1.0,20.0,20000,2000,2000,20000,243
method_a,css,uniform,X,5,0.0055490506064531575,0.5650590572786653,1.5707963267948966,1.0,20.0,20000,2000,2000,20000,724
method_a,css,uniform,X,5,0.0062889240206469126,0.5650590572786653,1.5707963267948966,1.0,20.0,20000,2000,2000,20000,1563
method_a,css,uniform,X,5,0.007028797434840667,0.5650590572786653,1.5707963267948966,1.0,20.0,20000,2000,2000,14000,2010
method_a,css,uniform,X,5,0.00776867084903442,0.5650590572786653,1.5707963267948966,1.0,20.0,20000,2000,2000,10000,2100
method_a,css,uniform,X,5,0.008508544263228175,0.5650590572786653,1.5707963267948966,1.0,20.0,20000,2000,2000,8000,2345
method_a,css,uniform,X,5,0.00924841767742193,0.5650590572786653,1.5707963267948966,1.0,20.0,20000,2000,2000,6000,2066
method_a,css,uniform,X,5,0.009988291091615684,0.5650590572786653,1.5707963267948966,1.0,20.0,20000,2000,2000,6000,2384
method_a,css,uniform,Z,3,0.0043516038847452925,0.0,1.0383453777183482,1.0,20.0,20000,2000,2000,20000,15
method_a,css,uniform,Z,3,0.005318626970244248,0.0,1.0383453777183482,1.0,20.0,20000,2000,2000,20000,34
method_a,css,uniform,Z,3,0.0062856500557432,0.0,1.0383453777183482,1.0,20.0,20000,2000,2000,20000,108
method_a,css,uniform,Z,3,0.007252673141242154,0.0,1.0383453777183482,1.0,20.0,20000,2000,2000,20000,232
method_a,css,uniform,Z,3,0.008219696226741109,0.0,1.0383453777183482,1.0,20.0,20000,2000,2000,20000,395
method_a,css,uniform,Z,3,0.009186719312240063,0.0,1.0383453777183482,1.0,20.0,20000,2000,2000,20000,666
method_a,css,uniform,Z,3,0.010153742397739016,0.0,1.0383453777183482,1.0,20.0,20000,2000,2000,20000,1021
method_a,css,uniform,Z,3,0.01112076548323797,0.0,1.0383453777183482,1.0,20.0,20000,2000,2000,20000,1486
method_a,css,uniform,Z,3,0.012087788568736924,0.0,1.0383453777183482,1.0,20.0,20000,2000,2000,20000,1997
method_a,css,uniform,Z,3,0.013054811654235879,0.0,1.0383453777183482,1.0,20.0,20000,2000,2000,16000,2109
method_a,css,uniform,Z,5,0.0043516038847452925,0.0,1.0383453777183482,1.0,20.0,20000,2000,2000,20000,2
method_a,css,uniform,Z,5,0.005318626970244248,0.0,1.0383453777183482,1.0,20.0,20000,2000,2000,20000,10
method_a,css,uniform,Z,5,0.0062856500557432,0.0,1.0383453777183482,1.0,20.0,20000,2000,2000,20000,46
method_a,css,uniform,Z,5,0.007252673141242154,0.0,1.0383453777183482,1.0,20.0,20000,2000,2000,20000,191
method_a,css,uniform,Z,5,0.008219696226741109,0.0,1.0383453777183482,1.0,20.0,20000,2000,2000,20000,517
method_a,css,uniform,Z,5,0.009186719312240063,0.0,1.0383453777183482,1.0,20.0,20000,2000,2000,20000,1122
method_a,css,uniform,Z,5,0.010153742397739016,0.0,1.0383453777183482,1.0,20.0,20000,2000,2000,20000,2004
method_a,css,uniform,Z,5,0.01112076548323797,0.0,1.0383453777183482,1.0,20.0,20000,2000,2000,14000,2260
method_a,css,uniform,Z,5,0.012087788568736924,0.0,1.0383453777183482,1.0,20.0,20000,2000,2000,10000,2303
method_a,css,uniform,Z,5,0.013054811654235879,0.0,1.0383453777183482,1.0,20.0,20000,2000,2000,8000,2412
method_a,css,uniform,X,3,0.001740641553898117,0.0,1.0383453777183482,1.0,20.0,20000,2000,2000,20000,4
method_a,css,uniform,X,3,0.002127450788097699,0.0,1.0383453777183482,1.0,20.0,20000,2000,2000,20000,14
method_a,css,uniform,X,3,0.0025142600222972803,0.0,1.0383453777183482,1.0,20.0,20000,2000,2000,20000,24
method_a,css,uniform,X,3,0.0029010692564968616,0.0,1.0383453777183482,1.0,20.0,20000,2000,2000,20000,57
method_a,css,uniform,X,3,0.0032878784906964433,0.0,1.0383453777183482,1.0,20.0,20000,2000,2000,20000,127
method_a,css,uniform,X,3,0.003674687724896025,0.0,1.0383453777183482,1.0,20.0,20000,2000,2000,20000,211
method_a,css,uniform,X,3,0.004061496959095606,0.0,1.0383453777183482,1.0,20.0,20000,2000,2000,20000,405
method_a,css,uniform,X,3,0.004448306193295188,0.0,1.0383453777183482,1.0,20.0,20000,2000,2000,20000,578
method_a,css,uniform,X,3,0.00483511542749477,0.0,1.0383453777183482,1.0,20.0,20000,2000,2000,20000,863
method_a,css,uniform,X,3,0.005221924661694351,0.0,1.0383453777183482,1.0,20.0,20000,2000,2000,20000,1200
method_a,css,uniform,X,5,0.001740641553898117,0.0,1.0383453777183482,1.0,20.0,20000,2000,2000,20000,1
method_a,css,uniform,X,5,0.002127450788097699,0.0,1.0383453777183482,1.0,20.0,20000,2000,2000,20000,0
method_a,css,uniform,X,5,0.0025142600222972803,0.0,1.0383453777183482,1.0,20.0,20000,2000,2000,20000,8
method_a,css,uniform,X,5,0.0029010692564968616,0.0,1.0383453777183482,1.0,20.0,20000,2000,2000,20000,33
method_a,css,uniform,X,5,0.0032878784906964433,0.0,1.0383453777183482,1.0,20.0,20000,2000,2000,20000,82
method_a,css,uniform,X,5,0.003674687724896025,0.0,1.0383453777183482,1.0,20.0,20000,2000,2000,20000,230
method_a,css,uniform,X,5,0.004061496959095606,0.0,1.0383453777183482,1.0,20.0,20000,2000,2000,20000,559
method_a,css,uniform,X,5,0.004448306193295188,0.0,1.0383453777183482,1.0,20.0,20000,2000,2000,20000,976
method_a,css,uniform,X,5,0.00483511542749477,0.0,1.0383453777183482,1.0,20.0,20000,2000,2000,20000,1667
method_a,css,uniform,X,5,0.005221924661694351,0.0,1.0383453777183482,1.0,20.0,20000,2000,2000,16000,2009
method_a,css,uniform,Z,3,0.004155470760879794,0.07156503375378229,1.1303128540623042,1.0,20.0,20000,2000,2000,20000,10
method_a,css,uniform,Z,3,0.00507890870774197,0.07156503375378229,1.1303128540623042,1.0,20.0,20000,2000,2000,20000,28
method_a,css,uniform,Z,3,0.006002346654604146,0.07156503375378229,1.1303128540623042,1.0,20.0,20000,2000,2000,20000,61
method_a,css,uniform,Z,3,0.006925784601466322,0.07156503375378229,1.1303128540623042,1.0,20.0,20000,2000,2000,20000,125
method_a,css,uniform,Z,3,0.007849222548328498,0.07156503375378229,1.1303128540623042,1.0,20.0,20000,2000,2000,20000,260
method_a,css,uniform,Z,3,0.008772660495190675,0.07156503375378229,1.1303128540623042,1.0,20.0,20000,2000,2000,20000,381
method_a,css,uniform,Z,3,0.00969609844205285,0.07156503375378229,1.1303128540623042,1.0,20.0,20000,2000,2000,20000,598
method_a,css,uniform,Z,3,0.010619536388915028,0.07156503375378229,1.1303128540623042,1.0,20.0,20000,2000,2000,20000,955
method_a,css,uniform,Z,3,0.011542974335777202,0.07156503375378229,1.1303128540623042,1.0,20.0,20000,2000,2000,20000,1331
method_a,css,uniform,Z,3,0.01246641228263938,0.07156503375378229,1.1303128540623042,1.0,20.0,20000,2000,2000,20000,1795
method_a,css,uniform,Z,5,0.004155470760879794,0.07156503375378229,1.1303128540623042,1.0,20.0,20000,2000,2000,20000,1
method_a,css,uniform,Z,5,0.00507890870774197,0.07156503375378229,1.1303128540623042,1.0,20.0,20000,2000,2000,20000,7
method_a,css,uniform,Z,5,0.006002346654604146,0.07156503375378229,1.1303128540623042,1.0,20.0,20000,2000,2000,20000,23
method_a,css,uniform,Z,5,0.006925784601466322,0.07156503375378229,1.1303128540623042,1.0,20.0,20000,2000,2000,20000,81
method_a,css,uniform,Z,5,0.007849222548328498,0.07156503375378229,1.1303128540623042,1.0,20.0,20000,2000,2000,20000,214
method_a,css,uniform,Z,5,0.008772660495190675,0.07156503375378229,1.1303128540623042,1.0,20.0,20000,2000,2000,20000,552
method_a,css,uniform,Z,5,0.00969609844205285,0.07156503375378229,1.1303128540623042,1.0,20.0,20000,2000,2000,20000,1157
method_a,css,uniform,Z,5,0.010619536388915028,0.07156503375378229,1.1303128540623042,1.0,20.0,20000,2000,2000,20000,1896
method_a,css,uniform,Z,5,0.011542974335777202,0.07156503375378229,1.1303128540623042,1.0,20.0,20000,2000,2000,14000,2105
method_a,css,uniform,Z,5,0.01246641228263938,0.07156503375378229,1.1303128540623042,1.0,20.0,20000,2000,2000,10000,2077
method_a,css,uniform,X,3,0.0016621883043519174,0.07156503375378229,1.1303128540623042,1.0,20.0,20000,2000,2000,20000,2
method_a,css,uniform,X,3,0.002031563483096788,0.07156503375378229,1.1303128540623042,1.0,20.0,20000,2000,2000,20000,5
method_a,css,uniform,X,3,0.0024009386618416583,0.07156503375378229,1.1303128540623042,1.0,20.0,20000,2000,2000,20000,19
method_a,css,uniform,X,3,0.0027703138405865287,0.07156503375378229,1.1303128540623042,1.0,20.0,20000,2000,2000,20000,48
method_a,css,uniform,X,3,0.0031396890193313995,0.07156503375378229,1.1303128540623042,1.0,20.0,20000,2000,2000,20000,125
method_a,css,uniform,X,3,0.00350906419807627,0.07156503375378229,1.1303128540623042,1.0,20.0,20000,2000,2000,20000,174
method_a,css,uniform,X,3,0.00387843937682114,0.07156503375378229,1.1303128540623042,1.0,20.0,20000,2000,2000,20000,267
method_a,css,uniform,X,3,0.004247814555566011,0.07156503375378229,1.1303128540623042,1.0,20.0,20000,2000,2000,20000,435
method_a,css,uniform,X,3,0.004617189734310881,0.07156503375378229,1.1303128540623042,1.0,20.0,20000,2000,2000,20000,647
method_a,css,uniform,X,3,0.004986564913055752,0.07156503375378229,1.1303128540623042,1.0,20.0,20000,2000,2000,20000,879
method_a,css,uniform,X,5,0.0016621883043519174,0.07156503375378229,1.1303128540623042,1.0,20.0,20000,2000,2000,20000,0
method_a,css,uniform,X,5,0.002031563483096788,0.07156503375378229,1.1303128540623042,1.0,20.0,20000,2000,2000,20000,1
method_a,css,uniform,X,5,0.0024009386618416583,0.07156503375378229,1.1303128540623042,1.0,20.0,20000,2000,2000,20000,5
method_a,css,uniform,X,5,0.0027703138405865287,0.07156503375378229,1.1303128540623042,1.0,20.0,20000,2000,2000,20000,16
method_a,css,uniform,X,5,0.0031396890193313995,0.07156503375378229,1.1303128540623042,1.0,20.0,20000,2000,2000,20000,44
method_a,css,uniform,X,5,0.00350906419807627,0.07156503375378229,1.1303128540623042,1.0,20.0,20000,2000,2000,20000,139
method_a,css,uniform,X,5,0.00387843937682114,0.07156503375378229,1.1303128540623042,1.0,20.0,20000,2000,2000,20000,292
method_a,css,uniform,X,5,0.004247814555566011,0.07156503375378229,1.1303128540623042,1.0,20.0,20000,2000,2000,20000,554
method_a,css,uniform,X,5,0.004617189734310881,0.07156503375378229,1.1303128540623042,1.0,20.0,20000,2000,2000,20000,1072
method_a,css,uniform,X,5,0.004986564913055752,0.07156503375378229,1.1303128540623042,1.0,20.0,20000,2000,2000,20000,1704
method_a,css,uniform,Z,3,0.004020745608622563,0.14834323088442863,1.230981572266873,1.0,20.0,20000,2000,2000,20000,2
method_a,css,uniform,Z,3,0.00491424463276091,0.14834323088442863,1.230981572266873,1.0,20.0,20000,2000,2000,20000,12
method_a,css,uniform,Z,3,0.005807743656899256,0.14834323088442863,1.230981572266873,1.0,20.0,20000,2000,2000,20000,37
method_a,css,uniform,Z,3,0.0067012426810376035,0.14834323088442863,1.230981572266873,1.0,20.0,20000,2000,2000,20000,72
method_a,css,uniform,Z,3,0.007594741705175952,0.14834323088442863,1.230981572266873,1.0,20.0,20000,2000,2000,20000,126
method_a,css,uniform,Z,3,0.0084882407293143,0.14834323088442863,1.230981572266873,1.0,20.0,20000,2000,2000,20000,246
method_a,css,uniform,Z,3,0.009381739753452644,0.14834323088442863,1.230981572266873,1.0,20.0,20000,2000,2000,20000,397
method_a,css,uniform,Z,3,0.01027523877759099,0.14834323088442863,1.230981572266873,1.0,20.0,20000,2000,2000,20000,503
method_a,css,uniform,Z,3,0.01116873780172934,0.14834323088442863,1.230981572266873,1.0,20.0,20000,2000,2000,20000,759
method_a,css,uniform,Z,3,0.012062236825867687,0.14834323088442863,1.230981572266873,1.0,20.0,20000,2000,2000,20000,1057
method_a,css,uniform,Z,5,0.004020745608622563,0.14834323088442863,1.230981572266873,1.0,20.0,20000,2000,2000,20000,0
method_a,css,uniform,Z,5,0.00491424463276091,0.14834323088442863,1.230981572266873,1.0,20.0,20000,2000,2000,20000,1
method_a,css,uniform,Z,5,0.005807743656899256,0.14834323088442863,1.230981572266873,1.0,20.0,20000,2000,2000,20000,7
method_a,css,uniform,Z,5,0.0067012426810376035,0.14834323088442863,1.230981572266873,1.0,20.0,20000,2000,2000,20000,27
method_a,css,uniform,Z,5,0.007594741705175952,0.14834323088442863,1.230981572266873,1.0,20.0,20000,2000,2000,20000,105
method_a,css,uniform,Z,5,0.0084882407293143,0.14834323088442863,1.230981572266873,1.0,20.0,20000,2000,2000,20000,248
method_a,css,uniform,Z,5,0.009381739753452644,0.14834323088442863,1.230981572266873,1.0,20.0,20000,2000,2000,20000,503
method_a,css,uniform,Z,5,0.01027523877759099,0.14834323088442863,1.230981572266873,1.0,20.0,20000,2000,2000,20000,985
method_a,css,uniform,Z,5,0.01116873780172934,0.14834323088442863,1.230981572266873,1.0,20.0,20000,2000,2000,20000,1615
method_a,css,uniform,Z,5,0.012062236825867687,0.14834323088442863,1.230981572266873,1.0,20.0,20000,2000,2000,18000,2142
method_a,css,uniform,X,3,0.001608298243449025,0.14834323088442863,1.230981572266873,1.0,20.0,20000,2000,2000,20000,1
method_a,css,uniform,X,3,0.0019656978531043643,0.14834323088442863,1.230981572266873,1.0,20.0,20000,2000,2000,20000,8
method_a,css,uniform,X,3,0.0023230974627597026,0.14834323088442863,1.230981572266873,1.0,20.0,20000,2000,2000,20000,13
method_a,css,uniform,X,3,0.0026804970724150414,0.14834323088442863,1.230981572266873,1.0,20.0,20000,2000,2000,20000,32
method_a,css,uniform,X,3,0.0030378966820703806,0.14834323088442863,1.230981572266873,1.0,20.0,20000,2000,2000,20000,65
method_a,css,uniform,X,3,0.0033952962917257194,0.14834323088442863,1.230981572266873,1.0,20.0,20000,2000,2000,20000,99
method_a,css,uniform,X,3,0.003752695901381058,0.14834323088442863,1.230981572266873,1.0,20.0,20000,2000,2000,20000,206
method_a,css,uniform,X,3,0.004110095511036397,0.14834323088442863,1.230981572266873,1.0,20.0,20000,2000,2000,20000,277
method_a,css,uniform,X,3,0.004467495120691736,0.14834323088442863,1.230981572266873,1.0,20.0,20000,2000,2000,20000,439
method_a,css,uniform,X,3,0.004824894730347075,0.14834323088442863,1.230981572266873,1.0,20.0,20000,2000,2000,20000,644
method_a,css,uniform,X,5,0.001608298243449025,0.14834323088442863,1.230981572266873,1.0,20.0,20000,2000,2000,20000,0
method_a,css,uniform,X,5,0.0019656978531043643,0.14834323088442863,1.230981572266873,1.0,20.0,20000,2000,2000,20000,0
method_a,css,uniform,X,5,0.0023230974627597026,0.14834323088442863,1.230981572266873,1.0,20.0,20000,2000,2000,20000,1
method_a,css,uniform,X,5,0.0026804970724150414,0.14834323088442863,1.230981572266873,1.0,20.0,20000,2000,2000,20000,9
method_a,css,uniform,X,5,0.0030378966820703806,0.14834323088442863,1.230981572266873,1.0,20.0,20000,2000,2000,20000,23
method_a,css,uniform,X,5,0.0033952962917257194,0.14834323088442863,1.230981572266873,1.0,20.0,20000,2000,2000,20000,82
method_a,css,uniform,X,5,0.003752695901381058,0.14834323088442863,1.230981572266873,1.0,20.0,20000,2000,2000,20000,168
method_a,css,uniform,X,5,0.004110095511036397,0.14834323088442863,1.230981572266873,1.0,20.0,20000,2000,2000,20000,340
method_a,css,uniform,X,5,0.004467495120691736,0.14834323088442863,1.230981572266873,1.0,20.0,20000,2000,2000,20000,621
method_a,css,uniform,X,5,0.004824894730347075,0.14834323088442863,1.230981572266873,1.0,20.0,20000,2000,2000,20000,1053
method_a,css,uniform,Z,3,0.003953710963629299,0.22741366068359578,1.3393347044178405,1.0,20.0,20000,2000,2000,20000,1
method_a,css,uniform,Z,3,0.004832313399991366,0.22741366068359578,1.3393347044178405,1.0,20.0,20000,2000,2000,20000,7
method_a,css,uniform,Z,3,0.005710915836353432,0.22741366068359578,1.3393347044178405,1.0,20.0,20000,2000,2000,20000,10
method_a,css,uniform,Z,3,0.006589518272715497,0.22741366068359578,1.3393347044178405,1.0,20.0,20000,2000,2000,20000,29
method_a,css,uniform,Z,3,0.007468120709077565,0.22741366068359578,1.3393347044178405,1.0,20.0,20000,2000,2000,20000,61
method_a,css,uniform,Z,3,0.008346723145439631,0.22741366068359578,1.3393347044178405,1.0,20.0,20000,2000,2000,20000,117
method_a,css,uniform,Z,3,0.009225325581801697,0.22741366068359578,1.3393347044178405,1.0,20.0,20000,2000,2000,20000,176
method_a,css,uniform,Z,3,0.010103928018163762,0.22741366068359578,1.3393347044178405,1.0,20.0,20000,2000,2000,20000,291
method_a,css,uniform,Z,3,0.010982530454525831,0.22741366068359578,1.3393347044178405,1.0,20.0,20000,2000,2000,20000,424
method_a,css,uniform,Z,3,0.011861132890887898,0.22741366068359578,1.3393347044178405,1.0,20.0,20000,2000,2000,20000,613
method_a,css,uniform,Z,5,0.003953710963629299,0.22741366068359578,1.3393347044178405,1.0,20.0,20000,2000,2000,20000,0
method_a,css,uniform,Z,5,0.004832313399991366,0.22741366068359578,1.3393347044178405,1.0,20.0,20000,2000,2000,20000,0
method_a,css,uniform,Z,5,0.005710915836353432,0.22741366068359578,1.3393347044178405,1.0,20.0,20000,2000,2000,20000,2
method_a,css,uniform,Z,5,0.006589518272715497,0.22741366068359578,1.3393347044178405,1.0,20.0,20000,2000,2000,20000,15
method_a,css,uniform,Z,5,0.007468120709077565,0.22741366068359578,1.3393347044178405,1.0,20.0,20000,2000,2000,20000,35
method_a,css,uniform,Z,5,0.008346723145439631,0.22741366068359578,1.3393347044178405,1.0,20.0,20000,2000,2000,20000,90
method_a,css,uniform,Z,5,0.009225325581801697,0.22741366068359578,1.3393347044178405,1.0,20.0,20000,2000,2000,20000,187
method_a,css,uniform,Z,5,0.010103928018163762,0.22741366068359578,1.3393347044178405,1.0,20.0,20000,2000,2000,20000,361
method_a,css,uniform,Z,5,0.010982530454525831,0.22741366068359578,1.3393347044178405,1.0,20.0,20000,2000,2000,20000,672
method_a,css,uniform,Z,5,0.011861132890887898,0.22741366068359578,1.3393347044178405,1.0,20.0,20000,2000,2000,20000,1158
method_a,css,uniform,X,3,0.0015814843854517196,0.22741366068359578,1.3393347044178405,1.0,20.0,20000,2000,2000,20000,0
method_a,css,uniform,X,3,0.0019329253599965463,0.22741366068359578,1.3393347044178405,1.0,20.0,20000,2000,2000,20000,3
method_a,css,uniform,X,3,0.002284366334541373,0.22741366068359578,1.3393347044178405,1.0,20.0,20000,2000,2000,20000,9
method_a,css,uniform,X,3,0.002635807309086199,0.22741366068359578,1.3393347044178405,1.0,20.0,20000,2000,2000,20000,20
method_a,css,uniform,X,3,0.002987248283631026,0.22741366068359578,1.3393347044178405,1.0,20.0,20000,2000,2000,20000,37
method_a,css,uniform,X,3,0.0033386892581758524,0.22741366068359578,1.3393347044178405,1.0,20.0,20000,2000,2000,20000,67
method_a,css,uniform,X,3,0.0036901302327206785,0.22741366068359578,1.3393347044178405,1.0,20.0,20000,2000,2000,20000,114
method_a,css,uniform,X,3,0.004041571207265505,0.22741366068359578,1.3393347044178405,1.0,20.0,20000,2000,2000,20000,195
method_a,css,uniform,X,3,0.004393012181810332,0.22741366068359578,1.3393347044178405,1.0,20.0,20000,2000,2000,20000,271
method_a,css,uniform,X,3,0.004744453156355159,0.22741366068359578,1.3393347044178405,1.0,20.0,20000,2000,2000,20000,414
method_a,css,uniform,X,5,0.0015814843854517196,0.22741366068359578,1.3393347044178405,1.0,20.0,20000,2000,2000,20000,0
method_a,css,uniform,X,5,0.0019329253599965463,0.22741366068359578,1.3393347044178405,1.0,20.0,20000,2000,2000,20000,0
method_a,css,uniform,X,5,0.002284366334541373,0.22741366068359578,1.3393347044178405,1.0,20.0,20000,2000,2000,20000,0
method_a,css,uniform,X,5,0.002635807309086199,0.22741366068359578,1.3393347044178405,1.0,20.0,20000,2000,2000,20000,3
method_a,css,uniform,X,5,0.002987248283631026,0.22741366068359578,1.3393347044178405,1.0,20.0,20000,2000,2000,20000,11
method_a,css,uniform,X,5,0.0033386892581758524,0.22741366068359578,1.3393347044178405,1.0,20.0,20000,2000,2000,20000,42
method_a,css,uniform,X,5,0.0036901302327206785,0.22741366068359578,1.3393347044178405,1.0,20.0,20000,2000,2000,20000,76
method_a,css,uniform,X,5,0.004041571207265505,0.22741366068359578,1.3393347044178405,1.0,20.0,20000,2000,2000,20000,153
method_a,css,uniform,X,5,0.004393012181810332,0.22741366068359578,1.3393347044178405,1.0,20.0,20000,2000,2000,20000,325
method_a,css,uniform,X,5,0.004744453156355159,0.22741366068359578,1.3393347044178405,1.0,20.0,20000,2000,2000,20000,581
method_a,css,uniform,Z,3,0.003957807808436582,0.30500736935876976,1.453494495811768,1.0,20.0,20000,2000,2000,20000,1
method_a,css,uniform,Z,3,0.004837320654755823,0.30500736935876976,1.453494495811768,1.0,20.0,20000,2000,2000,20000,2
method_a,css,uniform,Z,3,0.005716833501075063,0.30500736935876976,1.453494495811768,1.0,20.0,20000,2000,2000,20000,7
method_a,css,uniform,Z,3,0.006596346347394303,0.30500736935876976,1.453494495811768,1.0,20.0,20000,2000,2000,20000,18
method_a,css,uniform,Z,3,0.007475859193713544,0.30500736935876976,1.453494495811768,1.0,20.0,20000,2000,2000,20000,20
method_a,css,uniform,Z,3,0.008355372040032784,0.30500736935876976,1.453494495811768,1.0,20.0,20000,2000,2000,20000,60
method_a,css,uniform,Z,3,0.009234884886352024,0.30500736935876976,1.453494495811768,1.0,20.0,20000,2000,2000,20000,94
method_a,css,uniform,Z,3,0.010114397732671265,0.30500736935876976,1.453494495811768,1.0,20.0,20000,2000,2000,20000,146
method_a,css,uniform,Z,3,0.010993910578990504,0.30500736935876976,1.453494495811768,1.0,20.0,20000,2000,2000,20000,187
method_a,css,uniform,Z,3,0.011873423425309747,0.30500736935876976,1.453494495811768,1.0,20.0,20000,2000,2000,20000,286
method_a,css,uniform,Z,5,0.003957807808436582,0.30500736935876976,1.453494495811768,1.0,20.0,20000,2000,2000,20000,0
method_a,css,uniform,Z,5,0.004837320654755823,0.30500736935876976,1.453494495811768,1.0,20.0,20000,2000,2000,20000,0
method_a,css,uniform,Z,5,0.005716833501075063,0.30500736935876976,1.453494495811768,1.0,20.0,20000,2000,2000,20000,1
method_a,css,uniform,Z,5,0.006596346347394303,0.30500736935876976,1.453494495811768,1.0,20.0,20000,2000,2000,20000,5
method_a,css,uniform,Z,5,0.007475859193713544,0.30500736935876976,1.453494495811768,1.0,20.0,20000,2000,2000,20000,6
method_a,css,uniform,Z,5,0.008355372040032784,0.30500736935876976,1.453494495811768,1.0,20.0,20000,2000,2000,20000,21
method_a,css,uniform,Z,5,0.009234884886352024,0.30500736935876976,1.453494495811768,1.0,20.0,20000,2000,2000,20000,53
method_a,css,uniform,Z,5,0.010114397732671265,0.30500736935876976,1.453494495811768,1.0,20.0,20000,2000,2000,20000,89
method_a,css,uniform,Z,5,0.010993910578990504,0.30500736935876976,1.453494495811768,1.0,20.0,20000,2000,2000,20000,254
method_a,css,uniform,Z,5,0.011873423425309747,0.30500736935876976,1.453494495811768,1.0,20.0,20000,2000,2000,20000,444
method_a,css,uniform,X,3,0.0015831231233746329,0.30500736935876976,1.453494495811768,1.0,20.0,20000,2000,2000,20000,0
method_a,css,uniform,X,3,0.0019349282619023293,0.30500736935876976,1.453494495811768,1.0,20.0,20000,2000,2000,20000,0
method_a,css,uniform,X,3,0.002286733400430025,0.30500736935876976,1.453494495811768,1.0,20.0,20000,2000,2000,20000,5
method_a,css,uniform,X,3,0.002638538538957721,0.30500736935876976,1.453494495811768,1.0,20.0,20000,2000,2000,20000,5
method_a,css,uniform,X,3,0.0029903436774854175,0.30500736935876976,1.453494495811768,1.0,20.0,20000,2000,2000,20000,22
method_a,css,uniform,X,3,0.003342148816013114,0.30500736935876976,1.453494495811768,1.0,20.0,20000,2000,2000,20000,38
method_a,css,uniform,X,3,0.0036939539545408095,0.30500736935876976,1.453494495811768,1.0,20.0,20000,2000,2000,20000,78
method_a,css,uniform,X,3,0.0040457590930685055,0.30500736935876976,1.453494495811768,1.0,20.0,20000,2000,2000,20000,127
method_a,css,uniform,X,3,0.004397564231596202,0.30500736935876976,1.453494495811768,1.0,20.0,20000,2000,2000,20000,160
method_a,css,uniform,X,3,0.004749369370123898,0.30500736935876976,1.453494495811768,1.0,20.0,20000,2000,2000,20000,249
method_a,css,uniform,X,5,0.0015831231233746329,0.30500736935876976,1.453494495811768,1.0,20.0,20000,2000,2000,20000,0
method_a,css,uniform,X,5,0.0019349282619023293,0.30500736935876976,1.453494495811768,1.0,20.0,20000,2000,2000,20000,0
method_a,css,uniform,X,5,0.002286733400430025,0.30500736935876976,1.453494495811768,1.0,20.0,20000,2000,2000,20000,1
method_a,css,uniform,X,5,0.002638538538957721,0.30500736935876976,1.453494495811768,1.0,20.0,20000,2000,2000,20000,2
method_a,css,uniform,X,5,0.0029903436774854175,0.30500736935876976,1.453494495811768,1.0,20.0,20000,2000,2000,20000,6
method_a,css,uniform,X,5,0.003342148816013114,0.30500736935876976,1.453494495811768,1.0,20.0,20000,2000,2000,20000,21
method_a,css,uniform,X,5,0.0036939539545408095,0.30500736935876976,1.453494495811768,1.0,20.0,20000,2000,2000,20000,53
method_a,css,uniform,X,5,0.0040457590930685055,0.30500736935876976,1.453494495811768,1.0,20.0,20000,2000,2000,20000,88
method_a,css,uniform,X,5,0.004397564231596202,0.30500736935876976,1.453494495811768,1.0,20.0,20000,2000,2000,20000,164
method_a,css,uniform,X,5,0.004749369370123898,0.30500736935876976,1.453494495811768,1.0,20.0,20000,2000,2000,20000,318
method_a,css,uniform,Z,3,0.010082048416323569,0.3772800420965663,1.5707963267948966,1.0,20.0,20000,2000,2000,20000,46
method_a,css,uniform,Z,3,0.01232250361995103,0.3772800420965663,1.5707963267948966,1.0,20.0,20000,2000,2000,20000,113
method_a,css,uniform,Z,3,0.01456295882357849,0.3772800420965663,1.5707963267948966,1.0,20.0,20000,2000,2000,20000,243
method_a,css,uniform,Z,3,0.016803414027205945,0.3772800420965663,1.5707963267948966,1.0,20.0,20000,2000,2000,20000,472
method_a,css,uniform,Z,3,0.019043869230833406,0.3772800420965663,1.5707963267948966,1.0,20.0,20000,2000,2000,20000,829
method_a,css,uniform,Z,3,0.021284324434460867,0.3772800420965663,1.5707963267948966,1.0,20.0,20000,2000,2000,20000,1181
method_a,css,uniform,Z,3,0.02352477963808832,0.3772800420965663,1.5707963267948966,1.0,20.0,20000,2000,2000,20000,1758
method_a,css,uniform,Z,3,0.025765234841715785,0.3772800420965663,1.5707963267948966,1.0,20.0,20000,2000,2000,18000,2169
method_a,css,uniform,Z,3,0.028005690045343243,0.3772800420965663,1.5707963267948966,1.0,20.0,20000,2000,2000,14000,2063
method_a,css,uniform,Z,3,0.030246145248970704,0.3772800420965663,1.5707963267948966,1.0,20.0,20000,2000,2000,12000,2149
method_a,css,uniform,Z,5,0.010082048416323569,0.3772800420965663,1.5707963267948966,1.0,20.0,20000,2000,2000,20000,19
method_a,css,uniform,Z,5,0.01232250361995103,0.3772800420965663,1.5707963267948966,1.0,20.0,20000,2000,2000,20000,108
method_a,css,uniform,Z,5,0.01456295882357849,0.3772800420965663,1.5707963267948966,1.0,20.0,20000,2000,2000,20000,360
method_a,css,uniform,Z,5,0.016803414027205945,0.3772800420965663,1.5707963267948966,1.0,20.0,20000,2000,2000,20000,880
method_a,css,uniform,Z,5,0.019043869230833406,0.3772800420965663,1.5707963267948966,1.0,20.0,20000,2000,2000,20000,1762
method_a,css,uniform,Z,5,0.021284324434460867,0.3772800420965663,1.5707963267948966,1.0,20.0,20000,2000,2000,14000,2086
method_a,css,uniform,Z,5,0.02352477963808832,0.3772800420965663,1.5707963267948966,1.0,20.0,20000,2000,2000,10000,2161
method_a,css,uniform,Z,5,0.025765234841715785,0.3772800420965663,1.5707963267948966,1.0,20.0,20000,2000,2000,8000,2291
method_a,css,uniform,Z,5,0.028005690045343243,0.3772800420965663,1.5707963267948966,1.0,20.0,20000,2000,2000,6000,2199
method_a,css,uniform,Z,5,0.030246145248970704,0.3772800420965663,1.5707963267948966,1.0,20.0,20000,2000,2000,6000,2387
method_a,css,uniform,X,3,0.0040328193665294275,0.3772800420965663,1.5707963267948966,1.0,20.0,20000,2000,2000,20000,61
method_a,css,uniform,X,3,0.004929001447980412,0.3772800420965663,1.5707963267948966,1.0,20.0,20000,2000,2000,20000,161
method_a,css,uniform,X,3,0.005825183529431396,0.3772800420965663,1.5707963267948966,1.0,20.0,20000,2000,2000,20000,406
method_a,css,uniform,X,3,0.006721365610882378,0.3772800420965663,1.5707963267948966,1.0,20.0,20000,2000,2000,20000,790
method_a,css,uniform,X,3,0.007617547692333362,0.3772800420965663,1.5707963267948966,1.0,20.0,20000,2000,2000,20000,1195
method_a,css,uniform,X,3,0.008513729773784347,0.3772800420965663,1.5707963267948966,1.0,20.0,20000,2000,2000,20000,1903
method_a,css,uniform,X,3,0.009409911855235329,0.3772800420965663,1.5707963267948966,1.0,20.0,20000,2000,2000,16000,2048
method_a,css,uniform,X,3,0.010306093936686314,0.3772800420965663,1.5707963267948966,1.0,20.0,20000,2000,2000,12000,2139
method_a,css,uniform,X,3,0.011202276018137298,0.3772800420965663,1.5707963267948966,1.0,20.0,20000,2000,2000,10000,2157
method_a,css,uniform,X,3,0.012098458099588282,0.3772800420965663,1.5707963267948966,1.0,20.0,20000,2000,2000,8000,2088
method_a,css,uniform,X,5,0.0040328193665294275,0.3772800420965663,1.5707963267948966,1.0,20.0,20000,2000,2000,20000,37
method_a,css,uniform,X,5,0.004929001447980412,0.3772800420965663,1.5707963267948966,1.0,20.0,20000,2000,2000,20000,174
method_a,css,uniform,X,5,0.005825183529431396,0.3772800420965663,1.5707963267948966,1.0,20.0,20000,2000,2000,20000,577
method_a,css,uniform,X,5,0.006721365610882378,0.3772800420965663,1.5707963267948966,1.0,20.0,20000,2000,2000,20000,1499
method_a,css,uniform,X,5,0.007617547692333362,0.3772800420965663,1.5707963267948966,1.0,20.0,20000,2000,2000,14000,2040
method_a,css,uniform,X,5,0.008513729773784347,0.3772800420965663,1.5707963267948966,1.0,20.0,20000,2000,2000,10000,2292
method_a,css,uniform,X,5,0.009409911855235329,0.3772800420965663,1.5707963267948966,1.0,20.0,20000,2000,2000,8000,2520
method_a,css,uniform,X,5,0.010306093936686314,0.3772800420965663,1.5707963267948966,1.0,20.0,20000,2000,2000,6000,2229
method_a,css,uniform,X,5,0.011202276018137298,0.3772800420965663,1.5707963267948966,1.0,20.0,20000,2000,2000,6000,2583
method_a,css,uniform,X,5,0.012098458099588282,0.3772800420965663,1.5707963267948966,1.0,20.0,20000,2000,2000,6000,2723
method_a,css,uniform,Z,3,0.005008632082939201,0.0,1.2101884323692707,1.0,20.0,20000,2000,2000,20000,3
method_a,css,uniform,Z,3,0.006121661434703468,0.0,1.2101884323692707,1.0,20.0,20000,2000,2000,20000,17
method_a,css,uniform,Z,3,0.007234690786467735,0.0,1.2101884323692707,1.0,20.0,20000,2000,2000,20000,25
method_a,css,uniform,Z,3,0.008347720138232002,0.0,1.2101884323692707,1.0,20.0,20000,2000,2000,20000,63
method_a,css,uniform,Z,3,0.009460749489996268,0.0,1.2101884323692707,1.0,20.0,20000,2000,2000,20000,162
method_a,css,uniform,Z,3,0.010573778841760537,0.0,1.2101884323692707,1.0,20.0,20000,2000,2000,20000,264
method_a,css,uniform,Z,3,0.011686808193524802,0.0,1.2101884323692707,1.0,20.0,20000,2000,2000,20000,404
method_a,css,uniform,Z,3,0.012799837545289069,0.0,1.2101884323692707,1.0,20.0,20000,2000,2000,20000,645
method_a,css,uniform,Z,3,0.013912866897053337,0.0,1.2101884323692707,1.0,20.0,20000,2000,2000,20000,859
method_a,css,uniform,Z,3,0.015025896248817604,0.0,1.2101884323692707,1.0,20.0,20000,2000,2000,20000,1329
method_a,css,uniform,Z,5,0.005008632082939201,0.0,1.2101884323692707,1.0,20.0,20000,2000,2000,20000,0
method_a,css,uniform,Z,5,0.006121661434703468,0.0,1.2101884323692707,1.0,20.0,20000,2000,2000,20000,1
method_a,css,uniform,Z,5,0.007234690786467735,0.0,1.2101884323692707,1.0,20.0,20000,2000,2000,20000,3
method_a,css,uniform,Z,5,0.008347720138232002,0.0,1.2101884323692707,1.0,20.0,20000,2000,2000,20000,31
method_a,css,uniform,Z,5,0.009460749489996268,0.0,1.2101884323692707,1.0,20.0,20000,2000,2000,20000,103
method_a,css,uniform,Z,5,0.010573778841760537,0.0,1.2101884323692707,1.0,20.0,20000,2000,2000,20000,262
method_a,css,uniform,Z,5,0.011686808193524802,0.0,1.2101884323692707,1.0,20.0,20000,2000,2000,20000,567
method_a,css,uniform,Z,5,0.012799837545289069,0.0,1.2101884323692707,1.0,20.0,20000,2000,2000,20000,1075
method_a,css,uniform,Z,5,0.013912866897053337,0.0,1.2101884323692707,1.0,20.0,20000,2000,2000,20000,1744
method_a,css,uniform,Z,5,0.015025896248817604,0.0,1.2101884323692707,1.0,20.0,20000,2000,2000,16000,2139
method_a,css,uniform,X,3,0.0020034528331756805,0.0,1.2101884323692707,1.0,20.0,20000,2000,2000,20000,8
method_a,css,uniform,X,3,0.0024486645738813874,0.0,1.2101884323692707,1.0,20.0,20000,2000,2000,20000,11
method_a,css,uniform,X,3,0.002893876314587094,0.0,1.2101884323692707,1.0,20.0,20000,2000,2000,20000,31
method_a,css,uniform,X,3,0.0033390880552928008,0.0,1.2101884323692707,1.0,20.0,20000,2000,2000,20000,65
method_a,css,uniform,X,3,0.0037842997959985076,0.0,1.2101884323692707,1.0,20.0,20000,2000,2000,20000,139
method_a,css,uniform,X,3,0.004229511536704215,0.0,1.2101884323692707,1.0,20.0,20000,2000,2000,20000,241
method_a,css,uniform,X,3,0.004674723277409921,0.0,1.2101884323692707,1.0,20.0,20000,2000,2000,20000,410
method_a,css,uniform,X,3,0.005119935018115628,0.0,1.2101884323692707,1.0,20.0,20000,2000,2000,20000,588
method_a,css,uniform,X,3,0.005565146758821335,0.0,1.2101884323692707,1.0,20.0,20000,2000,2000,20000,922
method_a,css,uniform,X,3,0.006010358499527042,0.0,1.2101884323692707,1.0,20.0,20000,2000,2000,20000,1183
method_a,css,uniform,X,5,0.0020034528331756805,0.0,1.2101884323692707,1.0,20.0,20000,2000,2000,20000,0
method_a,css,uniform,X,5,0.0024486645738813874,0.0,1.2101884323692707,1.0,20.0,20000,2000,2000,20000,0
method_a,css,uniform,X,5,0.002893876314587094,0.0,1.2101884323692707,1.0,20.0,20000,2000,2000,20000,10
method_a,css,uniform,X,5,0.0033390880552928008,0.0,1.2101884323692707,1.0,20.0,20000,2000,2000,20000,29
method_a,css,uniform,X,5,0.0037842997959985076,0.0,1.2101884323692707,1.0,20.0,20000,2000,2000,20000,83
method_a,css,uniform,X,5,0.004229511536704215,0.0,1.2101884323692707,1.0,20.0,20000,2000,2000,20000,244
method_a,css,uniform,X,5,0.004674723277409921,0.0,1.2101884323692707,1.0,20.0,20000,2000,2000,20000,521
method_a,css,uniform,X,5,0.005119935018115628,0.0,1.2101884323692707,1.0,20.0,20000,2000,2000,20000,1004
method_a,css,uniform,X,5,0.005565146758821335,0.0,1.2101884323692707,1.0,20.0,20000,2000,2000,20000,1658
method_a,css,uniform,X,5,0.006010358499527042,0.0,1.2101884323692707,1.0,20.0,20000,2000,2000,18000,2246
method_a,css,uniform,Z,3,0.004879372680486556,0.06093336008551539,1.2951719899688428,1.0,20.0,20000,2000,2000,20000,1
method_a,css,uniform,Z,3,0.00596367772059468,0.06093336008551539,1.2951719899688428,1.0,20.0,20000,2000,2000,20000,3
method_a,css,uniform,Z,3,0.007047982760702802,0.06093336008551539,1.2951719899688428,1.0,20.0,20000,2000,2000,20000,17
method_a,css,uniform,Z,3,0.008132287800810925,0.06093336008551539,1.2951719899688428,1.0,20.0,20000,2000,2000,20000,36
method_a,css,uniform,Z,3,0.009216592840919049,0.06093336008551539,1.2951719899688428,1.0,20.0,20000,2000,2000,20000,68
method_a,css,uniform,Z,3,0.010300897881027173,0.06093336008551539,1.2951719899688428,1.0,20.0,20000,2000,2000,20000,131
method_a,css,uniform,Z,3,0.011385202921135297,0.06093336008551539,1.2951719899688428,1.0,20.0,20000,2000,2000,20000,197
method_a,css,uniform,Z,3,0.01246950796124342,0.06093336008551539,1.2951719899688428,1.0,20.0,20000,2000,2000,20000,352
method_a,css,uniform,Z,3,0.013553813001351542,0.06093336008551539,1.2951719899688428,1.0,20.0,20000,2000,2000,20000,510
method_a,css,uniform,Z,3,0.014638118041459666,0.06093336008551539,1.2951719899688428,1.0,20.0,20000,2000,2000,20000,715
method_a,css,uniform,Z,5,0.004879372680486556,0.06093336008551539,1.2951719899688428,1.0,20.0,20000,2000,2000,20000,0
method_a,css,uniform,Z,5,0.00596367772059468,0.06093336008551539,1.2951719899688428,1.0,20.0,20000,2000,2000,20000,2
method_a,css,uniform,Z,5,0.007047982760702802,0.06093336008551539,1.2951719899688428,1.0,20.0,20000,2000,2000,20000,3
method_a,css,uniform,Z,5,0.008132287800810925,0.06093336008551539,1.2951719899688428,1.0,20.0,20000,2000,2000,20000,9
method_a,css,uniform,Z,5,0.009216592840919049,0.06093336008551539,1.2951719899688428,1.0,20.0,20000,2000,2000,20000,37
method_a,css,uniform,Z,5,0.010300897881027173,0.06093336008551539,1.2951719899688428,1.0,20.0,20000,2000,2000,20000,106
method_a,css,uniform,Z,5,0.011385202921135297,0.06093336008551539,1.2951719899688428,1.0,20.0,20000,2000,2000,20000,227
method_a,css,uniform,Z,5,0.01246950796124342,0.06093336008551539,1.2951719899688428,1.0,20.0,20000,2000,2000,20000,458
method_a,css,uniform,Z,5,0.013553813001351542,0.06093336008551539,1.2951719899688428,1.0,20.0,20000,2000,2000,20000,818
method_a,css,uniform,Z,5,0.014638118041459666,0.06093336008551539,1.2951719899688428,1.0,20.0,20000,2000,2000,20000,1333
method_a,css,uniform,X,3,0.0019517490721946223,0.06093336008551539,1.2951719899688428,1.0,20.0,20000,2000,2000,20000,1
method_a,css,uniform,X,3,0.002385471088237872,0.06093336008551539,1.2951719899688428,1.0,20.0,20000,2000,2000,20000,8
method_a,css,uniform,X,3,0.002819193104281121,0.06093336008551539,1.2951719899688428,1.0,20.0,20000,2000,2000,20000,24
method_a,css,uniform,X,3,0.00325291512032437,0.06093336008551539,1.2951719899688428,1.0,20.0,20000,2000,2000,20000,54
method_a,css,uniform,X,3,0.00368663713636762,0.06093336008551539,1.2951719899688428,1.0,20.0,20000,2000,2000,20000,100
method_a,css,uniform,X,3,0.004120359152410869,0.06093336008551539,1.2951719899688428,1.0,20.0,20000,2000,2000,20000,174
method_a,css,uniform,X,3,0.0045540811684541185,0.06093336008551539,1.2951719899688428,1.0,20.0,20000,2000,2000,20000,257
method_a,css,uniform,X,3,0.004987803184497368,0.06093336008551539,1.2951719899688428,1.0,20.0,20000,2000,2000,20000,407
method_a,css,uniform,X,3,0.005421525200540617,0.06093336008551539,1.2951719899688428,1.0,20.0,20000,2000,2000,20000,635
method_a,css,uniform,X,3,0.005855247216583866,0.06093336008551539,1.2951719899688428,1.0,20.0,20000,2000,2000,20000,899
method_a,css,uniform,X,5,0.0019517490721946223,0.06093336008551539,1.2951719899688428,1.0,20.0,20000,2000,2000,20000,0
method_a,css,uniform,X,5,0.002385471088237872,0.06093336008551539,1.2951719899688428,1.0,20.0,20000,2000,2000,20000,0
method_a,css,uniform,X,5,0.002819193104281121,0.06093336008551539,1.2951719899688428,1.0,20.0,20000,2000,2000,20000,1
method_a,css,uniform,X,5,0.00325291512032437,0.06093336008551539,1.2951719899688428,1.0,20.0,20000,2000,2000,20000,14
method_a,css,uniform,X,5,0.00368663713636762,0.06093336008551539,1.2951719899688428,1.0,20.0,20000,2000,2000,20000,56
method_a,css,uniform,X,5,0.004120359152410869,0.06093336008551539,1.2951719899688428,1.0,20.0,20000,2000,2000,20000,129
method_a,css,uniform,X,5,0.0045540811684541185,0.06093336008551539,1.2951719899688428,1.0,20.0,20000,2000,2000,20000,310
method_a,css,uniform,X,5,0.004987803184497368,0.06093336008551539,1.2951719899688428,1.0,20.0,20000,2000,2000,20000,646
method_a,css,uniform,X,5,0.005421525200540617,0.06093336008551539,1.2951719899688428,1.0,20.0,20000,2000,2000,20000,1077
method_a,css,uniform,X,5,0.005855247216583866,0.06093336008551539,1.2951719899688428,1.0,20.0,20000,2000,2000,20000,1682
method_a,css,uniform,Z,3,0.004805948116432739,0.123969322282161,1.3844356639739863,1.0,20.0,20000,2000,2000,20000,1
method_a,css,uniform,Z,3,0.005873936586751126,0.123969322282161,1.3844356639739863,1.0,20.0,20000,2000,2000,20000,4
method_a,css,uniform,Z,3,0.006941925057069512,0.123969322282161,1.3844356639739863,1.0,20.0,20000,2000,2000,20000,9
method_a,css,uniform,Z,3,0.008009913527387898,0.123969322282161,1.3844356639739863,1.0,20.0,20000,2000,2000,20000,17
method_a,css,uniform,Z,3,0.009077901997706285,0.123969322282161,1.3844356639739863,1.0,20.0,20000,2000,2000,20000,33
method_a,css,uniform,Z,3,0.01014589046802467,0.123969322282161,1.3844356639739863,1.0,20.0,20000,2000,2000,20000,67
method_a,css,uniform,Z,3,0.011213878938343056,0.123969322282161,1.3844356639739863,1.0,20.0,20000,2000,2000,20000,91
method_a,css,uniform,Z,3,0.012281867408661443,0.123969322282161,1.3844356639739863,1.0,20.0,20000,2000,2000,20000,157
method_a,css,uniform,Z,3,0.01334985587897983,0.123969322282161,1.3844356639739863,1.0,20.0,20000,2000,2000,20000,232
method_a,css,uniform,Z,3,0.014417844349298218,0.123969322282161,1.3844356639739863,1.0,20.0,20000,2000,2000,20000,347
method_a,css,uniform,Z,5,0.004805948116432739,0.123969322282161,1.3844356639739863,1.0,20.0,20000,2000,2000,20000,0
method_a,css,uniform,Z,5,0.005873936586751126,0.123969322282161,1.3844356639739863,1.0,20.0,20000,2000,2000,20000,0
method_a,css,uniform,Z,5,0.006941925057069512,0.123969322282161,1.3844356639739863,1.0,20.0,20000,2000,2000,20000,0
method_a,css,uniform,Z,5,0.008009913527387898,0.123969322282161,1.3844356639739863,1.0,20.0,20000,2000,2000,20000,2
method_a,css,uniform,Z,5,0.009077901997706285,0.123969322282161,1.3844356639739863,1.0,20.0,20000,2000,2000,20000,8
method_a,css,uniform,Z,5,0.01014589046802467,0.123969322282161,1.3844356639739863,1.0,20.0,20000,2000,2000,20000,43
method_a,css,uniform,Z,5,0.011213878938343056,0.123969322282161,1.3844356639739863,1.0,20.0,20000,2000,2000,20000,73
method_a,css,uniform,Z,5,0.012281867408661443,0.123969322282161,1.3844356639739863,1.0,20.0,20000,2000,2000,20000,152
method_a,css,uniform,Z,5,0.01334985587897983,0.123969322282161,1.3844356639739863,1.0,20.0,20000,2000,2000,20000,257
method_a,css,uniform,Z,5,0.014417844349298218,0.123969322282161,1.3844356639739863,1.0,20.0,20000,2000,2000,20000,512
method_a,css,uniform,X,3,0.0019223792465730956,0.123969322282161,1.3844356639739863,1.0,20.0,20000,2000,2000,20000,2
method_a,css,uniform,X,3,0.0023495746347004503,0.123969322282161,1.3844356639739863,1.0,20.0,20000,2000,2000,20000,3
method_a,css,uniform,X,3,0.0027767700228278048,0.123969322282161,1.3844356639739863,1.0,20.0,20000,2000,2000,20000,14
method_a,css,uniform,X,3,0.0032039654109551593,0.123969322282161,1.3844356639739863,1.0,20.0,20000,2000,2000,20000,29
method_a,css,uniform,X,3,0.0036311607990825137,0.123969322282161,1.3844356639739863,1.0,20.0,20000,2000,2000,20000,57
method_a,css,uniform,X,3,0.004058356187209868,0.123969322282161,1.3844356639739863,1.0,20.0,20000,2000,2000,20000,100
method_a,css,uniform,X,3,0.004485551575337222,0.123969322282161,1.3844356639739863,1.0,20.0,20000,2000,2000,20000,181
method_a,css,uniform,X,3,0.004912746963464577,0.123969322282161,1.3844356639739863,1.0,20.0,20000,2000,2000,20000,287
method_a,css,uniform,X,3,0.005339942351591932,0.123969322282161,1.3844356639739863,1.0,20.0,20000,2000,2000,20000,420
method_a,css,uniform,X,3,0.005767137739719287,0.123969322282161,1.3844356639739863,1.0,20.0,20000,2000,2000,20000,585
method_a,css,uniform,X,5,0.0019223792465730956,0.123969322282161,1.3844356639739863,1.0,20.0,20000,2000,2000,20000,0
method_a,css,uniform,X,5,0.0023495746347004503,0.123969322282161,1.3844356639739863,1.0,20.0,20000,2000,2000,20000,0
method_a,css,uniform,X,5,0.0027767700228278048,0.123969322282161,1.3844356639739863,1.0,20.0,20000,2000,2000,20000,1
method_a,css,uniform,X,5,0.0032039654109551593,0.123969322282161,1.3844356639739863,1.0,20.0,20000,2000,2000,20000,13
method_a,css,uniform,X,5,0.0036311607990825137,0.123969322282161,1.3844356639739863,1.0,20.0,20000,2000,2000,20000,22
method_a,css,uniform,X,5,0.004058356187209868,0.123969322282161,1.3844356639739863,1.0,20.0,20000,2000,2000,20000,72
method_a,css,uniform,X,5,0.004485551575337222,0.123969322282161,1.3844356639739863,1.0,20.0,20000,2000,2000,20000,162
method_a,css,uniform,X,5,0.004912746963464577,0.123969322282161,1.3844356639739863,1.0,20.0,20000,2000,2000,20000,325
method_a,css,uniform,X,5,0.005339942351591932,0.123969322282161,1.3844356639739863,1.0,20.0,20000,2000,2000,20000,604
method_a,css,uniform,X,5,0.005767137739719287,0.123969322282161,1.3844356639739863,1.0,20.0,20000,2000,2000,20000,1101
method_a,css,uniform,Z,3,0.004790926212178851,0.1871501953749879,1.4767998808583636,1.0,20.0,20000,2000,2000,20000,0
method_a,css,uniform,Z,3,0.00585557648155193,0.1871501953749879,1.4767998808583636,1.0,20.0,20000,2000,2000,20000,1
method_a,css,uniform,Z,3,0.006920226750925007,0.1871501953749879,1.4767998808583636,1.0,20.0,20000,2000,2000,20000,3
method_a,css,uniform,Z,3,0.007984877020298084,0.1871501953749879,1.4767998808583636,1.0,20.0,20000,2000,2000,20000,9
method_a,css,uniform,Z,3,0.009049527289671162,0.1871501953749879,1.4767998808583636,1.0,20.0,20000,2000,2000,20000,14
method_a,css,uniform,Z,3,0.01011417755904424,0.1871501953749879,1.4767998808583636,1.0,20.0,20000,2000,2000,20000,24
method_a,css,uniform,Z,3,0.011178827828417316,0.1871501953749879,1.4767998808583636,1.0,20.0,20000,2000,2000,20000,39
method_a,css,uniform,Z,3,0.012243478097790396,0.1871501953749879,1.4767998808583636,1.0,20.0,20000,2000,2000,20000,50
method_a,css,uniform,Z,3,0.013308128367163476,0.1871501953749879,1.4767998808583636,1.0,20.0,20000,2000,2000,20000,95
method_a,css,uniform,Z,3,0.014372778636536554,0.1871501953749879,1.4767998808583636,1.0,20.0,20000,2000,2000,20000,156
method_a,css,uniform,Z,5,0.004790926212178851,0.1871501953749879,1.4767998808583636,1.0,20.0,20000,2000,2000,20000,0
method_a,css,uniform,Z,5,0.00585557648155193,0.1871501953749879,1.4767998808583636,1.0,20.0,20000,2000,2000,20000,0
method_a,css,uniform,Z,5,0.006920226750925007,0.1871501953749879,1.4767998808583636,1.0,20.0,20000,2000,2000,20000,1
method_a,css,uniform,Z,5,0.007984877020298084,0.1871501953749879,1.4767998808583636,1.0,20.0,20000,2000,2000,20000,0
method_a,css,uniform,Z,5,0.009049527289671162,0.1871501953749879,1.4767998808583636,1.0,20.0,20000,2000,2000,20000,2
method_a,css,uniform,Z,5,0.01011417755904424,0.1871501953749879,1.4767998808583636,1.0,20.0,20000,2000,2000,20000,4
method_a,css,uniform,Z,5,0.011178827828417316,0.1871501953749879,1.4767998808583636,1.0,20.0,20000,2000,2000,20000,16
method_a,css,uniform,Z,5,0.012243478097790396,0.1871501953749879,1.4767998808583636,1.0,20.0,20000,2000,2000,20000,29
method_a,css,uniform,Z,5,0.013308128367163476,0.1871501953749879,1.4767998808583636,1.0,20.0,20000,2000,2000,20000,95
method_a,css,uniform,Z,5,0.014372778636536554,0.1871501953749879,1.4767998808583636,1.0,20.0,20000,2000,2000,20000,128
method_a,css,uniform,X,3,0.0019163704848715404,0.1871501953749879,1.4767998808583636,1.0,20.0,20000,2000,2000,20000,0
method_a,css,uniform,X,3,0.0023422305926207717,0.1871501953749879,1.4767998808583636,1.0,20.0,20000,2000,2000,20000,2
method_a,css,uniform,X,3,0.002768090700370003,0.1871501953749879,1.4767998808583636,1.0,20.0,20000,2000,2000,20000,10
method_a,css,uniform,X,3,0.003193950808119234,0.1871501953749879,1.4767998808583636,1.0,20.0,20000,2000,2000,20000,19
method_a,css,uniform,X,3,0.003619810915868465,0.1871501953749879,1.4767998808583636,1.0,20.0,20000,2000,2000,20000,40
method_a,css,uniform,X,3,0.004045671023617696,0.1871501953749879,1.4767998808583636,1.0,20.0,20000,2000,2000,20000,75
method_a,css,uniform,X,3,0.004471531131366927,0.1871501953749879,1.4767998808583636,1.0,20.0,20000,2000,2000,20000,110
method_a,css,uniform,X,3,0.004897391239116158,0.1871501953749879,1.4767998808583636,1.0,20.0,20000,2000,2000,20000,194
method_a,css,uniform,X,3,0.00532325134686539,0.1871501953749879,1.4767998808583636,1.0,20.0,20000,2000,2000,20000,274
method_a,css,uniform,X,3,0.0057491114546146214,0.1871501953749879,1.4767998808583636,1.0,20.0,20000,2000,2000,20000,417
method_a,css,uniform,X,5,0.0019163704848715404,0.1871501953749879,1.4767998808583636,1.0,20.0,20000,2000,2000,20000,0
method_a,css,uniform,X,5,0.0023422305926207717,0.1871501953749879,1.4767998808583636,1.0,20.0,20000,2000,2000,20000,0
method_a,css,uniform,X,5,0.002768090700370003,0.1871501953749879,1.4767998808583636,1.0,20.0,20000,2000,2000,20000,1
method_a,css,uniform,X,5,0.003193950808119234,0.1871501953749879,1.4767998808583636,1.0,20.0,20000,2000,2000,20000,10
method_a,css,uniform,X,5,0.003619810915868465,0.1871501953749879,1.4767998808583636,1.0,20.0,20000,2000,2000,20000,14
method_a,css,uniform,X,5,0.004045671023617696,0.1871501953749879,1.4767998808583636,1.0,20.0,20000,2000,2000,20000,32
method_a,css,uniform,X,5,0.004471531131366927,0.1871501953749879,1.4767998808583636,1.0,20.0,20000,2000,2000,20000,96
method_a,css,uniform,X,5,0.004897391239116158,0.1871501953749879,1.4767998808583636,1.0,20.0,20000,2000,2000,20000,165
method_a,css,uniform,X,5,0.00532325134686539,0.1871501953749879,1.4767998808583636,1.0,20.0,20000,2000,2000,20000,329
method_a,css,uniform,X,5,0.0057491114546146214,0.1871501953749879,1.4767998808583636,1.0,20.0,20000,2000,2000,20000,595
method_a,css,uniform,Z,3,0.012087128425823365,0.24837139139354578,1.5707963267948966,1.0,20.0,20000,2000,2000,20000,14
method_a,css,uniform,Z,3,0.014773156964895225,0.24837139139354578,1.5707963267948966,1.0,20.0,20000,2000,2000,20000,39
method_a,css,uniform,Z,3,0.017459185503967085,0.24837139139354578,1.5707963267948966,1.0,20.0,20000,2000,2000,20000,107
method_a,css,uniform,Z,3,0.020145214043038942,0.24837139139354578,1.5707963267948966,1.0,20.0,20000,2000,2000,20000,226
method_a,css,uniform,Z,3,0.022831242582110802,0.24837139139354578,1.5707963267948966,1.0,20.0,20000,2000,2000,20000,385
method_a,css,uniform,Z,3,0.025517271121182662,0.24837139139354578,1.5707963267948966,1.0,20.0,20000,2000,2000,20000,626
method_a,css,uniform,Z,3,0.028203299660254522,0.24837139139354578,1.5707963267948966,1.0,20.0,20000,2000,2000,20000,926
method_a,css,uniform,Z,3,0.03088932819932638,0.24837139139354578,1.5707963267948966,1.0,20.0,20000,2000,2000,20000,1288
method_a,css,uniform,Z,3,0.033575356738398246,0.24837139139354578,1.5707963267948966,1.0,20.0,20000,2000,2000,20000,1772
method_a,css,uniform,Z,3,0.0362613852774701,0.24837139139354578,1.5707963267948966,1.0,20.0,20000,2000,2000,20000,2168
method_a,css,uniform,Z,5,0.012087128425823365,0.24837139139354578,1.5707963267948966,1.0,20.0,20000,2000,2000,20000,2
method_a,css,uniform,Z,5,0.014773156964895225,0.24837139139354578,1.5707963267948966,1.0,20.0,20000,2000,2000,20000,25
method_a,css,uniform,Z,5,0.017459185503967085,0.24837139139354578,1.5707963267948966,1.0,20.0,20000,2000,2000,20000,93
method_a,css,uniform,Z,5,0.020145214043038942,0.24837139139354578,1.5707963267948966,1.0,20.0,20000,2000,2000,20000,268
method_a,css,uniform,Z,5,0.022831242582110802,0.24837139139354578,1.5707963267948966,1.0,20.0,20000,2000,2000,20000,654
method_a,css,uniform,Z,5,0.025517271121182662,0.24837139139354578,1.5707963267948966,1.0,20.0,20000,2000,2000,20000,1310
method_a,css,uniform,Z,5,0.028203299660254522,0.24837139139354578,1.5707963267948966,1.0,20.0,20000,2000,2000,20000,2177
method_a,css,uniform,Z,5,0.03088932819932638,0.24837139139354578,1.5707963267948966,1.0,20.0,20000,2000,2000,14000,2316
method_a,css,uniform,Z,5,0.033575356738398246,0.24837139139354578,1.5707963267948966,1.0,20.0,20000,2000,2000,10000,2291
method_a,css,uniform,Z,5,0.0362613852774701,0.24837139139354578,1.5707963267948966,1.0,20.0,20000,2000,2000,8000,2343
method_a,css,uniform,X,3,0.0048348513703293464,0.24837139139354578,1.5707963267948966,1.0,20.0,20000,2000,2000,20000,104
method_a,css,uniform,X,3,0.0059092627859580905,0.24837139139354578,1.5707963267948966,1.0,20.0,20000,2000,2000,20000,288
method_a,css,uniform,X,3,0.0069836742015868345,0.24837139139354578,1.5707963267948966,1.0,20.0,20000,2000,2000,20000,636
method_a,css,uniform,X,3,0.008058085617215577,0.24837139139354578,1.5707963267948966,1.0,20.0,20000,2000,2000,20000,1200
method_a,css,uniform,X,3,0.00913249703284432,0.24837139139354578,1.5707963267948966,1.0,20.0,20000,2000,2000,20000,1875
method_a,css,uniform,X,3,0.010206908448473065,0.24837139139354578,1.5707963267948966,1.0,20.0,20000,2000,2000,16000,2278
method_a,css,uniform,X,3,0.011281319864101809,0.24837139139354578,1.5707963267948966,1.0,20.0,20000,2000,2000,12000,2267
method_a,css,uniform,X,3,0.012355731279730551,0.24837139139354578,1.5707963267948966,1.0,20.0,20000,2000,2000,10000,2324
method_a,css,uniform,X,3,0.013430142695359297,0.24837139139354578,1.5707963267948966,1.0,20.0,20000,2000,2000,8000,2265
method_a,css,uniform,X,3,0.014504554110988041,0.24837139139354578,1.5707963267948966,1.0,20.0,20000,2000,2000,8000,2679
method_a,css,uniform,X,5,0.0048348513703293464,0.24837139139354578,1.5707963267948966,1.0,20.0,20000,2000,2000,20000,64
method_a,css,uniform,X,5,0.0059092627859580905,0.24837139139354578,1.5707963267948966,1.0,20.0,20000,2000,2000,20000,356
method_a,css,uniform,X,5,0.0069836742015868345,0.24837139139354578,1.5707963267948966,1.0,20.0,20000,2000,2000,20000,1120
method_a,css,uniform,X,5,0.008058085617215577,0.24837139139354578,1.5707963267948966,1.0,20.0,20000,2000,2000,16000,2119
method_a,css,uniform,X,5,0.00913249703284432,0.24837139139354578,1.5707963267948966,1.0,20.0,20000,2000,2000,10000,2162
method_a,css,uniform,X,5,0.010206908448473065,0.24837139139354578,1.5707963267948966,1.0,20.0,20000,2000,2000,8000,2543
method_a,css,uniform,X,5,0.011281319864101809,0.24837139139354578,1.5707963267948966,1.0,20.0,20000,2000,2000,6000,2460
method_a,css,uniform,X,5,0.012355731279730551,0.24837139139354578,1.5707963267948966,1.0,20.0,20000,2000,2000,6000,2687
method_a,css,uniform,X,5,0.013430142695359297,0.24837139139354578,1.5707963267948966,1.0,20.0,20000,2000,2000,6000,2853
method_a,css,uniform,Z,3,0.005777870757972832,0.0,1.3393347044178405,1.0,20.0,20000,2000,2000,20000,1
method_a,css,uniform,Z,3,0.007061842037522351,0.0,1.3393347044178405,1.0,20.0,20000,2000,2000,20000,6
method_a,css,uniform,Z,3,0.00834581331707187,0.0,1.3393347044178405,1.0,20.0,20000,2000,2000,20000,7
method_a,css,uniform,Z,3,0.009629784596621387,0.0,1.3393347044178405,1.0,20.0,20000,2000,2000,20000,18
method_a,css,uniform,Z,3,0.010913755876170906,0.0,1.3393347044178405,1.0,20.0,20000,2000,2000,20000,43
method_a,css,uniform,Z,3,0.012197727155720425,0.0,1.3393347044178405,1.0,20.0,20000,2000,2000,20000,73
method_a,css,uniform,Z,3,0.013481698435269942,0.0,1.3393347044178405,1.0,20.0,20000,2000,2000,20000,122
method_a,css,uniform,Z,3,0.01476566971481946,0.0,1.3393347044178405,1.0,20.0,20000,2000,2000,20000,210
method_a,css,uniform,Z,3,0.01604964099436898,0.0,1.3393347044178405,1.0,20.0,20000,2000,2000,20000,257
method_a,css,uniform,Z,3,0.017333612273918497,0.0,1.3393347044178405,1.0,20.0,20000,2000,2000,20000,404
method_a,css,uniform,Z,5,0.005777870757972832,0.0,1.3393347044178405,1.0,20.0,20000,2000,2000,20000,0
method_a,css,uniform,Z,5,0.007061842037522351,0.0,1.3393347044178405,1.0,20.0,20000,2000,2000,20000,0
method_a,css,uniform,Z,5,0.00834581331707187,0.0,1.3393347044178405,1.0,20.0,20000,2000,2000,20000,3
method_a,css,uniform,Z,5,0.009629784596621387,0.0,1.3393347044178405,1.0,20.0,20000,2000,2000,20000,2
method_a,css,uniform,Z,5,0.010913755876170906,0.0,1.3393347044178405,1.0,20.0,20000,2000,2000,20000,12
method_a,css,uniform,Z,5,0.012197727155720425,0.0,1.3393347044178405,1.0,20.0,20000,2000,2000,20000,31
method_a,css,uniform,Z,5,0.013481698435269942,0.0,1.3393347044178405,1.0,20.0,20000,2000,2000,20000,86
method_a,css,uniform,Z,5,0.01476566971481946,0.0,1.3393347044178405,1.0,20.0,20000,2000,2000,20000,140
method_a,css,uniform,Z,5,0.01604964099436898,0.0,1.3393347044178405,1.0,20.0,20000,2000,2000,20000,326
method_a,css,uniform,Z,5,0.017333612273918497,0.0,1.3393347044178405,1.0,20.0,20000,2000,2000,20000,543
method_a,css,uniform,X,3,0.002311148303189133,0.0,1.3393347044178405,1.0,20.0,20000,2000,2000,20000,2
method_a,css,uniform,X,3,0.0028247368150089405,0.0,1.3393347044178405,1.0,20.0,20000,2000,2000,20000,16
method_a,css,uniform,X,3,0.0033383253268287477,0.0,1.3393347044178405,1.0,20.0,20000,2000,2000,20000,30
method_a,css,uniform,X,3,0.0038519138386485545,0.0,1.3393347044178405,1.0,20.0,20000,2000,2000,20000,79
method_a,css,uniform,X,3,0.004365502350468362,0.0,1.3393347044178405,1.0,20.0,20000,2000,2000,20000,127
method_a,css,uniform,X,3,0.00487909086228817,0.0,1.3393347044178405,1.0,20.0,20000,2000,2000,20000,244
method_a,css,uniform,X,3,0.005392679374107976,0.0,1.3393347044178405,1.0,20.0,20000,2000,2000,20000,373
method_a,css,uniform,X,3,0.005906267885927784,0.0,1.3393347044178405,1.0,20.0,20000,2000,2000,20000,584
method_a,css,uniform,X,3,0.006419856397747592,0.0,1.3393347044178405,1.0,20.0,20000,2000,2000,20000,862
method_a,css,uniform,X,3,0.006933444909567399,0.0,1.3393347044178405,1.0,20.0,20000,2000,2000,20000,1242
method_a,css,uniform,X,5,0.002311148303189133,0.0,1.3393347044178405,1.0,20.0,20000,2000,2000,20000,0
method_a,css,uniform,X,5,0.0028247368150089405,0.0,1.3393347044178405,1.0,20.0,20000,2000,2000,20000,1
method_a,css,uniform,X,5,0.0033383253268287477,0.0,1.3393347044178405,1.0,20.0,20000,2000,2000,20000,6
method_a,css,uniform,X,5,0.0038519138386485545,0.0,1.3393347044178405,1.0,20.0,20000,2000,2000,20000,20
method_a,css,uniform,X,5,0.004365502350468362,0.0,1.3393347044178405,1.0,20.0,20000,2000,2000,20000,91
method_a,css,uniform,X,5,0.00487909086228817,0.0,1.3393347044178405,1.0,20.0,20000,2000,2000,20000,248
method_a,css,uniform,X,5,0.005392679374107976,0.0,1.3393347044178405,1.0,20.0,20000,2000,2000,20000,491
method_a,css,uniform,X,5,0.005906267885927784,0.0,1.3393347044178405,1.0,20.0,20000,2000,2000,20000,1032
method_a,css,uniform,X,5,0.006419856397747592,0.0,1.3393347044178405,1.0,20.0,20000,2000,2000,20000,1678
method_a,css,uniform,X,5,0.006933444909567399,0.0,1.3393347044178405,1.0,20.0,20000,2000,2000,16000,2009
method_a,css,uniform,Z,3,0.014251332053246444,0.052147289207048975,1.4149467595582401,1.0,20.0,20000,2000,2000,20000,59
method_a,css,uniform,Z,3,0.017418294731745654,0.052147289207048975,1.4149467595582401,1.0,20.0,20000,2000,2000,20000,177
method_a,css,uniform,Z,3,0.020585257410244865,0.052147289207048975,1.4149467595582401,1.0,20.0,20000,2000,2000,20000,437
method_a,css,uniform,Z,3,0.023752220088744072,0.052147289207048975,1.4149467595582401,1.0,20.0,20000,2000,2000,20000,831
method_a,css,uniform,Z,3,0.026919182767243283,0.052147289207048975,1.4149467595582401,1.0,20.0,20000,2000,2000,20000,1393
method_a,css,uniform,Z,3,0.030086145445742493,0.052147289207048975,1.4149467595582401,1.0,20.0,20000,2000,2000,20000,2170
method_a,css,uniform,Z,3,0.0332531081242417,0.052147289207048975,1.4149467595582401,1.0,20.0,20000,2000,2000,14000,2053
method_a,css,uniform,Z,3,0.03642007080274091,0.052147289207048975,1.4149467595582401,1.0,20.0,20000,2000,2000,12000,2226
method_a,css,uniform,Z,3,0.039587033481240125,0.052147289207048975,1.4149467595582401,1.0,20.0,20000,2000,2000,10000,2410
method_a,css,uniform,Z,3,0.04275399615973932,0.052147289207048975,1.4149467595582401,1.0,20.0,20000,2000,2000,8000,2249
method_a,css,uniform,Z,5,0.014251332053246444,0.052147289207048975,1.4149467595582401,1.0,20.0,20000,2000,2000,20000,38
method_a,css,uniform,Z,5,0.017418294731745654,0.052147289207048975,1.4149467595582401,1.0,20.0,20000,2000,2000,20000,192
method_a,css,uniform,Z,5,0.020585257410244865,0.052147289207048975,1.4149467595582401,1.0,20.0,20000,2000,2000,20000,627
method_a,css,uniform,Z,5,0.023752220088744072,0.052147289207048975,1.4149467595582401,1.0,20.0,20000,2000,2000,20000,1671
method_a,css,uniform,Z,5,0.026919182767243283,0.052147289207048975,1.4149467595582401,1.0,20.0,20000,2000,2000,14000,2304
method_a,css,uniform,Z,5,0.030086145445742493,0.052147289207048975,1.4149467595582401,1.0,20.0,20000,2000,2000,10000,2418
method_a,css,uniform,Z,5,0.0332531081242417,0.052147289207048975,1.4149467595582401,1.0,20.0,20000,2000,2000,8000,2652
method_a,css,uniform,Z,5,0.03642007080274091,0.052147289207048975,1.4149467595582401,1.0,20.0,20000,2000,2000,6000,2377
method_a,css,uniform,Z,5,0.039587033481240125,0.052147289207048975,1.4149467595582401,1.0,20.0,20000,2000,2000,6000,2607
method_a,css,uniform,Z,5,0.04275399615973932,0.052147289207048975,1.4149467595582401,1.0,20.0,20000,2000,2000,6000,2813
method_a,css,uniform,X,3,0.002280213128519431,0.052147289207048975,1.4149467595582401,1.0,20.0,20000,2000,2000,20000,3
method_a,css,uniform,X,3,0.0027869271570793047,0.052147289207048975,1.4149467595582401,1.0,20.0,20000,2000,2000,20000,10
method_a,css,uniform,X,3,0.003293641185639178,0.052147289207048975,1.4149467595582401,1.0,20.0,20000,2000,2000,20000,21
method_a,css,uniform,X,3,0.0038003552141990513,0.052147289207048975,1.4149467595582401,1.0,20.0,20000,2000,2000,20000,47
method_a,css,uniform,X,3,0.004307069242758925,0.052147289207048975,1.4149467595582401,1.0,20.0,20000,2000,2000,20000,103
method_a,css,uniform,X,3,0.0048137832713187985,0.052147289207048975,1.4149467595582401,1.0,20.0,20000,2000,2000,20000,184
method_a,css,uniform,X,3,0.005320497299878672,0.052147289207048975,1.4149467595582401,1.0,20.0,20000,2000,2000,20000,296
method_a,css,uniform,X,3,0.005827211328438545,0.052147289207048975,1.4149467595582401,1.0,20.0,20000,2000,2000,20000,439
method_a,css,uniform,X,3,0.006333925356998419,0.052147289207048975,1.4149467595582401,1.0,20.0,20000,2000,2000,20000,668
method_a,css,uniform,X,3,0.006840639385558293,0.052147289207048975,1.4149467595582401,1.0,20.0,20000,2000,2000,20000,890
method_a,css,uniform,X,5,0.002280213128519431,0.052147289207048975,1.4149467595582401,1.0,20.0,20000,2000,2000,20000,1
method_a,css,uniform,X,5,0.0027869271570793047,0.052147289207048975,1.4149467595582401,1.0,20.0,20000,2000,2000,20000,2
method_a,css,uniform,X,5,0.003293641185639178,0.052147289207048975,1.4149467595582401,1.0,20.0,20000,2000,2000,20000,2
method_a,css,uniform,X,5,0.0038003552141990513,0.052147289207048975,1.4149467595582401,1.0,20.0,20000,2000,2000,20000,13
method_a,css,uniform,X,5,0.004307069242758925,0.052147289207048975,1.4149467595582401,1.0,20.0,20000,2000,2000,20000,40
method_a,css,uniform,X,5,0.0048137832713187985,0.052147289207048975,1.4149467595582401,1.0,20.0,20000,2000,2000,20000,129
method_a,css,uniform,X,5,0.005320497299878672,0.052147289207048975,1.4149467595582401,1.0,20.0,20000,2000,2000,20000,340
method_a,css,uniform,X,5,0.005827211328438545,0.052147289207048975,1.4149467595582401,1.0,20.0,20000,2000,2000,20000,587
method_a,css,uniform,X,5,0.006333925356998419,0.052147289207048975,1.4149467595582401,1.0,20.0,20000,2000,2000,20000,1087
method_a,css,uniform,X,5,0.006840639385558293,0.052147289207048975,1.4149467595582401,1.0,20.0,20000,2000,2000,20000,1787
method_a,css,uniform,Z,3,0.014180826740598833,0.10495822201390966,1.4923954766137841,1.0,20.0,20000,2000,2000,20000,32
method_a,css,uniform,Z,3,0.01733212157184302,0.10495822201390966,1.4923954766137841,1.0,20.0,20000,2000,2000,20000,72
method_a,css,uniform,Z,3,0.0204834164030872,0.10495822201390966,1.4923954766137841,1.0,20.0,20000,2000,2000,20000,164
method_a,css,uniform,Z,3,0.023634711234331383,0.10495822201390966,1.4923954766137841,1.0,20.0,20000,2000,2000,20000,336
method_a,css,uniform,Z,3,0.026786006065575574,0.10495822201390966,1.4923954766137841,1.0,20.0,20000,2000,2000,20000,566
method_a,css,uniform,Z,3,0.029937300896819757,0.10495822201390966,1.4923954766137841,1.0,20.0,20000,2000,2000,20000,897
method_a,css,uniform,Z,3,0.033088595728063934,0.10495822201390966,1.4923954766137841,1.0,20.0,20000,2000,2000,20000,1302
method_a,css,uniform,Z,3,0.036239890559308124,0.10495822201390966,1.4923954766137841,1.0,20.0,20000,2000,2000,20000,1861
method_a,css,uniform,Z,3,0.03939118539055231,0.10495822201390966,1.4923954766137841,1.0,20.0,20000,2000,2000,18000,2195
method_a,css,uniform,Z,3,0.0425424802217965,0.10495822201390966,1.4923954766137841,1.0,20.0,20000,2000,2000,14000,2156
method_a,css,uniform,Z,5,0.014180826740598833,0.10495822201390966,1.4923954766137841,1.0,20.0,20000,2000,2000,20000,6
method_a,css,uniform,Z,5,0.01733212157184302,0.10495822201390966,1.4923954766137841,1.0,20.0,20000,2000,2000,20000,35
method_a,css,uniform,Z,5,0.0204834164030872,0.10495822201390966,1.4923954766137841,1.0,20.0,20000,2000,2000,20000,144
method_a,css,uniform,Z,5,0.023634711234331383,0.10495822201390966,1.4923954766137841,1.0,20.0,20000,2000,2000,20000,423
method_a,css,uniform,Z,5,0.026786006065575574,0.10495822201390966,1.4923954766137841,1.0,20.0,20000,2000,2000,20000,1005
method_a,css,uniform,Z,5,0.029937300896819757,0.10495822201390966,1.4923954766137841,1.0,20.0,20000,2000,2000,20000,2012
method_a,css,uniform,Z,5,0.033088595728063934,0.10495822201390966,1.4923954766137841,1.0,20.0,20000,2000,2000,14000,2137
method_a,css,uniform,Z,5,0.036239890559308124,0.10495822201390966,1.4923954766137841,1.0,20.0,20000,2000,2000,10000,2265
method_a,css,uniform,Z,5,0.03939118539055231,0.10495822201390966,1.4923954766137841,1.0,20.0,20000,2000,2000,8000,2363
method_a,css,uniform,Z,5,0.0425424802217965,0.10495822201390966,1.4923954766137841,1.0,20.0,20000,2000,2000,6000,2103
method_a,css,uniform,X,3,0.002268932278495813,0.10495822201390966,1.4923954766137841,1.0,20.0,20000,2000,2000,20000,3
method_a,css,uniform,X,3,0.002773139451494883,0.10495822201390966,1.4923954766137841,1.0,20.0,20000,2000,2000,20000,3
method_a,css,uniform,X,3,0.003277346624493952,0.10495822201390966,1.4923954766137841,1.0,20.0,20000,2000,2000,20000,9
method_a,css,uniform,X,3,0.0037815537974930217,0.10495822201390966,1.4923954766137841,1.0,20.0,20000,2000,2000,20000,29
method_a,css,uniform,X,3,0.004285760970492092,0.10495822201390966,1.4923954766137841,1.0,20.0,20000,2000,2000,20000,55
method_a,css,uniform,X,3,0.004789968143491161,0.10495822201390966,1.4923954766137841,1.0,20.0,20000,2000,2000,20000,111
method_a,css,uniform,X,3,0.00529417531649023,0.10495822201390966,1.4923954766137841,1.0,20.0,20000,2000,2000,20000,191
method_a,css,uniform,X,3,0.0057983824894893,0.10495822201390966,1.4923954766137841,1.0,20.0,20000,2000,2000,20000,302
method_a,css,uniform,X,3,0.00630258966248837,0.10495822201390966,1.4923954766137841,1.0,20.0,20000,2000,2000,20000,414
method_a,css,uniform,X,3,0.00680679683548744,0.10495822201390966,1.4923954766137841,1.0,20.0,20000,2000,2000,20000,649
method_a,css,uniform,X,5,0.002268932278495813,0.10495822201390966,1.4923954766137841,1.0,20.0,20000,2000,2000,20000,0
method_a,css,uniform,X,5,0.002773139451494883,0.10495822201390966,1.4923954766137841,1.0,20.0,20000,2000,2000,20000,1
method_a,css,uniform,X,5,0.003277346624493952,0.10495822201390966,1.4923954766137841,1.0,20.0,20000,2000,2000,20000,3
method_a,css,uniform,X,5,0.0037815537974930217,0.10495822201390966,1.4923954766137841,1.0,20.0,20000,2000,2000,20000,8
method_a,css,uniform,X,5,0.004285760970492092,0.10495822201390966,1.4923954766137841,1.0,20.0,20000,2000,2000,20000,28
method_a,css,uniform,X,5,0.004789968143491161,0.10495822201390966,1.4923954766137841,1.0,20.0,20000,2000,2000,20000,72
method_a,css,uniform,X,5,0.00529417531649023,0.10495822201390966,1.4923954766137841,1.0,20.0,20000,2000,2000,20000,150
method_a,css,uniform,X,5,0.0057983824894893,0.10495822201390966,1.4923954766137841,1.0,20.0,20000,2000,2000,20000,328
method_a,css,uniform,X,5,0.00630258966248837,0.10495822201390966,1.4923954766137841,1.0,20.0,20000,2000,2000,20000,654
method_a,css,uniform,X,5,0.00680679683548744,0.10495822201390966,1.4923954766137841,1.0,20.0,20000,2000,2000,20000,1079
method_a,css,uniform,Z,3,0.014234986331709798,0.1571971470269273,1.5707963267948966,1.0,20.0,20000,2000,2000,20000,4
method_a,css,uniform,Z,3,0.01739831662764531,0.1571971470269273,1.5707963267948966,1.0,20.0,20000,2000,2000,20000,17
method_a,css,uniform,Z,3,0.02056164692358082,0.1571971470269273,1.5707963267948966,1.0,20.0,20000,2000,2000,20000,45
method_a,css,uniform,Z,3,0.02372497721951633,0.1571971470269273,1.5707963267948966,1.0,20.0,20000,2000,2000,20000,104
method_a,css,uniform,Z,3,0.02688830751545184,0.1571971470269273,1.5707963267948966,1.0,20.0,20000,2000,2000,20000,160
method_a,css,uniform,Z,3,0.030051637811387352,0.1571971470269273,1.5707963267948966,1.0,20.0,20000,2000,2000,20000,262
method_a,css,uniform,Z,3,0.033214968107322856,0.1571971470269273,1.5707963267948966,1.0,20.0,20000,2000,2000,20000,384
method_a,css,uniform,Z,3,0.036378298403258374,0.1571971470269273,1.5707963267948966,1.0,20.0,20000,2000,2000,20000,590
method_a,css,uniform,Z,3,0.03954162869919388,0.1571971470269273,1.5707963267948966,1.0,20.0,20000,2000,2000,20000,812
method_a,css,uniform,Z,3,0.0427049589951294,0.1571971470269273,1.5707963267948966,1.0,20.0,20000,2000,2000,20000,1143
method_a,css,uniform,Z,5,0.014234986331709798,0.1571971470269273,1.5707963267948966,1.0,20.0,20000,2000,2000,20000,0
method_a,css,uniform,Z,5,0.01739831662764531,0.1571971470269273,1.5707963267948966,1.0,20.0,20000,2000,2000,20000,2
method_a,css,uniform,Z,5,0.02056164692358082,0.1571971470269273,1.5707963267948966,1.0,20.0,20000,2000,2000,20000,21
method_a,css,uniform,Z,5,0.02372497721951633,0.1571971470269273,1.5707963267948966,1.0,20.0,20000,2000,2000,20000,33
method_a,css,uniform,Z,5,0.02688830751545184,0.1571971470269273,1.5707963267948966,1.0,20.0,20000,2000,2000,20000,142
method_a,css,uniform,Z,5,0.030051637811387352,0.1571971470269273,1.5707963267948966,1.0,20.0,20000,2000,2000,20000,361
method_a,css,uniform,Z,5,0.033214968107322856,0.1571971470269273,1.5707963267948966,1.0,20.0,20000,2000,2000,20000,681
method_a,css,uniform,Z,5,0.036378298403258374,0.1571971470269273,1.5707963267948966,1.0,20.0,20000,2000,2000,20000,1181
method_a,css,uniform,Z,5,0.03954162869919388,0.1571971470269273,1.5707963267948966,1.0,20.0,20000,2000,2000,20000,1781
method_a,css,uniform,Z,5,0.0427049589951294,0.1571971470269273,1.5707963267948966,1.0,20.0,20000,2000,2000,16000,2180
method_a,css,uniform,X,3,0.002277597813073568,0.1571971470269273,1.5707963267948966,1.0,20.0,20000,2000,2000,20000,1
method_a,css,uniform,X,3,0.00278373066042325,0.1571971470269273,1.5707963267948966,1.0,20.0,20000,2000,2000,20000,0
method_a,css,uniform,X,3,0.0032898635077729314,0.1571971470269273,1.5707963267948966,1.0,20.0,20000,2000,2000,20000,8
method_a,css,uniform,X,3,0.0037959963551226126,0.1571971470269273,1.5707963267948966,1.0,20.0,20000,2000,2000,20000,19
method_a,css,uniform,X,3,0.004302129202472295,0.1571971470269273,1.5707963267948966,1.0,20.0,20000,2000,2000,20000,35
method_a,css,uniform,X,3,0.004808262049821976,0.1571971470269273,1.5707963267948966,1.0,20.0,20000,2000,2000,20000,78
method_a,css,uniform,X,3,0.005314394897171657,0.1571971470269273,1.5707963267948966,1.0,20.0,20000,2000,2000,20000,139
method_a,css,uniform,X,3,0.005820527744521339,0.1571971470269273,1.5707963267948966,1.0,20.0,20000,2000,2000,20000,197
method_a,css,uniform,X,3,0.006326660591871021,0.1571971470269273,1.5707963267948966,1.0,20.0,20000,2000,2000,20000,296
method_a,css,uniform,X,3,0.006832793439220703,0.1571971470269273,1.5707963267948966,1.0,20.0,20000,2000,2000,20000,450
method_a,css,uniform,X,5,0.002277597813073568,0.1571971470269273,1.5707963267948966,1.0,20.0,20000,2000,2000,20000,0
method_a,css,uniform,X,5,0.00278373066042325,0.1571971470269273,1.5707963267948966,1.0,20.0,20000,2000,2000,20000,0
method_a,css,uniform,X,5,0.0032898635077729314,0.1571971470269273,1.5707963267948966,1.0,20.0,20000,2000,2000,20000,0
method_a,css,uniform,X,5,0.0037959963551226126,0.1571971470269273,1.5707963267948966,1.0,20.0,20000,2000,2000,20000,4
method_a,css,uniform,X,5,0.004302129202472295,0.1571971470269273,1.5707963267948966,1.0,20.0,20000,2000,2000,20000,13
method_a,css,uniform,X,5,0.004808262049821976,0.1571971470269273,1.5707963267948966,1.0,20.0,20000,2000,2000,20000,22
method_a,css,uniform,X,5,0.005314394897171657,0.1571971470269273,1.5707963267948966,1.0,20.0,20000,2000,2000,20000,70
method_a,css,uniform,X,5,0.005820527744521339,0.1571971470269273,1.5707963267948966,1.0,20.0,20000,2000,2000,20000,163
method_a,css,uniform,X,5,0.006326660591871021,0.1571971470269273,1.5707963267948966,1.0,20.0,20000,2000,2000,20000,338
method_a,css,uniform,X,5,0.006832793439220703,0.1571971470269273,1.5707963267948966,1.0,20.0,20000,2000,2000,20000,606
method_a,css,uniform,Z,3,0.016550800930487344,0.0,1.4369243291644107,1.0,20.0,20000,2000,2000,20000,25
method_a,css,uniform,Z,3,0.020228756692817866,0.0,1.4369243291644107,1.0,20.0,20000,2000,2000,20000,102
method_a,css,uniform,Z,3,0.023906712455148384,0.0,1.4369243291644107,1.0,20.0,20000,2000,2000,20000,206
method_a,css,uniform,Z,3,0.027584668217478903,0.0,1.4369243291644107,1.0,20.0,20000,2000,2000,20000,400
method_a,css,uniform,Z,3,0.03126262397980943,0.0,1.4369243291644107,1.0,20.0,20000,2000,2000,20000,705
method_a,css,uniform,Z,3,0.034940579742139946,0.0,1.4369243291644107,1.0,20.0,20000,2000,2000,20000,1213
method_a,css,uniform,Z,3,0.03861853550447047,0.0,1.4369243291644107,1.0,20.0,20000,2000,2000,20000,1676
method_a,css,uniform,Z,3,0.04229649126680099,0.0,1.4369243291644107,1.0,20.0,20000,2000,2000,18000,2194
method_a,css,uniform,Z,3,0.04597444702913151,0.0,1.4369243291644107,1.0,20.0,20000,2000,2000,14000,2186
method_a,css,uniform,Z,3,0.049652402791462026,0.0,1.4369243291644107,1.0,20.0,20000,2000,2000,10000,2015
method_a,css,uniform,Z,5,0.016550800930487344,0.0,1.4369243291644107,1.0,20.0,20000,2000,2000,20000,2
method_a,css,uniform,Z,5,0.020228756692817866,0.0,1.4369243291644107,1.0,20.0,20000,2000,2000,20000,40
method_a,css,uniform,Z,5,0.023906712455148384,0.0,1.4369243291644107,1.0,20.0,20000,2000,2000,20000,151
method_a,css,uniform,Z,5,0.027584668217478903,0.0,1.4369243291644107,1.0,20.0,20000,2000,2000,20000,499
method_a,css,uniform,Z,5,0.03126262397980943,0.0,1.4369243291644107,1.0,20.0,20000,2000,2000,20000,1276
method_a,css,uniform,Z,5,0.034940579742139946,0.0,1.4369243291644107,1.0,20.0,20000,2000,2000,18000,2160
method_a,css,uniform,Z,5,0.03861853550447047,0.0,1.4369243291644107,1.0,20.0,20000,2000,2000,12000,2328
method_a,css,uniform,Z,5,0.04229649126680099,0.0,1.4369243291644107,1.0,20.0,20000,2000,2000,8000,2186
method_a,css,uniform,Z,5,0.04597444702913151,0.0,1.4369243291644107,1.0,20.0,20000,2000,2000,6000,2034
method_a,css,uniform,Z,5,0.049652402791462026,0.0,1.4369243291644107,1.0,20.0,20000,2000,2000,6000,2408
method_a,css,uniform,X,3,0.002648128148877975,0.0,1.4369243291644107,1.0,20.0,20000,2000,2000,20000,4
method_a,css,uniform,X,3,0.0032366010708508586,0.0,1.4369243291644107,1.0,20.0,20000,2000,2000,20000,10
method_a,css,uniform,X,3,0.0038250739928237416,0.0,1.4369243291644107,1.0,20.0,20000,2000,2000,20000,36
method_a,css,uniform,X,3,0.004413546914796625,0.0,1.4369243291644107,1.0,20.0,20000,2000,2000,20000,65
method_a,css,uniform,X,3,0.005002019836769509,0.0,1.4369243291644107,1.0,20.0,20000,2000,2000,20000,134
method_a,css,uniform,X,3,0.005590492758742392,0.0,1.4369243291644107,1.0,20.0,20000,2000,2000,20000,257
method_a,css,uniform,X,3,0.006178965680715275,0.0,1.4369243291644107,1.0,20.0,20000,2000,2000,20000,398
method_a,css,uniform,X,3,0.006767438602688158,0.0,1.4369243291644107,1.0,20.0,20000,2000,2000,20000,594
method_a,css,uniform,X,3,0.007355911524661042,0.0,1.4369243291644107,1.0,20.0,20000,2000,2000,20000,907
method_a,css,uniform,X,3,0.007944384446633925,0.0,1.4369243291644107,1.0,20.0,20000,2000,2000,20000,1261
method_a,css,uniform,X,5,0.002648128148877975,0.0,1.4369243291644107,1.0,20.0,20000,2000,2000,20000,0
method_a,css,uniform,X,5,0.0032366010708508586,0.0,1.4369243291644107,1.0,20.0,20000,2000,2000,20000,1
method_a,css,uniform,X,5,0.0038250739928237416,0.0,1.4369243291644107,1.0,20.0,20000,2000,2000,20000,12
method_a,css,uniform,X,5,0.004413546914796625,0.0,1.4369243291644107,1.0,20.0,20000,2000,2000,20000,27
method_a,css,uniform,X,5,0.005002019836769509,0.0,1.4369243291644107,1.0,20.0,20000,2000,2000,20000,104
method_a,css,uniform,X,5,0.005590492758742392,0.0,1.4369243291644107,1.0,20.0,20000,2000,2000,20000,250
method_a,css,uniform,X,5,0.006178965680715275,0.0,1.4369243291644107,1.0,20.0,20000,2000,2000,20000,506
method_a,css,uniform,X,5,0.006767438602688158,0.0,1.4369243291644107,1.0,20.0,20000,2000,2000,20000,1008
method_a,css,uniform,X,5,0.007355911524661042,0.0,1.4369243291644107,1.0,20.0,20000,2000,2000,20000,1718
method_a,css,uniform,X,5,0.007944384446633925,0.0,1.4369243291644107,1.0,20.0,20000,2000,2000,16000,2095
method_a,css,uniform,Z,3,0.016456633791460472,0.04515407303687933,1.5035590779532408,1.0,20.0,20000,2000,2000,20000,4
method_a,css,uniform,Z,3,0.020113663522896133,0.04515407303687933,1.5035590779532408,1.0,20.0,20000,2000,2000,20000,24
method_a,css,uniform,Z,3,0.023770693254331794,0.04515407303687933,1.5035590779532408,1.0,20.0,20000,2000,2000,20000,46
method_a,css,uniform,Z,3,0.02742772298576745,0.04515407303687933,1.5035590779532408,1.0,20.0,20000,2000,2000,20000,89
method_a,css,uniform,Z,3,0.031084752717203117,0.04515407303687933,1.5035590779532408,1.0,20.0,20000,2000,2000,20000,201
method_a,css,uniform,Z,3,0.03474178244863877,0.04515407303687933,1.5035590779532408,1.0,20.0,20000,2000,2000,20000,366
method_a,css,uniform,Z,3,0.038398812180074425,0.04515407303687933,1.5035590779532408,1.0,20.0,20000,2000,2000,20000,605
method_a,css,uniform,Z,3,0.04205584191151009,0.04515407303687933,1.5035590779532408,1.0,20.0,20000,2000,2000,20000,865
method_a,css,uniform,Z,3,0.045712871642945754,0.04515407303687933,1.5035590779532408,1.0,20.0,20000,2000,2000,20000,1216
method_a,css,uniform,Z,3,0.04936990137438141,0.04515407303687933,1.5035590779532408,1.0,20.0,20000,2000,2000,20000,1735
method_a,css,uniform,Z,5,0.016456633791460472,0.04515407303687933,1.5035590779532408,1.0,20.0,20000,2000,2000,20000,0
method_a,css,uniform,Z,5,0.020113663522896133,0.04515407303687933,1.5035590779532408,1.0,20.0,20000,2000,2000,20000,10
method_a,css,uniform,Z,5,0.023770693254331794,0.04515407303687933,1.5035590779532408,1.0,20.0,20000,2000,2000,20000,20
method_a,css,uniform,Z,5,0.02742772298576745,0.04515407303687933,1.5035590779532408,1.0,20.0,20000,2000,2000,20000,77
method_a,css,uniform,Z,5,0.031084752717203117,0.04515407303687933,1.5035590779532408,1.0,20.0,20000,2000,2000,20000,243
method_a,css,uniform,Z,5,0.03474178244863877,0.04515407303687933,1.5035590779532408,1.0,20.0,20000,2000,2000,20000,544
method_a,css,uniform,Z,5,0.038398812180074425,0.04515407303687933,1.5035590779532408,1.0,20.0,20000,2000,2000,20000,1102
method_a,css,uniform,Z,5,0.04205584191151009,0.04515407303687933,1.5035590779532408,1.0,20.0,20000,2000,2000,20000,1910
method_a,css,uniform,Z,5,0.045712871642945754,0.04515407303687933,1.5035590779532408,1.0,20.0,20000,2000,2000,16000,2264
method_a,css,uniform,Z,5,0.04936990137438141,0.04515407303687933,1.5035590779532408,1.0,20.0,20000,2000,2000,12000,2332
method_a,css,uniform,X,3,0.0026330614066336754,0.04515407303687933,1.5035590779532408,1.0,20.0,20000,2000,2000,20000,4
method_a,css,uniform,X,3,0.0032181861636633815,0.04515407303687933,1.5035590779532408,1.0,20.0,20000,2000,2000,20000,5
method_a,css,uniform,X,3,0.0038033109206930867,0.04515407303687933,1.5035590779532408,1.0,20.0,20000,2000,2000,20000,18
method_a,css,uniform,X,3,0.004388435677722792,0.04515407303687933,1.5035590779532408,1.0,20.0,20000,2000,2000,20000,43
method_a,css,uniform,X,3,0.004973560434752498,0.04515407303687933,1.5035590779532408,1.0,20.0,20000,2000,2000,20000,96
method_a,css,uniform,X,3,0.005558685191782204,0.04515407303687933,1.5035590779532408,1.0,20.0,20000,2000,2000,20000,174
method_a,css,uniform,X,3,0.0061438099488119085,0.04515407303687933,1.5035590779532408,1.0,20.0,20000,2000,2000,20000,267
method_a,css,uniform,X,3,0.006728934705841614,0.04515407303687933,1.5035590779532408,1.0,20.0,20000,2000,2000,20000,494
method_a,css,uniform,X,3,0.007314059462871321,0.04515407303687933,1.5035590779532408,1.0,20.0,20000,2000,2000,20000,645
method_a,css,uniform,X,3,0.007899184219901026,0.04515407303687933,1.5035590779532408,1.0,20.0,20000,2000,2000,20000,887
method_a,css,uniform,X,5,0.0026330614066336754,0.04515407303687933,1.5035590779532408,1.0,20.0,20000,2000,2000,20000,0
method_a,css,uniform,X,5,0.0032181861636633815,0.04515407303687933,1.5035590779532408,1.0,20.0,20000,2000,2000,20000,1
method_a,css,uniform,X,5,0.0038033109206930867,0.04515407303687933,1.5035590779532408,1.0,20.0,20000,2000,2000,20000,2
method_a,css,uniform,X,5,0.004388435677722792,0.04515407303687933,1.5035590779532408,1.0,20.0,20000,2000,2000,20000,22
method_a,css,uniform,X,5,0.004973560434752498,0.04515407303687933,1.5035590779532408,1.0,20.0,20000,2000,2000,20000,52
method_a,css,uniform,X,5,0.005558685191782204,0.04515407303687933,1.5035590779532408,1.0,20.0,20000,2000,2000,20000,119
method_a,css,uniform,X,5,0.0061438099488119085,0.04515407303687933,1.5035590779532408,1.0,20.0,20000,2000,2000,20000,308
method_a,css,uniform,X,5,0.006728934705841614,0.04515407303687933,1.5035590779532408,1.0,20.0,20000,2000,2000,20000,554
method_a,css,uniform,X,5,0.007314059462871321,0.04515407303687933,1.5035590779532408,1.0,20.0,20000,2000,2000,20000,1117
method_a,css,uniform,X,5,0.007899184219901026,0.04515407303687933,1.5035590779532408,1.0,20.0,20000,2000,2000,20000,1730
method_a,css,uniform,Z,3,0.0164698569245135,0.09032776236185598,1.5707963267948966,1.0,20.0,20000,2000,2000,20000,1
method_a,css,uniform,Z,3,0.020129825129960942,0.09032776236185598,1.5707963267948966,1.0,20.0,20000,2000,2000,20000,4
method_a,css,uniform,Z,3,0.02378979333540839,0.09032776236185598,1.5707963267948966,1.0,20.0,20000,2000,2000,20000,4
method_a,css,uniform,Z,3,0.027449761540855825,0.09032776236185598,1.5707963267948966,1.0,20.0,20000,2000,2000,20000,25
method_a,css,uniform,Z,3,0.031109729746303275,0.09032776236185598,1.5707963267948966,1.0,20.0,20000,2000,2000,20000,46
method_a,css,uniform,Z,3,0.03476969795175072,0.09032776236185598,1.5707963267948966,1.0,20.0,20000,2000,2000,20000,69
method_a,css,uniform,Z,3,0.03842966615719816,0.09032776236185598,1.5707963267948966,1.0,20.0,20000,2000,2000,20000,117
method_a,css,uniform,Z,3,0.04208963436264561,0.09032776236185598,1.5707963267948966,1.0,20.0,20000,2000,2000,20000,180
method_a,css,uniform,Z,3,0.04574960256809305,0.09032776236185598,1.5707963267948966,1.0,20.0,20000,2000,2000,20000,269
method_a,css,uniform,Z,3,0.049409570773540495,0.09032776236185598,1.5707963267948966,1.0,20.0,20000,2000,2000,20000,376
method_a,css,uniform,Z,5,0.0164698569245135,0.09032776236185598,1.5707963267948966,1.0,20.0,20000,2000,2000,20000,0
method_a,css,uniform,Z,5,0.020129825129960942,0.09032776236185598,1.5707963267948966,1.0,20.0,20000,2000,2000,20000,3
method_a,css,uniform,Z,5,0.02378979333540839,0.09032776236185598,1.5707963267948966,1.0,20.0,20000,2000,2000,20000,0
method_a,css,uniform,Z,5,0.027449761540855825,0.09032776236185598,1.5707963267948966,1.0,20.0,20000,2000,2000,20000,2
method_a,css,uniform,Z,5,0.031109729746303275,0.09032776236185598,1.5707963267948966,1.0,20.0,20000,2000,2000,20000,10
method_a,css,uniform,Z,5,0.03476969795175072,0.09032776236185598,1.5707963267948966,1.0,20.0,20000,2000,2000,20000,24
method_a,css,uniform,Z,5,0.03842966615719816,0.09032776236185598,1.5707963267948966,1.0,20.0,20000,2000,2000,20000,79
method_a,css,uniform,Z,5,0.04208963436264561,0.09032776236185598,1.5707963267948966,1.0,20.0,20000,2000,2000,20000,205
method_a,css,uniform,Z,5,0.04574960256809305,0.09032776236185598,1.5707963267948966,1.0,20.0,20000,2000,2000,20000,349
method_a,css,uniform,Z,5,0.049409570773540495,0.09032776236185598,1.5707963267948966,1.0,20.0,20000,2000,2000,20000,606
method_a,css,uniform,X,3,0.0026351771079221598,0.09032776236185598,1.5707963267948966,1.0,20.0,20000,2000,2000,20000,2
method_a,css,uniform,X,3,0.003220772020793751,0.09032776236185598,1.5707963267948966,1.0,20.0,20000,2000,2000,20000,4
method_a,css,uniform,X,3,0.003806366933665342,0.09032776236185598,1.5707963267948966,1.0,20.0,20000,2000,2000,20000,16
method_a,css,uniform,X,3,0.004391961846536932,0.09032776236185598,1.5707963267948966,1.0,20.0,20000,2000,2000,20000,44
method_a,css,uniform,X,3,0.004977556759408524,0.09032776236185598,1.5707963267948966,1.0,20.0,20000,2000,2000,20000,55
method_a,css,uniform,X,3,0.005563151672280115,0.09032776236185598,1.5707963267948966,1.0,20.0,20000,2000,2000,20000,109
method_a,css,uniform,X,3,0.006148746585151705,0.09032776236185598,1.5707963267948966,1.0,20.0,20000,2000,2000,20000,195
method_a,css,uniform,X,3,0.006734341498023297,0.09032776236185598,1.5707963267948966,1.0,20.0,20000,2000,2000,20000,275
method_a,css,uniform,X,3,0.0073199364108948875,0.09032776236185598,1.5707963267948966,1.0,20.0,20000,2000,2000,20000,477
method_a,css,uniform,X,3,0.00790553132376648,0.09032776236185598,1.5707963267948966,1.0,20.0,20000,2000,2000,20000,709
method_a,css,uniform,X,5,0.0026351771079221598,0.09032776236185598,1.5707963267948966,1.0,20.0,20000,2000,2000,20000,0
method_a,css,uniform,X,5,0.003220772020793751,0.09032776236185598,1.5707963267948966,1.0,20.0,20000,2000,2000,20000,0
method_a,css,uniform,X,5,0.003806366933665342,0.09032776236185598,1.5707963267948966,1.0,20.0,20000,2000,2000,20000,2
method_a,css,uniform,X,5,0.004391961846536932,0.09032776236185598,1.5707963267948966,1.0,20.0,20000,2000,2000,20000,8
method_a,css,uniform,X,5,0.004977556759408524,0.09032776236185598,1.5707963267948966,1.0,20.0,20000,2000,2000,20000,21
method_a,css,uniform,X,5,0.005563151672280115,0.09032776236185598,1.5707963267948966,1.0,20.0,20000,2000,2000,20000,67
method_a,css,uniform,X,5,0.006148746585151705,0.09032776236185598,1.5707963267948966,1.0,20.0,20000,2000,2000,20000,157
method_a,css,uniform,X,5,0.006734341498023297,0.09032776236185598,1.5707963267948966,1.0,20.0,20000,2000,2000,20000,338
method_a,css,uniform,X,5,0.0073199364108948875,0.09032776236185598,1.5707963267948966,1.0,20.0,20000,2000,2000,20000,654
method_a,css,uniform,X,5,0.00790553132376648,0.09032776236185598,1.5707963267948966,1.0,20.0,20000,2000,2000,20000,1057
method_a,css,uniform,Z,3,0.018778469943367522,0.0,1.511942960491173,1.0,20.0,20000,2000,2000,20000,2
method_a,css,uniform,Z,3,0.022951463264115866,0.0,1.511942960491173,1.0,20.0,20000,2000,2000,20000,5
method_a,css,uniform,Z,3,0.027124456584864197,0.0,1.511942960491173,1.0,20.0,20000,2000,2000,20000,11
method_a,css,uniform,Z,3,0.031297449905612534,0.0,1.511942960491173,1.0,20.0,20000,2000,2000,20000,27
method_a,css,uniform,Z,3,0.03547044322636088,0.0,1.511942960491173,1.0,20.0,20000,2000,2000,20000,49
method_a,css,uniform,Z,3,0.03964343654710921,0.0,1.511942960491173,1.0,20.0,20000,2000,2000,20000,100
method_a,css,uniform,Z,3,0.04381642986785755,0.0,1.511942960491173,1.0,20.0,20000,2000,2000,20000,183
method_a,css,uniform,Z,3,0.047989423188605884,0.0,1.511942960491173,1.0,20.0,20000,2000,2000,20000,261
method_a,css,uniform,Z,3,0.05216241650935423,0.0,1.511942960491173,1.0,20.0,20000,2000,2000,20000,428
method_a,css,uniform,Z,3,0.056335409830102566,0.0,1.511942960491173,1.0,20.0,20000,2000,2000,20000,562
method_a,css,uniform,Z,5,0.018778469943367522,0.0,1.511942960491173,1.0,20.0,20000,2000,2000,20000,0
method_a,css,uniform,Z,5,0.022951463264115866,0.0,1.511942960491173,1.0,20.0,20000,2000,2000,20000,0
method_a,css,uniform,Z,5,0.027124456584864197,0.0,1.511942960491173,1.0,20.0,20000,2000,2000,20000,1
method_a,css,uniform,Z,5,0.031297449905612534,0.0,1.511942960491173,1.0,20.0,20000,2000,2000,20000,6
method_a,css,uniform,Z,5,0.03547044322636088,0.0,1.511942960491173,1.0,20.0,20000,2000,2000,20000,18
method_a,css,uniform,Z,5,0.03964343654710921,0.0,1.511942960491173,1.0,20.0,20000,2000,2000,20000,52
method_a,css,uniform,Z,5,0.04381642986785755,0.0,1.511942960491173,1.0,20.0,20000,2000,2000,20000,131
method_a,css,uniform,Z,5,0.047989423188605884,0.0,1.511942960491173,1.0,20.0,20000,2000,2000,20000,283
method_a,css,uniform,Z,5,0.05216241650935423,0.0,1.511942960491173,1.0,20.0,20000,2000,2000,20000,548
method_a,css,uniform,Z,5,0.056335409830102566,0.0,1.511942960491173,1.0,20.0,20000,2000,2000,20000,905
method_a,css,uniform,X,3,0.0030045551909388037,0.0,1.511942960491173,1.0,20.0,20000,2000,2000,20000,5
method_a,css,uniform,X,3,0.0036722341222585383,0.0,1.511942960491173,1.0,20.0,20000,2000,2000,20000,11
method_a,css,uniform,X,3,0.004339913053578272,0.0,1.511942960491173,1.0,20.0,20000,2000,2000,20000,28
method_a,css,uniform,X,3,0.005007591984898006,0.0,1.511942960491173,1.0,20.0,20000,2000,2000,20000,67
method_a,css,uniform,X,3,0.00567527091621774,0.0,1.511942960491173,1.0,20.0,20000,2000,2000,20000,158
method_a,css,uniform,X,3,0.006342949847537475,0.0,1.511942960491173,1.0,20.0,20000,2000,2000,20000,254
method_a,css,uniform,X,3,0.0070106287788572075,0.0,1.511942960491173,1.0,20.0,20000,2000,2000,20000,394
method_a,css,uniform,X,3,0.007678307710176942,0.0,1.511942960491173,1.0,20.0,20000,2000,2000,20000,645
method_a,css,uniform,X,3,0.008345986641496677,0.0,1.511942960491173,1.0,20.0,20000,2000,2000,20000,865
method_a,css,uniform,X,3,0.009013665572816411,0.0,1.511942960491173,1.0,20.0,20000,2000,2000,20000,1251
method_a,css,uniform,X,5,0.0030045551909388037,0.0,1.511942960491173,1.0,20.0,20000,2000,2000,20000,0
method_a,css,uniform,X,5,0.0036722341222585383,0.0,1.511942960491173,1.0,20.0,20000,2000,2000,20000,1
method_a,css,uniform,X,5,0.004339913053578272,0.0,1.511942960491173,1.0,20.0,20000,2000,2000,20000,11
method_a,css,uniform,X,5,0.005007591984898006,0.0,1.511942960491173,1.0,20.0,20000,2000,2000,20000,28
method_a,css,uniform,X,5,0.00567527091621774,0.0,1.511942960491173,1.0,20.0,20000,2000,2000,20000,110
method_a,css,uniform,X,5,0.006342949847537475,0.0,1.511942960491173,1.0,20.0,20000,2000,2000,20000,262
method_a,css,uniform,X,5,0.0070106287788572075,0.0,1.511942960491173,1.0,20.0,20000,2000,2000,20000,520
method_a,css,uniform,X,5,0.007678307710176942,0.0,1.511942960491173,1.0,20.0,20000,2000,2000,20000,983
method_a,css,uniform,X,5,0.008345986641496677,0.0,1.511942960491173,1.0,20.0,20000,2000,2000,20000,1665
method_a,css,uniform,X,5,0.009013665572816411,0.0,1.511942960491173,1.0,20.0,20000,2000,2000,16000,2064
method_a,css,uniform,Z,3,0.04690167423266257,0.03960550486188382,1.5707963267948966,1.0,20.0,20000,2000,2000,20000,21
method_a,css,uniform,Z,3,0.05732426850658758,0.03960550486188382,1.5707963267948966,1.0,20.0,20000,2000,2000,20000,73
method_a,css,uniform,Z,3,0.06774686278051259,0.03960550486188382,1.5707963267948966,1.0,20.0,20000,2000,2000,20000,176
method_a,css,uniform,Z,3,0.07816945705443759,0.03960550486188382,1.5707963267948966,1.0,20.0,20000,2000,2000,20000,315
method_a,css,uniform,Z,3,0.08859205132836262,0.03960550486188382,1.5707963267948966,1.0,20.0,20000,2000,2000,20000,569
method_a,css,uniform,Z,3,0.09901464560228765,0.03960550486188382,1.5707963267948966,1.0,20.0,20000,2000,2000,20000,967
method_a,css,uniform,Z,3,0.10943723987621264,0.03960550486188382,1.5707963267948966,1.0,20.0,20000,2000,2000,20000,1283
method_a,css,uniform,Z,3,0.11985983415013765,0.03960550486188382,1.5707963267948966,1.0,20.0,20000,2000,2000,20000,1882
method_a,css,uniform,Z,3,0.13028242842406268,0.03960550486188382,1.5707963267948966,1.0,20.0,20000,2000,2000,18000,2135
method_a,css,uniform,Z,3,0.14070502269798768,0.03960550486188382,1.5707963267948966,1.0,20.0,20000,2000,2000,14000,2206
method_a,css,uniform,Z,5,0.04690167423266257,0.03960550486188382,1.5707963267948966,1.0,20.0,20000,2000,2000,20000,10
method_a,css,uniform,Z,5,0.05732426850658758,0.03960550486188382,1.5707963267948966,1.0,20.0,20000,2000,2000,20000,34
method_a,css,uniform,Z,5,0.06774686278051259,0.03960550486188382,1.5707963267948966,1.0,20.0,20000,2000,2000,20000,167
method_a,css,uniform,Z,5,0.07816945705443759,0.03960550486188382,1.5707963267948966,1.0,20.0,20000,2000,2000,20000,481
method_a,css,uniform,Z,5,0.08859205132836262,0.03960550486188382,1.5707963267948966,1.0,20.0,20000,2000,2000,20000,978
method_a,css,uniform,Z,5,0.09901464560228765,0.03960550486188382,1.5707963267948966,1.0,20.0,20000,2000,2000,20000,2016
method_a,css,uniform,Z,5,0.10943723987621264,0.03960550486188382,1.5707963267948966,1.0,20.0,20000,2000,2000,14000,2209
method_a,css,uniform,Z,5,0.11985983415013765,0.03960550486188382,1.5707963267948966,1.0,20.0,20000,2000,2000,10000,2273
method_a,css,uniform,Z,5,0.13028242842406268,0.03960550486188382,1.5707963267948966,1.0,20.0,20000,2000,2000,8000,2369
method_a,css,uniform,Z,5,0.14070502269798768,0.03960550486188382,1.5707963267948966,1.0,20.0,20000,2000,2000,6000,2168
method_a,css,uniform,X,3,0.003001707150890404,0.03960550486188382,1.5707963267948966,1.0,20.0,20000,2000,2000,20000,7
method_a,css,uniform,X,3,0.0036687531844216054,0.03960550486188382,1.5707963267948966,1.0,20.0,20000,2000,2000,20000,11
method_a,css,uniform,X,3,0.0043357992179528055,0.03960550486188382,1.5707963267948966,1.0,20.0,20000,2000,2000,20000,23
method_a,css,uniform,X,3,0.005002845251484006,0.03960550486188382,1.5707963267948966,1.0,20.0,20000,2000,2000,20000,56
method_a,css,uniform,X,3,0.0056698912850152074,0.03960550486188382,1.5707963267948966,1.0,20.0,20000,2000,2000,20000,97
method_a,css,uniform,X,3,0.006336937318546409,0.03960550486188382,1.5707963267948966,1.0,20.0,20000,2000,2000,20000,196
method_a,css,uniform,X,3,0.0070039833520776085,0.03960550486188382,1.5707963267948966,1.0,20.0,20000,2000,2000,20000,294
method_a,css,uniform,X,3,0.00767102938560881,0.03960550486188382,1.5707963267948966,1.0,20.0,20000,2000,2000,20000,438
method_a,css,uniform,X,3,0.008338075419140011,0.03960550486188382,1.5707963267948966,1.0,20.0,20000,2000,2000,20000,626
method_a,css,uniform,X,3,0.009005121452671213,0.03960550486188382,1.5707963267948966,1.0,20.0,20000,2000,2000,20000,882
method_a,css,uniform,X,5,0.003001707150890404,0.03960550486188382,1.5707963267948966,1.0,20.0,20000,2000,2000,20000,0
method_a,css,uniform,X,5,0.0036687531844216054,0.03960550486188382,1.5707963267948966,1.0,20.0,20000,2000,2000,20000,0
method_a,css,uniform,X,5,0.0043357992179528055,0.03960550486188382,1.5707963267948966,1.0,20.0,20000,2000,2000,20000,6
method_a,css,uniform,X,5,0.005002845251484006,0.03960550486188382,1.5707963267948966,1.0,20.0,20000,2000,2000,20000,13
method_a,css,uniform,X,5,0.0056698912850152074,0.03960550486188382,1.5707963267948966,1.0,20.0,20000,2000,2000,20000,42
method_a,css,uniform,X,5,0.006336937318546409,0.03960550486188382,1.5707963267948966,1.0,20.0,20000,2000,2000,20000,139
method_a,css,uniform,X,5,0.0070039833520776085,0.03960550486188382,1.5707963267948966,1.0,20.0,20000,2000,2000,20000,284
method_a,css,uniform,X,5,0.00767102938560881,0.03960550486188382,1.5707963267948966,1.0,20.0,20000,2000,2000,20000,624
method_a,css,uniform,X,5,0.008338075419140011,0.03960550486188382,1.5707963267948966,1.0,20.0,20000,2000,2000,20000,1084
method_a,css,uniform,X,5,0.009005121452671213,0.03960550486188382,1.5707963267948966,1.0,20.0,20000,2000,2000,20000,1786
method_a,css,uniform,Z,3,0.0527230059200319,0.0,1.5707963267948966,1.0,20.0,20000,2000,2000,20000,1
method_a,css,uniform,Z,3,0.06443922945781679,0.0,1.5707963267948966,1.0,20.0,20000,2000,2000,20000,2
method_a,css,uniform,Z,3,0.07615545299560164,0.0,1.5707963267948966,1.0,20.0,20000,2000,2000,20000,5
method_a,css,uniform,Z,3,0.08787167653338648,0.0,1.5707963267948966,1.0,20.0,20000,2000,2000,20000,3
method_a,css,uniform,Z,3,0.09958790007117135,0.0,1.5707963267948966,1.0,20.0,20000,2000,2000,20000,16
method_a,css,uniform,Z,3,0.11130412360895624,0.0,1.5707963267948966,1.0,20.0,20000,2000,2000,20000,32
method_a,css,uniform,Z,3,0.12302034714674108,0.0,1.5707963267948966,1.0,20.0,20000,2000,2000,20000,82
method_a,css,uniform,Z,3,0.13473657068452594,0.0,1.5707963267948966,1.0,20.0,20000,2000,2000,20000,125
method_a,css,uniform,Z,3,0.1464527942223108,0.0,1.5707963267948966,1.0,20.0,20000,2000,2000,20000,204
method_a,css,uniform,Z,3,0.1581690177600957,0.0,1.5707963267948966,1.0,20.0,20000,2000,2000,20000,280
method_a,css,uniform,Z,5,0.0527230059200319,0.0,1.5707963267948966,1.0,20.0,20000,2000,2000,20000,0
method_a,css,uniform,Z,5,0.06443922945781679,0.0,1.5707963267948966,1.0,20.0,20000,2000,2000,20000,0
method_a,css,uniform,Z,5,0.07615545299560164,0.0,1.5707963267948966,1.0,20.0,20000,2000,2000,20000,0
method_a,css,uniform,Z,5,0.08787167653338648,0.0,1.5707963267948966,1.0,20.0,20000,2000,2000,20000,0
method_a,css,uniform,Z,5,0.09958790007117135,0.0,1.5707963267948966,1.0,20.0,20000,2000,2000,20000,6
method_a,css,uniform,Z,5,0.11130412360895624,0.0,1.5707963267948966,1.0,20.0,20000,2000,2000,20000,15
method_a,css,uniform,Z,5,0.12302034714674108,0.0,1.5707963267948966,1.0,20.0,20000,2000,2000,20000,26
method_a,css,uniform,Z,5,0.13473657068452594,0.0,1.5707963267948966,1.0,20.0,20000,2000,2000,20000,53
method_a,css,uniform,Z,5,0.1464527942223108,0.0,1.5707963267948966,1.0,20.0,20000,2000,2000,20000,144
method_a,css,uniform,Z,5,0.1581690177600957,0.0,1.5707963267948966,1.0,20.0,20000,2000,2000,20000,302
method_a,css,uniform,X,3,0.0033742723788820414,0.0,1.5707963267948966,1.0,20.0,20000,2000,2000,20000,7
method_a,css,uniform,X,3,0.004124110685300273,0.0,1.5707963267948966,1.0,20.0,20000,2000,2000,20000,10
method_a,css,uniform,X,3,0.0048739489917185045,0.0,1.5707963267948966,1.0,20.0,20000,2000,2000,20000,28
method_a,css,uniform,X,3,0.005623787298136735,0.0,1.5707963267948966,1.0,20.0,20000,2000,2000,20000,77
method_a,css,uniform,X,3,0.006373625604554967,0.0,1.5707963267948966,1.0,20.0,20000,2000,2000,20000,157
method_a,css,uniform,X,3,0.007123463910973199,0.0,1.5707963267948966,1.0,20.0,20000,2000,2000,20000,264
method_a,css,uniform,X,3,0.007873302217391428,0.0,1.5707963267948966,1.0,20.0,20000,2000,2000,20000,423
method_a,css,uniform,X,3,0.00862314052380966,0.0,1.5707963267948966,1.0,20.0,20000,2000,2000,20000,637
method_a,css,uniform,X,3,0.009372978830227892,0.0,1.5707963267948966,1.0,20.0,20000,2000,2000,20000,870
method_a,css,uniform,X,3,0.010122817136646124,0.0,1.5707963267948966,1.0,20.0,20000,2000,2000,20000,1205
method_a,css,uniform,X,5,0.0033742723788820414,0.0,1.5707963267948966,1.0,20.0,20000,2000,2000,20000,0
method_a,css,uniform,X,5,0.004124110685300273,0.0,1.5707963267948966,1.0,20.0,20000,2000,2000,20000,1
method_a,css,uniform,X,5,0.0048739489917185045,0.0,1.5707963267948966,1.0,20.0,20000,2000,2000,20000,12
method_a,css,uniform,X,5,0.005623787298136735,0.0,1.5707963267948966,1.0,20.0,20000,2000,2000,20000,27
method_a,css,uniform,X,5,0.006373625604554967,0.0,1.5707963267948966,1.0,20.0,20000,2000,2000,20000,76
method_a,css,uniform,X,5,0.007123463910973199,0.0,1.5707963267948966,1.0,20.0,20000,2000,2000,20000,230
method_a,css,uniform,X,5,0.007873302217391428,0.0,1.5707963267948966,1.0,20.0,20000,2000,2000,20000,536
method_a,css,uniform,X,5,0.00862314052380966,0.0,1.5707963267948966,1.0,20.0,20000,2000,2000,20000,1038
method_a,css,uniform,X,5,0.009372978830227892,0.0,1.5707963267948966,1.0,20.0,20000,2000,2000,20000,1722
method_a,css,uniform,X,5,0.010122817136646124,0.0,1.5707963267948966,1.0,20.0,20000,2000,2000,16000,2074
method_a,css,uniform,Z,3,0.011045382774519729,0.0,0.0,0.01,20.0,20000,2000,2000,20000,0
method_a,css,uniform,Z,3,0.022090765549039458,0.0,0.0,0.01,20.0,20000,2000,2000,20000,0
method_a,css,uniform,Z,3,0.033136148323559184,0.0,0.0,0.01,20.0,20000,2000,2000,20000,0
method_a,css,uniform,Z,3,0.044181531098078916,0.0,0.0,0.01,20.0,20000,2000,2000,20000,0
method_a,css,uniform,Z,3,0.05522691387259865,0.0,0.0,0.01,20.0,20000,2000,2000,20000,0
method_a,css,uniform,Z,3,0.06627229664711837,0.0,0.0,0.01,20.0,20000,2000,2000,20000,0
method_a,css,uniform,Z,3,0.07731767942163807,0.0,0.0,0.01,20.0,20000,2000,2000,20000,0
method_a,css,uniform,Z,3,0.08836306219615783,0.0,0.0,0.01,20.0,20000,2000,2000,20000,1
method_a,css,uniform,Z,3,0.09940844497067755,0.0,0.0,0.01,20.0,20000,2000,2000,20000,3
method_a,css,uniform,Z,5,0.011045382774519729,0.0,0.0,0.01,20.0,20000,2000,2000,20000,0
method_a,css,uniform,Z,5,0.022090765549039458,0.0,0.0,0.01,20.0,20000,2000,2000,20000,0
method_a,css,uniform,Z,5,0.033136148323559184,0.0,0.0,0.01,20.0,20000,2000,2000,20000,0
method_a,css,uniform,Z,5,0.044181531098078916,0.0,0.0,0.01,20.0,20000,2000,2000,20000,0
method_a,css,uniform,Z,5,0.05522691387259865,0.0,0.0,0.01,20.0,20000,2000,2000,20000,0
method_a,css,uniform,Z,5,0.06627229664711837,0.0,0.0,0.01,20.0,20000,2000,2000,20000,0
method_a,css,uniform,Z,5,0.07731767942163807,0.0,0.0,0.01,20.0,20000,2000,2000,20000,0
method_a,css,uniform,Z,5,0.08836306219615783,0.0,0.0,0.01,20.0,20000,2000,2000,20000,0
method_a,css,uniform,Z,5,0.09940844497067755,0.0,0.0,0.01,20.0,20000,2000,2000,20000,3
method_a,css,uniform,X,3,0.0017672612439231564,0.0,0.0,0.01,20.0,20000,2000,2000,20000,0
method_a,css,uniform,X,3,0.003534522487846313,0.0,0.0,0.01,20.0,20000,2000,2000,20000,0
method_a,css,uniform,X,3,0.005301783731769469,0.0,0.0,0.01,20.0,20000,2000,2000,20000,1
method_a,css,uniform,X,3,0.007069044975692626,0.0,0.0,0.01,20.0,20000,2000,2000,20000,4
method_a,css,uniform,X,3,0.008836306219615783,0.0,0.0,0.01,20.0,20000,2000,2000,20000,14
method_a,css,uniform,X,3,0.010603567463538938,0.0,0.0,0.01,20.0,20000,2000,2000,20000,58
method_a,css,uniform,X,3,0.012370828707462093,0.0,0.0,0.01,20.0,20000,2000,2000,20000,122
method_a,css,uniform,X,3,0.014138089951385251,0.0,0.0,0.01,20.0,20000,2000,2000,20000,224
method_a,css,uniform,X,3,0.01590535119530841,0.0,0.0,0.01,20.0,20000,2000,2000,20000,363
method_a,css,uniform,X,5,0.0017672612439231564,0.0,0.0,0.01,20.0,20000,2000,2000,20000,0
method_a,css,uniform,X,5,0.003534522487846313,0.0,0.0,0.01,20.0,20000,2000,2000,20000,0
method_a,css,uniform,X,5,0.005301783731769469,0.0,0.0,0.01,20.0,20000,2000,2000,20000,0
method_a,css,uniform,X,5,0.007069044975692626,0.0,0.0,0.01,20.0,20000,2000,2000,20000,0
method_a,css,uniform,X,5,0.008836306219615783,0.0,0.0,0.01,20.0,20000,2000,2000,20000,11
method_a,css,uniform,X,5,0.010603567463538938,0.0,0.0,0.01,20.0,20000,2000,2000,20000,38
method_a,css,uniform,X,5,0.012370828707462093,0.0,0.0,0.01,20.0,20000,2000,2000,20000,176
method_a,css,uniform,X,5,0.014138089951385251,0.0,0.0,0.01,20.0,20000,2000,2000,20000,448
method_a,css,uniform,X,5,0.01590535119530841,0.0,0.0,0.01,20.0,20000,2000,2000,20000,953
method_a,css,uniform,Z,3,0.011045382774519729,0.0,0.0,0.03162277660168379,20.0,20000,2000,2000,20000,0
method_a,css,uniform,Z,3,0.022090765549039458,0.0,0.0,0.03162277660168379,20.0,20000,2000,2000,20000,2
method_a,css,uniform,Z,3,0.033136148323559184,0.0,0.0,0.03162277660168379,20.0,20000,2000,2000,20000,7
method_a,css,uniform,Z,3,0.044181531098078916,0.0,0.0,0.03162277660168379,20.0,20000,2000,2000,20000,31
method_a,css,uniform,Z,3,0.05522691387259865,0.0,0.0,0.03162277660168379,20.0,20000,2000,2000,20000,106
method_a,css,uniform,Z,3,0.06627229664711837,0.0,0.0,0.03162277660168379,20.0,20000,2000,2000,20000,295
method_a,css,uniform,Z,3,0.07731767942163807,0.0,0.0,0.03162277660168379,20.0,20000,2000,2000,20000,548
method_a,css,uniform,Z,3,0.08836306219615783,0.0,0.0,0.03162277660168379,20.0,20000,2000,2000,20000,1010
method_a,css,uniform,Z,3,0.09940844497067755,0.0,0.0,0.03162277660168379,20.0,20000,2000,2000,20000,1722
method_a,css,uniform,Z,5,0.011045382774519729,0.0,0.0,0.03162277660168379,20.0,20000,2000,2000,20000,0
method_a,css,uniform,Z,5,0.022090765549039458,0.0,0.0,0.03162277660168379,20.0,20000,2000,2000,20000,0
method_a,css,uniform,Z,5,0.033136148323559184,0.0,0.0,0.03162277660168379,20.0,20000,2000,2000,20000,0
method_a,css,uniform,Z,5,0.044181531098078916,0.0,0.0,0.03162277660168379,20.0,20000,2000,2000,20000,10
method_a,css,uniform,Z,5,0.05522691387259865,0.0,0.0,0.03162277660168379,20.0,20000,2000,2000,20000,70
method_a,css,uniform,Z,5,0.06627229664711837,0.0,0.0,0.03162277660168379,20.0,20000,2000,2000,20000,297
method_a,css,uniform,Z,5,0.07731767942163807,0.0,0.0,0.03162277660168379,20.0,20000,2000,2000,20000,893
method_a,css,uniform,Z,5,0.08836306219615783,0.0,0.0,0.03162277660168379,20.0,20000,2000,2000,20000,2094
method_a,css,uniform,Z,5,0.09940844497067755,0.0,0.0,0.03162277660168379,20.0,20000,2000,2000,12000,2210
method_a,css,uniform,X,3,0.0017672612439231564,0.0,0.0,0.03162277660168379,20.0,20000,2000,2000,20000,0
method_a,css,uniform,X,3,0.003534522487846313,0.0,0.0,0.03162277660168379,20.0,20000,2000,2000,20000,0
method_a,css,uniform,X,3,0.005301783731769469,0.0,0.0,0.03162277660168379,20.0,20000,2000,2000,20000,2
method_a,css,uniform,X,3,0.007069044975692626,0.0,0.0,0.03162277660168379,20.0,20000,2000,2000,20000,5
method_a,css,uniform,X,3,0.008836306219615783,0.0,0.0,0.03162277660168379,20.0,20000,2000,2000,20000,36
method_a,css,uniform,X,3,0.010603567463538938,0.0,0.0,0.03162277660168379,20.0,20000,2000,2000,20000,97
method_a,css,uniform,X,3,0.012370828707462093,0.0,0.0,0.03162277660168379,20.0,20000,2000,2000,20000,209
method_a,css,uniform,X,3,0.014138089951385251,0.0,0.0,0.03162277660168379,20.0,20000,2000,2000,20000,439
method_a,css,uniform,X,3,0.01590535119530841,0.0,0.0,0.03162277660168379,20.0,20000,2000,2000,20000,675
method_a,css,uniform,X,5,0.0017672612439231564,0.0,0.0,0.03162277660168379,20.0,20000,2000,2000,20000,0
method_a,css,uniform,X,5,0.003534522487846313,0.0,0.0,0.03162277660168379,20.0,20000,2000,2000,20000,0
method_a,css,uniform,X,5,0.005301783731769469,0.0,0.0,0.03162277660168379,20.0,20000,2000,2000,20000,1
method_a,css,uniform,X,5,0.007069044975692626,0.0,0.0,0.03162277660168379,20.0,20000,2000,2000,20000,0
method_a,css,uniform,X,5,0.008836306219615783,0.0,0.0,0.03162277660168379,20.0,20000,2000,2000,20000,22
method_a,css,uniform,X,5,0.010603567463538938,0.0,0.0,0.03162277660168379,20.0,20000,2000,2000,20000,108
method_a,css,uniform,X,5,0.012370828707462093,0.0,0.0,0.03162277660168379,20.0,20000,2000,2000,20000,385
method_a,css,uniform,X,5,0.014138089951385251,0.0,0.0,0.03162277660168379,20.0,20000,2000,2000,20000,976
method_a,css,uniform,X,5,0.01590535119530841,0.0,0.0,0.03162277660168379,20.0,20000,2000,2000,20000,1866
method_a,css,uniform,Z,3,0.004418153109807891,0.0,0.0,0.1,20.0,20000,2000,2000,20000,0
method_a,css,uniform,Z,3,0.008836306219615783,0.0,0.0,0.1,20.0,20000,2000,2000,20000,1
method_a,css,uniform,Z,3,0.013254459329423672,0.0,0.0,0.1,20.0,20000,2000,2000,20000,19
method_a,css,uniform,Z,3,0.017672612439231565,0.0,0.0,0.1,20.0,20000,2000,2000,20000,79
method_a,css,uniform,Z,3,0.022090765549039458,0.0,0.0,0.1,20.0,20000,2000,2000,20000,282
method_a,css,uniform,Z,3,0.026508918658847344,0.0,0.0,0.1,20.0,20000,2000,2000,20000,626
method_a,css,uniform,Z,3,0.03092707176865523,0.0,0.0,0.1,20.0,20000,2000,2000,20000,1229
method_a,css,uniform,Z,3,0.03534522487846313,0.0,0.0,0.1,20.0,20000,2000,2000,20000,1978
method_a,css,uniform,Z,3,0.03976337798827102,0.0,0.0,0.1,20.0,20000,2000,2000,14000,2068
method_a,css,uniform,Z,5,0.004418153109807891,0.0,0.0,0.1,20.0,20000,2000,2000,20000,0
method_a,css,uniform,Z,5,0.008836306219615783,0.0,0.0,0.1,20.0,20000,2000,2000,20000,0
method_a,css,uniform,Z,5,0.013254459329423672,0.0,0.0,0.1,20.0,20000,2000,2000,20000,2
method_a,css,uniform,Z,5,0.017672612439231565,0.0,0.0,0.1,20.0,20000,2000,2000,20000,32
method_a,css,uniform,Z,5,0.022090765549039458,0.0,0.0,0.1,20.0,20000,2000,2000,20000,243
method_a,css,uniform,Z,5,0.026508918658847344,0.0,0.0,0.1,20.0,20000,2000,2000,20000,1049
method_a,css,uniform,Z,5,0.03092707176865523,0.0,0.0,0.1,20.0,20000,2000,2000,16000,2130
method_a,css,uniform,Z,5,0.03534522487846313,0.0,0.0,0.1,20.0,20000,2000,2000,10000,2340
method_a,css,uniform,Z,5,0.03976337798827102,0.0,0.0,0.1,20.0,20000,2000,2000,6000,2016
method_a,css,uniform,X,3,0.0017672612439231564,0.0,0.0,0.1,20.0,20000,2000,2000,20000,0
method_a,css,uniform,X,3,0.003534522487846313,0.0,0.0,0.1,20.0,20000,2000,2000,20000,0
method_a,css,uniform,X,3,0.005301783731769469,0.0,0.0,0.1,20.0,20000,2000,2000,20000,10
method_a,css,uniform,X,3,0.007069044975692626,0.0,0.0,0.1,20.0,20000,2000,2000,20000,60
method_a,css,uniform,X,3,0.008836306219615783,0.0,0.0,0.1,20.0,20000,2000,2000,20000,162
method_a,css,uniform,X,3,0.010603567463538938,0.0,0.0,0.1,20.0,20000,2000,2000,20000,478
method_a,css,uniform,X,3,0.012370828707462093,0.0,0.0,0.1,20.0,20000,2000,2000,20000,885
method_a,css,uniform,X,3,0.014138089951385251,0.0,0.0,0.1,20.0,20000,2000,2000,20000,1460
method_a,css,uniform,X,3,0.01590535119530841,0.0,0.0,0.1,20.0,20000,2000,2000,18000,2007
method_a,css,uniform,X,5,0.0017672612439231564,0.0,0.0,0.1,20.0,20000,2000,2000,20000,0
method_a,css,uniform,X,5,0.003534522487846313,0.0,0.0,0.1,20.0,20000,2000,2000,20000,0
method_a,css,uniform,X,5,0.005301783731769469,0.0,0.0,0.1,20.0,20000,2000,2000,20000,4
method_a,css,uniform,X,5,0.007069044975692626,0.0,0.0,0.1,20.0,20000,2000,2000,20000,38
method_a,css,uniform,X,5,0.008836306219615783,0.0,0.0,0.1,20.0,20000,2000,2000,20000,265
method_a,css,uniform,X,5,0.010603567463538938,0.0,0.0,0.1,20.0,20000,2000,2000,20000,860
method_a,css,uniform,X,5,0.012370828707462093,0.0,0.0,0.1,20.0,20000,2000,2000,20000,2179
method_a,css,uniform,X,5,0.014138089951385251,0.0,0.0,0.1,20.0,20000,2000,2000,10000,2010
method_a,css,uniform,X,5,0.01590535119530841,0.0,0.0,0.1,20.0,20000,2000,2000,8000,2319
method_a,css,uniform,Z,3,0.0017672612439231564,0.0,0.0,0.31622776601683794,20.0,20000,2000,2000,20000,0
method_a,css,uniform,Z,3,0.003534522487846313,0.0,0.0,0.31622776601683794,20.0,20000,2000,2000,20000,0
method_a,css,uniform,Z,3,0.005301783731769469,0.0,0.0,0.31622776601683794,20.0,20000,2000,2000,20000,14
method_a,css,uniform,Z,3,0.007069044975692626,0.0,0.0,0.31622776601683794,20.0,20000,2000,2000,20000,102
method_a,css,uniform,Z,3,0.008836306219615783,0.0,0.0,0.31622776601683794,20.0,20000,2000,2000,20000,365
method_a,css,uniform,Z,3,0.010603567463538938,0.0,0.0,0.31622776601683794,20.0,20000,2000,2000,20000,779
method_a,css,uniform,Z,3,0.012370828707462093,0.0,0.0,0.31622776601683794,20.0,20000,2000,2000,20000,1545
method_a,css,uniform,Z,3,0.014138089951385251,0.0,0.0,0.31622776601683794,20.0,20000,2000,2000,18000,2178
method_a,css,uniform,Z,3,0.01590535119530841,0.0,0.0,0.31622776601683794,20.0,20000,2000,2000,12000,2104
method_a,css,uniform,Z,5,0.0017672612439231564,0.0,0.0,0.31622776601683794,20.0,20000,2000,2000,20000,0
method_a,css,uniform,Z,5,0.003534522487846313,0.0,0.0,0.31622776601683794,20.0,20000,2000,2000,20000,0
method_a,css,uniform,Z,5,0.005301783731769469,0.0,0.0,0.31622776601683794,20.0,20000,2000,2000,20000,2
method_a,css,uniform,Z,5,0.007069044975692626,0.0,0.0,0.31622776601683794,20.0,20000,2000,2000,20000,59
method_a,css,uniform,Z,5,0.008836306219615783,0.0,0.0,0.31622776601683794,20.0,20000,2000,2000,20000,397
method_a,css,uniform,Z,5,0.010603567463538938,0.0,0.0,0.31622776601683794,20.0,20000,2000,2000,20000,1512
method_a,css,uniform,Z,5,0.012370828707462093,0.0,0.0,0.31622776601683794,20.0,20000,2000,2000,12000,2062
method_a,css,uniform,Z,5,0.014138089951385251,0.0,0.0,0.31622776601683794,20.0,20000,2000,2000,8000,2258
method_a,css,uniform,Z,5,0.01590535119530841,0.0,0.0,0.31622776601683794,20.0,20000,2000,2000,6000,2241
method_a,css,uniform,X,3,0.0007069044975692625,0.0,0.0,0.31622776601683794,20.0,20000,2000,2000,20000,0
method_a,css,uniform,X,3,0.001413808995138525,0.0,0.0,0.31622776601683794,20.0,20000,2000,2000,20000,0
method_a,css,uniform,X,3,0.0021207134927077875,0.0,0.0,0.31622776601683794,20.0,20000,2000,2000,20000,4
method_a,css,uniform,X,3,0.00282761799027705,0.0,0.0,0.31622776601683794,20.0,20000,2000,2000,20000,5
method_a,css,uniform,X,3,0.0035345224878463133,0.0,0.0,0.31622776601683794,20.0,20000,2000,2000,20000,19
method_a,css,uniform,X,3,0.004241426985415575,0.0,0.0,0.31622776601683794,20.0,20000,2000,2000,20000,49
method_a,css,uniform,X,3,0.004948331482984837,0.0,0.0,0.31622776601683794,20.0,20000,2000,2000,20000,132
method_a,css,uniform,X,3,0.0056552359805541,0.0,0.0,0.31622776601683794,20.0,20000,2000,2000,20000,224
method_a,css,uniform,X,3,0.0063621404781233635,0.0,0.0,0.31622776601683794,20.0,20000,2000,2000,20000,467
method_a,css,uniform,X,5,0.0007069044975692625,0.0,0.0,0.31622776601683794,20.0,20000,2000,2000,20000,0
method_a,css,uniform,X,5,0.001413808995138525,0.0,0.0,0.31622776601683794,20.0,20000,2000,2000,20000,0
method_a,css,uniform,X,5,0.0021207134927077875,0.0,0.0,0.31622776601683794,20.0,20000,2000,2000,20000,0
method_a,css,uniform,X,5,0.00282761799027705,0.0,0.0,0.31622776601683794,20.0,20000,2000,2000,20000,0
method_a,css,uniform,X,5,0.0035345224878463133,0.0,0.0,0.31622776601683794,20.0,20000,2000,2000,20000,3
method_a,css,uniform,X,5,0.004241426985415575,0.0,0.0,0.31622776601683794,20.0,20000,2000,2000,20000,19
method_a,css,uniform,X,5,0.004948331482984837,0.0,0.0,0.31622776601683794,20.0,20000,2000,2000,20000,77
method_a,css,uniform,X,5,0.0056552359805541,0.0,0.0,0.31622776601683794,20.0,20000,2000,2000,20000,290
method_a,css,uniform,X,5,0.0063621404781233635,0.0,0.0,0.31622776601683794,20.0,20000,2000,2000,20000,687
method_a,css,uniform,Z,3,0.0007069044975692625,0.0,0.0,1.0,20.0,20000,2000,2000,20000,0
method_a,css,uniform,Z,3,0.001413808995138525,0.0,0.0,1.0,20.0,20000,2000,2000,20000,1
method_a,css,uniform,Z,3,0.0021207134927077875,0.0,0.0,1.0,20.0,20000,2000,2000,20000,9
method_a,css,uniform,Z,3,0.00282761799027705,0.0,0.0,1.0,20.0,20000,2000,2000,20000,49
method_a,css,uniform,Z,3,0.0035345224878463133,0.0,0.0,1.0,20.0,20000,2000,2000,20000,139
method_a,css,uniform,Z,3,0.004241426985415575,0.0,0.0,1.0,20.0,20000,2000,2000,20000,336
method_a,css,uniform,Z,3,0.004948331482984837,0.0,0.0,1.0,20.0,20000,2000,2000,20000,703
method_a,css,uniform,Z,3,0.0056552359805541,0.0,0.0,1.0,20.0,20000,2000,2000,20000,1183
method_a,css,uniform,Z,3,0.0063621404781233635,0.0,0.0,1.0,20.0,20000,2000,2000,20000,1907
method_a,css,uniform,Z,5,0.0007069044975692625,0.0,0.0,1.0,20.0,20000,2000,2000,20000,0
method_a,css,uniform,Z,5,0.001413808995138525,0.0,0.0,1.0,20.0,20000,2000,2000,20000,0
method_a,css,uniform,Z,5,0.0021207134927077875,0.0,0.0,1.0,20.0,20000,2000,2000,20000,2
method_a,css,uniform,Z,5,0.00282761799027705,0.0,0.0,1.0,20.0,20000,2000,2000,20000,12
method_a,css,uniform,Z,5,0.0035345224878463133,0.0,0.0,1.0,20.0,20000,2000,2000,20000,90
method_a,css,uniform,Z,5,0.004241426985415575,0.0,0.0,1.0,20.0,20000,2000,2000,20000,395
method_a,css,uniform,Z,5,0.004948331482984837,0.0,0.0,1.0,20.0,20000,2000,2000,20000,1239
method_a,css,uniform,Z,5,0.0056552359805541,0.0,0.0,1.0,20.0,20000,2000,2000,16000,2232
method_a,css,uniform,Z,5,0.0063621404781233635,0.0,0.0,1.0,20.0,20000,2000,2000,10000,2284
method_a,css,uniform,X,3,0.0007069044975692625,0.0,0.0,1.0,20.0,20000,2000,2000,20000,0
method_a,css,uniform,X,3,0.001413808995138525,0.0,0.0,1.0,20.0,20000,2000,2000,20000,1
method_a,css,uniform,X,3,0.0021207134927077875,0.0,0.0,1.0,20.0,20000,2000,2000,20000,22
method_a,css,uniform,X,3,0.00282761799027705,0.0,0.0,1.0,20.0,20000,2000,2000,20000,102
method_a,css,uniform,X,3,0.0035345224878463133,0.0,0.0,1.0,20.0,20000,2000,2000,20000,271
method_a,css,uniform,X,3,0.004241426985415575,0.0,0.0,1.0,20.0,20000,2000,2000,20000,724
method_a,css,uniform,X,3,0.004948331482984837,0.0,0.0,1.0,20.0,20000,2000,2000,20000,1282
method_a,css,uniform,X,3,0.0056552359805541,0.0,0.0,1.0,20.0,20000,2000,2000,20000,2119
method_a,css,uniform,X,3,0.0063621404781233635,0.0,0.0,1.0,20.0,20000,2000,2000,14000,2191
method_a,css,uniform,X,5,0.0007069044975692625,0.0,0.0,1.0,20.0,20000,2000,2000,20000,0
method_a,css,uniform,X,5,0.001413808995138525,0.0,0.0,1.0,20.0,20000,2000,2000,20000,0
method_a,css,uniform,X,5,0.0021207134927077875,0.0,0.0,1.0,20.0,20000,2000,2000,20000,2
method_a,css,uniform,X,5,0.00282761799027705,0.0,0.0,1.0,20.0,20000,2000,2000,20000,51
method_a,css,uniform,X,5,0.0035345224878463133,0.0,0.0,1.0,20.0,20000,2000,2000,20000,327
method_a,css,uniform,X,5,0.004241426985415575,0.0,0.0,1.0,20.0,20000,2000,2000,20000,1252
method_a,css,uniform,X,5,0.004948331482984837,0.0,0.0,1.0,20.0,20000,2000,2000,14000,2041
method_a,css,uniform,X,5,0.0056552359805541,0.0,0.0,1.0,20.0,20000,2000,2000,8000,2044
method_a,css,uniform,X,5,0.0063621404781233635,0.0,0.0,1.0,20.0,20000,2000,2000,6000,2137
method_a,css,uniform,Z,3,0.0007069044975692625,0.0,0.0,3.1622776601683795,20.0,20000,2000,2000,20000,0
method_a,css,uniform,Z,3,0.001413808995138525,0.0,0.0,3.1622776601683795,20.0,20000,2000,2000,20000,11
method_a,css,uniform,Z,3,0.0021207134927077875,0.0,0.0,3.1622776601683795,20.0,20000,2000,2000,20000,93
method_a,css,uniform,Z,3,0.00282761799027705,0.0,0.0,3.1622776601683795,20.0,20000,2000,2000,20000,355
method_a,css,uniform,Z,3,0.0035345224878463133,0.0,0.0,3.1622776601683795,20.0,20000,2000,2000,20000,1024
method_a,css,uniform,Z,3,0.004241426985415575,0.0,0.0,3.1622776601683795,20.0,20000,2000,2000,20000,2089
method_a,css,uniform,Z,3,0.004948331482984837,0.0,0.0,3.1622776601683795,20.0,20000,2000,2000,12000,2002
method_a,css,uniform,Z,3,0.0056552359805541,0.0,0.0,3.1622776601683795,20.0,20000,2000,2000,10000,2393
method_a,css,uniform,Z,3,0.0063621404781233635,0.0,0.0,3.1622776601683795,20.0,20000,2000,2000,8000,2499
method_a,css,uniform,Z,5,0.0007069044975692625,0.0,0.0,3.1622776601683795,20.0,20000,2000,2000,20000,0
method_a,css,uniform,Z,5,0.001413808995138525,0.0,0.0,3.1622776601683795,20.0,20000,2000,2000,20000,2
method_a,css,uniform,Z,5,0.0021207134927077875,0.0,0.0,3.1622776601683795,20.0,20000,2000,2000,20000,40
method_a,css,uniform,Z,5,0.00282761799027705,0.0,0.0,3.1622776601683795,20.0,20000,2000,2000,20000,443
method_a,css,uniform,Z,5,0.0035345224878463133,0.0,0.0,3.1622776601683795,20.0,20000,2000,2000,20000,2032
method_a,css,uniform,Z,5,0.004241426985415575,0.0,0.0,3.1622776601683795,20.0,20000,2000,2000,10000,2295
method_a,css,uniform,Z,5,0.004948331482984837,0.0,0.0,3.1622776601683795,20.0,20000,2000,2000,6000,2189
method_a,css,uniform,Z,5,0.0056552359805541,0.0,0.0,3.1622776601683795,20.0,20000,2000,2000,6000,2680
method_a,css,uniform,Z,5,0.0063621404781233635,0.0,0.0,3.1622776601683795,20.0,20000,2000,2000,6000,2827
method_a,css,uniform,X,3,0.0007069044975692625,0.0,0.0,3.1622776601683795,20.0,20000,2000,2000,20000,0
method_a,css,uniform,X,3,0.001413808995138525,0.0,0.0,3.1622776601683795,20.0,20000,2000,2000,20000,13
method_a,css,uniform,X,3,0.0021207134927077875,0.0,0.0,3.1622776601683795,20.0,20000,2000,2000,20000,132
method_a,css,uniform,X,3,0.00282761799027705,0.0,0.0,3.1622776601683795,20.0,20000,2000,2000,20000,532
method_a,css,uniform,X,3,0.0035345224878463133,0.0,0.0,3.1622776601683795,20.0,20000,2000,2000,20000,1275
method_a,css,uniform,X,3,0.004241426985415575,0.0,0.0,3.1622776601683795,20.0,20000,2000,2000,16000,2044
method_a,css,uniform,X,3,0.004948331482984837,0.0,0.0,3.1622776601683795,20.0,20000,2000,2000,10000,2055
method_a,css,uniform,X,3,0.0056552359805541,0.0,0.0,3.1622776601683795,20.0,20000,2000,2000,8000,2193
method_a,css,uniform,X,3,0.0063621404781233635,0.0,0.0,3.1622776601683795,20.0,20000,2000,2000,6000,2018
method_a,css,uniform,X,5,0.0007069044975692625,0.0,0.0,3.1622776601683795,20.0,20000,2000,2000,20000,0
method_a,css,uniform,X,5,0.001413808995138525,0.0,0.0,3.1622776601683795,20.0,20000,2000,2000,20000,3
method_a,css,uniform,X,5,0.0021207134927077875,0.0,0.0,3.1622776601683795,20.0,20000,2000,2000,20000,86
method_a,css,uniform,X,5,0.00282761799027705,0.0,0.0,3.1622776601683795,20.0,20000,2000,2000,20000,852
method_a,css,uniform,X,5,0.0035345224878463133,0.0,0.0,3.1622776601683795,20.0,20000,2000,2000,16000,2242
method_a,css,uniform,X,5,0.004241426985415575,0.0,0.0,3.1622776601683795,20.0,20000,2000,2000,8000,2355
method_a,css,uniform,X,5,0.004948331482984837,0.0,0.0,3.1622776601683795,20.0,20000,2000,2000,6000,2444
method_a,css,uniform,X,5,0.0056552359805541,0.0,0.0,3.1622776601683795,20.0,20000,2000,2000,6000,2794
method_a,css,uniform,Z,3,0.0007069044975692625,0.0,0.0,10.0,20.0,20000,2000,2000,20000,0
method_a,css,uniform,Z,3,0.001413808995138525,0.0,0.0,10.0,20.0,20000,2000,2000,20000,24
method_a,css,uniform,Z,3,0.0021207134927077875,0.0,0.0,10.0,20.0,20000,2000,2000,20000,227
method_a,css,uniform,Z,3,0.00282761799027705,0.0,0.0,10.0,20.0,20000,2000,2000,20000,846
method_a,css,uniform,Z,3,0.0035345224878463133,0.0,0.0,10.0,20.0,20000,2000,2000,20000,1977
method_a,css,uniform,Z,3,0.004241426985415575,0.0,0.0,10.0,20.0,20000,2000,2000,12000,2234
method_a,css,uniform,Z,3,0.004948331482984837,0.0,0.0,10.0,20.0,20000,2000,2000,8000,2093
method_a,css,uniform,Z,3,0.0056552359805541,0.0,0.0,10.0,20.0,20000,2000,2000,6000,2102
method_a,css,uniform,Z,3,0.0063621404781233635,0.0,0.0,10.0,20.0,20000,2000,2000,6000,2376
method_a,css,uniform,Z,5,0.0007069044975692625,0.0,0.0,10.0,20.0,20000,2000,2000,20000,0
method_a,css,uniform,Z,5,0.001413808995138525,0.0,0.0,10.0,20.0,20000,2000,2000,20000,5
method_a,css,uniform,Z,5,0.0021207134927077875,0.0,0.0,10.0,20.0,20000,2000,2000,20000,208
method_a,css,uniform,Z,5,0.00282761799027705,0.0,0.0,10.0,20.0,20000,2000,2000,20000,1518
method_a,css,uniform,Z,5,0.0035345224878463133,0.0,0.0,10.0,20.0,20000,2000,2000,10000,2376
method_a,css,uniform,Z,5,0.004241426985415575,0.0,0.0,10.0,20.0,20000,2000,2000,6000,2359
method_a,css,uniform,Z,5,0.004948331482984837,0.0,0.0,10.0,20.0,20000,2000,2000,6000,2747
method_a,css,uniform,X,3,0.0007069044975692625,0.0,0.0,10.0,20.0,20000,2000,2000,20000,1
method_a,css,uniform,X,3,0.001413808995138525,0.0,0.0,10.0,20.0,20000,2000,2000,20000,22
method_a,css,uniform,X,3,0.0021207134927077875,0.0,0.0,10.0,20.0,20000,2000,2000,20000,252
method_a,css,uniform,X,3,0.00282761799027705,0.0,0.0,10.0,20.0,20000,2000,2000,20000,960
method_a,css,uniform,X,3,0.0035345224878463133,0.0,0.0,10.0,20.0,20000,2000,2000,18000,2110
method_a,css,uniform,X,3,0.004241426985415575,0.0,0.0,10.0,20.0,20000,2000,2000,10000,2033
method_a,css,uniform,X,3,0.004948331482984837,0.0,0.0,10.0,20.0,20000,2000,2000,8000,2290
method_a,css,uniform,X,3,0.0056552359805541,0.0,0.0,10.0,20.0,20000,2000,2000,6000,2154
method_a,css,uniform,X,3,0.0063621404781233635,0.0,0.0,10.0,20.0,20000,2000,2000,6000,2506
method_a,css,uniform,X,5,0.0007069044975692625,0.0,0.0,10.0,20.0,20000,2000,2000,20000,0
method_a,css,uniform,X,5,0.001413808995138525,0.0,0.0,10.0,20.0,20000,2000,2000,20000,8
method_a,css,uniform,X,5,0.0021207134927077875,0.0,0.0,10.0,20.0,20000,2000,2000,20000,288
method_a,css,uniform,X,5,0.00282761799027705,0.0,0.0,10.0,20.0,20000,2000,2000,20000,1995
method_a,css,uniform,X,5,0.0035345224878463133,0.0,0.0,10.0,20.0,20000,2000,2000,8000,2095
method_a,css,uniform,X,5,0.004241426985415575,0.0,0.0,10.0,20.0,20000,2000,2000,6000,2467
method_a,css,uniform,X,5,0.004948331482984837,0.0,0.0,10.0,20.0,20000,2000,2000,6000,2851
method_a,css,uniform,Z,3,0.0007069044975692625,0.0,0.0,31.622776601683793,20.0,20000,2000,2000,20000,1
method_a,css,uniform,Z,3,0.001413808995138525,0.0,0.0,31.622776601683793,20.0,20000,2000,2000,20000,31
method_a,css,uniform,Z,3,0.0021207134927077875,0.0,0.0,31.622776601683793,20.0,20000,2000,2000,20000,299
method_a,css,uniform,Z,3,0.00282761799027705,0.0,0.0,31.622776601683793,20.0,20000,2000,2000,20000,1109
method_a,css,uniform,Z,3,0.0035345224878463133,0.0,0.0,31.622776601683793,20.0,20000,2000,2000,16000,2065
method_a,css,uniform,Z,3,0.004241426985415575,0.0,0.0,31.622776601683793,20.0,20000,2000,2000,10000,2223
method_a,css,uniform,Z,3,0.004948331482984837,0.0,0.0,31.622776601683793,20.0,20000,2000,2000,8000,2431
method_a,css,uniform,Z,3,0.0056552359805541,0.0,0.0,31.622776601683793,20.0,20000,2000,2000,6000,2208
method_a,css,uniform,Z,3,0.0063621404781233635,0.0,0.0,31.622776601683793,20.0,20000,2000,2000,6000,2459
method_a,css,uniform,Z,5,0.0007069044975692625,0.0,0.0,31.622776601683793,20.0,20000,2000,2000,20000,0
method_a,css,uniform,Z,5,0.001413808995138525,0.0,0.0,31.622776601683793,20.0,20000,2000,2000,20000,2
method_a,css,uniform,Z,5,0.0021207134927077875,0.0,0.0,31.622776601683793,20.0,20000,2000,2000,20000,334
method_a,css,uniform,Z,5,0.00282761799027705,0.0,0.0,31.622776601683793,20.0,20000,2000,2000,18000,2090
method_a,css,uniform,Z,5,0.0035345224878463133,0.0,0.0,31.622776601683793,20.0,20000,2000,2000,8000,2266
method_a,css,uniform,Z,5,0.004241426985415575,0.0,0.0,31.622776601683793,20.0,20000,2000,2000,6000,2547
method_a,css,uniform,Z,5,0.004948331482984837,0.0,0.0,31.622776601683793,20.0,20000,2000,2000,6000,2822
method_a,css,uniform,X,3,0.0007069044975692625,0.0,0.0,31.622776601683793,20.0,20000,2000,2000,20000,0
method_a,css,uniform,X,3,0.001413808995138525,0.0,0.0,31.622776601683793,20.0,20000,2000,2000,20000,42
method_a,css,uniform,X,3,0.0021207134927077875,0.0,0.0,31.622776601683793,20.0,20000,2000,2000,20000,323
method_a,css,uniform,X,3,0.00282761799027705,0.0,0.0,31.622776601683793,20.0,20000,2000,2000,20000,1250
method_a,css,uniform,X,3,0.0035345224878463133,0.0,0.0,31.622776601683793,20.0,20000,2000,2000,16000,2242
method_a,css,uniform,X,3,0.004241426985415575,0.0,0.0,31.622776601683793,20.0,20000,2000,2000,10000,2283
method_a,css,uniform,X,3,0.004948331482984837,0.0,0.0,31.622776601683793,20.0,20000,2000,2000,8000,2494
method_a,css,uniform,X,3,0.0056552359805541,0.0,0.0,31.622776601683793,20.0,20000,2000,2000,6000,2318
method_a,css,uniform,X,3,0.0063621404781233635,0.0,0.0,31.622776601683793,20.0,20000,2000,2000,6000,2639
method_a,css,uniform,X,5,0.0007069044975692625,0.0,0.0,31.622776601683793,20.0,20000,2000,2000,20000,0
method_a,css,uniform,X,5,0.001413808995138525,0.0,0.0,31.622776601683793,20.0,20000,2000,2000,20000,17
method_a,css,uniform,X,5,0.0021207134927077875,0.0,0.0,31.622776601683793,20.0,20000,2000,2000,20000,434
method_a,css,uniform,X,5,0.00282761799027705,0.0,0.0,31.622776601683793,20.0,20000,2000,2000,16000,2076
method_a,css,uniform,X,5,0.0035345224878463133,0.0,0.0,31.622776601683793,20.0,20000,2000,2000,8000,2444
method_a,css,uniform,X,5,0.004241426985415575,0.0,0.0,31.622776601683793,20.0,20000,2000,2000,6000,2608
method_a,css,uniform,X,5,0.004948331482984837,0.0,0.0,31.622776601683793,20.0,20000,2000,2000,6000,2890
method_a,css,uniform,Z,3,0.0007069044975692625,0.0,0.0,100.0,20.0,20000,2000,2000,20000,0
method_a,css,uniform,Z,3,0.001413808995138525,0.0,0.0,100.0,20.0,20000,2000,2000,20000,41
method_a,css,uniform,Z,3,0.0021207134927077875,0.0,0.0,100.0,20.0,20000,2000,2000,20000,313
method_a,css,uniform,Z,3,0.00282761799027705,0.0,0.0,100.0,20.0,20000,2000,2000,20000,1226
method_a,css,uniform,Z,3,0.0035345224878463133,0.0,0.0,100.0,20.0,20000,2000,2000,16000,2207
method_a,css,uniform,Z,3,0.004241426985415575,0.0,0.0,100.0,20.0,20000,2000,2000,10000,2213
method_a,css,uniform,Z,3,0.004948331482984837,0.0,0.0,100.0,20.0,20000,2000,2000,8000,2516
method_a,css,uniform,Z,3,0.0056552359805541,0.0,0.0,100.0,20.0,20000,2000,2000,6000,2316
method_a,css,uniform,Z,3,0.0063621404781233635,0.0,0.0,100.0,20.0,20000,2000,2000,6000,2571
method_a,css,uniform,Z,5,0.0007069044975692625,0.0,0.0,100.0,20.0,20000,2000,2000,20000,0
method_a,css,uniform,Z,5,0.001413808995138525,0.0,0.0,100.0,20.0,20000,2000,2000,20000,8
method_a,css,uniform,Z,5,0.0021207134927077875,0.0,0.0,100.0,20.0,20000,2000,2000,20000,359
method_a,css,uniform,Z,5,0.00282761799027705,0.0,0.0,100.0,20.0,20000,2000,2000,18000,2227
method_a,css,uniform,Z,5,0.0035345224878463133,0.0,0.0,100.0,20.0,20000,2000,2000,8000,2477
method_a,css,uniform,Z,5,0.004241426985415575,0.0,0.0,100.0,20.0,20000,2000,2000,6000,2600
method_a,css,uniform,Z,5,0.004948331482984837,0.0,0.0,100.0,20.0,20000,2000,2000,6000,2909
method_a,css,uniform,X,3,0.0007069044975692625,0.0,0.0,100.0,20.0,20000,2000,2000,20000,1
method_a,css,uniform,X,3,0.001413808995138525,0.0,0.0,100.0,20.0,20000,2000,2000,20000,38
method_a,css,uniform,X,3,0.0021207134927077875,0.0,0.0,100.0,20.0,20000,2000,2000,20000,389
method_a,css,uniform,X,3,0.00282761799027705,0.0,0.0,100.0,20.0,20000,2000,2000,20000,1331
method_a,css,uniform,X,3,0.0035345224878463133,0.0,0.0,100.0,20.0,20000,2000,2000,14000,2011
method_a,css,uniform,X,3,0.004241426985415575,0.0,0.0,100.0,20.0,20000,2000,2000,10000,2446
method_a,css,uniform,X,3,0.004948331482984837,0.0,0.0,100.0,20.0,20000,2000,2000,8000,2682
method_a,css,uniform,X,3,0.0056552359805541,0.0,0.0,100.0,20.0,20000,2000,2000,6000,2356
method_a,css,uniform,X,3,0.0063621404781233635,0.0,0.0,100.0,20.0,20000,2000,2000,6000,2602
method_a,css,uniform,X,5,0.0007069044975692625,0.0,0.0,100.0,20.0,20000,2000,2000,20000,0
method_a,css,uniform,X,5,0.001413808995138525,0.0,0.0,100.0,20.0,20000,2000,2000,20000,15
method_a,css,uniform,X,5,0.0021207134927077875,0.0,0.0,100.0,20.0,20000,2000,2000,20000,449
method_a,css,uniform,X,5,0.00282761799027705,0.0,0.0,100.0,20.0,20000,2000,2000,14000,2044
method_a,css,uniform,X,5,0.0035345224878463133,0.0,0.0,100.0,20.0,20000,2000,2000,8000,2599
method_a,css,uniform,X,5,0.004241426985415575,0.0,0.0,100.0,20.0,20000,2000,2000,6000,2578
method_a,css,uniform,X,5,0.004948331482984837,0.0,0.0,100.0,20.0,20000,2000,2000,6000,2924
method_a,css,uniform,Z,3,0.0014996766128364627,0.0,1.5707963267948966,1.0,0.01,20000,2000,2000,20000,0
method_a,css,uniform,Z,3,0.0029993532256729254,0.0,1.5707963267948966,1.0,0.01,20000,2000,2000,20000,2
method_a,css,uniform,Z,3,0.0044990298385093885,0.0,1.5707963267948966,1.0,0.01,20000,2000,2000,20000,17
method_a,css,uniform,Z,3,0.005998706451345851,0.0,1.5707963267948966,1.0,0.01,20000,2000,2000,20000,81
method_a,css,uniform,Z,3,0.007498383064182315,0.0,1.5707963267948966,1.0,0.01,20000,2000,2000,20000,263
method_a,css,uniform,Z,3,0.008998059677018777,0.0,1.5707963267948966,1.0,0.01,20000,2000,2000,20000,622
method_a,css,uniform,Z,3,0.01049773628985524,0.0,1.5707963267948966,1.0,0.01,20000,2000,2000,20000,1357
method_a,css,uniform,Z,3,0.011997412902691702,0.0,1.5707963267948966,1.0,0.01,20000,2000,2000,18000,2013
method_a,css,uniform,Z,3,0.013497089515528166,0.0,1.5707963267948966,1.0,0.01,20000,2000,2000,14000,2269
method_a,css,uniform,Z,5,0.0014996766128364627,0.0,1.5707963267948966,1.0,0.01,20000,2000,2000,20000,0
method_a,css,uniform,Z,5,0.0029993532256729254,0.0,1.5707963267948966,1.0,0.01,20000,2000,2000,20000,0
method_a,css,uniform,Z,5,0.0044990298385093885,0.0,1.5707963267948966,1.0,0.01,20000,2000,2000,20000,1
method_a,css,uniform,Z,5,0.005998706451345851,0.0,1.5707963267948966,1.0,0.01,20000,2000,2000,20000,27
method_a,css,uniform,Z,5,0.007498383064182315,0.0,1.5707963267948966,1.0,0.01,20000,2000,2000,20000,268
method_a,css,uniform,Z,5,0.008998059677018777,0.0,1.5707963267948966,1.0,0.01,20000,2000,2000,20000,1074
method_a,css,uniform,Z,5,0.01049773628985524,0.0,1.5707963267948966,1.0,0.01,20000,2000,2000,16000,2200
method_a,css,uniform,Z,5,0.011997412902691702,0.0,1.5707963267948966,1.0,0.01,20000,2000,2000,10000,2497
method_a,css,uniform,Z,5,0.013497089515528166,0.0,1.5707963267948966,1.0,0.01,20000,2000,2000,6000,2154
method_a,css,uniform,X,3,0.0037491915320911565,0.0,1.5707963267948966,1.0,0.01,20000,2000,2000,20000,0
method_a,css,uniform,X,3,0.007498383064182313,0.0,1.5707963267948966,1.0,0.01,20000,2000,2000,20000,7
method_a,css,uniform,X,3,0.011247574596273471,0.0,1.5707963267948966,1.0,0.01,20000,2000,2000,20000,58
method_a,css,uniform,X,3,0.014996766128364626,0.0,1.5707963267948966,1.0,0.01,20000,2000,2000,20000,399
method_a,css,uniform,X,3,0.018745957660455788,0.0,1.5707963267948966,1.0,0.01,20000,2000,2000,20000,1088
method_a,css,uniform,X,3,0.022495149192546943,0.0,1.5707963267948966,1.0,0.01,20000,2000,2000,20000,2160
method_a,css,uniform,X,3,0.026244340724638097,0.0,1.5707963267948966,1.0,0.01,20000,2000,2000,12000,2132
method_a,css,uniform,X,3,0.029993532256729252,0.0,1.5707963267948966,1.0,0.01,20000,2000,2000,10000,2383
method_a,css,uniform,X,3,0.033742723788820414,0.0,1.5707963267948966,1.0,0.01,20000,2000,2000,8000,2527
method_a,css,uniform,X,5,0.0037491915320911565,0.0,1.5707963267948966,1.0,0.01,20000,2000,2000,20000,0
method_a,css,uniform,X,5,0.007498383064182313,0.0,1.5707963267948966,1.0,0.01,20000,2000,2000,20000,0
method_a,css,uniform,X,5,0.011247574596273471,0.0,1.5707963267948966,1.0,0.01,20000,2000,2000,20000,45
method_a,css,uniform,X,5,0.014996766128364626,0.0,1.5707963267948966,1.0,0.01,20000,2000,2000,20000,462
method_a,css,uniform,X,5,0.018745957660455788,0.0,1.5707963267948966,1.0,0.01,20000,2000,2000,20000,2103
method_a,css,uniform,X,5,0.022495149192546943,0.0,1.5707963267948966,1.0,0.01,20000,2000,2000,10000,2412
method_a,css,uniform,X,5,0.026244340724638097,0.0,1.5707963267948966,1.0,0.01,20000,2000,2000,6000,2234
method_a,css,uniform,X,5,0.029993532256729252,0.0,1.5707963267948966,1.0,0.01,20000,2000,2000,6000,2691
method_a,css,uniform,X,5,0.033742723788820414,0.0,1.5707963267948966,1.0,0.01,20000,2000,2000,6000,2941
method_a,css,uniform,Z,3,0.0014996766128364627,0.0,1.5707963267948966,1.0,0.03162277660168379,20000,2000,2000,20000,0
method_a,css,uniform,Z,3,0.0029993532256729254,0.0,1.5707963267948966,1.0,0.03162277660168379,20000,2000,2000,20000,4
method_a,css,uniform,Z,3,0.0044990298385093885,0.0,1.5707963267948966,1.0,0.03162277660168379,20000,2000,2000,20000,20
method_a,css,uniform,Z,3,0.005998706451345851,0.0,1.5707963267948966,1.0,0.03162277660168379,20000,2000,2000,20000,81
method_a,css,uniform,Z,3,0.007498383064182315,0.0,1.5707963267948966,1.0,0.03162277660168379,20000,2000,2000,20000,226
method_a,css,uniform,Z,3,0.008998059677018777,0.0,1.5707963267948966,1.0,0.03162277660168379,20000,2000,2000,20000,539
method_a,css,uniform,Z,3,0.01049773628985524,0.0,1.5707963267948966,1.0,0.03162277660168379,20000,2000,2000,20000,1174
method_a,css,uniform,Z,3,0.011997412902691702,0.0,1.5707963267948966,1.0,0.03162277660168379,20000,2000,2000,20000,2057
method_a,css,uniform,Z,3,0.013497089515528166,0.0,1.5707963267948966,1.0,0.03162277660168379,20000,2000,2000,14000,2152
method_a,css,uniform,Z,5,0.0014996766128364627,0.0,1.5707963267948966,1.0,0.03162277660168379,20000,2000,2000,20000,0
method_a,css,uniform,Z,5,0.0029993532256729254,0.0,1.5707963267948966,1.0,0.03162277660168379,20000,2000,2000,20000,0
method_a,css,uniform,Z,5,0.0044990298385093885,0.0,1.5707963267948966,1.0,0.03162277660168379,20000,2000,2000,20000,1
method_a,css,uniform,Z,5,0.005998706451345851,0.0,1.5707963267948966,1.0,0.03162277660168379,20000,2000,2000,20000,24
method_a,css,uniform,Z,5,0.007498383064182315,0.0,1.5707963267948966,1.0,0.03162277660168379,20000,2000,2000,20000,220
method_a,css,uniform,Z,5,0.008998059677018777,0.0,1.5707963267948966,1.0,0.03162277660168379,20000,2000,2000,20000,882
method_a,css,uniform,Z,5,0.01049773628985524,0.0,1.5707963267948966,1.0,0.03162277660168379,20000,2000,2000,18000,2130
method_a,css,uniform,Z,5,0.011997412902691702,0.0,1.5707963267948966,1.0,0.03162277660168379,20000,2000,2000,10000,2227
method_a,css,uniform,Z,5,0.013497089515528166,0.0,1.5707963267948966,1.0,0.03162277660168379,20000,2000,2000,6000,2040
method_a,css,uniform,X,3,0.0037491915320911565,0.0,1.5707963267948966,1.0,0.03162277660168379,20000,2000,2000,20000,0
method_a,css,uniform,X,3,0.007498383064182313,0.0,1.5707963267948966,1.0,0.03162277660168379,20000,2000,2000,20000,12
method_a,css,uniform,X,3,0.011247574596273471,0.0,1.5707963267948966,1.0,0.03162277660168379,20000,2000,2000,20000,106
method_a,css,uniform,X,3,0.014996766128364626,0.0,1.5707963267948966,1.0,0.03162277660168379,20000,2000,2000,20000,428
method_a,css,uniform,X,3,0.018745957660455788,0.0,1.5707963267948966,1.0,0.03162277660168379,20000,2000,2000,20000,1138
method_a,css,uniform,X,3,0.022495149192546943,0.0,1.5707963267948966,1.0,0.03162277660168379,20000,2000,2000,18000,2032
method_a,css,uniform,X,3,0.026244340724638097,0.0,1.5707963267948966,1.0,0.03162277660168379,20000,2000,2000,12000,2184
method_a,css,uniform,X,3,0.029993532256729252,0.0,1.5707963267948966,1.0,0.03162277660168379,20000,2000,2000,8000,2116
method_a,css,uniform,X,3,0.033742723788820414,0.0,1.5707963267948966,1.0,0.03162277660168379,20000,2000,2000,8000,2662
method_a,css,uniform,X,5,0.0037491915320911565,0.0,1.5707963267948966,1.0,0.03162277660168379,20000,2000,2000,20000,0
method_a,css,uniform,X,5,0.007498383064182313,0.0,1.5707963267948966,1.0,0.03162277660168379,20000,2000,2000,20000,1
method_a,css,uniform,X,5,0.011247574596273471,0.0,1.5707963267948966,1.0,0.03162277660168379,20000,2000,2000,20000,50
method_a,css,uniform,X,5,0.014996766128364626,0.0,1.5707963267948966,1.0,0.03162277660168379,20000,2000,2000,20000,542
method_a,css,uniform,X,5,0.018745957660455788,0.0,1.5707963267948966,1.0,0.03162277660168379,20000,2000,2000,18000,2033
method_a,css,uniform,X,5,0.022495149192546943,0.0,1.5707963267948966,1.0,0.03162277660168379,20000,2000,2000,8000,2085
method_a,css,uniform,X,5,0.026244340724638097,0.0,1.5707963267948966,1.0,0.03162277660168379,20000,2000,2000,6000,2247
method_a,css,uniform,X,5,0.029993532256729252,0.0,1.5707963267948966,1.0,0.03162277660168379,20000,2000,2000,6000,2686
method_a,css,uniform,X,5,0.033742723788820414,0.0,1.5707963267948966,1.0,0.03162277660168379,20000,2000,2000,6000,2939
method_a,css,uniform,Z,3,0.0014996766128364627,0.0,1.5707963267948966,1.0,0.1,20000,2000,2000,20000,0
method_a,css,uniform,Z,3,0.0029993532256729254,0.0,1.5707963267948966,1.0,0.1,20000,2000,2000,20000,0
method_a,css,uniform,Z,3,0.0044990298385093885,0.0,1.5707963267948966,1.0,0.1,20000,2000,2000,20000,12
method_a,css,uniform,Z,3,0.005998706451345851,0.0,1.5707963267948966,1.0,0.1,20000,2000,2000,20000,51
method_a,css,uniform,Z,3,0.007498383064182315,0.0,1.5707963267948966,1.0,0.1,20000,2000,2000,20000,173
method_a,css,uniform,Z,3,0.008998059677018777,0.0,1.5707963267948966,1.0,0.1,20000,2000,2000,20000,429
method_a,css,uniform,Z,3,0.01049773628985524,0.0,1.5707963267948966,1.0,0.1,20000,2000,2000,20000,929
method_a,css,uniform,Z,3,0.011997412902691702,0.0,1.5707963267948966,1.0,0.1,20000,2000,2000,20000,1597
method_a,css,uniform,Z,3,0.013497089515528166,0.0,1.5707963267948966,1.0,0.1,20000,2000,2000,16000,2055
method_a,css,uniform,Z,5,0.0014996766128364627,0.0,1.5707963267948966,1.0,0.1,20000,2000,2000,20000,0
method_a,css,uniform,Z,5,0.0029993532256729254,0.0,1.5707963267948966,1.0,0.1,20000,2000,2000,20000,0
method_a,css,uniform,Z,5,0.0044990298385093885,0.0,1.5707963267948966,1.0,0.1,20000,2000,2000,20000,1
method_a,css,uniform,Z,5,0.005998706451345851,0.0,1.5707963267948966,1.0,0.1,20000,2000,2000,20000,16
method_a,css,uniform,Z,5,0.007498383064182315,0.0,1.5707963267948966,1.0,0.1,20000,2000,2000,20000,119
method_a,css,uniform,Z,5,0.008998059677018777,0.0,1.5707963267948966,1.0,0.1,20000,2000,2000,20000,559
method_a,css,uniform,Z,5,0.01049773628985524,0.0,1.5707963267948966,1.0,0.1,20000,2000,2000,20000,1643
method_a,css,uniform,Z,5,0.011997412902691702,0.0,1.5707963267948966,1.0,0.1,20000,2000,2000,12000,2060
method_a,css,uniform,Z,5,0.013497089515528166,0.0,1.5707963267948966,1.0,0.1,20000,2000,2000,8000,2258
method_a,css,uniform,X,3,0.0037491915320911565,0.0,1.5707963267948966,1.0,0.1,20000,2000,2000,20000,0
method_a,css,uniform,X,3,0.007498383064182313,0.0,1.5707963267948966,1.0,0.1,20000,2000,2000,20000,13
method_a,css,uniform,X,3,0.011247574596273471,0.0,1.5707963267948966,1.0,0.1,20000,2000,2000,20000,119
method_a,css,uniform,X,3,0.014996766128364626,0.0,1.5707963267948966,1.0,0.1,20000,2000,2000,20000,506
method_a,css,uniform,X,3,0.018745957660455788,0.0,1.5707963267948966,1.0,0.1,20000,2000,2000,20000,1516
method_a,css,uniform,X,3,0.022495149192546943,0.0,1.5707963267948966,1.0,0.1,20000,2000,2000,14000,2032
method_a,css,uniform,X,3,0.026244340724638097,0.0,1.5707963267948966,1.0,0.1,20000,2000,2000,10000,2126
method_a,css,uniform,X,3,0.029993532256729252,0.0,1.5707963267948966,1.0,0.1,20000,2000,2000,8000,2372
method_a,css,uniform,X,3,0.033742723788820414,0.0,1.5707963267948966,1.0,0.1,20000,2000,2000,6000,2196
method_a,css,uniform,X,5,0.0037491915320911565,0.0,1.5707963267948966,1.0,0.1,20000,2000,2000,20000,0
method_a,css,uniform,X,5,0.007498383064182313,0.0,1.5707963267948966,1.0,0.1,20000,2000,2000,20000,1
method_a,css,uniform,X,5,0.011247574596273471,0.0,1.5707963267948966,1.0,0.1,20000,2000,2000,20000,76
method_a,css,uniform,X,5,0.014996766128364626,0.0,1.5707963267948966,1.0,0.1,20000,2000,2000,20000,849
method_a,css,uniform,X,5,0.018745957660455788,0.0,1.5707963267948966,1.0,0.1,20000,2000,2000,14000,2165
method_a,css,uniform,X,5,0.022495149192546943,0.0,1.5707963267948966,1.0,0.1,20000,2000,2000,8000,2485
method_a,css,uniform,X,5,0.026244340724638097,0.0,1.5707963267948966,1.0,0.1,20000,2000,2000,6000,2474
method_a,css,uniform,X,5,0.029993532256729252,0.0,1.5707963267948966,1.0,0.1,20000,2000,2000,6000,2874
method_a,css,uniform,Z,3,0.0014996766128364627,0.0,1.5707963267948966,1.0,0.31622776601683794,20000,2000,2000,20000,0
method_a,css,uniform,Z,3,0.0029993532256729254,0.0,1.5707963267948966,1.0,0.31622776601683794,20000,2000,2000,20000,0
method_a,css,uniform,Z,3,0.0044990298385093885,0.0,1.5707963267948966,1.0,0.31622776601683794,20000,2000,2000,20000,3
method_a,css,uniform,Z,3,0.005998706451345851,0.0,1.5707963267948966,1.0,0.31622776601683794,20000,2000,2000,20000,22
method_a,css,uniform,Z,3,0.007498383064182315,0.0,1.5707963267948966,1.0,0.31622776601683794,20000,2000,2000,20000,68
method_a,css,uniform,Z,3,0.008998059677018777,0.0,1.5707963267948966,1.0,0.31622776601683794,20000,2000,2000,20000,185
method_a,css,uniform,Z,3,0.01049773628985524,0.0,1.5707963267948966,1.0,0.31622776601683794,20000,2000,2000,20000,402
method_a,css,uniform,Z,3,0.011997412902691702,0.0,1.5707963267948966,1.0,0.31622776601683794,20000,2000,2000,20000,705
method_a,css,uniform,Z,3,0.013497089515528166,0.0,1.5707963267948966,1.0,0.31622776601683794,20000,2000,2000,20000,1239
method_a,css,uniform,Z,5,0.0014996766128364627,0.0,1.5707963267948966,1.0,0.31622776601683794,20000,2000,2000,20000,0
method_a,css,uniform,Z,5,0.0029993532256729254,0.0,1.5707963267948966,1.0,0.31622776601683794,20000,2000,2000,20000,0
method_a,css,uniform,Z,5,0.0044990298385093885,0.0,1.5707963267948966,1.0,0.31622776601683794,20000,2000,2000,20000,0
method_a,css,uniform,Z,5,0.005998706451345851,0.0,1.5707963267948966,1.0,0.31622776601683794,20000,2000,2000,20000,0
method_a,css,uniform,Z,5,0.007498383064182315,0.0,1.5707963267948966,1.0,0.31622776601683794,20000,2000,2000,20000,22
method_a,css,uniform,Z,5,0.008998059677018777,0.0,1.5707963267948966,1.0,0.31622776601683794,20000,2000,2000,20000,127
method_a,css,uniform,Z,5,0.01049773628985524,0.0,1.5707963267948966,1.0,0.31622776601683794,20000,2000,2000,20000,460
method_a,css,uniform,Z,5,0.011997412902691702,0.0,1.5707963267948966,1.0,0.31622776601683794,20000,2000,2000,20000,1175
method_a,css,uniform,Z,5,0.013497089515528166,0.0,1.5707963267948966,1.0,0.31622776601683794,20000,2000,2000,16000,2113
method_a,css,uniform,X,3,0.0037491915320911565,0.0,1.5707963267948966,1.0,0.31622776601683794,20000,2000,2000,20000,0
method_a,css,uniform,X,3,0.007498383064182313,0.0,1.5707963267948966,1.0,0.31622776601683794,20000,2000,2000,20000,33
method_a,css,uniform,X,3,0.011247574596273471,0.0,1.5707963267948966,1.0,0.31622776601683794,20000,2000,2000,20000,263
method_a,css,uniform,X,3,0.014996766128364626,0.0,1.5707963267948966,1.0,0.31622776601683794,20000,2000,2000,20000,999
method_a,css,uniform,X,3,0.018745957660455788,0.0,1.5707963267948966,1.0,0.31622776601683794,20000,2000,2000,18000,2099
method_a,css,uniform,X,3,0.022495149192546943,0.0,1.5707963267948966,1.0,0.31622776601683794,20000,2000,2000,10000,2071
method_a,css,uniform,X,3,0.026244340724638097,0.0,1.5707963267948966,1.0,0.31622776601683794,20000,2000,2000,8000,2312
method_a,css,uniform,X,3,0.029993532256729252,0.0,1.5707963267948966,1.0,0.31622776601683794,20000,2000,2000,6000,2146
method_a,css,uniform,X,3,0.033742723788820414,0.0,1.5707963267948966,1.0,0.31622776601683794,20000,2000,2000,6000,2503
method_a,css,uniform,X,5,0.0037491915320911565,0.0,1.5707963267948966,1.0,0.31622776601683794,20000,2000,2000,20000,0
method_a,css,uniform,X,5,0.007498383064182313,0.0,1.5707963267948966,1.0,0.31622776601683794,20000,2000,2000,20000,6
method_a,css,uniform,X,5,0.011247574596273471,0.0,1.5707963267948966,1.0,0.31622776601683794,20000,2000,2000,20000,255
method_a,css,uniform,X,5,0.014996766128364626,0.0,1.5707963267948966,1.0,0.31622776601683794,20000,2000,2000,20000,1819
method_a,css,uniform,X,5,0.018745957660455788,0.0,1.5707963267948966,1.0,0.31622776601683794,20000,2000,2000,8000,2072
method_a,css,uniform,X,5,0.022495149192546943,0.0,1.5707963267948966,1.0,0.31622776601683794,20000,2000,2000,6000,2349
method_a,css,uniform,X,5,0.026244340724638097,0.0,1.5707963267948966,1.0,0.31622776601683794,20000,2000,2000,6000,2828
method_a,css,uniform,Z,3,0.0037491915320911565,0.0,1.5707963267948966,1.0,1.0,20000,2000,2000,20000,0
method_a,css,uniform,Z,3,0.007498383064182313,0.0,1.5707963267948966,1.0,1.0,20000,2000,2000,20000,7
method_a,css,uniform,Z,3,0.011247574596273471,0.0,1.5707963267948966,1.0,1.0,20000,2000,2000,20000,54
method_a,css,uniform,Z,3,0.014996766128364626,0.0,1.5707963267948966,1.0,1.0,20000,2000,2000,20000,274
method_a,css,uniform,Z,3,0.018745957660455788,0.0,1.5707963267948966,1.0,1.0,20000,2000,2000,20000,892
method_a,css,uniform,Z,3,0.022495149192546943,0.0,1.5707963267948966,1.0,1.0,20000,2000,2000,20000,1849
method_a,css,uniform,Z,3,0.026244340724638097,0.0,1.5707963267948966,1.0,1.0,20000,2000,2000,14000,2122
method_a,css,uniform,Z,3,0.029993532256729252,0.0,1.5707963267948966,1.0,1.0,20000,2000,2000,10000,2199
method_a,css,uniform,Z,3,0.033742723788820414,0.0,1.5707963267948966,1.0,1.0,20000,2000,2000,8000,2397
method_a,css,uniform,Z,5,0.0037491915320911565,0.0,1.5707963267948966,1.0,1.0,20000,2000,2000,20000,0
method_a,css,uniform,Z,5,0.007498383064182313,0.0,1.5707963267948966,1.0,1.0,20000,2000,2000,20000,0
method_a,css,uniform,Z,5,0.011247574596273471,0.0,1.5707963267948966,1.0,1.0,20000,2000,2000,20000,20
method_a,css,uniform,Z,5,0.014996766128364626,0.0,1.5707963267948966,1.0,1.0,20000,2000,2000,20000,292
method_a,css,uniform,Z,5,0.018745957660455788,0.0,1.5707963267948966,1.0,1.0,20000,2000,2000,20000,1495
method_a,css,uniform,Z,5,0.022495149192546943,0.0,1.5707963267948966,1.0,1.0,20000,2000,2000,10000,2011
method_a,css,uniform,Z,5,0.026244340724638097,0.0,1.5707963267948966,1.0,1.0,20000,2000,2000,6000,2072
method_a,css,uniform,Z,5,0.029993532256729252,0.0,1.5707963267948966,1.0,1.0,20000,2000,2000,6000,2553
method_a,css,uniform,Z,5,0.033742723788820414,0.0,1.5707963267948966,1.0,1.0,20000,2000,2000,6000,2807
method_a,css,uniform,X,3,0.0014996766128364627,0.0,1.5707963267948966,1.0,1.0,20000,2000,2000,20000,0
method_a,css,uniform,X,3,0.0029993532256729254,0.0,1.5707963267948966,1.0,1.0,20000,2000,2000,20000,1
method_a,css,uniform,X,3,0.0044990298385093885,0.0,1.5707963267948966,1.0,1.0,20000,2000,2000,20000,5
method_a,css,uniform,X,3,0.005998706451345851,0.0,1.5707963267948966,1.0,1.0,20000,2000,2000,20000,27
method_a,css,uniform,X,3,0.007498383064182315,0.0,1.5707963267948966,1.0,1.0,20000,2000,2000,20000,83
method_a,css,uniform,X,3,0.008998059677018777,0.0,1.5707963267948966,1.0,1.0,20000,2000,2000,20000,233
method_a,css,uniform,X,3,0.01049773628985524,0.0,1.5707963267948966,1.0,1.0,20000,2000,2000,20000,488
method_a,css,uniform,X,3,0.011997412902691702,0.0,1.5707963267948966,1.0,1.0,20000,2000,2000,20000,826
method_a,css,uniform,X,3,0.013497089515528166,0.0,1.5707963267948966,1.0,1.0,20000,2000,2000,20000,1388
method_a,css,uniform,X,5,0.0014996766128364627,0.0,1.5707963267948966,1.0,1.0,20000,2000,2000,20000,0
method_a,css,uniform,X,5,0.0029993532256729254,0.0,1.5707963267948966,1.0,1.0,20000,2000,2000,20000,0
method_a,css,uniform,X,5,0.0044990298385093885,0.0,1.5707963267948966,1.0,1.0,20000,2000,2000,20000,1
method_a,css,uniform,X,5,0.005998706451345851,0.0,1.5707963267948966,1.0,1.0,20000,2000,2000,20000,2
method_a,css,uniform,X,5,0.007498383064182315,0.0,1.5707963267948966,1.0,1.0,20000,2000,2000,20000,41
method_a,css,uniform,X,5,0.008998059677018777,0.0,1.5707963267948966,1.0,1.0,20000,2000,2000,20000,202
method_a,css,uniform,X,5,0.01049773628985524,0.0,1.5707963267948966,1.0,1.0,20000,2000,2000,20000,616
method_a,css,uniform,X,5,0.011997412902691702,0.0,1.5707963267948966,1.0,1.0,20000,2000,2000,20000,1527
method_a,css,uniform,X,5,0.013497089515528166,0.0,1.5707963267948966,1.0,1.0,20000,2000,2000,14000,2015
method_a,css,uniform,Z,3,0.00937297883022789,0.0,1.5707963267948966,1.0,3.1622776601683795,20000,2000,2000,20000,0
method_a,css,uniform,Z,3,0.01874595766045578,0.0,1.5707963267948966,1.0,3.1622776601683795,20000,2000,2000,20000,17
method_a,css,uniform,Z,3,0.02811893649068368,0.0,1.5707963267948966,1.0,3.1622776601683795,20000,2000,2000,20000,145
method_a,css,uniform,Z,3,0.03749191532091156,0.0,1.5707963267948966,1.0,3.1622776601683795,20000,2000,2000,20000,674
method_a,css,uniform,Z,3,0.046864894151139466,0.0,1.5707963267948966,1.0,3.1622776601683795,20000,2000,2000,20000,1824
method_a,css,uniform,Z,3,0.05623787298136736,0.0,1.5707963267948966,1.0,3.1622776601683795,20000,2000,2000,12000,2068
method_a,css,uniform,Z,3,0.06561085181159525,0.0,1.5707963267948966,1.0,3.1622776601683795,20000,2000,2000,8000,2044
method_a,css,uniform,Z,3,0.07498383064182312,0.0,1.5707963267948966,1.0,3.1622776601683795,20000,2000,2000,6000,2004
method_a,css,uniform,Z,3,0.08435680947205104,0.0,1.5707963267948966,1.0,3.1622776601683795,20000,2000,2000,6000,2316
method_a,css,uniform,Z,5,0.00937297883022789,0.0,1.5707963267948966,1.0,3.1622776601683795,20000,2000,2000,20000,0
method_a,css,uniform,Z,5,0.01874595766045578,0.0,1.5707963267948966,1.0,3.1622776601683795,20000,2000,2000,20000,3
method_a,css,uniform,Z,5,0.02811893649068368,0.0,1.5707963267948966,1.0,3.1622776601683795,20000,2000,2000,20000,115
method_a,css,uniform,Z,5,0.03749191532091156,0.0,1.5707963267948966,1.0,3.1622776601683795,20000,2000,2000,20000,1174
method_a,css,uniform,Z,5,0.046864894151139466,0.0,1.5707963267948966,1.0,3.1622776601683795,20000,2000,2000,12000,2385
method_a,css,uniform,Z,5,0.05623787298136736,0.0,1.5707963267948966,1.0,3.1622776601683795,20000,2000,2000,6000,2143
method_a,css,uniform,Z,5,0.06561085181159525,0.0,1.5707963267948966,1.0,3.1622776601683795,20000,2000,2000,6000,2751
method_a,css,uniform,X,3,0.0014996766128364627,0.0,1.5707963267948966,1.0,3.1622776601683795,20000,2000,2000,20000,0
method_a,css,uniform,X,3,0.0029993532256729254,0.0,1.5707963267948966,1.0,3.1622776601683795,20000,2000,2000,20000,1
method_a,css,uniform,X,3,0.0044990298385093885,0.0,1.5707963267948966,1.0,3.1622776601683795,20000,2000,2000,20000,11
method_a,css,uniform,X,3,0.005998706451345851,0.0,1.5707963267948966,1.0,3.1622776601683795,20000,2000,2000,20000,55
method_a,css,uniform,X,3,0.007498383064182315,0.0,1.5707963267948966,1.0,3.1622776601683795,20000,2000,2000,20000,187
method_a,css,uniform,X,3,0.008998059677018777,0.0,1.5707963267948966,1.0,3.1622776601683795,20000,2000,2000,20000,467
method_a,css,uniform,X,3,0.01049773628985524,0.0,1.5707963267948966,1.0,3.1622776601683795,20000,2000,2000,20000,1056
method_a,css,uniform,X,3,0.011997412902691702,0.0,1.5707963267948966,1.0,3.1622776601683795,20000,2000,2000,20000,1554
method_a,css,uniform,X,3,0.013497089515528166,0.0,1.5707963267948966,1.0,3.1622776601683795,20000,2000,2000,16000,2080
method_a,css,uniform,X,5,0.0014996766128364627,0.0,1.5707963267948966,1.0,3.1622776601683795,20000,2000,2000,20000,0
method_a,css,uniform,X,5,0.0029993532256729254,0.0,1.5707963267948966,1.0,3.1622776601683795,20000,2000,2000,20000,0
method_a,css,uniform,X,5,0.0044990298385093885,0.0,1.5707963267948966,1.0,3.1622776601683795,20000,2000,2000,20000,1
method_a,css,uniform,X,5,0.005998706451345851,0.0,1.5707963267948966,1.0,3.1622776601683795,20000,2000,2000,20000,20
method_a,css,uniform,X,5,0.007498383064182315,0.0,1.5707963267948966,1.0,3.1622776601683795,20000,2000,2000,20000,151
method_a,css,uniform,X,5,0.008998059677018777,0.0,1.5707963267948966,1.0,3.1622776601683795,20000,2000,2000,20000,630
method_a,css,uniform,X,5,0.01049773628985524,0.0,1.5707963267948966,1.0,3.1622776601683795,20000,2000,2000,20000,1803
method_a,css,uniform,X,5,0.011997412902691702,0.0,1.5707963267948966,1.0,3.1622776601683795,20000,2000,2000,12000,2178
method_a,css,uniform,X,5,0.013497089515528166,0.0,1.5707963267948966,1.0,3.1622776601683795,20000,2000,2000,8000,2261
method_a,css,uniform,Z,3,0.023432447075569726,0.0,1.5707963267948966,1.0,10.0,20000,2000,2000,20000,0
method_a,css,uniform,Z,3,0.04686489415113945,0.0,1.5707963267948966,1.0,10.0,20000,2000,2000,20000,14
method_a,css,uniform,Z,3,0.07029734122670919,0.0,1.5707963267948966,1.0,10.0,20000,2000,2000,20000,138
method_a,css,uniform,Z,3,0.0937297883022789,0.0,1.5707963267948966,1.0,10.0,20000,2000,2000,20000,579
method_a,css,uniform,Z,3,0.11716223537784867,0.0,1.5707963267948966,1.0,10.0,20000,2000,2000,20000,1459
method_a,css,uniform,Z,3,0.14059468245341838,0.0,1.5707963267948966,1.0,10.0,20000,2000,2000,16000,2258
method_a,css,uniform,Z,3,0.16402712952898812,0.0,1.5707963267948966,1.0,10.0,20000,2000,2000,10000,2199
method_a,css,uniform,Z,3,0.1874595766045578,0.0,1.5707963267948966,1.0,10.0,20000,2000,2000,8000,2435
method_a,css,uniform,Z,3,0.2108920236801276,0.0,1.5707963267948966,1.0,10.0,20000,2000,2000,6000,2227
method_a,css,uniform,Z,5,0.023432447075569726,0.0,1.5707963267948966,1.0,10.0,20000,2000,2000,20000,0
method_a,css,uniform,Z,5,0.04686489415113945,0.0,1.5707963267948966,1.0,10.0,20000,2000,2000,20000,1
method_a,css,uniform,Z,5,0.07029734122670919,0.0,1.5707963267948966,1.0,10.0,20000,2000,2000,20000,57
method_a,css,uniform,Z,5,0.0937297883022789,0.0,1.5707963267948966,1.0,10.0,20000,2000,2000,20000,782
method_a,css,uniform,Z,5,0.11716223537784867,0.0,1.5707963267948966,1.0,10.0,20000,2000,2000,14000,2142
method_a,css,uniform,Z,5,0.14059468245341838,0.0,1.5707963267948966,1.0,10.0,20000,2000,2000,8000,2527
method_a,css,uniform,Z,5,0.16402712952898812,0.0,1.5707963267948966,1.0,10.0,20000,2000,2000,6000,2614
method_a,css,uniform,Z,5,0.1874595766045578,0.0,1.5707963267948966,1.0,10.0,20000,2000,2000,6000,2860
method_a,css,uniform,X,3,0.0014996766128364627,0.0,1.5707963267948966,1.0,10.0,20000,2000,2000,20000,0
method_a,css,uniform,X,3,0.0029993532256729254,0.0,1.5707963267948966,1.0,10.0,20000,2000,2000,20000,2
method_a,css,uniform,X,3,0.0044990298385093885,0.0,1.5707963267948966,1.0,10.0,20000,2000,2000,20000,15
method_a,css,uniform,X,3,0.005998706451345851,0.0,1.5707963267948966,1.0,10.0,20000,2000,2000,20000,97
method_a,css,uniform,X,3,0.007498383064182315,0.0,1.5707963267948966,1.0,10.0,20000,2000,2000,20000,293
method_a,css,uniform,X,3,0.008998059677018777,0.0,1.5707963267948966,1.0,10.0,20000,2000,2000,20000,673
method_a,css,uniform,X,3,0.01049773628985524,0.0,1.5707963267948966,1.0,10.0,20000,2000,2000,20000,1389
method_a,css,uniform,X,3,0.011997412902691702,0.0,1.5707963267948966,1.0,10.0,20000,2000,2000,18000,2071
method_a,css,uniform,X,3,0.013497089515528166,0.0,1.5707963267948966,1.0,10.0,20000,2000,2000,14000,2281
method_a,css,uniform,X,5,0.0014996766128364627,0.0,1.5707963267948966,1.0,10.0,20000,2000,2000,20000,0
method_a,css,uniform,X,5,0.0029993532256729254,0.0,1.5707963267948966,1.0,10.0,20000,2000,2000,20000,0
method_a,css,uniform,X,5,0.0044990298385093885,0.0,1.5707963267948966,1.0,10.0,20000,2000,2000,20000,4
method_a,css,uniform,X,5,0.005998706451345851,0.0,1.5707963267948966,1.0,10.0,20000,2000,2000,20000,36
method_a,css,uniform,X,5,0.007498383064182315,0.0,1.5707963267948966,1.0,10.0,20000,2000,2000,20000,284
method_a,css,uniform,X,5,0.008998059677018777,0.0,1.5707963267948966,1.0,10.0,20000,2000,2000,20000,1169
method_a,css,uniform,X,5,0.01049773628985524,0.0,1.5707963267948966,1.0,10.0,20000,2000,2000,16000,2258
method_a,css,uniform,X,5,0.011997412902691702,0.0,1.5707963267948966,1.0,10.0,20000,2000,2000,8000,2001
method_a,css,uniform,X,5,0.013497089515528166,0.0,1.5707963267948966,1.0,10.0,20000,2000,2000,6000,2102
method_a,css,uniform,Z,3,0.023432447075569726,0.0,1.5707963267948966,1.0,31.622776601683793,20000,2000,2000,20000,0
method_a,css,uniform,Z,3,0.04686489415113945,0.0,1.5707963267948966,1.0,31.622776601683793,20000,2000,2000,20000,0
method_a,css,uniform,Z,3,0.07029734122670919,0.0,1.5707963267948966,1.0,31.622776601683793,20000,2000,2000,20000,0
method_a,css,uniform,Z,3,0.0937297883022789,0.0,1.5707963267948966,1.0,31.622776601683793,20000,2000,2000,20000,0
method_a,css,uniform,Z,3,0.11716223537784867,0.0,1.5707963267948966,1.0,31.622776601683793,20000,2000,2000,20000,5
method_a,css,uniform,Z,3,0.14059468245341838,0.0,1.5707963267948966,1.0,31.622776601683793,20000,2000,2000,20000,14
method_a,css,uniform,Z,3,0.16402712952898812,0.0,1.5707963267948966,1.0,31.622776601683793,20000,2000,2000,20000,26
method_a,css,uniform,Z,3,0.1874595766045578,0.0,1.5707963267948966,1.0,31.622776601683793,20000,2000,2000,20000,71
method_a,css,uniform,Z,3,0.2108920236801276,0.0,1.5707963267948966,1.0,31.622776601683793,20000,2000,2000,20000,127
method_a,css,uniform,Z,5,0.023432447075569726,0.0,1.5707963267948966,1.0,31.622776601683793,20000,2000,2000,20000,0
method_a,css,uniform,Z,5,0.04686489415113945,0.0,1.5707963267948966,1.0,31.622776601683793,20000,2000,2000,20000,0
method_a,css,uniform,Z,5,0.07029734122670919,0.0,1.5707963267948966,1.0,31.622776601683793,20000,2000,2000,20000,0
method_a,css,uniform,Z,5,0.0937297883022789,0.0,1.5707963267948966,1.0,31.622776601683793,20000,2000,2000,20000,0
method_a,css,uniform,Z,5,0.11716223537784867,0.0,1.5707963267948966,1.0,31.622776601683793,20000,2000,2000,20000,0
method_a,css,uniform,Z,5,0.14059468245341838,0.0,1.5707963267948966,1.0,31.622776601683793,20000,2000,2000,20000,2
method_a,css,uniform,Z,5,0.16402712952898812,0.0,1.5707963267948966,1.0,31.622776601683793,20000,2000,2000,20000,7
method_a,css,uniform,Z,5,0.1874595766045578,0.0,1.5707963267948966,1.0,31.622776601683793,20000,2000,2000,20000,18
method_a,css,uniform,Z,5,0.2108920236801276,0.0,1.5707963267948966,1.0,31.622776601683793,20000,2000,2000,20000,67
method_a,css,uniform,X,3,0.0014996766128364627,0.0,1.5707963267948966,1.0,31.622776601683793,20000,2000,2000,20000,0
method_a,css,uniform,X,3,0.0029993532256729254,0.0,1.5707963267948966,1.0,31.622776601683793,20000,2000,2000,20000,3
method_a,css,uniform,X,3,0.0044990298385093885,0.0,1.5707963267948966,1.0,31.622776601683793,20000,2000,2000,20000,24
method_a,css,uniform,X,3,0.005998706451345851,0.0,1.5707963267948966,1.0,31.622776601683793,20000,2000,2000,20000,93
method_a,css,uniform,X,3,0.007498383064182315,0.0,1.5707963267948966,1.0,31.622776601683793,20000,2000,2000,20000,313
method_a,css,uniform,X,3,0.008998059677018777,0.0,1.5707963267948966,1.0,31.622776601683793,20000,2000,2000,20000,804
method_a,css,uniform,X,3,0.01049773628985524,0.0,1.5707963267948966,1.0,31.622776601683793,20000,2000,2000,20000,1557
method_a,css,uniform,X,3,0.011997412902691702,0.0,1.5707963267948966,1.0,31.622776601683793,20000,2000,2000,16000,2033
method_a,css,uniform,X,3,0.013497089515528166,0.0,1.5707963267948966,1.0,31.622776601683793,20000,2000,2000,12000,2159
method_a,css,uniform,X,5,0.0014996766128364627,0.0,1.5707963267948966,1.0,31.622776601683793,20000,2000,2000,20000,0
method_a,css,uniform,X,5,0.0029993532256729254,0.0,1.5707963267948966,1.0,31.622776601683793,20000,2000,2000,20000,1
method_a,css,uniform,X,5,0.0044990298385093885,0.0,1.5707963267948966,1.0,31.622776601683793,20000,2000,2000,20000,1
method_a,css,uniform,X,5,0.005998706451345851,0.0,1.5707963267948966,1.0,31.622776601683793,20000,2000,2000,20000,53
method_a,css,uniform,X,5,0.007498383064182315,0.0,1.5707963267948966,1.0,31.622776601683793,20000,2000,2000,20000,418
method_a,css,uniform,X,5,0.008998059677018777,0.0,1.5707963267948966,1.0,31.622776601683793,20000,2000,2000,20000,1390
method_a,css,uniform,X,5,0.01049773628985524,0.0,1.5707963267948966,1.0,31.622776601683793,20000,2000,2000,14000,2329
method_a,css,uniform,X,5,0.011997412902691702,0.0,1.5707963267948966,1.0,31.622776601683793,20000,2000,2000,8000,2227
method_a,css,uniform,X,5,0.013497089515528166,0.0,1.5707963267948966,1.0,31.622776601683793,20000,2000,2000,6000,2239
method_a,css,uniform,Z,3,0.023432447075569726,0.0,1.5707963267948966,1.0,100.0,20000,2000,2000,20000,0
method_a,css,uniform,Z,3,0.04686489415113945,0.0,1.5707963267948966,1.0,100.0,20000,2000,2000,20000,0
method_a,css,uniform,Z,3,0.07029734122670919,0.0,1.5707963267948966,1.0,100.0,20000,2000,2000,20000,0
method_a,css,uniform,Z,3,0.0937297883022789,0.0,1.5707963267948966,1.0,100.0,20000,2000,2000,20000,0
method_a,css,uniform,Z,3,0.11716223537784867,0.0,1.5707963267948966,1.0,100.0,20000,2000,2000,20000,0
method_a,css,uniform,Z,3,0.14059468245341838,0.0,1.5707963267948966,1.0,100.0,20000,2000,2000,20000,0
method_a,css,uniform,Z,3,0.16402712952898812,0.0,1.5707963267948966,1.0,100.0,20000,2000,2000,20000,0
method_a,css,uniform,Z,3,0.1874595766045578,0.0,1.5707963267948966,1.0,100.0,20000,2000,2000,20000,0
method_a,css,uniform,Z,3,0.2108920236801276,0.0,1.5707963267948966,1.0,100.0,20000,2000,2000,20000,0
method_a,css,uniform,Z,5,0.023432447075569726,0.0,1.5707963267948966,1.0,100.0,20000,2000,2000,20000,0
method_a,css,uniform,Z,5,0.04686489415113945,0.0,1.5707963267948966,1.0,100.0,20000,2000,2000,20000,0
method_a,css,uniform,Z,5,0.07029734122670919,0.0,1.5707963267948966,1.0,100.0,20000,2000,2000,20000,0
method_a,css,uniform,Z,5,0.0937297883022789,0.0,1.5707963267948966,1.0,100.0,20000,2000,2000,20000,0
method_a,css,uniform,Z,5,0.11716223537784867,0.0,1.5707963267948966,1.0,100.0,20000,2000,2000,20000,0
method_a,css,uniform,Z,5,0.14059468245341838,0.0,1.5707963267948966,1.0,100.0,20000,2000,2000,20000,0
method_a,css,uniform,Z,5,0.16402712952898812,0.0,1.5707963267948966,1.0,100.0,20000,2000,2000,20000,0
method_a,css,uniform,Z,5,0.1874595766045578,0.0,1.5707963267948966,1.0,100.0,20000,2000,2000,20000,0
method_a,css,uniform,Z,5,0.2108920236801276,0.0,1.5707963267948966,1.0,100.0,20000,2000,2000,20000,0
method_a,css,uniform,X,3,0.0014996766128364627,0.0,1.5707963267948966,1.0,100.0,20000,2000,2000,20000,0
method_a,css,uniform,X,3,0.0029993532256729254,0.0,1.5707963267948966,1.0,100.0,20000,2000,2000,20000,1
method_a,css,uniform,X,3,0.0044990298385093885,0.0,1.5707963267948966,1.0,100.0,20000,2000,2000,20000,20
method_a,css,uniform,X,3,0.005998706451345851,0.0,1.5707963267948966,1.0,100.0,20000,2000,2000,20000,127
method_a,css,uniform,X,3,0.007498383064182315,0.0,1.5707963267948966,1.0,100.0,20000,2000,2000,20000,353
method_a,css,uniform,X,3,0.008998059677018777,0.0,1.5707963267948966,1.0,100.0,20000,2000,2000,20000,849
method_a,css,uniform,X,3,0.01049773628985524,0.0,1.5707963267948966,1.0,100.0,20000,2000,2000,20000,1537
method_a,css,uniform,X,3,0.011997412902691702,0.0,1.5707963267948966,1.0,100.0,20000,2000,2000,16000,2024
method_a,css,uniform,X,3,0.013497089515528166,0.0,1.5707963267948966,1.0,100.0,20000,2000,2000,12000,2187
method_a,css,uniform,X,5,0.0014996766128364627,0.0,1.5707963267948966,1.0,100.0,20000,2000,2000,20000,0
method_a,css,uniform,X,5,0.0029993532256729254,0.0,1.5707963267948966,1.0,100.0,20000,2000,2000,20000,0
method_a,css,uniform,X,5,0.0044990298385093885,0.0,1.5707963267948966,1.0,100.0,20000,2000,2000,20000,3
method_a,css,uniform,X,5,0.005998706451345851,0.0,1.5707963267948966,1.0,100.0,20000,2000,2000,20000,66
method_a,css,uniform,X,5,0.007498383064182315,0.0,1.5707963267948966,1.0,100.0,20000,2000,2000,20000,405
method_a,css,uniform,X,5,0.008998059677018777,0.0,1.5707963267948966,1.0,100.0,20000,2000,2000,20000,1537
method_a,css,uniform,X,5,0.01049773628985524,0.0,1.5707963267948966,1.0,100.0,20000,2000,2000,12000,2085
method_a,css,uniform,X,5,0.011997412902691702,0.0,1.5707963267948966,1.0,100.0,20000,2000,2000,8000,2287
method_a,css,uniform,X,5,0.013497089515528166,0.0,1.5707963267948966,1.0,100.0,20000,2000,2000,6000,2255
